timestamp_ms,trading_bucket,retained_cash,contributions,trading_unit_nav,close_drawdown_pct,total_assets,net_profit
1503072000000.0,8000.0,0.0,8000.0,1.0,0.0,8000.0,0.0
1503158400000.0,8000.0,0.0,8000.0,1.0,0.0,8000.0,0.0
1503244800000.0,8000.0,0.0,8000.0,1.0,0.0,8000.0,0.0
1503331200000.0,8000.0,0.0,8000.0,1.0,0.0,8000.0,0.0
1503417600000.0,8000.0,0.0,8000.0,1.0,0.0,8000.0,0.0
1503504000000.0,8000.0,0.0,8000.0,1.0,0.0,8000.0,0.0
1503590400000.0,8000.0,0.0,8000.0,1.0,0.0,8000.0,0.0
1503676800000.0,8000.0,0.0,8000.0,1.0,0.0,8000.0,0.0
1503763200000.0,7892.184300000001,0.0,8000.0,0.9865230375000001,1.7420043582852318,7892.184300000001,-107.8156999999992
1503849600000.0,8048.6939,0.0,8000.0,1.0060867375,2.8341351099697043,8048.6939,48.69390000000021
1503936000000.0,7642.7595,0.0,8000.0,0.9553449375,7.734677676834556,7642.7595,-357.2404999999999
1504022400000.0,8326.963099999999,0.0,8000.0,1.0408703874999998,1.8340804228714869,8326.963099999999,326.96309999999903
1504108800000.0,8012.8264,41.1185,8000.0,1.0067431125,5.723262216105418,8053.9448999999995,53.94489999999951
1504195200000.0,8167.869199999999,41.1185,8000.0,1.0262229144139305,3.8990707671454405,8208.9877,208.98769999999968
1504281600000.0,9589.554,41.1185,9000.0,1.073425006304602,1.0134280962060593,9630.6725,630.6725000000006
1504368000000.0,9089.761100000002,49.6667,9000.0,1.0184365944144766,8.631179820288281,9139.427800000001,139.4278000000013
1504454400000.0,9089.761100000002,49.6667,9000.0,1.0184365944144766,8.631179820288281,9139.427800000001,139.4278000000013
1504540800000.0,9089.761100000002,49.6667,9000.0,1.0184365944144766,8.631179820288281,9139.427800000001,139.4278000000013
1504627200000.0,9089.761100000002,49.6667,9000.0,1.0184365944144766,8.631179820288281,9139.427800000001,139.4278000000013
1504713600000.0,9296.1995,49.6667,9000.0,1.0415664015391515,6.5560941452877275,9345.8662,345.8662000000004
1504800000000.0,9565.0355,49.6667,9000.0,1.0716873714176678,3.8537978064067335,9614.7022,614.7021999999997
1504886400000.0,9048.9387,49.6667,9000.0,1.0138627639722413,9.04152003537979,9098.6054,98.60540000000037
1504972800000.0,9048.9387,49.6667,9000.0,1.0138627639722413,9.04152003537979,9098.6054,98.60540000000037
1505059200000.0,9048.9387,49.6667,9000.0,1.0138627639722413,9.04152003537979,9098.6054,98.60540000000037
1505145600000.0,9048.9387,49.6667,9000.0,1.0138627639722413,9.04152003537979,9098.6054,98.60540000000037
1505232000000.0,8888.193,49.6667,9000.0,0.9958524662896353,10.657310021099208,8937.859699999999,-62.140300000000934
1505318400000.0,8888.193,49.6667,9000.0,0.9958524662896353,10.657310021099208,8937.859699999999,-62.140300000000934
1505404800000.0,8888.193,49.6667,9000.0,0.9958524662896353,10.657310021099208,8937.859699999999,-62.140300000000934
1505491200000.0,8888.193,49.6667,9000.0,0.9958524662896353,10.657310021099208,8937.859699999999,-62.140300000000934
1505577600000.0,8888.193,49.6667,9000.0,0.9958524662896353,10.657310021099208,8937.859699999999,-62.140300000000934
1505664000000.0,8888.193,49.6667,9000.0,0.9958524662896353,10.657310021099208,8937.859699999999,-62.140300000000934
1505750400000.0,9112.5569,49.6667,9000.0,1.0209906854036173,8.402040096137286,9162.2236,162.22359999999935
1505836800000.0,8655.704399999999,49.6667,9000.0,0.9698039381248863,12.994248126901898,8705.371099999998,-294.6289000000015
1505923200000.0,8806.196899999999,49.6667,9000.0,0.9866654449894529,11.481521662518224,8855.863599999999,-144.13640000000123
1506009600000.0,8355.0159,49.6667,9000.0,0.9361141449003321,16.01672068524088,8404.6826,-595.3173999999999
1506096000000.0,8355.0159,49.6667,9000.0,0.9361141449003321,16.01672068524088,8404.6826,-595.3173999999999
1506182400000.0,8355.0159,49.6667,9000.0,0.9361141449003321,16.01672068524088,8404.6826,-595.3173999999999
1506268800000.0,7911.3760999999995,49.6667,9000.0,0.8864077772534729,20.476116775503726,7961.042799999999,-1038.9572000000007
1506355200000.0,8511.6837,49.6667,9000.0,0.9536675458017494,14.44192109604695,8561.3504,-438.64960000000065
1506441600000.0,8557.9939,49.6667,9000.0,0.9588562412862384,13.976418395839952,8607.6606,-392.33940000000075
1506528000000.0,9346.0559,49.6667,9000.0,1.0471524209809346,6.054945611647211,9395.7226,395.72259999999915
1506614400000.0,9707.637299999999,49.6667,9000.0,1.087664787100174,5.929593228259122,9757.303999999998,757.3039999999983
1506700800000.0,9077.4252,179.2277,9000.0,1.0315707494610702,10.781077803987916,9256.6529,256.65289999999914
1506787200000.0,9503.031299999999,179.2277,9000.0,1.0799371963200541,6.597940329933261,9682.258999999998,682.2589999999982
1506873600000.0,10352.1443,179.2277,10000.0,1.0644227720470214,7.9397583417902045,10531.372,531.3719999999994
1506960000000.0,10657.048299999999,179.2277,10000.0,1.09577345181761,5.228287644598051,10836.275999999998,836.275999999998
1507046400000.0,10274.3926,201.1129,10000.0,1.0586784959751967,8.436571691909222,10475.5055,475.5054999999993
1507132800000.0,10274.3926,201.1129,10000.0,1.0586784959751967,8.436571691909222,10475.5055,475.5054999999993
1507219200000.0,10274.3926,201.1129,10000.0,1.0586784959751967,8.436571691909222,10475.5055,475.5054999999993
1507305600000.0,10619.1921,201.1129,10000.0,1.094206807018421,5.363784274878292,10820.305,820.3050000000003
1507392000000.0,10406.6394,201.1129,10000.0,1.072305271666203,7.258013419688392,10607.7523,607.7523000000001
1507478400000.0,11750.683799999999,201.1129,10000.0,1.2107962715055398,0.4150569061779352,11951.796699999999,1951.796699999999
1507564800000.0,12155.056199999999,201.1129,10000.0,1.2524630036339073,1.5718095516039865,12356.1691,2356.169099999999
1507651200000.0,13067.5197,201.1129,10000.0,1.3464836940455494,2.35793117215527,13268.6326,3268.632600000001
1507737600000.0,12239.928999999998,419.5058,10000.0,1.2837116513794555,9.12764560423237,12659.434799999999,2659.434799999999
1507824000000.0,14572.9733,419.5058,10000.0,1.5283990307829167,0.7014004487435499,14992.4791,4992.4791000000005
1507910400000.0,16927.4947,419.5058,10000.0,1.7753389071990517,2.489335287952099,17347.0005,7347.000499999998
1507996800000.0,15706.8866,804.7233,10000.0,1.6877239670574156,7.3015945232302375,16511.6099,6511.6098999999995
1508083200000.0,14878.2667,804.7233,10000.0,1.598687756354098,12.191917184394685,15682.99,5682.99
1508169600000.0,15607.2382,804.7233,10000.0,1.67701662592471,7.8896962918080575,16411.9615,6411.961500000001
1508256000000.0,15163.7487,836.4435,10000.0,1.6327715164891803,10.319863294750931,16000.1922,6000.1921999999995
1508342400000.0,14801.9353,836.4435,10000.0,1.593812903715275,12.459668946752478,15638.378799999999,5638.378799999999
1508428800000.0,14490.5708,836.4435,10000.0,1.560286425737841,14.301114058881081,15327.014299999999,5327.014299999999
1508515200000.0,15719.3005,836.4435,10000.0,1.6925911015350794,7.034266681635925,16555.744,6555.743999999999
1508601600000.0,16924.937599999997,836.4435,10000.0,1.8224092589741179,0.569354021297408,17761.3811,7761.381099999999
1508688000000.0,16007.214499999998,970.3634,10000.0,1.7380124805249293,5.17404210571163,16977.577899999997,6977.577899999997
1508774400000.0,15612.659200000002,970.3634,10000.0,1.6951729199219743,7.511368457199453,16583.0226,6583.0226
1508860800000.0,15455.41,970.3634,10000.0,1.6780993015136894,8.44290504766063,16425.7734,6425.773399999998
1508947200000.0,15455.41,970.3634,10000.0,1.6780993015136894,8.44290504766063,16425.7734,6425.773399999998
1509033600000.0,15606.545399999999,970.3634,10000.0,1.6945091029472321,7.547586310179078,16576.908799999997,6576.908799999997
1509120000000.0,14878.0622,970.3634,10000.0,1.615412712163393,11.863085252852478,15848.4256,5848.4256000000005
1509206400000.0,14292.636600000002,970.3634,10000.0,1.551849060959819,15.331117951223483,15263.000000000002,5263.000000000002
1509292800000.0,14292.636600000002,970.3634,10000.0,1.551849060959819,15.331117951223483,15263.000000000002,5263.000000000002
1509379200000.0,15069.1723,970.3634,10000.0,1.6361628394859429,10.730958342466346,16039.5357,6039.5357
1509465600000.0,17019.2877,970.3634,10000.0,1.8479001722782202,1.8250364710449385,17989.6511,7989.651099999999
1509552000000.0,19485.023699999998,970.3634,11000.0,1.9982132064007836,1.5851896906416973,20455.387099999996,9455.387099999996
1509638400000.0,22231.8744,970.3634,11000.0,2.2799061326840215,7.56090229185391,23202.2378,12202.237799999999
1509724800000.0,20474.426799999997,1546.1178,11000.0,2.1587220379398095,12.474327548333974,22020.544599999997,11020.544599999997
1509811200000.0,19444.498199999998,1546.1178,11000.0,2.0501314733275446,16.877146448846613,20990.615999999998,9990.615999999998
1509897600000.0,20404.0443,1546.1178,11000.0,2.1513012561362728,12.775204134599571,21950.1621,10950.162100000001
1509984000000.0,19359.857799999998,1546.1178,11000.0,2.041207409246784,17.238973815197024,20905.975599999998,9905.975599999998
1510070400000.0,19359.857799999998,1546.1178,11000.0,2.041207409246784,17.238973815197024,20905.975599999998,9905.975599999998
1510156800000.0,19921.4833,1546.1178,11000.0,2.1004224171081503,14.838093437266087,21467.6011,10467.6011
1510243200000.0,18946.2634,1546.1178,11000.0,1.9976000665470366,19.007039331065013,20492.3812,9492.3812
1510329600000.0,18946.2634,1546.1178,11000.0,1.9976000665470366,19.007039331065013,20492.3812,9492.3812
1510416000000.0,18946.2634,1546.1178,11000.0,1.9976000665470366,19.007039331065013,20492.3812,9492.3812
1510502400000.0,18946.2634,1546.1178,11000.0,1.9976000665470366,19.007039331065013,20492.3812,9492.3812
1510588800000.0,18946.2634,1546.1178,11000.0,1.9976000665470366,19.007039331065013,20492.3812,9492.3812
1510675200000.0,18568.1725,1546.1178,11000.0,1.957736036840745,20.623331723209315,20114.2903,9114.2903
1510761600000.0,21146.005100000002,1546.1178,11000.0,2.229529923824662,9.603412387405164,22692.122900000002,11692.122900000002
1510848000000.0,21858.0206,1546.1178,11000.0,2.304601307566879,6.559633138185383,23404.1384,12404.1384
1510934400000.0,23821.7751,1546.1178,11000.0,2.511649844635251,0.9763898290477302,25367.8929,14367.892899999999
1511020800000.0,22171.371,1948.6951,11000.0,2.3800851742781837,6.1634220332123295,24120.0661,13120.0661
1511107200000.0,22664.1593,1948.6951,11000.0,2.432985742623179,4.077778897563633,24612.8544,13612.8544
1511193600000.0,24816.6089,1948.6951,11000.0,2.6640500904860605,0.4190171528328013,26765.304,15765.304
1511280000000.0,23425.3483,2088.0259,11000.0,2.5296560759608853,6.820590023696527,25513.374200000002,14513.374200000002
1511366400000.0,22405.3678,2088.0259,11000.0,2.419510440722385,10.877783964216714,24493.3937,13493.3937
1511452800000.0,22142.994,2088.0259,11000.0,2.391177223694276,11.921432731532622,24231.0199,13231.0199
1511539200000.0,21035.7005,2088.0259,11000.0,2.2716028338378402,16.325933090683986,23123.7264,12123.7264
1511625600000.0,23147.7325,2088.0259,11000.0,2.4996769061206336,7.9248671560070765,25235.7584,14235.758399999999
1511712000000.0,25879.3493,2088.0259,11000.0,2.7946586902470556,0.05928626023579131,27967.375200000002,16967.375200000002
1511798400000.0,28415.3959,2088.0259,11000.0,3.0685212432580578,1.518605271125617,30503.4218,19503.4218
1511884800000.0,29716.4078,2088.0259,11000.0,3.209014892085999,1.976000929849575,31804.4337,20804.4337
1511971200000.0,34586.718,2088.0259,11000.0,3.7349498592618886,7.282905275557239,36674.7439,25674.7439
1512057600000.0,31529.338699999997,3253.9857,11000.0,3.530699285520541,12.353259766699143,34783.3244,23783.324399999998
1512144000000.0,31802.9624,3253.9857,12000.0,3.4518591865231074,14.310401148049323,35056.9481,23056.9481
1512230400000.0,32375.5213,3253.9857,12000.0,3.514004111072355,12.767703903590288,35629.507,23629.506999999998
1512316800000.0,34668.8519,3253.9857,12000.0,3.7629197372262433,6.588575787245265,37922.8376,25922.8376
1512403200000.0,32810.3772,3369.9538000000002,12000.0,3.573789953052831,11.283568966587476,36180.331000000006,24180.331000000006
1512489600000.0,34632.6227,3369.9538000000002,12000.0,3.7722735797480986,6.356374248853591,38002.5765,26002.576500000003
1512576000000.0,36343.2006,3369.9538000000002,12000.0,3.958594086692292,5.109181163071996,39713.1544,27713.1544
1512662400000.0,46126.009999999995,3369.9538000000002,12000.0,5.024162633290738,1.3307107835132892,49495.9638,37495.9638
1512748800000.0,42849.44699999999,4485.4059,12000.0,4.788768923100385,8.858378344178597,47334.85289999999,35334.85289999999
1512835200000.0,41667.110700000005,4485.4059,12000.0,4.656633371150474,11.373231049851618,46152.5166,34152.5166
1512921600000.0,40432.1717,4485.4059,12000.0,4.518619046131888,13.999970739304757,44917.5776,32917.5776
1513008000000.0,41937.449799999995,4485.4059,12000.0,4.686845930971348,10.798214434795328,46422.85569999999,34422.85569999999
1513094400000.0,41867.846699999995,4485.4059,12000.0,4.679067227030748,10.946261605772168,46353.25259999999,34353.25259999999
1513180800000.0,39751.2598,4485.4059,12000.0,4.4425216872537385,15.448283824202836,44236.6657,32236.665699999998
1513267200000.0,39943.9417,4485.4059,12000.0,4.464055432946278,15.038445610194495,44429.3476,32429.3476
1513353600000.0,43570.2441,4485.4059,12000.0,4.8693237725559895,7.325228649648963,48055.65,36055.65
1513440000000.0,46554.2557,4485.4059,12000.0,5.20281097056466,0.9781769300834298,51039.6616,39039.6616
1513526400000.0,47712.5326,4485.4059,12000.0,5.332257691850586,2.9083454817455667,52197.9385,40197.9385
1513612800000.0,44662.7071,5090.125599999999,12000.0,5.058997533586874,7.883964143291545,49752.8327,37752.8327
1513699200000.0,43756.841100000005,5090.125599999999,12000.0,4.956389022877944,9.752296592342136,48846.966700000004,36846.966700000004
1513785600000.0,43756.841100000005,5090.125599999999,12000.0,4.956389022877944,9.752296592342136,48846.966700000004,36846.966700000004
1513872000000.0,43756.841100000005,5090.125599999999,12000.0,4.956389022877944,9.752296592342136,48846.966700000004,36846.966700000004
1513958400000.0,43756.841100000005,5090.125599999999,12000.0,4.956389022877944,9.752296592342136,48846.966700000004,36846.966700000004
1514044800000.0,43756.841100000005,5090.125599999999,12000.0,4.956389022877944,9.752296592342136,48846.966700000004,36846.966700000004
1514131200000.0,43756.841100000005,5090.125599999999,12000.0,4.956389022877944,9.752296592342136,48846.966700000004,36846.966700000004
1514217600000.0,43756.841100000005,5090.125599999999,12000.0,4.956389022877944,9.752296592342136,48846.966700000004,36846.966700000004
1514304000000.0,45083.686400000006,5090.125599999999,12000.0,5.106682355638137,7.0157018544225185,50173.812000000005,38173.812000000005
1514390400000.0,43876.5049,5090.125599999999,12000.0,4.969943482702875,9.505492141665439,48966.6305,36966.6305
1514476800000.0,41632.649300000005,5090.125599999999,12000.0,4.7157793112228825,14.133404248383119,46722.774900000004,34722.774900000004
1514563200000.0,41632.649300000005,5090.125599999999,12000.0,4.7157793112228825,14.133404248383119,46722.774900000004,34722.774900000004
1514649600000.0,41632.649300000005,5090.125599999999,12000.0,4.7157793112228825,14.133404248383119,46722.774900000004,34722.774900000004
1514736000000.0,41632.649300000005,5090.125599999999,12000.0,4.7157793112228825,14.133404248383119,46722.774900000004,34722.774900000004
1514822400000.0,42632.649300000005,5090.125599999999,13000.0,4.7157793112228825,14.133404248383119,47722.774900000004,34722.774900000004
1514908800000.0,42632.649300000005,5090.125599999999,13000.0,4.7157793112228825,14.133404248383119,47722.774900000004,34722.774900000004
1514995200000.0,44142.2284,5090.125599999999,13000.0,4.882760298924119,11.092954722887905,49232.354,36232.354
1515081600000.0,42023.1869,5090.125599999999,13000.0,4.64836407374459,15.360924995647828,47113.3125,34113.3125
1515168000000.0,47655.958,5090.125599999999,13000.0,5.271428927896971,4.0159373641827205,52746.0836,39746.0836
1515254400000.0,49293.066699999996,5090.125599999999,13000.0,5.452516508998411,4.21024019887648,54383.192299999995,41383.192299999995
1515340800000.0,48885.7289,5090.125599999999,13000.0,5.407459136269782,5.001807707901373,53975.8545,40975.8545
1515427200000.0,46030.9539,5535.432999999999,13000.0,5.140937640521643,9.684054889990168,51566.3869,38566.3869
1515513600000.0,46030.9539,5535.432999999999,13000.0,5.140937640521643,9.684054889990168,51566.3869,38566.3869
1515600000000.0,46030.9539,5535.432999999999,13000.0,5.140937640521643,9.684054889990168,51566.3869,38566.3869
1515686400000.0,46030.9539,5535.432999999999,13000.0,5.140937640521643,9.684054889990168,51566.3869,38566.3869
1515772800000.0,46030.9539,5535.432999999999,13000.0,5.140937640521643,9.684054889990168,51566.3869,38566.3869
1515859200000.0,46030.9539,5535.432999999999,13000.0,5.140937640521643,9.684054889990168,51566.3869,38566.3869
1515945600000.0,43706.4677,5535.432999999999,13000.0,4.881328886238297,14.24485909370613,49241.9007,36241.9007
1516032000000.0,43706.4677,5535.432999999999,13000.0,4.881328886238297,14.24485909370613,49241.9007,36241.9007
1516118400000.0,43706.4677,5535.432999999999,13000.0,4.881328886238297,14.24485909370613,49241.9007,36241.9007
1516204800000.0,43706.4677,5535.432999999999,13000.0,4.881328886238297,14.24485909370613,49241.9007,36241.9007
1516291200000.0,43706.4677,5535.432999999999,13000.0,4.881328886238297,14.24485909370613,49241.9007,36241.9007
1516377600000.0,43706.4677,5535.432999999999,13000.0,4.881328886238297,14.24485909370613,49241.9007,36241.9007
1516464000000.0,43864.5978,5535.432999999999,13000.0,4.898989545301664,13.934596797972121,49400.0308,36400.0308
1516550400000.0,41687.8335,5535.432999999999,13000.0,4.655879016922765,18.20556032098154,47223.2665,34223.2665
1516636800000.0,41687.8335,5535.432999999999,13000.0,4.655879016922765,18.20556032098154,47223.2665,34223.2665
1516723200000.0,41687.8335,5535.432999999999,13000.0,4.655879016922765,18.20556032098154,47223.2665,34223.2665
1516809600000.0,41687.8335,5535.432999999999,13000.0,4.655879016922765,18.20556032098154,47223.2665,34223.2665
1516896000000.0,39635.4447,5535.432999999999,13000.0,4.426659286698902,22.23249042996631,45170.8777,32170.877699999997
1516982400000.0,37674.9968,5535.432999999999,13000.0,4.207707917077348,26.07902607448255,43210.4298,30210.429799999998
1517068800000.0,37674.9968,5535.432999999999,13000.0,4.207707917077348,26.07902607448255,43210.4298,30210.429799999998
1517155200000.0,38394.1531,5535.432999999999,13000.0,4.288026428401709,24.66799120743588,43929.5861,30929.5861
1517241600000.0,36506.9588,5535.432999999999,13000.0,4.077256340236148,28.370798174699775,42042.3918,29042.391799999998
1517328000000.0,36506.9588,5535.432999999999,13000.0,4.077256340236148,28.370798174699775,42042.3918,29042.391799999998
1517414400000.0,36506.9588,5535.432999999999,13000.0,4.077256340236148,28.370798174699775,42042.3918,29042.391799999998
1517500800000.0,37506.9588,5535.432999999999,14000.0,4.077256340236148,28.370798174699775,43042.3918,29042.391799999998
1517587200000.0,37506.9588,5535.432999999999,14000.0,4.077256340236148,28.370798174699775,43042.3918,29042.391799999998
1517673600000.0,37506.9588,5535.432999999999,14000.0,4.077256340236148,28.370798174699775,43042.3918,29042.391799999998
1517760000000.0,37506.9588,5535.432999999999,14000.0,4.077256340236148,28.370798174699775,43042.3918,29042.391799999998
1517846400000.0,37506.9588,5535.432999999999,14000.0,4.077256340236148,28.370798174699775,43042.3918,29042.391799999998
1517932800000.0,37506.9588,5535.432999999999,14000.0,4.077256340236148,28.370798174699775,43042.3918,29042.391799999998
1518019200000.0,37506.9588,5535.432999999999,14000.0,4.077256340236148,28.370798174699775,43042.3918,29042.391799999998
1518105600000.0,36675.9893,5535.432999999999,14000.0,3.986924418619035,29.957748541525277,42211.4223,28211.4223
1518192000000.0,36675.9893,5535.432999999999,14000.0,3.986924418619035,29.957748541525277,42211.4223,28211.4223
1518278400000.0,34866.6262,5535.432999999999,14000.0,3.7902345933894743,33.41319357923788,40402.059199999996,26402.059199999996
1518364800000.0,33121.2645,5535.432999999999,14000.0,3.600502146797981,36.74641145312877,38656.697499999995,24656.697499999995
1518451200000.0,33756.4825,5535.432999999999,14000.0,3.6695545760216515,35.53329901264309,39291.915499999996,25291.915499999996
1518537600000.0,32065.2767,5535.432999999999,14000.0,3.485709236615084,38.763092241741646,37600.7097,23600.7097
1518624000000.0,36133.1177,5535.432999999999,14000.0,3.927910658403581,30.99450173735152,41668.5507,27668.5507
1518710400000.0,38901.6742,5535.432999999999,14000.0,4.228871197569635,25.70722975775166,44437.1072,30437.1072
1518796800000.0,40219.779500000004,5535.432999999999,14000.0,4.3721580265599895,23.18996806601733,45755.2125,31755.2125
1518883200000.0,44200.5185,5535.432999999999,14000.0,4.804890880565079,15.587721273221,49735.951499999996,35735.951499999996
1518969600000.0,40963.6046,6524.135999999999,14000.0,4.560495375317849,19.88125925801598,47487.7406,33487.7406
1519056000000.0,43428.592599999996,6524.135999999999,14000.0,4.834923528894304,15.06010798403602,49952.728599999995,35952.728599999995
1519142400000.0,44853.379499999995,6524.135999999999,14000.0,4.993545655333428,12.273435927991539,51377.515499999994,37377.515499999994
1519228800000.0,42484.1183,6693.081899999998,14000.0,4.748583625065928,16.576926619123743,49177.2002,35177.2002
1519315200000.0,42484.1183,6693.081899999998,14000.0,4.748583625065928,16.576926619123743,49177.2002,35177.2002
1519401600000.0,42484.1183,6693.081899999998,14000.0,4.748583625065928,16.576926619123743,49177.2002,35177.2002
1519488000000.0,42484.1183,6693.081899999998,14000.0,4.748583625065928,16.576926619123743,49177.2002,35177.2002
1519574400000.0,42484.1183,6693.081899999998,14000.0,4.748583625065928,16.576926619123743,49177.2002,35177.2002
1519660800000.0,42484.1183,6693.081899999998,14000.0,4.748583625065928,16.576926619123743,49177.2002,35177.2002
1519747200000.0,44102.0112,6693.081899999998,14000.0,4.929420606965831,13.399984186989078,50795.0931,36795.0931
1519833600000.0,43699.5633,6693.081899999998,14000.0,4.884437738441002,14.190242806847964,50392.6452,36392.6452
1519920000000.0,45456.3741,6698.254699999999,15000.0,4.967695708972006,12.727567547537488,52154.6288,37154.6288
1520006400000.0,46451.0761,6698.254699999999,15000.0,5.076401626567529,10.817822988625803,53149.330799999996,38149.330799999996
1520092800000.0,50969.6574,6698.254699999999,15000.0,5.570214372944306,2.142525209315882,57667.912099999994,42667.912099999994
1520179200000.0,47858.7726,7179.154499999999,15000.0,5.282796701433177,7.191876214711856,55037.92709999999,40037.92709999999
1520265600000.0,51575.5888,7179.154499999999,15000.0,5.693070164258954,1.8818851009032578,58754.743299999995,43754.743299999995
1520352000000.0,49007.528900000005,7306.793999999999,15000.0,5.423689147178081,8.427120975529023,56314.32290000001,41314.32290000001
1520438400000.0,49007.528900000005,7306.793999999999,15000.0,5.423689147178081,8.427120975529023,56314.32290000001,41314.32290000001
1520524800000.0,49007.528900000005,7306.793999999999,15000.0,5.423689147178081,8.427120975529023,56314.32290000001,41314.32290000001
1520611200000.0,49007.528900000005,7306.793999999999,15000.0,5.423689147178081,8.427120975529023,56314.32290000001,41314.32290000001
1520697600000.0,49007.528900000005,7306.793999999999,15000.0,5.423689147178081,8.427120975529023,56314.32290000001,41314.32290000001
1520784000000.0,49007.528900000005,7306.793999999999,15000.0,5.423689147178081,8.427120975529023,56314.32290000001,41314.32290000001
1520870400000.0,47034.4647,7306.793999999999,15000.0,5.205329088460131,12.113884486147796,54341.2587,39341.2587
1520956800000.0,47034.4647,7306.793999999999,15000.0,5.205329088460131,12.113884486147796,54341.2587,39341.2587
1521043200000.0,47034.4647,7306.793999999999,15000.0,5.205329088460131,12.113884486147796,54341.2587,39341.2587
1521129600000.0,47034.4647,7306.793999999999,15000.0,5.205329088460131,12.113884486147796,54341.2587,39341.2587
1521216000000.0,47034.4647,7306.793999999999,15000.0,5.205329088460131,12.113884486147796,54341.2587,39341.2587
1521302400000.0,47034.4647,7306.793999999999,15000.0,5.205329088460131,12.113884486147796,54341.2587,39341.2587
1521388800000.0,47034.4647,7306.793999999999,15000.0,5.205329088460131,12.113884486147796,54341.2587,39341.2587
1521475200000.0,47034.4647,7306.793999999999,15000.0,5.205329088460131,12.113884486147796,54341.2587,39341.2587
1521561600000.0,46779.8057,7306.793999999999,15000.0,5.177145842221587,12.589726837780702,54086.5997,39086.5997
1521648000000.0,50173.5491,7306.793999999999,15000.0,5.5527332195089825,6.2483572404187555,57480.3431,42480.3431
1521734400000.0,47595.1386,7369.0909999999985,15000.0,5.274273607499893,10.949833979176294,54964.2296,39964.2296
1521820800000.0,46579.4025,7369.0909999999985,15000.0,5.161714420532532,12.850269002562143,53948.4935,38948.4935
1521907200000.0,47407.009999999995,7369.0909999999985,15000.0,5.253426064263704,11.301821252583776,54776.100999999995,39776.100999999995
1521993600000.0,44958.0963,7369.0909999999985,15000.0,4.982048749796657,15.883721378738036,52327.1873,37327.1873
1522080000000.0,44958.0963,7369.0909999999985,15000.0,4.982048749796657,15.883721378738036,52327.1873,37327.1873
1522166400000.0,44958.0963,7369.0909999999985,15000.0,4.982048749796657,15.883721378738036,52327.1873,37327.1873
1522252800000.0,44958.0963,7369.0909999999985,15000.0,4.982048749796657,15.883721378738036,52327.1873,37327.1873
1522339200000.0,44958.0963,7369.0909999999985,15000.0,4.982048749796657,15.883721378738036,52327.1873,37327.1873
1522425600000.0,44958.0963,7369.0909999999985,15000.0,4.982048749796657,15.883721378738036,52327.1873,37327.1873
1522512000000.0,44958.0963,7369.0909999999985,15000.0,4.982048749796657,15.883721378738036,52327.1873,37327.1873
1522598400000.0,45958.0963,7369.0909999999985,16000.0,4.9820487497966575,15.883721378738025,53327.1873,37327.1873
1522684800000.0,45958.0963,7369.0909999999985,16000.0,4.9820487497966575,15.883721378738025,53327.1873,37327.1873
1522771200000.0,46361.6939,7369.0909999999985,16000.0,5.025800407945756,15.145023936814772,53730.7849,37730.7849
1522857600000.0,44277.0167,7369.0909999999985,16000.0,4.79981273060174,18.96057119199105,51646.1077,35646.1077
1522944000000.0,44277.0167,7369.0909999999985,16000.0,4.79981273060174,18.96057119199105,51646.1077,35646.1077
1523030400000.0,44277.0167,7369.0909999999985,16000.0,4.79981273060174,18.96057119199105,51646.1077,35646.1077
1523116800000.0,44277.0167,7369.0909999999985,16000.0,4.79981273060174,18.96057119199105,51646.1077,35646.1077
1523203200000.0,42175.570999999996,7369.0909999999985,16000.0,4.572007278128058,22.806809531690362,49544.662,33544.662
1523289600000.0,39908.6447,7369.0909999999985,16000.0,4.326263040484425,26.955924042873157,47277.7357,31277.735699999997
1523376000000.0,39908.6447,7369.0909999999985,16000.0,4.326263040484425,26.955924042873157,47277.7357,31277.735699999997
1523462400000.0,39908.6447,7369.0909999999985,16000.0,4.326263040484425,26.955924042873157,47277.7357,31277.735699999997
1523548800000.0,37986.289600000004,7369.0909999999985,16000.0,4.117871753776141,30.474376072414767,45355.380600000004,29355.380600000004
1523635200000.0,41534.5481,7369.0909999999985,16000.0,4.502517730156159,23.98006223796072,48903.6391,32903.6391
1523721600000.0,39328.4414,7518.218899999999,16000.0,4.279532674552404,27.744913608856802,46846.6603,30846.660300000003
1523808000000.0,41684.5434,7518.218899999999,16000.0,4.535912412336223,23.416230663482175,49202.7623,33202.7623
1523894400000.0,39504.5492,7537.786399999999,16000.0,4.300825123735321,27.385414599925497,47042.3356,31042.3356
1523980800000.0,40895.9056,7537.786399999999,16000.0,4.452300857096934,24.827917547668545,48433.691999999995,32433.691999999995
1524067200000.0,38845.856,7537.786399999999,16000.0,4.229113781098519,28.596179805261603,46383.6424,30383.642399999997
1524153600000.0,40262.6951,7537.786399999999,16000.0,4.38336379333687,25.991842180644063,47800.481499999994,31800.481499999994
1524240000000.0,42833.486399999994,7537.786399999999,16000.0,4.663243554904183,21.266387817033248,50371.27279999999,34371.27279999999
1524326400000.0,47117.2855,7537.786399999999,16000.0,5.129616951574022,13.392198593688997,54655.071899999995,38655.071899999995
1524412800000.0,48425.7748,7537.786399999999,16000.0,5.272071017486482,10.987022229344268,55963.5612,39963.5612
1524499200000.0,45398.66650000001,8265.8764,16000.0,5.02177894062949,15.212921880457952,53664.54290000001,37664.54290000001
1524585600000.0,52106.735700000005,8265.8764,16000.0,5.763792819844319,2.6848537423399765,60372.612100000006,44372.612100000006
1524672000000.0,49011.5266,8667.305199999999,16000.0,5.465819988831263,15.515115201253394,57678.8318,41678.8318
1524758400000.0,48521.4209,8667.305199999999,16000.0,5.411162855753916,16.359947559601295,57188.7261,41188.7261
1524844800000.0,48394.769700000004,8667.305199999999,16000.0,5.397038572986331,16.578265836625185,57062.07490000001,41062.07490000001
1524931200000.0,45939.6677,8667.305199999999,16000.0,5.123242865789982,20.81031131710962,54606.97289999999,38606.97289999999
1525017600000.0,46093.2224,8667.305199999999,16000.0,5.140367456817086,20.54561743712331,54760.5276,38760.5276
1525104000000.0,45109.2903,8667.305199999999,16000.0,5.030638254057816,22.241695806538743,53776.595499999996,37776.595499999996
1525190400000.0,44933.8343,8667.305199999999,17000.0,4.902402845158511,24.223823606231353,53601.139500000005,36601.139500000005
1525276800000.0,44933.8343,8667.305199999999,17000.0,4.902402845158511,24.223823606231353,53601.139500000005,36601.139500000005
1525363200000.0,48262.1535,8667.305199999999,17000.0,5.265531471278799,18.610964015613973,56929.4587,39929.4587
1525449600000.0,51013.8253,8667.305199999999,17000.0,5.565746306522948,13.970559497663492,59681.1305,42681.1305
1525536000000.0,56046.931399999994,8667.305199999999,17000.0,6.114871794009438,5.4827564516155665,64714.23659999999,47714.23659999999
1525622400000.0,52493.5948,9507.278499999999,17000.0,5.818836519720178,10.058557721287709,62000.8733,45000.8733
1525708800000.0,50074.952300000004,9507.278499999999,17000.0,5.550733613817699,14.202609879182404,59582.230800000005,42582.230800000005
1525795200000.0,50074.952300000004,9507.278499999999,17000.0,5.550733613817699,14.202609879182404,59582.230800000005,42582.230800000005
1525881600000.0,50074.952300000004,9507.278499999999,17000.0,5.550733613817699,14.202609879182404,59582.230800000005,42582.230800000005
1525968000000.0,50074.952300000004,9507.278499999999,17000.0,5.550733613817699,14.202609879182404,59582.230800000005,42582.230800000005
1526054400000.0,50074.952300000004,9507.278499999999,17000.0,5.550733613817699,14.202609879182404,59582.230800000005,42582.230800000005
1526140800000.0,50074.952300000004,9507.278499999999,17000.0,5.550733613817699,14.202609879182404,59582.230800000005,42582.230800000005
1526227200000.0,50074.952300000004,9507.278499999999,17000.0,5.550733613817699,14.202609879182404,59582.230800000005,42582.230800000005
1526313600000.0,50074.952300000004,9507.278499999999,17000.0,5.550733613817699,14.202609879182404,59582.230800000005,42582.230800000005
1526400000000.0,47588.177599999995,9507.278499999999,17000.0,5.275078355384602,18.463398342848702,57095.456099999996,40095.456099999996
1526486400000.0,47588.177599999995,9507.278499999999,17000.0,5.275078355384602,18.463398342848702,57095.456099999996,40095.456099999996
1526572800000.0,47588.177599999995,9507.278499999999,17000.0,5.275078355384602,18.463398342848702,57095.456099999996,40095.456099999996
1526659200000.0,47588.177599999995,9507.278499999999,17000.0,5.275078355384602,18.463398342848702,57095.456099999996,40095.456099999996
1526745600000.0,47588.177599999995,9507.278499999999,17000.0,5.275078355384602,18.463398342848702,57095.456099999996,40095.456099999996
1526832000000.0,48065.0503,9507.278499999999,17000.0,5.327938981382683,17.646334497540394,57572.3288,40572.3288
1526918400000.0,48197.7333,9507.278499999999,17000.0,5.342646693607147,17.418998182865554,57705.0118,40705.0118
1527004800000.0,46483.9133,9507.278499999999,17000.0,5.15267230830887,20.355422011208567,55991.1918,38991.1918
1527091200000.0,46483.9133,9507.278499999999,17000.0,5.15267230830887,20.355422011208567,55991.1918,38991.1918
1527177600000.0,46483.9133,9507.278499999999,17000.0,5.15267230830887,20.355422011208567,55991.1918,38991.1918
1527264000000.0,46483.9133,9507.278499999999,17000.0,5.15267230830887,20.355422011208567,55991.1918,38991.1918
1527350400000.0,46483.9133,9507.278499999999,17000.0,5.15267230830887,20.355422011208567,55991.1918,38991.1918
1527436800000.0,46483.9133,9507.278499999999,17000.0,5.15267230830887,20.355422011208567,55991.1918,38991.1918
1527523200000.0,46483.9133,9507.278499999999,17000.0,5.15267230830887,20.355422011208567,55991.1918,38991.1918
1527609600000.0,46483.9133,9507.278499999999,17000.0,5.15267230830887,20.355422011208567,55991.1918,38991.1918
1527696000000.0,44728.5892,9507.278499999999,17000.0,4.958097255563103,23.362958108176002,54235.8677,37235.8677
1527782400000.0,45919.329,9507.278499999999,17000.0,5.090088982556131,21.322769102284855,55426.6075,38426.6075
1527868800000.0,44628.615099999995,9507.278499999999,18000.0,4.841431200894819,25.16625902344852,54135.893599999996,36135.893599999996
1527955200000.0,46474.2437,9507.278499999999,18000.0,5.0416499141415105,22.071489170477754,55981.5222,37981.5222
1528041600000.0,48406.980200000005,9507.278499999999,18000.0,5.2513183247171344,18.83065585551057,57914.258700000006,39914.258700000006
1528128000000.0,45775.5379,9634.714299999998,18000.0,4.979677020832187,23.029400840196455,55410.2522,37410.2522
1528214400000.0,45775.5379,9634.714299999998,18000.0,4.979677020832187,23.029400840196455,55410.2522,37410.2522
1528300800000.0,46339.7323,9634.714299999998,18000.0,5.041052725364589,22.080719885196565,55974.4466,37974.4466
1528387200000.0,44221.196200000006,9634.714299999998,18000.0,4.810588463906432,25.64299354574645,53855.910500000005,35855.910500000005
1528473600000.0,41992.942500000005,9634.714299999998,18000.0,4.568188608972683,29.389755030968658,51627.656800000004,33627.656800000004
1528560000000.0,40180.6447,9634.714299999998,18000.0,4.371038381502286,32.43709546477697,49815.359,31815.358999999997
1528646400000.0,39713.312,9634.714299999998,18000.0,4.320199745540054,33.222905519145954,49348.0263,31348.026299999998
1528732800000.0,39713.312,9634.714299999998,18000.0,4.320199745540054,33.222905519145954,49348.0263,31348.026299999998
1528819200000.0,39713.312,9634.714299999998,18000.0,4.320199745540054,33.222905519145954,49348.0263,31348.026299999998
1528905600000.0,39713.312,9634.714299999998,18000.0,4.320199745540054,33.222905519145954,49348.0263,31348.026299999998
1528992000000.0,39713.312,9634.714299999998,18000.0,4.320199745540054,33.222905519145954,49348.0263,31348.026299999998
1529078400000.0,39713.312,9634.714299999998,18000.0,4.320199745540054,33.222905519145954,49348.0263,31348.026299999998
1529164800000.0,39713.312,9634.714299999998,18000.0,4.320199745540054,33.222905519145954,49348.0263,31348.026299999998
1529251200000.0,39713.312,9634.714299999998,18000.0,4.320199745540054,33.222905519145954,49348.0263,31348.026299999998
1529337600000.0,39713.312,9634.714299999998,18000.0,4.320199745540054,33.222905519145954,49348.0263,31348.026299999998
1529424000000.0,40186.158500000005,9634.714299999998,18000.0,4.371638198444198,32.427824126653626,49820.872800000005,31820.872800000005
1529510400000.0,38296.8709,9634.714299999998,18000.0,4.166112660589989,35.6046212813887,47931.5852,29931.5852
1529596800000.0,37716.5976,9634.714299999998,18000.0,4.102987818144118,36.58033856678704,47351.3119,29351.3119
1529683200000.0,36389.7538,9634.714299999998,18000.0,3.9586475463699737,38.81139836340978,46024.4681,28024.4681
1529769600000.0,36389.7538,9634.714299999998,18000.0,3.9586475463699737,38.81139836340978,46024.4681,28024.4681
1529856000000.0,36389.7538,9634.714299999998,18000.0,3.9586475463699737,38.81139836340978,46024.4681,28024.4681
1529942400000.0,36389.7538,9634.714299999998,18000.0,3.9586475463699737,38.81139836340978,46024.4681,28024.4681
1530028800000.0,36389.7538,9634.714299999998,18000.0,3.9586475463699737,38.81139836340978,46024.4681,28024.4681
1530115200000.0,36389.7538,9634.714299999998,18000.0,3.9586475463699737,38.81139836340978,46024.4681,28024.4681
1530201600000.0,36389.7538,9634.714299999998,18000.0,3.9586475463699737,38.81139836340978,46024.4681,28024.4681
1530288000000.0,36389.7538,9634.714299999998,18000.0,3.9586475463699737,38.81139836340978,46024.4681,28024.4681
1530374400000.0,36042.404200000004,9634.714299999998,18000.0,3.9208612329662107,39.395459371896976,45677.118500000004,27677.118500000004
1530460800000.0,35579.100600000005,9634.714299999998,19000.0,3.7659644041385287,41.78969130158702,45213.814900000005,26213.814900000005
1530547200000.0,41400.3566,9634.714299999998,19000.0,4.382130707211907,32.26564198448628,51035.0709,32035.0709
1530633600000.0,38951.994300000006,10009.480199999998,19000.0,4.162645388604674,35.65821471747768,48961.474500000004,29961.474500000004
1530720000000.0,36878.5385,10009.480199999998,19000.0,3.9410633777358335,39.0831959096833,46888.0187,27888.0187
1530806400000.0,35083.6233,10009.480199999998,19000.0,3.7492478978230004,42.0480774381943,45093.1035,26093.103499999997
1530892800000.0,33621.0656,10009.480199999998,19000.0,3.5929501478648356,44.46396333024731,43630.5458,24630.5458
1530979200000.0,32997.479400000004,10009.480199999998,19000.0,3.5263099599495407,45.49401712098593,43006.9596,24006.959600000002
1531065600000.0,32389.2841,10009.480199999998,19000.0,3.461314536572308,46.49864787496094,42398.764299999995,23398.764299999995
1531152000000.0,32169.1979,10009.480199999998,19000.0,3.4377947958763735,46.862191238491526,42178.6781,23178.678099999997
1531238400000.0,30827.748,10009.480199999998,19000.0,3.2944393569411403,49.078028527034704,40837.2282,21837.228199999998
1531324800000.0,30827.748,10009.480199999998,19000.0,3.2944393569411403,49.078028527034704,40837.2282,21837.228199999998
1531411200000.0,30827.748,10009.480199999998,19000.0,3.2944393569411403,49.078028527034704,40837.2282,21837.228199999998
1531497600000.0,30827.748,10009.480199999998,19000.0,3.2944393569411403,49.078028527034704,40837.2282,21837.228199999998
1531584000000.0,30827.748,10009.480199999998,19000.0,3.2944393569411403,49.078028527034704,40837.2282,21837.228199999998
1531670400000.0,30827.748,10009.480199999998,19000.0,3.2944393569411403,49.078028527034704,40837.2282,21837.228199999998
1531756800000.0,35581.962,10009.480199999998,19000.0,3.8025033813687616,41.22491030106593,45591.4422,26591.442199999998
1531843200000.0,38483.5104,10009.480199999998,19000.0,4.1125803693157765,36.432067020647644,48492.9906,29492.990599999997
1531929600000.0,51451.455500000004,10009.480199999998,19000.0,5.498413311640724,15.011321968327241,61460.9357,42460.9357
1532016000000.0,46997.685000000005,11806.139799999997,19000.0,5.214458391394286,19.400397857046226,58803.8248,39803.8248
1532102400000.0,48464.5466,11806.139799999997,19000.0,5.37720872216343,16.884774771381984,60270.6864,41270.6864
1532188800000.0,46164.9926,11806.139799999997,19000.0,5.122070013698017,20.82844002864387,57971.132399999995,38971.132399999995
1532275200000.0,48581.7319,11806.139799999997,19000.0,5.390210593871219,16.683805541578366,60387.871699999996,41387.871699999996
1532361600000.0,46154.033899999995,11806.139799999997,19000.0,5.120854130720509,20.847233866255333,57960.17369999999,38960.17369999999
1532448000000.0,54094.4676,11806.139799999997,19000.0,6.00185627238504,7.229631274499948,65900.60740000001,46900.60740000001
1532534400000.0,52909.85889999999,11806.139799999997,19000.0,5.8704222926851095,11.392213722161937,64715.99869999999,45715.99869999999
1532620800000.0,54554.4535,11806.139799999997,19000.0,6.052892346527374,8.638022162023661,66360.59330000001,47360.59330000001
1532707200000.0,51124.3791,12358.400299999998,19000.0,5.733594899435541,13.457477823028864,63482.7794,44482.7794
1532793600000.0,49981.255300000004,12358.400299999998,19000.0,5.605393659547948,15.39253930551684,62339.6556,43339.6556
1532880000000.0,51610.9213,12358.400299999998,19000.0,5.788160567036581,12.63386705503946,63969.321599999996,44969.321599999996
1532966400000.0,50259.0075,12358.400299999998,19000.0,5.63654354586954,14.922364873057036,62617.4078,43617.4078
1533052800000.0,49710.0665,12358.400299999998,19000.0,5.57497985799502,15.851603320597397,62068.466799999995,43068.466799999995
1533139200000.0,50710.0665,12358.400299999998,20000.0,5.57497985799502,15.851603320597397,63068.466799999995,43068.466799999995
1533225600000.0,50710.0665,12358.400299999998,20000.0,5.57497985799502,15.851603320597397,63068.466799999995,43068.466799999995
1533312000000.0,50710.0665,12358.400299999998,20000.0,5.57497985799502,15.851603320597397,63068.466799999995,43068.466799999995
1533398400000.0,50710.0665,12358.400299999998,20000.0,5.57497985799502,15.851603320597397,63068.466799999995,43068.466799999995
1533484800000.0,50710.0665,12358.400299999998,20000.0,5.57497985799502,15.851603320597397,63068.466799999995,43068.466799999995
1533571200000.0,50710.0665,12358.400299999998,20000.0,5.57497985799502,15.851603320597397,63068.466799999995,43068.466799999995
1533657600000.0,50710.0665,12358.400299999998,20000.0,5.57497985799502,15.851603320597397,63068.466799999995,43068.466799999995
1533744000000.0,50710.0665,12358.400299999998,20000.0,5.57497985799502,15.851603320597397,63068.466799999995,43068.466799999995
1533830400000.0,50710.0665,12358.400299999998,20000.0,5.57497985799502,15.851603320597397,63068.466799999995,43068.466799999995
1533916800000.0,50710.0665,12358.400299999998,20000.0,5.57497985799502,15.851603320597397,63068.466799999995,43068.466799999995
1534003200000.0,50710.0665,12358.400299999998,20000.0,5.57497985799502,15.851603320597397,63068.466799999995,43068.466799999995
1534089600000.0,50710.0665,12358.400299999998,20000.0,5.57497985799502,15.851603320597397,63068.466799999995,43068.466799999995
1534176000000.0,50710.0665,12358.400299999998,20000.0,5.57497985799502,15.851603320597397,63068.466799999995,43068.466799999995
1534262400000.0,50710.0665,12358.400299999998,20000.0,5.57497985799502,15.851603320597397,63068.466799999995,43068.466799999995
1534348800000.0,50710.0665,12358.400299999998,20000.0,5.57497985799502,15.851603320597397,63068.466799999995,43068.466799999995
1534435200000.0,48532.8391,12358.400299999998,20000.0,5.335619120787647,19.464499290995406,60891.23939999999,40891.23939999999
1534521600000.0,48502.211599999995,12358.400299999998,20000.0,5.332251984686558,19.51532263233925,60860.61189999999,40860.61189999999
1534608000000.0,46738.633700000006,12368.854299999997,20000.0,5.139516476617966,22.424460315393567,59107.488000000005,39107.488000000005
1534694400000.0,46738.633700000006,12368.854299999997,20000.0,5.139516476617966,22.424460315393567,59107.488000000005,39107.488000000005
1534780800000.0,44262.6311,12368.854299999997,20000.0,4.867248009368163,26.534063501237004,56631.4854,36631.4854
1534867200000.0,42757.3777,12368.854299999997,20000.0,4.701725955376559,29.032443013496657,55126.231999999996,35126.231999999996
1534953600000.0,42674.124500000005,12368.854299999997,20000.0,4.692571190693501,29.170624458036187,55042.978800000004,35042.978800000004
1535040000000.0,42682.9908,12368.854299999997,20000.0,4.693546154900395,29.15590840938316,55051.8451,35051.8451
1535126400000.0,42175.1303,12368.854299999997,20000.0,4.637700333126331,29.998841744252868,54543.984599999996,34543.984599999996
1535212800000.0,47232.1092,12368.854299999997,20000.0,5.19378048183764,21.605402820488006,59600.9635,39600.9635
1535299200000.0,44578.3163,12579.445999999998,20000.0,4.925118952198343,25.6605631160291,57157.762299999995,37157.762299999995
1535385600000.0,46661.336599999995,12579.445999999998,20000.0,5.15525601453831,22.186888716175645,59240.78259999999,39240.78259999999
1535472000000.0,53640.1774,12579.445999999998,20000.0,5.926295029496689,10.54887413340232,66219.6234,46219.6234
1535558400000.0,50306.383499999996,13215.897899999998,20000.0,5.628286237164606,15.047000173292357,63522.28139999999,43522.28139999999
1535644800000.0,47927.792199999996,13215.897899999998,20000.0,5.362169061843716,19.063756144166476,61143.69009999999,41143.69009999999
1535731200000.0,47663.0926,13215.897899999998,20000.0,5.332554428232398,19.510757568407765,60878.9905,40878.9905
1535817600000.0,51175.6265,13215.897899999998,21000.0,5.607880616081975,15.355001339411068,64391.524399999995,43391.524399999995
1535904000000.0,52229.836200000005,13215.897899999998,21000.0,5.72340205756185,13.611327939643692,65445.7341,44445.7341
1535990400000.0,53860.09389999999,13215.897899999998,21000.0,5.902047463203309,10.914865379817208,67075.99179999999,46075.99179999999
1536076800000.0,55845.879400000005,13215.897899999998,21000.0,6.119651990490272,7.630356278834983,69061.7773,48061.7773
1536163200000.0,52585.30040000001,13651.698699999997,21000.0,5.810109733835908,12.302567706582913,66236.9991,45236.9991
1536249600000.0,52585.30040000001,13651.698699999997,21000.0,5.810109733835908,12.302567706582913,66236.9991,45236.9991
1536336000000.0,52585.30040000001,13651.698699999997,21000.0,5.810109733835908,12.302567706582913,66236.9991,45236.9991
1536422400000.0,52585.30040000001,13651.698699999997,21000.0,5.810109733835908,12.302567706582913,66236.9991,45236.9991
1536508800000.0,52585.30040000001,13651.698699999997,21000.0,5.810109733835908,12.302567706582913,66236.9991,45236.9991
1536595200000.0,52585.30040000001,13651.698699999997,21000.0,5.810109733835908,12.302567706582913,66236.9991,45236.9991
1536681600000.0,52585.30040000001,13651.698699999997,21000.0,5.810109733835908,12.302567706582913,66236.9991,45236.9991
1536768000000.0,52585.30040000001,13651.698699999997,21000.0,5.810109733835908,12.302567706582913,66236.9991,45236.9991
1536854400000.0,53521.463500000005,13651.698699999997,21000.0,5.913545680733494,10.741312004830839,67173.1622,46173.162200000006
1536940800000.0,53521.463500000005,13651.698699999997,21000.0,5.913545680733494,10.741312004830839,67173.1622,46173.162200000006
1537027200000.0,55361.225,13651.698699999997,21000.0,6.116819525663103,7.673109325469807,69012.9237,48012.9237
1537113600000.0,52371.5386,13651.698699999997,21000.0,5.786491355592274,12.659062027996349,66023.2373,45023.23729999999
1537200000000.0,51159.1481,13651.698699999997,21000.0,5.652535253950223,14.680987033238535,64810.8468,43810.8468
1537286400000.0,51159.1481,13651.698699999997,21000.0,5.652535253950223,14.680987033238535,64810.8468,43810.8468
1537372800000.0,51159.1481,13651.698699999997,21000.0,5.652535253950223,14.680987033238535,64810.8468,43810.8468
1537459200000.0,50788.642,13651.698699999997,21000.0,5.6115983175501105,15.2988865863815,64440.3407,43440.3407
1537545600000.0,48182.9671,13651.698699999997,21000.0,5.323699285224684,19.64441654215229,61834.6658,40834.6658
1537632000000.0,47400.075,13651.698699999997,21000.0,5.237198134215698,20.950059495801774,61051.77369999999,40051.77369999999
1537718400000.0,47415.3441,13651.698699999997,21000.0,5.238885205428796,20.924594948613752,61067.042799999996,40067.042799999996
1537804800000.0,46536.633799999996,13651.698699999997,21000.0,5.141797174583357,22.390035603199777,60188.33249999999,39188.33249999999
1537891200000.0,45508.103800000004,13651.698699999997,21000.0,5.028155679353975,24.105333212049196,59159.802500000005,38159.802500000005
1537977600000.0,45508.103800000004,13651.698699999997,21000.0,5.028155679353975,24.105333212049196,59159.802500000005,38159.802500000005
1538064000000.0,45508.103800000004,13651.698699999997,21000.0,5.028155679353975,24.105333212049196,59159.802500000005,38159.802500000005
1538150400000.0,42871.7999,13651.698699999997,21000.0,4.7368724721796065,28.501943690956367,56523.49859999999,35523.49859999999
1538236800000.0,40703.8565,13651.698699999997,21000.0,4.497338059426774,32.117461109156,54355.5552,33355.5552
1538323200000.0,41099.2814,13651.698699999997,21000.0,4.541028255033056,31.458004034058995,54750.9801,33750.9801
1538409600000.0,39909.3761,13651.698699999997,22000.0,4.304672058264122,35.02554965932697,53561.0748,31561.074800000002
1538496000000.0,39076.3744,13651.698699999997,22000.0,4.214823519076447,36.38171788041691,52728.073099999994,30728.073099999994
1538582400000.0,39076.3744,13651.698699999997,22000.0,4.214823519076447,36.38171788041691,52728.073099999994,30728.073099999994
1538668800000.0,39076.3744,13651.698699999997,22000.0,4.214823519076447,36.38171788041691,52728.073099999994,30728.073099999994
1538755200000.0,39245.3848,13651.698699999997,22000.0,4.233053178808864,36.10656053858471,52897.08349999999,30897.083499999993
1538841600000.0,38692.4075,13651.698699999997,22000.0,4.173408399441733,37.00683510134264,52344.106199999995,30344.106199999995
1538928000000.0,38584.8017,13651.698699999997,22000.0,4.1618019117981655,37.18202269863681,52236.500400000004,30236.500400000004
1539014400000.0,40775.4967,13651.698699999997,22000.0,4.398092840803165,33.61546222090834,54427.1954,32427.195399999997
1539100800000.0,38989.1802,13696.629599999997,22000.0,4.210264950028808,36.45052463600743,52685.8098,30685.809800000003
1539187200000.0,37448.449,13696.629599999997,22000.0,4.043888367205048,38.96180235291964,51145.07859999999,29145.078599999993
1539273600000.0,37448.449,13696.629599999997,22000.0,4.043888367205048,38.96180235291964,51145.07859999999,29145.078599999993
1539360000000.0,37448.449,13696.629599999997,22000.0,4.043888367205048,38.96180235291964,51145.07859999999,29145.078599999993
1539446400000.0,37448.449,13696.629599999997,22000.0,4.043888367205048,38.96180235291964,51145.07859999999,29145.078599999993
1539532800000.0,37448.449,13696.629599999997,22000.0,4.043888367205048,38.96180235291964,51145.07859999999,29145.078599999993
1539619200000.0,41023.81,13696.629599999997,22000.0,4.429975405321328,33.134228789655026,54720.4396,32720.439599999998
1539705600000.0,38949.3987,13863.401699999997,22000.0,4.2239780896593535,36.2435393656129,52812.80039999999,30812.800399999993
1539792000000.0,39626.909,13863.401699999997,22000.0,4.297452617077887,35.13451945226203,53490.310699999995,31490.310699999995
1539878400000.0,39022.4362,13863.401699999997,22000.0,4.231898848644613,36.12398392576001,52885.83789999999,30885.83789999999
1539964800000.0,38182.7348,13863.401699999997,22000.0,4.140835047049744,37.498495241482566,52046.13649999999,30046.136499999993
1540051200000.0,38182.7348,13863.401699999997,22000.0,4.140835047049744,37.498495241482566,52046.13649999999,30046.136499999993
1540137600000.0,38182.7348,13863.401699999997,22000.0,4.140835047049744,37.498495241482566,52046.13649999999,30046.136499999993
1540224000000.0,36781.8201,13863.401699999997,22000.0,3.9889088762798286,39.79165934423633,50645.22179999999,28645.221799999992
1540310400000.0,36781.8201,13863.401699999997,22000.0,3.9889088762798286,39.79165934423633,50645.22179999999,28645.221799999992
1540396800000.0,36781.8201,13863.401699999997,22000.0,3.9889088762798286,39.79165934423633,50645.22179999999,28645.221799999992
1540483200000.0,36781.8201,13863.401699999997,22000.0,3.9889088762798286,39.79165934423633,50645.22179999999,28645.221799999992
1540569600000.0,36781.8201,13863.401699999997,22000.0,3.9889088762798286,39.79165934423633,50645.22179999999,28645.221799999992
1540656000000.0,36781.8201,13863.401699999997,22000.0,3.9889088762798286,39.79165934423633,50645.22179999999,28645.221799999992
1540742400000.0,36781.8201,13863.401699999997,22000.0,3.9889088762798286,39.79165934423633,50645.22179999999,28645.221799999992
1540828800000.0,36781.8201,13863.401699999997,22000.0,3.9889088762798286,39.79165934423633,50645.22179999999,28645.221799999992
1540915200000.0,36781.8201,13863.401699999997,22000.0,3.9889088762798286,39.79165934423633,50645.22179999999,28645.221799999992
1541001600000.0,36781.8201,13863.401699999997,22000.0,3.9889088762798286,39.79165934423633,50645.22179999999,28645.221799999992
1541088000000.0,37781.8201,13863.401699999997,23000.0,3.9889088762798286,39.79165934423633,51645.22179999999,28645.221799999992
1541174400000.0,37688.0355,13863.401699999997,23000.0,3.9790073357397433,39.94111257677302,51551.43719999999,28551.437199999993
1541260800000.0,36517.4911,13863.401699999997,23000.0,3.8554242226212825,41.8064683431538,50380.892799999994,27380.892799999994
1541347200000.0,36517.4911,13863.401699999997,23000.0,3.8554242226212825,41.8064683431538,50380.892799999994,27380.892799999994
1541433600000.0,35886.204,13863.401699999997,23000.0,3.7887745294618216,42.81247463580431,49749.60569999999,26749.605699999993
1541520000000.0,35752.963,13863.401699999997,23000.0,3.7747072821408176,43.0248047854922,49616.3647,26616.3647
1541606400000.0,37146.5197,13863.401699999997,23000.0,3.921835469070838,40.80406115020288,51009.92139999999,28009.921399999992
1541692800000.0,36905.2287,13863.401699999997,23000.0,3.896360576407675,41.18857758394583,50768.630399999995,27768.630399999995
1541779200000.0,35826.092000000004,13972.251999999997,23000.0,3.793920195736508,42.73480627145296,49798.344,26798.343999999997
1541865600000.0,35826.092000000004,13972.251999999997,23000.0,3.793920195736508,42.73480627145296,49798.344,26798.343999999997
1541952000000.0,35826.092000000004,13972.251999999997,23000.0,3.793920195736508,42.73480627145296,49798.344,26798.343999999997
1542038400000.0,35826.092000000004,13972.251999999997,23000.0,3.793920195736508,42.73480627145296,49798.344,26798.343999999997
1542124800000.0,35542.3769,13972.251999999997,23000.0,3.763875265138847,43.18830257144612,49514.628899999996,26514.628899999996
1542211200000.0,34188.4161,13972.251999999997,23000.0,3.6204931953513984,45.352502549296304,48160.668099999995,25160.668099999995
1542297600000.0,34188.4161,13972.251999999997,23000.0,3.6204931953513984,45.352502549296304,48160.668099999995,25160.668099999995
1542384000000.0,34188.4161,13972.251999999997,23000.0,3.6204931953513984,45.352502549296304,48160.668099999995,25160.668099999995
1542470400000.0,34188.4161,13972.251999999997,23000.0,3.6204931953513984,45.352502549296304,48160.668099999995,25160.668099999995
1542556800000.0,34188.4161,13972.251999999997,23000.0,3.6204931953513984,45.352502549296304,48160.668099999995,25160.668099999995
1542643200000.0,34188.4161,13972.251999999997,23000.0,3.6204931953513984,45.352502549296304,48160.668099999995,25160.668099999995
1542729600000.0,34188.4161,13972.251999999997,23000.0,3.6204931953513984,45.352502549296304,48160.668099999995,25160.668099999995
1542816000000.0,34188.4161,13972.251999999997,23000.0,3.6204931953513984,45.352502549296304,48160.668099999995,25160.668099999995
1542902400000.0,34188.4161,13972.251999999997,23000.0,3.6204931953513984,45.352502549296304,48160.668099999995,25160.668099999995
1542988800000.0,34188.4161,13972.251999999997,23000.0,3.6204931953513984,45.352502549296304,48160.668099999995,25160.668099999995
1543075200000.0,34188.4161,13972.251999999997,23000.0,3.6204931953513984,45.352502549296304,48160.668099999995,25160.668099999995
1543161600000.0,34188.4161,13972.251999999997,23000.0,3.6204931953513984,45.352502549296304,48160.668099999995,25160.668099999995
1543248000000.0,34188.4161,13972.251999999997,23000.0,3.6204931953513984,45.352502549296304,48160.668099999995,25160.668099999995
1543334400000.0,34188.4161,13972.251999999997,23000.0,3.6204931953513984,45.352502549296304,48160.668099999995,25160.668099999995
1543420800000.0,34188.4161,13972.251999999997,23000.0,3.6204931953513984,45.352502549296304,48160.668099999995,25160.668099999995
1543507200000.0,34282.326499999996,13972.251999999997,23000.0,3.6304381417091998,45.202394152066574,48254.57849999999,25254.57849999999
1543593600000.0,32564.739999999998,13972.251999999997,23000.0,3.4485487491883977,47.94782124659971,46536.992,23536.992
1543680000000.0,33564.74,13972.251999999997,24000.0,3.4485487491883977,47.94782124659971,47536.992,23536.992
1543766400000.0,32643.488100000002,13972.251999999997,24000.0,3.353896382227342,49.37649814311996,46615.740099999995,22615.740099999995
1543852800000.0,32305.033900000002,13972.251999999997,24000.0,3.3191225151255095,49.901372714418265,46277.2859,22277.285900000003
1543939200000.0,32305.033900000002,13972.251999999997,24000.0,3.3191225151255095,49.901372714418265,46277.2859,22277.285900000003
1544025600000.0,32305.033900000002,13972.251999999997,24000.0,3.3191225151255095,49.901372714418265,46277.2859,22277.285900000003
1544112000000.0,32305.033900000002,13972.251999999997,24000.0,3.3191225151255095,49.901372714418265,46277.2859,22277.285900000003
1544198400000.0,32305.033900000002,13972.251999999997,24000.0,3.3191225151255095,49.901372714418265,46277.2859,22277.285900000003
1544284800000.0,32305.033900000002,13972.251999999997,24000.0,3.3191225151255095,49.901372714418265,46277.2859,22277.285900000003
1544371200000.0,32305.033900000002,13972.251999999997,24000.0,3.3191225151255095,49.901372714418265,46277.2859,22277.285900000003
1544457600000.0,32305.033900000002,13972.251999999997,24000.0,3.3191225151255095,49.901372714418265,46277.2859,22277.285900000003
1544544000000.0,32305.033900000002,13972.251999999997,24000.0,3.3191225151255095,49.901372714418265,46277.2859,22277.285900000003
1544630400000.0,32305.033900000002,13972.251999999997,24000.0,3.3191225151255095,49.901372714418265,46277.2859,22277.285900000003
1544716800000.0,32305.033900000002,13972.251999999997,24000.0,3.3191225151255095,49.901372714418265,46277.2859,22277.285900000003
1544803200000.0,32305.033900000002,13972.251999999997,24000.0,3.3191225151255095,49.901372714418265,46277.2859,22277.285900000003
1544889600000.0,32305.033900000002,13972.251999999997,24000.0,3.3191225151255095,49.901372714418265,46277.2859,22277.285900000003
1544976000000.0,32305.033900000002,13972.251999999997,24000.0,3.3191225151255095,49.901372714418265,46277.2859,22277.285900000003
1545062400000.0,32305.033900000002,13972.251999999997,24000.0,3.3191225151255095,49.901372714418265,46277.2859,22277.285900000003
1545148800000.0,33771.6524,13972.251999999997,24000.0,3.4698075910030988,47.62694162020919,47743.9044,23743.9044
1545235200000.0,38934.9762,13972.251999999997,24000.0,4.000303993839667,39.61966215374271,52907.2282,28907.228199999998
1545321600000.0,36476.476299999995,14435.745599999997,24000.0,3.7953306652666474,42.7135167327372,50912.22189999999,26912.22189999999
1545408000000.0,34502.8592,14435.745599999997,24000.0,3.589978332450316,45.813091978033945,48938.604799999994,24938.604799999994
1545494400000.0,33460.9705,14435.745599999997,24000.0,3.4815711469430695,47.44938324389013,47896.7161,23896.716099999998
1545580800000.0,34271.9421,14435.745599999997,24000.0,3.565951703793632,46.175748405603265,48707.687699999995,24707.687699999995
1545667200000.0,35463.2039,14435.745599999997,24000.0,3.6899009691425095,44.304865960397635,49898.949499999995,25898.949499999995
1545753600000.0,33724.0308,14435.745599999997,24000.0,3.508942234413057,47.036245764537966,48159.776399999995,24159.776399999995
1545840000000.0,33724.0308,14435.745599999997,24000.0,3.508942234413057,47.036245764537966,48159.776399999995,24159.776399999995
1545926400000.0,33724.0308,14435.745599999997,24000.0,3.508942234413057,47.036245764537966,48159.776399999995,24159.776399999995
1546012800000.0,33724.0308,14435.745599999997,24000.0,3.508942234413057,47.036245764537966,48159.776399999995,24159.776399999995
1546099200000.0,33653.7279,14435.745599999997,24000.0,3.501627307663206,47.14665681058767,48089.47349999999,24089.473499999993
1546185600000.0,31980.829599999997,14435.745599999997,24000.0,3.3275643810349984,49.773951719300726,46416.57519999999,22416.575199999992
1546272000000.0,30752.012,14465.397099999996,24000.0,3.2026495886186304,51.659407769568524,45217.4091,21217.409099999997
1546358400000.0,31752.012,14465.397099999996,25000.0,3.2026495886186304,51.659407769568524,46217.4091,21217.409099999997
1546444800000.0,32071.4747,14465.397099999996,25000.0,3.234872021790235,51.173044382154444,46536.87179999999,21536.871799999994
1546531200000.0,32214.7586,14465.397099999996,25000.0,3.2493242751904505,50.95490297482925,46680.155699999996,21680.155699999996
1546617600000.0,30451.4683,14465.397099999996,25000.0,3.071470948796198,53.63940994012566,44916.865399999995,19916.865399999995
1546704000000.0,28913.735200000003,14465.397099999996,25000.0,2.916368327893931,55.98051918215848,43379.1323,18379.132299999997
1546790400000.0,28359.0498,14465.397099999996,25000.0,2.860420283778718,56.82499545464081,42824.446899999995,17824.446899999995
1546876800000.0,33301.3772,14465.397099999996,25000.0,3.3589254750223025,49.30058933156777,47766.7743,22766.774299999997
1546963200000.0,34227.779500000004,14465.397099999996,25000.0,3.452366544047798,47.89019569019367,48693.1766,23693.1766
1547049600000.0,31958.6855,14886.838299999996,25000.0,3.266004039529027,50.70313965696387,46845.523799999995,21845.523799999995
1547136000000.0,30264.6425,14886.838299999996,25000.0,3.092882047977282,53.316232150586565,45151.4808,20151.480799999998
1547222400000.0,30264.6425,14886.838299999996,25000.0,3.092882047977282,53.316232150586565,45151.4808,20151.480799999998
1547308800000.0,30264.6425,14886.838299999996,25000.0,3.092882047977282,53.316232150586565,45151.4808,20151.480799999998
1547395200000.0,30264.6425,14886.838299999996,25000.0,3.092882047977282,53.316232150586565,45151.4808,20151.480799999998
1547481600000.0,30264.6425,14886.838299999996,25000.0,3.092882047977282,53.316232150586565,45151.4808,20151.480799999998
1547568000000.0,29904.5194,14886.838299999996,25000.0,3.056079423559963,53.871728657694185,44791.35769999999,19791.357699999993
1547654400000.0,29904.5194,14886.838299999996,25000.0,3.056079423559963,53.871728657694185,44791.35769999999,19791.357699999993
1547740800000.0,29904.5194,14886.838299999996,25000.0,3.056079423559963,53.871728657694185,44791.35769999999,19791.357699999993
1547827200000.0,29529.5719,14886.838299999996,25000.0,3.017761825997594,54.450092074533416,44416.4102,19416.4102
1547913600000.0,32806.6689,14886.838299999996,25000.0,3.3526633362592864,49.395109661706,47693.50719999999,22693.507199999993
1548000000000.0,31031.606499999998,15053.730999999996,25000.0,3.188317129452746,51.87574101022634,46085.337499999994,21085.337499999994
1548086400000.0,31031.606499999998,15053.730999999996,25000.0,3.188317129452746,51.87574101022634,46085.337499999994,21085.337499999994
1548172800000.0,31031.606499999998,15053.730999999996,25000.0,3.188317129452746,51.87574101022634,46085.337499999994,21085.337499999994
1548259200000.0,30714.7633,15053.730999999996,25000.0,3.1557633329900776,52.367105974394356,45768.49429999999,20768.49429999999
1548345600000.0,30714.7633,15053.730999999996,25000.0,3.1557633329900776,52.367105974394356,45768.49429999999,20768.49429999999
1548432000000.0,29137.1461,15053.730999999996,25000.0,2.993672339006918,54.81369728185766,44190.8771,19190.877099999998
1548518400000.0,27571.8937,15053.730999999996,25000.0,2.8328517563265785,57.24111308071309,42625.6247,17625.6247
1548604800000.0,27098.3252,15053.730999999996,25000.0,2.784195346594158,57.97552988067471,42152.05619999999,17152.05619999999
1548691200000.0,27098.3252,15053.730999999996,25000.0,2.784195346594158,57.97552988067471,42152.05619999999,17152.05619999999
1548777600000.0,27098.3252,15053.730999999996,25000.0,2.784195346594158,57.97552988067471,42152.05619999999,17152.05619999999
1548864000000.0,27098.3252,15053.730999999996,25000.0,2.784195346594158,57.97552988067471,42152.05619999999,17152.05619999999
1548950400000.0,27098.3252,15053.730999999996,25000.0,2.784195346594158,57.97552988067471,42152.05619999999,17152.05619999999
1549036800000.0,28098.3252,15053.730999999996,26000.0,2.7841953465941573,57.97552988067473,43152.05619999999,17152.05619999999
1549123200000.0,27131.4772,15053.730999999996,26000.0,2.688392707707201,59.42156890957491,42185.208199999994,16185.208199999994
1549209600000.0,26807.0632,15053.730999999996,26000.0,2.656247306059917,59.90676958798725,41860.7942,15860.794199999997
1549296000000.0,26594.6903,15053.730999999996,26000.0,2.635203787070297,60.224399145146926,41648.421299999995,15648.421299999995
1549382400000.0,26004.2208,15053.730999999996,26000.0,2.576695586937224,61.107518252157725,41057.951799999995,15057.951799999995
1549468800000.0,25792.3935,15053.730999999996,26000.0,2.5557061301370867,61.42433179801658,40846.12449999999,14846.12449999999
1549555200000.0,25792.3935,15053.730999999996,26000.0,2.5557061301370867,61.42433179801658,40846.12449999999,14846.12449999999
1549641600000.0,25792.3935,15053.730999999996,26000.0,2.5557061301370867,61.42433179801658,40846.12449999999,14846.12449999999
1549728000000.0,25479.534399999997,15053.730999999996,26000.0,2.5247056756915085,61.892250715102406,40533.26539999999,14533.26539999999
1549814400000.0,25165.7444,15053.730999999996,26000.0,2.4936129806077543,62.36156190660156,40219.475399999996,14219.475399999996
1549900800000.0,25445.123099999997,15053.730999999996,26000.0,2.521295942881873,61.94371700849618,40498.8541,14498.854099999997
1549987200000.0,24129.0243,15053.730999999996,26000.0,2.3908868836750936,63.9121031774583,39182.7553,13182.755299999997
1550073600000.0,23890.798899999998,15053.730999999996,26000.0,2.3672817027470665,64.26839829941682,38944.529899999994,12944.529899999994
1550160000000.0,23523.6981,15053.730999999996,26000.0,2.330906568933362,64.81744229013768,38577.429099999994,12577.429099999994
1550246400000.0,23523.6981,15053.730999999996,26000.0,2.330906568933362,64.81744229013768,38577.429099999994,12577.429099999994
1550332800000.0,23768.5192,15053.730999999996,26000.0,2.3551653018833263,64.45128249490796,38822.250199999995,12822.250199999995
1550419200000.0,23064.7918,15053.730999999996,26000.0,2.285434649312233,65.50379259588188,38118.52279999999,12118.522799999992
1550505600000.0,27098.209,15053.730999999996,26000.0,2.685096241922487,59.4713255575912,42151.939999999995,16151.939999999995
1550592000000.0,31357.5704,15053.730999999996,26000.0,3.107146100941941,53.10093142884406,46411.3014,20411.301399999997
1550678400000.0,29012.0599,15759.701499999996,26000.0,2.9446880324961042,55.553063335248176,44771.761399999996,18771.761399999996
1550764800000.0,28347.666400000002,15759.701499999996,26000.0,2.8772529177520387,56.57092473208656,44107.3679,18107.367899999997
1550851200000.0,28898.1118,15759.701499999996,26000.0,2.9331224419261055,55.72763363467628,44657.813299999994,18657.813299999994
1550937600000.0,28617.162300000004,15759.701499999996,26000.0,2.9046064167545955,56.1580527319598,44376.8638,18376.8638
1551024000000.0,27362.6588,15759.701499999996,26000.0,2.77727587021955,58.07997202353721,43122.3603,17122.3603
1551110400000.0,27362.6588,15759.701499999996,26000.0,2.77727587021955,58.07997202353721,43122.3603,17122.3603
1551196800000.0,27362.6588,15759.701499999996,26000.0,2.77727587021955,58.07997202353721,43122.3603,17122.3603
1551283200000.0,27362.6588,15759.701499999996,26000.0,2.77727587021955,58.07997202353721,43122.3603,17122.3603
1551369600000.0,27362.6588,15759.701499999996,26000.0,2.77727587021955,58.07997202353721,43122.3603,17122.3603
1551456000000.0,28362.6588,15759.701499999996,27000.0,2.77727587021955,58.07997202353721,44122.3603,17122.3603
1551542400000.0,28362.6588,15759.701499999996,27000.0,2.77727587021955,58.07997202353721,44122.3603,17122.3603
1551628800000.0,28362.6588,15759.701499999996,27000.0,2.77727587021955,58.07997202353721,44122.3603,17122.3603
1551715200000.0,28362.6588,15759.701499999996,27000.0,2.77727587021955,58.07997202353721,44122.3603,17122.3603
1551801600000.0,28362.6588,15759.701499999996,27000.0,2.77727587021955,58.07997202353721,44122.3603,17122.3603
1551888000000.0,28461.4399,15759.701499999996,27000.0,2.7869485305790134,57.933973494106475,44221.14139999999,17221.141399999993
1551974400000.0,28878.8062,15759.701499999996,27000.0,2.8278171022530065,57.31710583385621,44638.507699999995,17638.507699999995
1552060800000.0,29792.6495,15759.701499999996,27000.0,2.917300777396037,55.966444847795785,45552.350999999995,18552.350999999995
1552147200000.0,28240.3957,15759.701499999996,27000.0,2.765303848843041,58.260676964094095,44000.0972,17000.097199999997
1552233600000.0,27726.9985,15759.701499999996,27000.0,2.715031916812526,59.01947835640353,43486.7,16486.699999999997
1552320000000.0,26328.4534,15759.701499999996,27000.0,2.5780861675781916,61.08652891508899,42088.154899999994,15088.154899999994
1552406400000.0,26328.4534,15759.701499999996,27000.0,2.5780861675781916,61.08652891508899,42088.154899999994,15088.154899999994
1552492800000.0,25918.4139,15759.701499999996,27000.0,2.5379350372763,61.692567560219636,41678.115399999995,14678.115399999995
1552579200000.0,25918.4139,15759.701499999996,27000.0,2.5379350372763,61.692567560219636,41678.115399999995,14678.115399999995
1552665600000.0,27104.3805,15759.701499999996,27000.0,2.6540650674082538,59.939708161468545,42864.081999999995,15864.081999999995
1552752000000.0,29156.5109,15759.701499999996,27000.0,2.8550099887801528,56.90665810837021,44916.2124,17916.212399999997
1552838400000.0,29045.9809,15759.701499999996,27000.0,2.8441868743429626,57.070021519569124,44805.68239999999,17805.68239999999
1552924800000.0,28791.2957,15759.701499999996,27000.0,2.8192480607624093,57.446446409226894,44550.9972,17550.997199999998
1553011200000.0,29416.8558,15759.701499999996,27000.0,2.880503001046856,56.5218681784667,45176.5573,18176.5573
1553097600000.0,30021.7749,15759.701499999996,27000.0,2.93973677146703,55.627797359002585,45781.4764,18781.4764
1553184000000.0,28418.0138,16037.434799999995,27000.0,2.8098919272953577,57.58766730157537,44455.448599999996,17455.448599999996
1553270400000.0,28418.0138,16037.434799999995,27000.0,2.8098919272953577,57.58766730157537,44455.448599999996,17455.448599999996
1553356800000.0,27401.8285,16037.434799999995,27000.0,2.709414431183148,59.10426833253302,43439.26329999999,16439.26329999999
1553443200000.0,26953.2373,16037.434799999995,27000.0,2.665059016325276,59.77376618533459,42990.672099999996,15990.672099999996
1553529600000.0,26953.2373,16037.434799999995,27000.0,2.665059016325276,59.77376618533459,42990.672099999996,15990.672099999996
1553616000000.0,26953.2373,16037.434799999995,27000.0,2.665059016325276,59.77376618533459,42990.672099999996,15990.672099999996
1553702400000.0,27109.6919,16037.434799999995,27000.0,2.6805287997036,59.5402662442726,43147.12669999999,16147.126699999993
1553788800000.0,27411.6455,16037.434799999995,27000.0,2.710385108065931,59.089616996481496,43449.080299999994,16449.080299999994
1553875200000.0,29314.6248,16037.434799999995,27000.0,2.8985462586133406,56.249524379248165,45352.05959999999,18352.059599999993
1553961600000.0,29001.5995,16037.434799999995,27000.0,2.8675952122207455,56.716697534277884,45039.0343,18039.0343
1554048000000.0,29643.0834,16037.434799999995,27000.0,2.9310233055697585,55.75931786731878,45680.51819999999,18680.51819999999
1554134400000.0,32255.8516,16037.434799999995,28000.0,3.0852852353820115,53.43089796392562,48293.2864,20293.286399999997
1554220800000.0,52009.6624,16037.434799999995,28000.0,4.974745218009465,24.91150736918132,68047.09719999999,40047.09719999999
1554307200000.0,59603.4624,16037.434799999995,28000.0,5.701095255546341,13.948025411645848,75640.89719999999,47640.89719999999
1554393600000.0,52786.9139,18796.732099999994,28000.0,5.313017539328303,20.781232869600373,71583.646,43583.64599999999
1554480000000.0,53816.793600000005,18796.732099999994,28000.0,5.416675217060022,19.235664203070968,72613.5257,44613.5257
1554566400000.0,56012.806599999996,18796.732099999994,28000.0,5.637704535191706,15.940047361520204,74809.53869999999,46809.53869999999
1554652800000.0,56510.2083,18796.732099999994,28000.0,5.687768154390929,15.193583010199884,75306.94039999999,47306.94039999999
1554739200000.0,57745.8479,18796.732099999994,28000.0,5.8121356231830115,13.339224827508323,76542.57999999999,48542.57999999999
1554825600000.0,57120.3382,18796.732099999994,28000.0,5.749177898217014,14.277944362353223,75917.07029999999,47917.07029999999
1554912000000.0,58685.2486,18796.732099999994,28000.0,5.9066865644449384,11.92944047382526,77481.98069999999,49481.980699999986
1554998400000.0,55326.096399999995,19207.930799999995,28000.0,5.609123143251868,16.366204929340135,74534.02719999998,46534.02719999998
1555084800000.0,55326.096399999995,19207.930799999995,28000.0,5.609123143251868,16.366204929340135,74534.02719999998,46534.02719999998
1555171200000.0,55326.096399999995,19207.930799999995,28000.0,5.609123143251868,16.366204929340135,74534.02719999998,46534.02719999998
1555257600000.0,55326.096399999995,19207.930799999995,28000.0,5.609123143251868,16.366204929340135,74534.02719999998,46534.02719999998
1555344000000.0,52525.592899999996,19207.930799999995,28000.0,5.325199822852783,20.599591180202857,71733.52369999999,43733.52369999999
1555430400000.0,49781.424399999996,19207.930799999995,28000.0,5.046987911225258,24.74781852501802,68989.35519999999,40989.35519999999
1555516800000.0,50309.515400000004,19207.930799999995,28000.0,5.100527337329483,23.949528796544417,69517.4462,41517.446200000006
1555603200000.0,52023.801,19207.930799999995,28000.0,5.274326677221162,21.35812582593861,71231.7318,43231.731799999994
1555689600000.0,52868.777500000004,19207.930799999995,28000.0,5.359992891721233,20.080815550339203,72076.7083,44076.7083
1555776000000.0,53857.7499,19207.930799999995,28000.0,5.460257836075364,18.58583360846958,73065.6807,45065.6807
1555862400000.0,50869.8893,19328.871299999995,28000.0,5.169601004505299,22.919618634505788,70198.7606,42198.760599999994
1555948800000.0,49936.7636,19328.871299999995,28000.0,5.07477304984628,24.333533345303938,69265.63489999999,41265.63489999999
1556035200000.0,60687.9027,19328.871299999995,28000.0,6.1673466775018095,8.042915981183274,80016.77399999999,52016.77399999999
1556121600000.0,56468.0623,20051.721699999995,28000.0,5.811968608756042,13.34171506528743,76519.78399999999,48519.783999999985
1556208000000.0,54712.808,20051.721699999995,28000.0,5.631309268299374,16.03540280782361,74764.52969999998,46764.529699999985
1556294400000.0,53073.354,20051.721699999995,28000.0,5.462568659973249,18.55137849536468,73125.07569999999,45125.07569999999
1556380800000.0,53073.354,20051.721699999995,28000.0,5.462568659973249,18.55137849536468,73125.07569999999,45125.07569999999
1556467200000.0,53073.354,20051.721699999995,28000.0,5.462568659973249,18.55137849536468,73125.07569999999,45125.07569999999
1556553600000.0,53073.354,20051.721699999995,28000.0,5.462568659973249,18.55137849536468,73125.07569999999,45125.07569999999
1556640000000.0,53073.354,20051.721699999995,28000.0,5.462568659973249,18.55137849536468,73125.07569999999,45125.07569999999
1556726400000.0,54612.1922,20051.721699999995,29000.0,5.5170028765767976,17.739747158347207,74663.91389999999,45663.913899999985
1556812800000.0,62095.6643,20051.721699999995,29000.0,6.272994083655319,6.4676798363645815,82147.386,53147.386
1556899200000.0,73766.8455,20051.721699999995,29000.0,7.452033738713316,3.2584047845002018,93818.56719999999,64818.56719999999
1556985600000.0,68277.77049999998,21629.990199999993,29000.0,7.056958393061191,11.329126753033481,89907.76069999998,60907.760699999984
1557072000000.0,70894.3755,21629.990199999993,29000.0,7.3274017962487035,7.9309980708384575,92524.3657,63524.365699999995
1557158400000.0,67245.9786,21629.990199999993,29000.0,6.950315887670693,12.669092720172747,88875.9688,59875.9688
1557244800000.0,72523.5225,21629.990199999993,29000.0,7.495784895330425,5.815259872596068,94153.51269999999,65153.51269999999
1557331200000.0,68458.7086,21764.737899999993,29000.0,7.089586604843243,10.919152388717235,90223.44649999999,61223.44649999999
1557417600000.0,72926.0649,21764.737899999993,29000.0,7.552226202218617,5.1060733236294675,94690.80279999999,65690.80279999999
1557504000000.0,83395.7237,21764.737899999993,29000.0,8.636464486926185,1.4755004734143928,105160.4616,76160.4616
1557590400000.0,102983.51079999999,21764.737899999993,29000.0,10.66497650362352,1.5937168386706002,124748.24869999998,95748.24869999998
1557676800000.0,94880.8704,24700.53359999999,29000.0,10.129897859524977,21.658740086196147,119581.404,90581.404
1557763200000.0,104870.9506,24700.53359999999,29000.0,11.196482636918237,13.410128261615494,129571.48419999999,100571.48419999999
1557849600000.0,107286.3615,24700.53359999999,29000.0,11.454362498292099,11.415771208209547,131986.8951,102986.8951
1557936000000.0,107855.3238,24700.53359999999,29000.0,11.515107408837528,10.945990279371697,132555.85739999998,103555.85739999998
1558022400000.0,108054.96919999999,24700.53359999999,29000.0,11.536422427361261,10.78114701743641,132755.5028,103755.50279999999
1558108800000.0,101724.7231,25612.793499999992,29000.0,10.956683450636278,15.264655389149084,127337.5166,98337.5166
1558195200000.0,101724.7231,25612.793499999992,29000.0,10.956683450636278,15.264655389149084,127337.5166,98337.5166
1558281600000.0,100523.5651,25612.793499999992,29000.0,10.827307743540358,16.265204065620043,126136.3586,97136.3586
1558368000000.0,96666.5506,25612.793499999992,29000.0,10.411871990528077,19.478045967438394,122279.34409999999,93279.34409999999
1558454400000.0,97839.7972,25612.793499999992,29000.0,10.538241384457006,18.500747116825867,123452.5907,94452.5907
1558540800000.0,96296.57949999999,25612.793499999992,29000.0,10.372022717853243,19.786226984787923,121909.37299999999,92909.37299999999
1558627200000.0,90921.62530000001,25612.793499999992,29000.0,9.793090970128803,24.2634925159687,116534.41880000001,87534.41880000001
1558713600000.0,94073.0944,25612.793499999992,29000.0,10.13253302787928,21.63836057084231,119685.8879,90685.8879
1558800000000.0,93306.5414,25612.793499999992,29000.0,10.049968255883007,22.276889048856717,118919.33489999999,89919.33489999999
1558886400000.0,90328.2946,25612.793499999992,29000.0,9.729183824812182,24.757729116478057,115941.0881,86941.0881
1558972800000.0,119924.881,25612.793499999992,29000.0,12.917006986399208,2.43201595043393,145537.6745,116537.6745
1559059200000.0,110892.6795,27897.725099999992,29000.0,12.190264281210107,8.552646257943387,138790.40459999998,109790.40459999998
1559145600000.0,105490.50779999999,27897.725099999992,29000.0,11.596411729243643,13.007532808188815,133388.23289999997,104388.23289999997
1559232000000.0,112631.4958,27897.725099999992,29000.0,12.381409723172991,7.118736012510496,140529.2209,111529.22089999999
1559318400000.0,105664.7072,27917.080499999993,29000.0,11.617688915217824,12.847918356235088,133581.7877,104581.78769999999
1559404800000.0,103669.93239999999,27917.080499999993,30000.0,11.291504529483781,15.294846348873769,131587.01289999997,101587.01289999997
1559491200000.0,108444.1071,27917.080499999993,30000.0,11.8114972988588,11.39403159806932,136361.18759999998,106361.18759999998
1559577600000.0,104638.88200000001,28024.741499999993,30000.0,11.408766624528715,14.415184674709947,132663.62350000002,102663.62350000002
1559664000000.0,104792.71190000001,28041.833699999992,30000.0,11.427402243646608,14.275386388605282,132834.5456,102834.54560000001
1559750400000.0,104792.71190000001,28041.833699999992,30000.0,11.427402243646608,14.275386388605282,132834.5456,102834.54560000001
1559836800000.0,104792.71190000001,28041.833699999992,30000.0,11.427402243646608,14.275386388605282,132834.5456,102834.54560000001
1559923200000.0,104792.71190000001,28041.833699999992,30000.0,11.427402243646608,14.275386388605282,132834.5456,102834.54560000001
1560009600000.0,103478.8853,28041.833699999992,30000.0,11.284132499363917,15.350148894463977,131520.71899999998,101520.71899999998
1560096000000.0,103478.8853,28041.833699999992,30000.0,11.284132499363917,15.350148894463977,131520.71899999998,101520.71899999998
1560182400000.0,103478.8853,28041.833699999992,30000.0,11.284132499363917,15.350148894463977,131520.71899999998,101520.71899999998
1560268800000.0,98167.6494,28041.833699999992,30000.0,10.704954539945192,19.694951477309132,126209.48309999998,96209.48309999998
1560355200000.0,103308.25630000001,28041.833699999992,30000.0,11.265525802561456,15.48973021486969,131350.09,101350.09
1560441600000.0,104262.01670000001,28041.833699999992,30000.0,11.369531162640902,14.709516206801364,132303.8504,102303.8504
1560528000000.0,110704.5867,28041.833699999992,30000.0,12.072078482373453,9.439237254183064,138746.4204,108746.4204
1560614400000.0,121758.7124,28041.833699999992,30000.0,13.277505258104519,0.9909630310389717,149800.5461,119800.5461
1560700800000.0,135397.42609999998,28041.833699999992,30000.0,14.764775362198785,2.8390071188586385,163439.25979999997,133439.25979999997
1560787200000.0,125400.7862,31212.161599999992,30000.0,14.020381867171471,7.737558522240507,156612.9478,126612.9478
1560873600000.0,122409.5077,31212.161599999992,30000.0,13.685943239536616,9.9383633649611,153621.6693,123621.66930000001
1560960000000.0,120777.961,31212.161599999992,30000.0,13.503528850749287,11.138758406240212,151990.1226,121990.1226
1561046400000.0,128766.2292,31212.161599999992,30000.0,14.39665379848891,5.2614656902624235,159978.3908,129978.3908
1561132800000.0,140071.9375,31212.161599999992,30000.0,15.660683733612633,2.2342633513735444,171284.0991,141284.0991
1561219200000.0,167943.34269999998,31212.161599999992,30000.0,18.776834404753068,5.5978355800919815,199155.50429999997,169155.50429999997
1561305600000.0,155078.0598,35201.16219999999,30000.0,17.784425416117756,10.58725789151367,190279.22199999998,160279.22199999998
1561392000000.0,159702.2056,35201.16219999999,30000.0,18.31472464864242,7.921132480732385,194903.36779999998,164903.36779999998
1561478400000.0,170680.2515,35201.16219999999,30000.0,19.573692156844817,1.6078151688121878,205881.4137,175881.4137
1561564800000.0,207492.59379999997,35201.16219999999,30000.0,23.79534902353039,1.2921034663246234,242693.75599999996,212693.75599999996
1561651200000.0,189779.6602,39056.89549999999,30000.0,22.20619872380789,17.230645512149845,228836.5557,198836.5557
1561737600000.0,189779.6602,39056.89549999999,30000.0,22.20619872380789,17.230645512149845,228836.5557,198836.5557
1561824000000.0,179785.9109,39056.89549999999,30000.0,21.036825869425908,21.589258956829237,218842.80639999997,188842.80639999997
1561910400000.0,177723.256,39056.89549999999,30000.0,20.795473742650227,22.488852803842562,216780.15149999998,186780.15149999998
1561996800000.0,178723.256,39056.89549999999,31000.0,20.795473742650227,22.488852803842562,217780.15149999998,186780.15149999998
1562083200000.0,178723.256,39056.89549999999,31000.0,20.795473742650227,22.488852803842562,217780.15149999998,186780.15149999998
1562169600000.0,181821.6091,39056.89549999999,31000.0,21.155984858990394,21.145116635563653,220878.5046,189878.5046
1562256000000.0,186591.0976,39056.89549999999,31000.0,21.710942143719038,19.076619600270828,225647.9931,194647.9931
1562342400000.0,176985.0106,39056.89549999999,31000.0,20.593218941663487,23.242718853946542,216041.9061,185041.9061
1562428800000.0,176985.0106,39056.89549999999,31000.0,20.593218941663487,23.242718853946542,216041.9061,185041.9061
1562515200000.0,167608.5354,39056.89549999999,31000.0,19.502212386701153,27.309236920338087,206665.43089999998,175665.43089999998
1562601600000.0,180760.3857,39056.89549999999,31000.0,21.032505442580334,21.60536252077405,219817.2812,188817.2812
1562688000000.0,195498.3083,39056.89549999999,31000.0,22.747347088311717,15.213618583352861,234555.2038,203555.2038
1562774400000.0,196329.40840000001,39056.89549999999,31000.0,22.844050341676038,14.853175719745659,235386.3039,204386.3039
1562860800000.0,183862.2156,40862.85989999999,31000.0,21.60355539872022,19.476883133649636,224725.07549999998,193725.07549999998
1562947200000.0,183862.2156,40862.85989999999,31000.0,21.60355539872022,19.476883133649636,224725.07549999998,193725.07549999998
1563033600000.0,183862.2156,40862.85989999999,31000.0,21.60355539872022,19.476883133649636,224725.07549999998,193725.07549999998
1563120000000.0,183862.2156,40862.85989999999,31000.0,21.60355539872022,19.476883133649636,224725.07549999998,193725.07549999998
1563206400000.0,183862.2156,40862.85989999999,31000.0,21.60355539872022,19.476883133649636,224725.07549999998,193725.07549999998
1563292800000.0,183862.2156,40862.85989999999,31000.0,21.60355539872022,19.476883133649636,224725.07549999998,193725.07549999998
1563379200000.0,183862.2156,40862.85989999999,31000.0,21.60355539872022,19.476883133649636,224725.07549999998,193725.07549999998
1563465600000.0,183862.2156,40862.85989999999,31000.0,21.60355539872022,19.476883133649636,224725.07549999998,193725.07549999998
1563552000000.0,174657.5934,40862.85989999999,31000.0,20.52202505289538,23.508080444649526,215520.4533,184520.4533
1563638400000.0,178735.8702,40862.85989999999,31000.0,21.001216922157916,21.721984490632718,219598.7301,188598.7301
1563724800000.0,174183.9016,40862.85989999999,31000.0,20.466366923193068,23.715535467670744,215046.7615,184046.7615
1563811200000.0,172376.23609999998,40862.85989999999,31000.0,20.25396873336289,24.50720905779239,213239.09599999996,182239.09599999996
1563897600000.0,172376.23609999998,40862.85989999999,31000.0,20.25396873336289,24.50720905779239,213239.09599999996,182239.09599999996
1563984000000.0,172376.23609999998,40862.85989999999,31000.0,20.25396873336289,24.50720905779239,213239.09599999996,182239.09599999996
1564070400000.0,172376.23609999998,40862.85989999999,31000.0,20.25396873336289,24.50720905779239,213239.09599999996,182239.09599999996
1564156800000.0,172376.23609999998,40862.85989999999,31000.0,20.25396873336289,24.50720905779239,213239.09599999996,182239.09599999996
1564243200000.0,172376.23609999998,40862.85989999999,31000.0,20.25396873336289,24.50720905779239,213239.09599999996,182239.09599999996
1564329600000.0,172376.23609999998,40862.85989999999,31000.0,20.25396873336289,24.50720905779239,213239.09599999996,182239.09599999996
1564416000000.0,172376.23609999998,40862.85989999999,31000.0,20.25396873336289,24.50720905779239,213239.09599999996,182239.09599999996
1564502400000.0,172376.23609999998,40862.85989999999,31000.0,20.25396873336289,24.50720905779239,213239.09599999996,182239.09599999996
1564588800000.0,188686.1644,40862.85989999999,31000.0,22.170362694070743,17.3642174523834,229549.0243,198549.0243
1564675200000.0,187808.37410000002,40862.85989999999,32000.0,21.950890041315585,18.182259748690722,228671.234,196671.234
1564761600000.0,219207.0422,40862.85989999999,32000.0,25.62074083582743,4.503593484986201,260069.90209999998,228069.90209999998
1564848000000.0,203080.1176,44163.29109999999,32000.0,24.121590717584326,10.091388546656631,247243.40869999997,215243.40869999997
1564934400000.0,192177.3445,44163.29109999999,32000.0,22.8265735907827,14.918316962872325,236340.63559999998,204340.63559999998
1565020800000.0,231682.5429,44163.29109999999,32000.0,27.518949379626378,1.9714441542171168,275845.834,243845.83399999997
1565107200000.0,229301.6487,44163.29109999999,32000.0,27.236149881019674,11.207701434363337,273464.9398,241464.9398
1565193600000.0,215120.0497,46712.48049999999,32000.0,25.85446748519217,15.712110330229157,261832.53019999998,229832.53019999998
1565280000000.0,215451.6165,46712.48049999999,32000.0,25.89431724843704,15.582196517474213,262164.097,230164.097
1565366400000.0,216918.6127,46712.48049999999,32000.0,26.070629989191303,15.007401122884023,263631.0932,231631.0932
1565452800000.0,205571.1535,46712.48049999999,32000.0,24.70682166293307,19.45353894414089,252283.63399999996,220283.63399999996
1565539200000.0,205571.1535,46712.48049999999,32000.0,24.70682166293307,19.45353894414089,252283.63399999996,220283.63399999996
1565625600000.0,205571.1535,46712.48049999999,32000.0,24.70682166293307,19.45353894414089,252283.63399999996,220283.63399999996
1565712000000.0,205571.1535,46712.48049999999,32000.0,24.70682166293307,19.45353894414089,252283.63399999996,220283.63399999996
1565798400000.0,205571.1535,46712.48049999999,32000.0,24.70682166293307,19.45353894414089,252283.63399999996,220283.63399999996
1565884800000.0,205571.1535,46712.48049999999,32000.0,24.70682166293307,19.45353894414089,252283.63399999996,220283.63399999996
1565971200000.0,205571.1535,46712.48049999999,32000.0,24.70682166293307,19.45353894414089,252283.63399999996,220283.63399999996
1566057600000.0,205571.1535,46712.48049999999,32000.0,24.70682166293307,19.45353894414089,252283.63399999996,220283.63399999996
1566144000000.0,205571.1535,46712.48049999999,32000.0,24.70682166293307,19.45353894414089,252283.63399999996,220283.63399999996
1566230400000.0,204483.5024,46712.48049999999,32000.0,24.576100979113036,19.879700132016463,251195.9829,219195.9829
1566316800000.0,206265.6869,46712.48049999999,32000.0,24.790295012965863,19.181408314416647,252978.16739999998,220978.16739999998
1566403200000.0,195579.3705,46712.48049999999,32000.0,23.505946946453328,23.368498541271787,242291.85099999997,210291.85099999997
1566489600000.0,195579.3705,46712.48049999999,32000.0,23.505946946453328,23.368498541271787,242291.85099999997,210291.85099999997
1566576000000.0,195579.3705,46712.48049999999,32000.0,23.505946946453328,23.368498541271787,242291.85099999997,210291.85099999997
1566662400000.0,186041.3781,46712.48049999999,32000.0,22.35961161079442,27.10565485098565,232753.85859999998,200753.85859999998
1566748800000.0,186041.3781,46712.48049999999,32000.0,22.35961161079442,27.10565485098565,232753.85859999998,200753.85859999998
1566835200000.0,185656.81929999997,46712.48049999999,32000.0,22.31339293891976,27.2563318787715,232369.29979999998,200369.29979999998
1566921600000.0,182334.538,46712.48049999999,32000.0,21.914100478885008,28.558061215748033,229047.0185,197047.0185
1567008000000.0,182334.538,46712.48049999999,32000.0,21.914100478885008,28.558061215748033,229047.0185,197047.0185
1567094400000.0,182334.538,46712.48049999999,32000.0,21.914100478885008,28.558061215748033,229047.0185,197047.0185
1567180800000.0,182334.538,46712.48049999999,32000.0,21.914100478885008,28.558061215748033,229047.0185,197047.0185
1567267200000.0,182334.538,46712.48049999999,32000.0,21.914100478885008,28.558061215748033,229047.0185,197047.0185
1567353600000.0,183334.538,46712.48049999999,33000.0,21.914100478885004,28.558061215748044,230047.0185,197047.0185
1567440000000.0,192344.3481,46712.48049999999,33000.0,22.99104913231916,25.047111731576464,239056.8286,206056.8286
1567526400000.0,267807.8234,46712.48049999999,33000.0,32.0112490261878,2.7431361073211535,314520.3039,281520.3039
1567612800000.0,244917.9269,53555.07919999999,33000.0,30.093104740664305,8.57085927898068,298473.0061,265473.0061
1567699200000.0,244190.2417,53555.07919999999,33000.0,30.003693944080304,8.84250796306647,297745.3209,264745.3209
1567785600000.0,263070.6633,53555.07919999999,33000.0,32.32353435734938,1.7943480133728262,316625.7425,283625.7425
1567872000000.0,246256.8473,53703.848099999996,33000.0,30.275897362229916,8.015497096716295,299960.69539999997,266960.69539999997
1567958400000.0,228890.7699,53703.848099999996,33000.0,28.14083560572809,14.502260874183637,282594.618,249594.61800000002
1568044800000.0,228890.7699,53703.848099999996,33000.0,28.14083560572809,14.502260874183637,282594.618,249594.61800000002
1568131200000.0,228890.7699,53703.848099999996,33000.0,28.14083560572809,14.502260874183637,282594.618,249594.61800000002
1568217600000.0,228890.7699,53703.848099999996,33000.0,28.14083560572809,14.502260874183637,282594.618,249594.61800000002
1568304000000.0,228890.7699,53703.848099999996,33000.0,28.14083560572809,14.502260874183637,282594.618,249594.61800000002
1568390400000.0,221484.63280000002,53703.848099999996,33000.0,27.230292613122327,17.268680760763033,275188.4809,242188.48090000002
1568476800000.0,221167.0684,53703.848099999996,33000.0,27.191249852339368,17.387300826739093,274870.9165,241870.9165
1568563200000.0,215308.488,53703.848099999996,33000.0,26.470970270985486,19.575660710825527,269012.3361,236012.33610000001
1568649600000.0,204625.4525,53703.848099999996,33000.0,25.157551010318056,23.566102888331763,258329.30060000002,225329.30060000002
1568736000000.0,204625.4525,53703.848099999996,33000.0,25.157551010318056,23.566102888331763,258329.30060000002,225329.30060000002
1568822400000.0,204625.4525,53703.848099999996,33000.0,25.157551010318056,23.566102888331763,258329.30060000002,225329.30060000002
1568908800000.0,204625.4525,53703.848099999996,33000.0,25.157551010318056,23.566102888331763,258329.30060000002,225329.30060000002
1568995200000.0,204281.1196,53703.848099999996,33000.0,25.11521721268708,23.694721811975995,257984.9677,224984.9677
1569081600000.0,195444.0568,53703.848099999996,33000.0,24.028749935736847,26.995636437074022,249147.9049,216147.9049
1569168000000.0,195444.0568,53703.848099999996,33000.0,24.028749935736847,26.995636437074022,249147.9049,216147.9049
1569254400000.0,195444.0568,53703.848099999996,33000.0,24.028749935736847,26.995636437074022,249147.9049,216147.9049
1569340800000.0,195444.0568,53703.848099999996,33000.0,24.028749935736847,26.995636437074022,249147.9049,216147.9049
1569427200000.0,195444.0568,53703.848099999996,33000.0,24.028749935736847,26.995636437074022,249147.9049,216147.9049
1569513600000.0,195444.0568,53703.848099999996,33000.0,24.028749935736847,26.995636437074022,249147.9049,216147.9049
1569600000000.0,195444.0568,53703.848099999996,33000.0,24.028749935736847,26.995636437074022,249147.9049,216147.9049
1569686400000.0,195444.0568,53703.848099999996,33000.0,24.028749935736847,26.995636437074022,249147.9049,216147.9049
1569772800000.0,195444.0568,53703.848099999996,33000.0,24.028749935736847,26.995636437074022,249147.9049,216147.9049
1569859200000.0,195444.0568,53703.848099999996,33000.0,24.028749935736847,26.995636437074022,249147.9049,216147.9049
1569945600000.0,195234.7396,53703.848099999996,34000.0,23.880828023182527,27.445054118473177,248938.5877,214938.5877
1570032000000.0,187078.7388,53703.848099999996,34000.0,22.883197924867076,30.476062830683382,240782.5869,206782.5869
1570118400000.0,177514.0448,53703.848099999996,34000.0,21.71325853305422,34.03058318379867,231217.8929,197217.8929
1570204800000.0,177514.0448,53703.848099999996,34000.0,21.71325853305422,34.03058318379867,231217.8929,197217.8929
1570291200000.0,177514.0448,53703.848099999996,34000.0,21.71325853305422,34.03058318379867,231217.8929,197217.8929
1570377600000.0,177514.0448,53703.848099999996,34000.0,21.71325853305422,34.03058318379867,231217.8929,197217.8929
1570464000000.0,177514.0448,53703.848099999996,34000.0,21.71325853305422,34.03058318379867,231217.8929,197217.8929
1570550400000.0,174868.8829,53703.848099999996,34000.0,21.389706195202894,35.0136027985229,228572.731,194572.731
1570636800000.0,199668.2538,53703.848099999996,34000.0,24.42312900079265,25.79743042452901,253372.1019,219372.1019
1570723200000.0,187412.44479999997,55530.646799999995,34000.0,23.14746770231388,29.67315602267143,242943.09159999996,208943.09159999996
1570809600000.0,178590.218,55530.646799999995,34000.0,22.057827096358306,32.98371188441431,234120.86479999998,200120.86479999998
1570896000000.0,178590.218,55530.646799999995,34000.0,22.057827096358306,32.98371188441431,234120.86479999998,200120.86479999998
1570982400000.0,178590.218,55530.646799999995,34000.0,22.057827096358306,32.98371188441431,234120.86479999998,200120.86479999998
1571068800000.0,167737.5526,55530.646799999995,34000.0,20.717405321813914,37.05619334176069,223268.19939999998,189268.19939999998
1571155200000.0,167737.5526,55530.646799999995,34000.0,20.717405321813914,37.05619334176069,223268.19939999998,189268.19939999998
1571241600000.0,167737.5526,55530.646799999995,34000.0,20.717405321813914,37.05619334176069,223268.19939999998,189268.19939999998
1571328000000.0,167737.5526,55530.646799999995,34000.0,20.717405321813914,37.05619334176069,223268.19939999998,189268.19939999998
1571414400000.0,167737.5526,55530.646799999995,34000.0,20.717405321813914,37.05619334176069,223268.19939999998,189268.19939999998
1571500800000.0,167737.5526,55530.646799999995,34000.0,20.717405321813914,37.05619334176069,223268.19939999998,189268.19939999998
1571587200000.0,167737.5526,55530.646799999995,34000.0,20.717405321813914,37.05619334176069,223268.19939999998,189268.19939999998
1571673600000.0,165210.7939,55530.646799999995,34000.0,20.40532324283454,38.00436391310611,220741.44069999998,186741.44069999998
1571760000000.0,166551.146,55530.646799999995,34000.0,20.570871251012914,37.50139446989769,222081.7928,188081.7928
1571846400000.0,159306.4938,55530.646799999995,34000.0,19.67607820248854,40.21996273511148,214837.14059999998,180837.14059999998
1571932800000.0,159306.4938,55530.646799999995,34000.0,19.67607820248854,40.21996273511148,214837.14059999998,180837.14059999998
1572019200000.0,159306.4938,55530.646799999995,34000.0,19.67607820248854,40.21996273511148,214837.14059999998,180837.14059999998
1572105600000.0,176999.653,55530.646799999995,34000.0,21.861375083765328,33.580574151005905,232530.29979999998,198530.29979999998
1572192000000.0,168658.459,56569.75399999999,34000.0,20.95948823978936,36.32069484918331,225228.213,191228.213
1572278400000.0,160390.66760000002,56569.75399999999,34000.0,19.932035020752586,39.442312434245544,216960.4216,182960.4216
1572364800000.0,159896.34029999998,56569.75399999999,34000.0,19.870604083387285,39.62895245910833,216466.09429999997,182466.09429999997
1572451200000.0,155080.80359999998,56569.75399999999,34000.0,19.27216872811154,41.447124122732134,211650.55759999997,177650.55759999997
1572537600000.0,153550.66629999998,56569.75399999999,34000.0,19.082015830149793,42.02484836275586,210120.42029999997,176120.42029999997
1572624000000.0,154550.66629999998,56569.75399999999,35000.0,19.082015830149793,42.02484836275586,211120.42029999997,176120.42029999997
1572710400000.0,158961.16449999998,56569.75399999999,35000.0,19.62656991384349,40.370379261701,215530.91849999997,180530.91849999997
1572796800000.0,153047.1148,56569.75399999999,35000.0,18.896375779470535,42.58886162969125,209616.8688,174616.8688
1572883200000.0,152439.9552,56569.75399999999,35000.0,18.821411178048898,42.81661975407023,209009.70919999998,174009.70919999998
1572969600000.0,145268.72770000002,56569.75399999999,35000.0,17.93599618791886,45.50669551816077,201838.4817,166838.4817
1573056000000.0,144844.0367,56569.75399999999,35000.0,17.883560565485556,45.666005896520325,201413.79069999998,166413.79069999998
1573142400000.0,142539.4314,56569.75399999999,35000.0,17.599016241804133,46.53051101273991,199109.1854,164109.1854
1573228800000.0,142539.4314,56569.75399999999,35000.0,17.599016241804133,46.53051101273991,199109.1854,164109.1854
1573315200000.0,142539.4314,56569.75399999999,35000.0,17.599016241804133,46.53051101273991,199109.1854,164109.1854
1573401600000.0,142539.4314,56569.75399999999,35000.0,17.599016241804133,46.53051101273991,199109.1854,164109.1854
1573488000000.0,142539.4314,56569.75399999999,35000.0,17.599016241804133,46.53051101273991,199109.1854,164109.1854
1573574400000.0,142539.4314,56569.75399999999,35000.0,17.599016241804133,46.53051101273991,199109.1854,164109.1854
1573660800000.0,142539.4314,56569.75399999999,35000.0,17.599016241804133,46.53051101273991,199109.1854,164109.1854
1573747200000.0,142539.4314,56569.75399999999,35000.0,17.599016241804133,46.53051101273991,199109.1854,164109.1854
1573833600000.0,142539.4314,56569.75399999999,35000.0,17.599016241804133,46.53051101273991,199109.1854,164109.1854
1573920000000.0,142539.4314,56569.75399999999,35000.0,17.599016241804133,46.53051101273991,199109.1854,164109.1854
1574006400000.0,142539.4314,56569.75399999999,35000.0,17.599016241804133,46.53051101273991,199109.1854,164109.1854
1574092800000.0,142539.4314,56569.75399999999,35000.0,17.599016241804133,46.53051101273991,199109.1854,164109.1854
1574179200000.0,142539.4314,56569.75399999999,35000.0,17.599016241804133,46.53051101273991,199109.1854,164109.1854
1574265600000.0,142539.4314,56569.75399999999,35000.0,17.599016241804133,46.53051101273991,199109.1854,164109.1854
1574352000000.0,142539.4314,56569.75399999999,35000.0,17.599016241804133,46.53051101273991,199109.1854,164109.1854
1574438400000.0,142539.4314,56569.75399999999,35000.0,17.599016241804133,46.53051101273991,199109.1854,164109.1854
1574524800000.0,142539.4314,56569.75399999999,35000.0,17.599016241804133,46.53051101273991,199109.1854,164109.1854
1574611200000.0,142539.4314,56569.75399999999,35000.0,17.599016241804133,46.53051101273991,199109.1854,164109.1854
1574697600000.0,142539.4314,56569.75399999999,35000.0,17.599016241804133,46.53051101273991,199109.1854,164109.1854
1574784000000.0,142539.4314,56569.75399999999,35000.0,17.599016241804133,46.53051101273991,199109.1854,164109.1854
1574870400000.0,142539.4314,56569.75399999999,35000.0,17.599016241804133,46.53051101273991,199109.1854,164109.1854
1574956800000.0,143738.9511,56569.75399999999,35000.0,17.74711818437063,46.0805463625431,200308.7051,165308.7051
1575043200000.0,136641.7801,56569.75399999999,35000.0,16.87084678021894,48.74284200170757,193211.5341,158211.5341
1575129600000.0,130370.682,56569.75399999999,35000.0,16.096568699888063,51.09526060968567,186940.436,151940.436
1575216000000.0,128476.6069,56569.75399999999,36000.0,15.741963867511647,52.1726241917785,185046.3609,149046.3609
1575302400000.0,128476.6069,56569.75399999999,36000.0,15.741963867511647,52.1726241917785,185046.3609,149046.3609
1575388800000.0,128476.6069,56569.75399999999,36000.0,15.741963867511647,52.1726241917785,185046.3609,149046.3609
1575475200000.0,128476.6069,56569.75399999999,36000.0,15.741963867511647,52.1726241917785,185046.3609,149046.3609
1575561600000.0,124896.71720000001,56569.75399999999,36000.0,15.30332763896507,53.50529271537321,181466.4712,145466.4712
1575648000000.0,122443.0901,56569.75399999999,36000.0,15.002689958032143,54.41869281393183,179012.8441,143012.8441
1575734400000.0,128367.0494,56569.75399999999,36000.0,15.728540021349852,52.21340864158256,184936.8034,148936.8034
1575820800000.0,121855.0709,56677.215299999996,36000.0,14.94364230049558,54.598091936643875,178532.2862,142532.2862
1575907200000.0,115176.28839999999,56677.215299999996,36000.0,14.124592785808456,57.08653551802752,171853.5037,135853.5037
1575993600000.0,115176.28839999999,56677.215299999996,36000.0,14.124592785808456,57.08653551802752,171853.5037,135853.5037
1576080000000.0,115176.28839999999,56677.215299999996,36000.0,14.124592785808456,57.08653551802752,171853.5037,135853.5037
1576166400000.0,115176.28839999999,56677.215299999996,36000.0,14.124592785808456,57.08653551802752,171853.5037,135853.5037
1576252800000.0,115176.28839999999,56677.215299999996,36000.0,14.124592785808456,57.08653551802752,171853.5037,135853.5037
1576339200000.0,115176.28839999999,56677.215299999996,36000.0,14.124592785808456,57.08653551802752,171853.5037,135853.5037
1576425600000.0,115176.28839999999,56677.215299999996,36000.0,14.124592785808456,57.08653551802752,171853.5037,135853.5037
1576512000000.0,115176.28839999999,56677.215299999996,36000.0,14.124592785808456,57.08653551802752,171853.5037,135853.5037
1576598400000.0,115176.28839999999,56677.215299999996,36000.0,14.124592785808456,57.08653551802752,171853.5037,135853.5037
1576684800000.0,115176.28839999999,56677.215299999996,36000.0,14.124592785808456,57.08653551802752,171853.5037,135853.5037
1576771200000.0,115069.8886,56677.215299999996,36000.0,14.11154449376529,57.1261789559401,171747.1039,135747.1039
1576857600000.0,115321.7515,56677.215299999996,36000.0,14.142431588233883,57.03233750850658,171998.9668,135998.9668
1576944000000.0,114894.258,56677.215299999996,36000.0,14.090006113425128,57.19161705626221,171571.4733,135571.4733
1577030400000.0,116173.7755,56677.215299999996,36000.0,14.246919171667207,56.71488239539506,172850.9908,136850.9908
1577116800000.0,126923.0691,56677.215299999996,36000.0,15.565154000591395,52.70980951522145,183600.2844,147600.2844
1577203200000.0,119167.496,57120.682799999995,36000.0,14.668437189852167,55.43422257205018,176288.1788,140288.1788
1577289600000.0,119167.496,57120.682799999995,36000.0,14.668437189852167,55.43422257205018,176288.1788,140288.1788
1577376000000.0,119167.496,57120.682799999995,36000.0,14.668437189852167,55.43422257205018,176288.1788,140288.1788
1577462400000.0,119167.496,57120.682799999995,36000.0,14.668437189852167,55.43422257205018,176288.1788,140288.1788
1577548800000.0,119063.4043,57120.682799999995,36000.0,14.65562444632154,55.473150364359405,176184.0871,140184.0871
1577635200000.0,124557.8467,57120.682799999995,36000.0,15.331940438038448,53.41836105260705,181678.5295,145678.5295
1577721600000.0,119414.44940000001,57148.121999999996,36000.0,14.702212428516747,55.331606339017334,176562.57140000002,140562.57140000002
1577808000000.0,119414.44940000001,57148.121999999996,36000.0,14.702212428516747,55.331606339017334,176562.57140000002,140562.57140000002
1577894400000.0,120414.44940000001,57148.121999999996,37000.0,14.702212428516747,55.331606339017334,177562.57140000002,140562.57140000002
1577980800000.0,120414.44940000001,57148.121999999996,37000.0,14.702212428516747,55.331606339017334,177562.57140000002,140562.57140000002
1578067200000.0,120414.44940000001,57148.121999999996,37000.0,14.702212428516747,55.331606339017334,177562.57140000002,140562.57140000002
1578153600000.0,120190.97409999999,57148.121999999996,37000.0,14.674926821602474,55.41450571466242,177339.0961,140339.0961
1578240000000.0,126444.82860000001,57148.121999999996,37000.0,15.438502105251413,53.094604439554246,183592.9506,146592.9506
1578326400000.0,128603.10519999999,57148.121999999996,37000.0,15.702020654817579,52.293980018826836,185751.2272,148751.2272
1578412800000.0,138839.9573,57148.121999999996,37000.0,16.951906984269232,48.4965641627522,195988.0793,158988.0793
1578499200000.0,161497.4675,57148.121999999996,37000.0,19.71831524940294,40.091637760362076,218645.5895,181645.5895
1578585600000.0,149673.23260000002,60399.09789999999,37000.0,18.67154822392757,43.27193472536701,210072.3305,173072.3305
1578672000000.0,145052.1502,60399.09789999999,37000.0,18.09507398481674,45.02338392889453,205451.2481,168451.2481
1578758400000.0,145909.25770000002,60399.09789999999,37000.0,18.20199707147252,44.69852924804909,206308.3556,169308.3556
1578844800000.0,147854.5047,60399.09789999999,37000.0,18.444664197297325,43.961255809944156,208253.60259999998,171253.60259999998
1578931200000.0,145364.28,60399.09789999999,37000.0,18.134011786263173,44.90508275131605,205763.3779,168763.3779
1579017600000.0,167052.84840000002,60399.09789999999,37000.0,20.839633518044703,36.68483853973655,227451.9463,190451.9463
1579104000000.0,170257.34639999998,60399.09789999999,37000.0,21.239390628258136,35.47029290215921,230656.44429999997,193656.44429999997
1579190400000.0,168321.28019999998,60399.09789999999,37000.0,20.997868795729637,36.20408669989943,228720.37809999997,191720.37809999997
1579276800000.0,173492.325,60399.09789999999,37000.0,21.642950155128904,34.24419472819057,233891.4229,196891.4229
1579363200000.0,175417.7413,60399.09789999999,37000.0,21.883143425976893,33.51443737846361,235816.8392,198816.8392
1579449600000.0,163449.4245,62443.23939999999,37000.0,20.645114992450154,37.27582646878852,225892.66389999999,188892.66389999999
1579536000000.0,163449.4245,62443.23939999999,37000.0,20.645114992450154,37.27582646878852,225892.66389999999,188892.66389999999
1579622400000.0,163449.4245,62443.23939999999,37000.0,20.645114992450154,37.27582646878852,225892.66389999999,188892.66389999999
1579708800000.0,163449.4245,62443.23939999999,37000.0,20.645114992450154,37.27582646878852,225892.66389999999,188892.66389999999
1579795200000.0,163449.4245,62443.23939999999,37000.0,20.645114992450154,37.27582646878852,225892.66389999999,188892.66389999999
1579881600000.0,163449.4245,62443.23939999999,37000.0,20.645114992450154,37.27582646878852,225892.66389999999,188892.66389999999
1579968000000.0,163449.4245,62443.23939999999,37000.0,20.645114992450154,37.27582646878852,225892.66389999999,188892.66389999999
1580054400000.0,163449.4245,62443.23939999999,37000.0,20.645114992450154,37.27582646878852,225892.66389999999,188892.66389999999
1580140800000.0,178762.8558,62443.23939999999,37000.0,22.57933746576015,31.399254402794575,241206.09519999998,204206.09519999998
1580227200000.0,197914.5702,62443.23939999999,37000.0,24.998369207842323,24.049730468277442,260357.80959999998,223357.80959999998
1580313600000.0,218279.93289999999,62443.23939999999,37000.0,27.570695516672217,16.234465606204694,280723.1723,243723.17229999998
1580400000000.0,226246.0639,62443.23939999999,37000.0,28.576888662001537,13.177440567757015,288689.3033,251689.30330000003
1580486400000.0,210994.4736,67726.0226,37000.0,27.31773972619691,17.002998157527383,278720.4962,241720.4962
1580572800000.0,214727.1691,67726.0226,38000.0,27.66987656803178,15.933132846432695,282453.19169999997,244453.19169999997
1580659200000.0,216079.1117,67726.0226,38000.0,27.84408873236038,15.403839886301885,283805.13430000003,245805.13430000003
1580745600000.0,205227.6458,67726.0226,38000.0,26.445762087000595,19.652248441494656,272953.66839999997,234953.66839999997
1580832000000.0,205227.6458,67726.0226,38000.0,26.445762087000595,19.652248441494656,272953.66839999997,234953.66839999997
1580918400000.0,205227.6458,67726.0226,38000.0,26.445762087000595,19.652248441494656,272953.66839999997,234953.66839999997
1581004800000.0,222819.6166,67726.0226,38000.0,28.712674386290157,12.764895162393309,290545.6392,252545.63919999998
1581091200000.0,224041.07690000001,67726.0226,38000.0,28.87007252028228,12.286686740031827,291767.0995,253767.0995
1581177600000.0,226255.6796,67726.0226,38000.0,29.155447601661443,11.419657608324108,293981.7022,255981.7022
1581264000000.0,247847.4514,67726.0226,38000.0,31.93777674564078,2.9663602490346053,315573.474,277573.474
1581350400000.0,228628.5521,70326.12329999999,38000.0,29.79626802134503,9.472711261874778,298954.6754,260954.6754
1581436800000.0,226196.0463,70326.12329999999,38000.0,29.479249022123202,10.435881228578891,296522.16959999996,258522.16959999996
1581523200000.0,232708.03519999998,70326.12329999999,38000.0,30.327931152304195,7.857407569033869,303034.15849999996,265034.15849999996
1581609600000.0,219996.96120000002,70326.12329999999,38000.0,28.671346424524916,12.89045814648917,290323.0845,252323.0845
1581696000000.0,217457.39169999998,70326.12329999999,38000.0,28.34037423060691,13.896020834462119,287783.51499999996,249783.51499999996
1581782400000.0,205649.5931,70326.12329999999,38000.0,26.801509864822116,18.57141235229971,275975.7164,237975.71639999998
1581868800000.0,205649.5931,70326.12329999999,38000.0,26.801509864822116,18.57141235229971,275975.7164,237975.71639999998
1581955200000.0,205649.5931,70326.12329999999,38000.0,26.801509864822116,18.57141235229971,275975.7164,237975.71639999998
1582041600000.0,205649.5931,70326.12329999999,38000.0,26.801509864822116,18.57141235229971,275975.7164,237975.71639999998
1582128000000.0,205162.24930000002,70326.12329999999,38000.0,26.73799624699109,18.76437999563253,275488.3726,237488.3726
1582214400000.0,196833.72100000002,70326.12329999999,38000.0,25.6525716175178,22.062126839814844,267159.8443,229159.8443
1582300800000.0,196833.72100000002,70326.12329999999,38000.0,25.6525716175178,22.062126839814844,267159.8443,229159.8443
1582387200000.0,196833.72100000002,70326.12329999999,38000.0,25.6525716175178,22.062126839814844,267159.8443,229159.8443
1582473600000.0,197324.7369,70326.12329999999,38000.0,25.716563805828304,21.86770519935909,267650.8602,229650.8602
1582560000000.0,181866.3749,70326.12329999999,38000.0,23.701935741694335,27.988566252533133,252192.49819999997,214192.49819999997
1582646400000.0,181866.3749,70326.12329999999,38000.0,23.701935741694335,27.988566252533133,252192.49819999997,214192.49819999997
1582732800000.0,181866.3749,70326.12329999999,38000.0,23.701935741694335,27.988566252533133,252192.49819999997,214192.49819999997
1582819200000.0,181866.3749,70326.12329999999,38000.0,23.701935741694335,27.988566252533133,252192.49819999997,214192.49819999997
1582905600000.0,181866.3749,70326.12329999999,38000.0,23.701935741694335,27.988566252533133,252192.49819999997,214192.49819999997
1582992000000.0,181866.3749,70326.12329999999,38000.0,23.701935741694335,27.988566252533133,252192.49819999997,214192.49819999997
1583078400000.0,182866.3749,70326.12329999999,39000.0,23.701935741694335,27.988566252533133,253192.49819999997,214192.49819999997
1583164800000.0,182866.3749,70326.12329999999,39000.0,23.701935741694335,27.988566252533133,253192.49819999997,214192.49819999997
1583251200000.0,173676.26559999998,70326.12329999999,39000.0,22.510774270883402,31.607563716396182,244002.38889999996,205002.38889999996
1583337600000.0,165212.8237,70326.12329999999,39000.0,21.413798644954028,34.940404901609526,235538.947,196538.947
1583424000000.0,179956.0183,70326.12329999999,39000.0,23.324714477498894,29.134643280619944,250282.14159999997,211282.14159999997
1583510400000.0,174257.2699,70326.12329999999,39000.0,22.586080223614076,31.378768495408583,244583.3932,205583.3932
1583596800000.0,181862.60480000003,70326.12329999999,39000.0,23.571833668950546,28.383843536798004,252188.7281,213188.7281
1583683200000.0,169741.62989999997,70829.32389999999,39000.0,22.066014241673706,32.9588376260885,240570.95379999996,201570.95379999996
1583769600000.0,169741.62989999997,70829.32389999999,39000.0,22.066014241673706,32.9588376260885,240570.95379999996,201570.95379999996
1583856000000.0,169741.62989999997,70829.32389999999,39000.0,22.066014241673706,32.9588376260885,240570.95379999996,201570.95379999996
1583942400000.0,169741.62989999997,70829.32389999999,39000.0,22.066014241673706,32.9588376260885,240570.95379999996,201570.95379999996
1584028800000.0,169741.62989999997,70829.32389999999,39000.0,22.066014241673706,32.9588376260885,240570.95379999996,201570.95379999996
1584115200000.0,169741.62989999997,70829.32389999999,39000.0,22.066014241673706,32.9588376260885,240570.95379999996,201570.95379999996
1584201600000.0,169741.62989999997,70829.32389999999,39000.0,22.066014241673706,32.9588376260885,240570.95379999996,201570.95379999996
1584288000000.0,169741.62989999997,70829.32389999999,39000.0,22.066014241673706,32.9588376260885,240570.95379999996,201570.95379999996
1584374400000.0,169741.62989999997,70829.32389999999,39000.0,22.066014241673706,32.9588376260885,240570.95379999996,201570.95379999996
1584460800000.0,169741.62989999997,70829.32389999999,39000.0,22.066014241673706,32.9588376260885,240570.95379999996,201570.95379999996
1584547200000.0,169741.62989999997,70829.32389999999,39000.0,22.066014241673706,32.9588376260885,240570.95379999996,201570.95379999996
1584633600000.0,171382.4107,70829.32389999999,39000.0,22.279311901897632,32.310794761779945,242211.7346,203211.7346
1584720000000.0,196647.2033,70829.32389999999,39000.0,25.563675753316808,22.332211051716268,267476.5272,228476.5272
1584806400000.0,185043.46480000002,72529.52769999999,39000.0,24.276239442838033,26.243711596924403,257572.9925,218572.9925
1584892800000.0,181564.3568,72529.52769999999,39000.0,23.819807982549612,27.63044575319841,254093.8845,215093.8845
1584979200000.0,175881.0969,72529.52769999999,39000.0,23.074209221213188,29.895730596989523,248410.62459999998,209410.62459999998
1585065600000.0,181149.3756,72529.52769999999,39000.0,23.765365730366508,27.795852692060784,253678.9033,214678.9033
1585152000000.0,181975.3165,72529.52769999999,39000.0,23.873722645730712,27.46664173997373,254504.8442,215504.8442
1585238400000.0,181968.9311,72529.52769999999,39000.0,23.87288493174008,27.469186890133322,254498.45879999996,215498.45879999996
1585324800000.0,182130.51009999998,72529.52769999999,39000.0,23.894082818934713,27.404783279139767,254660.0378,215660.0378
1585411200000.0,173154.82259999998,72529.52769999999,39000.0,22.716543589707697,30.982393526447893,245684.3503,206684.3503
1585497600000.0,173154.82259999998,72529.52769999999,39000.0,22.716543589707697,30.982393526447893,245684.3503,206684.3503
1585584000000.0,173154.82259999998,72529.52769999999,39000.0,22.716543589707697,30.982393526447893,245684.3503,206684.3503
1585670400000.0,173478.4472,72529.52769999999,39000.0,22.759000578327555,30.853400322836354,246007.97489999997,207007.97489999997
1585756800000.0,165379.8419,72529.52769999999,40000.0,21.572176838159184,34.45921885455709,237909.36959999998,197909.36959999998
1585843200000.0,174046.62459999998,72529.52769999999,40000.0,22.70267355936991,31.024533577017177,246576.15229999996,206576.15229999996
1585929600000.0,169870.13809999998,72529.52769999999,40000.0,22.157891896108538,32.67969411235566,242399.66579999996,202399.66579999996
1586016000000.0,170682.55670000002,72529.52769999999,40000.0,22.263863926946538,32.35772893782559,243212.0844,203212.0844
1586102400000.0,173137.75650000002,72529.52769999999,40000.0,22.58412063810387,31.384722125680753,245667.2842,205667.2842
1586188800000.0,189209.37900000002,72529.52769999999,40000.0,24.68050601774268,25.015465263277882,261738.9067,221738.9067
1586275200000.0,197061.712,72529.52769999999,40000.0,25.704765771059765,21.903550094406643,269591.2397,229591.23969999998
1586361600000.0,185030.581,74712.94309999999,40000.0,24.420227946289366,25.806244434339753,259743.52409999998,219743.52409999998
1586448000000.0,176519.9878,74712.94309999999,40000.0,23.2970048294461,29.218830981855227,251232.93089999998,211232.93089999998
1586534400000.0,169956.8566,74712.94309999999,40000.0,22.430806609242687,31.850522183204035,244669.79969999997,204669.79969999997
1586620800000.0,169956.8566,74712.94309999999,40000.0,22.430806609242687,31.850522183204035,244669.79969999997,204669.79969999997
1586707200000.0,169956.8566,74712.94309999999,40000.0,22.430806609242687,31.850522183204035,244669.79969999997,204669.79969999997
1586793600000.0,169956.8566,74712.94309999999,40000.0,22.430806609242687,31.850522183204035,244669.79969999997,204669.79969999997
1586880000000.0,169956.8566,74712.94309999999,40000.0,22.430806609242687,31.850522183204035,244669.79969999997,204669.79969999997
1586966400000.0,169956.8566,74712.94309999999,40000.0,22.430806609242687,31.850522183204035,244669.79969999997,204669.79969999997
1587052800000.0,169956.8566,74712.94309999999,40000.0,22.430806609242687,31.850522183204035,244669.79969999997,204669.79969999997
1587139200000.0,168473.0196,74712.94309999999,40000.0,22.234970669154823,32.44551269278516,243185.96269999997,203185.96269999997
1587225600000.0,177741.49300000002,74712.94309999999,40000.0,23.458218371879813,28.729030551347012,252454.4361,212454.4361
1587312000000.0,171152.5437,74712.94309999999,40000.0,22.588612693926805,31.371074321391323,245865.4868,205865.4868
1587398400000.0,169959.7668,74713.2664,40000.0,22.431233364682992,31.849225610997824,244673.0332,204673.0332
1587484800000.0,169959.7668,74713.2664,40000.0,22.431233364682992,31.849225610997824,244673.0332,204673.0332
1587571200000.0,169959.7668,74713.2664,40000.0,22.431233364682992,31.849225610997824,244673.0332,204673.0332
1587657600000.0,205090.3039,74713.2664,40000.0,27.0677499400679,17.762519367843755,279803.5703,239803.57030000002
1587744000000.0,192063.3905,77169.2245,40000.0,25.672598783494692,22.001280124524946,269232.615,229232.615
1587830400000.0,192717.1098,77169.2245,40000.0,25.759979690716193,21.73579866850591,269886.3343,229886.3343
1587916800000.0,193872.1031,77169.2245,40000.0,25.914364550378057,21.266745203239967,271041.3276,231041.32760000002
1588003200000.0,203198.4773,77169.2245,40000.0,27.160996000119834,17.479218351892122,280367.7018,240367.70179999998
1588089600000.0,206150.6029,77169.2245,40000.0,27.555598718992922,16.280332832313526,283319.8274,243319.8274
1588176000000.0,251875.3363,77169.2245,40000.0,33.66750131534149,0.8594694552455984,329044.5608,289044.5608
1588262400000.0,281867.3042,77169.2245,40000.0,37.67644730249542,14.680740936131532,359036.5287,319036.5287
1588348800000.0,260417.20570000005,84652.9817,41000.0,35.683008501491386,19.19493305529043,345070.18740000005,304070.18740000005
1588435200000.0,269653.16969999997,84652.9817,41000.0,36.94854309259335,16.329098260262843,354306.1514,313306.1514
1588521600000.0,263950.2795,84652.9817,41000.0,36.16711899681337,18.098652707138328,348603.2612,307603.2612
1588608000000.0,258895.7402,84652.9817,41000.0,35.474533542145686,19.667029824976233,343548.7219,302548.7219
1588694400000.0,258553.6647,84652.9817,41000.0,35.427661512542876,19.7731727105945,343206.64639999997,302206.64639999997
1588780800000.0,284605.189,84652.9817,41000.0,38.99730569398226,11.689624008753762,369258.1707,328258.1707
1588867200000.0,268652.4662,85834.2092,41000.0,36.973278936791544,16.27308332121179,354486.6754,313486.6754
1588953600000.0,285774.8421,85834.2092,41000.0,39.32974485413772,10.936807199871678,371609.0513,330609.0513
1589040000000.0,270021.81940000004,85986.35949999999,41000.0,37.182675761263376,15.798898964846519,356008.17890000006,315008.17890000006
1589126400000.0,255917.84120000002,85986.35949999999,41000.0,35.240522902950595,20.19695278158857,341904.20070000004,300904.20070000004
1589212800000.0,255917.84120000002,85986.35949999999,41000.0,35.240522902950595,20.19695278158857,341904.20070000004,300904.20070000004
1589299200000.0,255917.84120000002,85986.35949999999,41000.0,35.240522902950595,20.19695278158857,341904.20070000004,300904.20070000004
1589385600000.0,255917.84120000002,85986.35949999999,41000.0,35.240522902950595,20.19695278158857,341904.20070000004,300904.20070000004
1589472000000.0,294817.79689999996,85986.35949999999,41000.0,40.5971435017399,8.066751202187294,380804.1564,339804.1564
1589558400000.0,274030.23,87998.84709999998,41000.0,38.01176841036717,13.92139788442618,362029.0771,321029.0771
1589644800000.0,257454.61070000002,87998.84709999998,41000.0,35.712501639361605,19.12814510550439,345453.4578,304453.4578
1589731200000.0,276822.8703,87998.84709999998,41000.0,38.39914609616869,13.044171407494709,364821.71739999996,323821.71739999996
1589817600000.0,259984.3266,88765.73959999999,41000.0,36.169786644160055,18.092611752872244,348750.0662,307750.0662
1589904000000.0,246831.6032,88765.73959999999,41000.0,34.33994095542518,22.236343169760207,335597.3428,294597.3428
1589990400000.0,229527.2744,88765.73959999999,41000.0,31.932511673430934,27.68802710745476,318293.01399999997,277293.01399999997
1590076800000.0,229527.2744,88765.73959999999,41000.0,31.932511673430934,27.68802710745476,318293.01399999997,277293.01399999997
1590163200000.0,229527.2744,88765.73959999999,41000.0,31.932511673430934,27.68802710745476,318293.01399999997,277293.01399999997
1590249600000.0,229527.2744,88765.73959999999,41000.0,31.932511673430934,27.68802710745476,318293.01399999997,277293.01399999997
1590336000000.0,229527.2744,88765.73959999999,41000.0,31.932511673430934,27.68802710745476,318293.01399999997,277293.01399999997
1590422400000.0,229527.2744,88765.73959999999,41000.0,31.932511673430934,27.68802710745476,318293.01399999997,277293.01399999997
1590508800000.0,229527.2744,88765.73959999999,41000.0,31.932511673430934,27.68802710745476,318293.01399999997,277293.01399999997
1590595200000.0,229527.2744,88765.73959999999,41000.0,31.932511673430934,27.68802710745476,318293.01399999997,277293.01399999997
1590681600000.0,258372.18689999997,88765.73959999999,41000.0,35.94550101220619,18.600512186884444,347137.92649999994,306137.92649999994
1590768000000.0,243944.4806,90367.65129999998,41000.0,34.161138622785835,22.641245532692654,334312.1319,293312.1319
1590854400000.0,252023.818,90367.65129999998,41000.0,35.292540998534676,20.07915650059864,342391.4693,301391.4693
1590940800000.0,247341.0661,90367.65129999998,41000.0,34.63678467070729,21.564133137792606,337708.71739999996,296708.71739999996
1591027200000.0,253516.8206,90367.65129999998,42000.0,35.3586790616162,19.929385199373495,343884.4719,301884.4719
1591113600000.0,255045.70369999998,91490.00939999998,42000.0,35.72845486774957,19.09201862004227,346535.71309999994,304535.71309999994
1591200000000.0,255045.70369999998,91490.00939999998,42000.0,35.72845486774957,19.09201862004227,346535.71309999994,304535.71309999994
1591286400000.0,240941.8878,91490.00939999998,42000.0,33.7527009439002,23.56616289171287,332431.8972,290431.8972
1591372800000.0,233588.4792,91490.00939999998,42000.0,32.7225878172025,25.898879881087588,325078.4886,283078.4886
1591459200000.0,229157.2287,91490.00939999998,42000.0,32.10182953270629,27.30460257212983,320647.23809999996,278647.23809999996
1591545600000.0,229157.2287,91490.00939999998,42000.0,32.10182953270629,27.30460257212983,320647.23809999996,278647.23809999996
1591632000000.0,226108.2991,91490.00939999998,42000.0,31.67471571730683,28.27181251029749,317598.3085,275598.3085
1591718400000.0,214834.373,91490.00939999998,42000.0,30.095391094297334,31.84823269595467,306324.3824,264324.3824
1591804800000.0,219927.4009,91490.00939999998,42000.0,30.808855445296086,30.232574794163448,311417.4103,269417.4103
1591891200000.0,215010.4979,91509.57879999997,42000.0,30.12280521993832,31.786152721460425,306520.0767,264520.0767
1591977600000.0,215010.4979,91509.57879999997,42000.0,30.12280521993832,31.786152721460425,306520.0767,264520.0767
1592064000000.0,215010.4979,91509.57879999997,42000.0,30.12280521993832,31.786152721460425,306520.0767,264520.0767
1592150400000.0,215010.4979,91509.57879999997,42000.0,30.12280521993832,31.786152721460425,306520.0767,264520.0767
1592236800000.0,215010.4979,91509.57879999997,42000.0,30.12280521993832,31.786152721460425,306520.0767,264520.0767
1592323200000.0,208996.5248,91509.57879999997,42000.0,29.280252218765778,33.694135106448165,300506.1036,258506.10359999997
1592409600000.0,207388.82659999997,91509.57879999997,42000.0,29.055014938707153,34.20419057144127,298898.40539999993,256898.40539999993
1592496000000.0,206194.66869999998,91509.57879999997,42000.0,28.88771433629526,34.58304697804775,297704.24749999994,255704.24749999994
1592582400000.0,206194.66869999998,91509.57879999997,42000.0,28.88771433629526,34.58304697804775,297704.24749999994,255704.24749999994
1592668800000.0,206194.66869999998,91509.57879999997,42000.0,28.88771433629526,34.58304697804775,297704.24749999994,255704.24749999994
1592755200000.0,206194.66869999998,91509.57879999997,42000.0,28.88771433629526,34.58304697804775,297704.24749999994,255704.24749999994
1592841600000.0,214537.1696,91509.57879999997,42000.0,30.056492289522172,31.93632001414688,306046.7484,264046.7484
1592928000000.0,236405.7819,91509.57879999997,42000.0,33.120268036181876,24.998323059600082,327915.36069999996,285915.36069999996
1593014400000.0,220694.4593,93120.66659999997,42000.0,31.14483599642473,29.471738416677628,313815.1259,271815.1259
1593100800000.0,220694.4593,93120.66659999997,42000.0,31.14483599642473,29.471738416677628,313815.1259,271815.1259
1593187200000.0,220694.4593,93120.66659999997,42000.0,31.14483599642473,29.471738416677628,313815.1259,271815.1259
1593273600000.0,220694.4593,93120.66659999997,42000.0,31.14483599642473,29.471738416677628,313815.1259,271815.1259
1593360000000.0,220694.4593,93120.66659999997,42000.0,31.14483599642473,29.471738416677628,313815.1259,271815.1259
1593446400000.0,220694.4593,93120.66659999997,42000.0,31.14483599642473,29.471738416677628,313815.1259,271815.1259
1593532800000.0,218707.1706,93120.66659999997,42000.0,30.864385907938765,30.10682466995167,311827.83719999995,269827.83719999995
1593619200000.0,221836.917,93120.66659999997,43000.0,31.163604136915648,29.429237492218498,314957.58359999995,271957.58359999995
1593705600000.0,209365.9988,93120.66659999997,43000.0,29.41169213207717,33.39648612895542,302486.66539999994,259486.66539999994
1593792000000.0,209365.9988,93120.66659999997,43000.0,29.41169213207717,33.39648612895542,302486.66539999994,259486.66539999994
1593878400000.0,209365.9988,93120.66659999997,43000.0,29.41169213207717,33.39648612895542,302486.66539999994,259486.66539999994
1593964800000.0,209365.9988,93120.66659999997,43000.0,29.41169213207717,33.39648612895542,302486.66539999994,259486.66539999994
1594051200000.0,212280.9364,93120.66659999997,43000.0,29.821181962168037,32.46918614716472,305401.603,262401.603
1594137600000.0,208999.1978,93120.66659999997,43000.0,29.360164003596083,33.51317286716237,302119.86439999996,259119.86439999996
1594224000000.0,224207.4183,93120.66659999997,43000.0,31.49661166838636,28.675133592250013,317328.08489999996,274328.08489999996
1594310400000.0,212442.1348,93462.45939999996,43000.0,29.891842061727353,32.30917458101632,305904.59419999993,262904.59419999993
1594396800000.0,212442.1348,93462.45939999996,43000.0,29.891842061727353,32.30917458101632,305904.59419999993,262904.59419999993
1594483200000.0,212442.1348,93462.45939999996,43000.0,29.891842061727353,32.30917458101632,305904.59419999993,262904.59419999993
1594569600000.0,212442.1348,93462.45939999996,43000.0,29.891842061727353,32.30917458101632,305904.59419999993,262904.59419999993
1594656000000.0,211018.165,93462.45939999996,43000.0,29.691481241580533,32.762896679151176,304480.6244,261480.62439999997
1594742400000.0,204793.0062,93462.45939999996,43000.0,28.815565247637263,34.746430397323216,298255.4656,255255.4656
1594828800000.0,204793.0062,93462.45939999996,43000.0,28.815565247637263,34.746430397323216,298255.4656,255255.4656
1594915200000.0,204793.0062,93462.45939999996,43000.0,28.815565247637263,34.746430397323216,298255.4656,255255.4656
1595001600000.0,204793.0062,93462.45939999996,43000.0,28.815565247637263,34.746430397323216,298255.4656,255255.4656
1595088000000.0,204793.0062,93462.45939999996,43000.0,28.815565247637263,34.746430397323216,298255.4656,255255.4656
1595174400000.0,204793.0062,93462.45939999996,43000.0,28.815565247637263,34.746430397323216,298255.4656,255255.4656
1595260800000.0,198570.6007,93462.45939999996,43000.0,27.940036658992977,36.72908682648759,292033.0601,249033.0601
1595347200000.0,214515.4277,93462.45939999996,43000.0,30.183566412797568,31.64855747759452,307977.88709999993,264977.88709999993
1595433600000.0,214530.4521,93462.45939999996,43000.0,30.18568043312736,31.643770225581726,307992.91149999993,264992.91149999993
1595520000000.0,234582.6211,93462.45939999996,43000.0,33.007137058515525,25.254510993514558,328045.0804999999,285045.0804999999
1595606400000.0,237446.9101,93462.45939999996,43000.0,33.41015915433351,24.341857358062025,330909.3695,287909.3695
1595692800000.0,241901.636,93462.45939999996,43000.0,34.03696495797716,22.92243990836351,335364.0954,292364.0954
1595779200000.0,281462.9504,93462.45939999996,43000.0,39.60347163478325,10.31694604568405,374925.4097999999,331925.4097999999
1595865600000.0,317743.5861,93462.45939999996,43000.0,44.70836776692035,4.4110814558400495,411206.0455,368206.0455
1595952000000.0,409001.6137,93462.45939999996,43000.0,57.54890220446054,5.960910815660481,502464.0730999999,459464.0730999999
1596038400000.0,370634.3027,112765.99029999996,43000.0,54.86651763708092,10.344122169759196,483400.29299999995,440400.29299999995
1596124800000.0,351478.0006,112765.99029999996,43000.0,52.03073158227089,14.97800270441373,464243.9909,421243.9909
1596211200000.0,379054.3982,112765.99029999996,43000.0,56.112978946493485,8.307313790266047,491820.38849999994,448820.38849999994
1596297600000.0,404319.1932,112765.99029999996,44000.0,59.695544505038946,2.4531412663167274,517085.1834999999,473085.1834999999
1596384000000.0,373318.3808,115081.58799999996,44000.0,55.46032752904591,15.511795092565029,488399.9687999999,444399.9687999999
1596470400000.0,371159.86100000003,115081.58799999996,44000.0,55.13965696675162,16.00030429151833,486241.449,442241.449
1596556800000.0,361524.16099999996,115081.58799999996,44000.0,53.70817353208536,18.1810246575555,476605.74899999995,432605.74899999995
1596643200000.0,382621.0488,115081.58799999996,44000.0,56.84233559698076,13.406445448420644,497702.6368,453702.6368
1596729600000.0,402840.85089999996,115081.58799999996,44000.0,59.84619746050701,8.830365429666365,517922.43889999995,473922.43889999995
1596816000000.0,378913.4147,117419.51579999996,44000.0,56.63885148282113,13.716432934944645,496332.9305,452332.9305
1596902400000.0,386386.831,117419.51579999996,44000.0,57.75595554792826,12.014637771433033,503806.34679999994,459806.34679999994
1596988800000.0,372613.4782,117718.65659999996,44000.0,55.74187036986648,15.082893023549804,490332.1348,446332.1348
1597075200000.0,347329.66040000005,117718.65659999996,44000.0,51.959486272889606,20.84497299786371,465048.31700000004,421048.31700000004
1597161600000.0,334515.74769999995,117718.65659999996,44000.0,50.04256296645245,23.76521195644684,452234.40429999994,408234.40429999994
1597248000000.0,334515.74769999995,117718.65659999996,44000.0,50.04256296645245,23.76521195644684,452234.40429999994,408234.40429999994
1597334400000.0,334515.74769999995,117718.65659999996,44000.0,50.04256296645245,23.76521195644684,452234.40429999994,408234.40429999994
1597420800000.0,335977.4126,117718.65659999996,44000.0,50.26122369706685,23.432104428301002,453696.0691999999,409696.0691999999
1597507200000.0,345760.0904,117718.65659999996,44000.0,51.72468325959261,21.202671662552085,463478.747,419478.747
1597593600000.0,336301.27739999996,117917.04869999996,44000.0,50.339351779175416,23.313084189793464,454218.32609999995,410218.32609999995
1597680000000.0,394440.0695,117917.04869999996,44000.0,59.041873310359605,10.05567199811499,512357.1181999999,468357.1181999999
1597766400000.0,372765.77339999995,121968.65929999996,44000.0,56.404016649401605,14.074180074374375,494734.4326999999,450734.4326999999
1597852800000.0,365705.9424,121968.65929999996,44000.0,55.33577794917453,15.70153379217507,487674.60169999994,443674.60169999994
1597939200000.0,365705.9424,121968.65929999996,44000.0,55.33577794917453,15.70153379217507,487674.60169999994,443674.60169999994
1598025600000.0,365705.9424,121968.65929999996,44000.0,55.33577794917453,15.70153379217507,487674.60169999994,443674.60169999994
1598112000000.0,365705.9424,121968.65929999996,44000.0,55.33577794917453,15.70153379217507,487674.60169999994,443674.60169999994
1598198400000.0,365705.9424,121968.65929999996,44000.0,55.33577794917453,15.70153379217507,487674.60169999994,443674.60169999994
1598284800000.0,362898.0178,121968.65929999996,44000.0,54.910904644836265,16.348785339289186,484866.6770999999,440866.6770999999
1598371200000.0,349973.3559,121968.65929999996,44000.0,52.955245362208885,19.32803464345556,471942.01519999997,427942.01519999997
1598457600000.0,349973.3559,121968.65929999996,44000.0,52.955245362208885,19.32803464345556,471942.01519999997,427942.01519999997
1598544000000.0,349973.3559,121968.65929999996,44000.0,52.955245362208885,19.32803464345556,471942.01519999997,427942.01519999997
1598630400000.0,349973.3559,121968.65929999996,44000.0,52.955245362208885,19.32803464345556,471942.01519999997,427942.01519999997
1598716800000.0,344137.061,121968.65929999996,44000.0,52.072142625313624,20.673352428498337,466105.7202999999,422105.7202999999
1598803200000.0,341619.2738,121968.65929999996,44000.0,51.69117065502476,21.253724729273106,463587.93309999997,419587.93309999997
1598889600000.0,359981.3644,121968.65929999996,44000.0,54.469579344410676,17.021099840022423,481950.02369999996,437950.02369999996
1598976000000.0,342082.03229999996,122317.84829999995,45000.0,51.67049108021859,21.285227971887533,464399.8805999999,419399.8805999999
1599062400000.0,326420.3477,122317.84829999995,45000.0,49.30483940016835,24.889059265148926,448738.19599999994,403738.19599999994
1599148800000.0,326420.3477,122317.84829999995,45000.0,49.30483940016835,24.889059265148926,448738.19599999994,403738.19599999994
1599235200000.0,326420.3477,122317.84829999995,45000.0,49.30483940016835,24.889059265148926,448738.19599999994,403738.19599999994
1599321600000.0,326420.3477,122317.84829999995,45000.0,49.30483940016835,24.889059265148926,448738.19599999994,403738.19599999994
1599408000000.0,326420.3477,122317.84829999995,45000.0,49.30483940016835,24.889059265148926,448738.19599999994,403738.19599999994
1599494400000.0,326420.3477,122317.84829999995,45000.0,49.30483940016835,24.889059265148926,448738.19599999994,403738.19599999994
1599580800000.0,326420.3477,122317.84829999995,45000.0,49.30483940016835,24.889059265148926,448738.19599999994,403738.19599999994
1599667200000.0,326420.3477,122317.84829999995,45000.0,49.30483940016835,24.889059265148926,448738.19599999994,403738.19599999994
1599753600000.0,328928.6124,122317.84829999995,45000.0,49.68370545149757,24.311895119113014,451246.46069999994,406246.46069999994
1599840000000.0,312119.7538,122317.84829999995,45000.0,47.14477649191318,28.179696838647452,434437.60209999996,389437.60209999996
1599926400000.0,309878.08890000003,122317.84829999995,45000.0,46.806179561108266,28.69551504862632,432195.9372,387195.9372
1600012800000.0,296935.5862,122317.84829999995,45000.0,44.851252358940634,31.673649102186573,419253.4345,374253.4345
1600099200000.0,298313.1606,122317.84829999995,45000.0,45.059330945439186,31.356662401310498,420631.00889999996,375631.00889999996
1600185600000.0,306857.0456,122317.84829999995,45000.0,46.34985980109027,29.390672093407932,429174.89389999997,384174.89389999997
1600272000000.0,328657.1492,122317.84829999995,45000.0,49.64270172861889,24.374360147627804,450974.99749999994,405974.99749999994
1600358400000.0,310268.4247,124027.06669999995,45000.0,47.12331108606481,28.212397215449016,434295.49139999994,389295.49139999994
1600444800000.0,316015.5674,124027.06669999995,45000.0,47.996182354128806,26.882666039314508,440042.63409999997,395042.63409999997
1600531200000.0,335427.9358,124027.06669999995,45000.0,50.94451677106148,22.39117647458031,459455.00249999994,414455.00249999994
1600617600000.0,318878.60599999997,124983.75349999995,45000.0,48.57631908077633,25.99888635716866,443862.3594999999,398862.3594999999
1600704000000.0,323049.6065,125447.19789999994,45000.0,49.28230646904495,24.923385908837105,448496.8043999999,403496.8043999999
1600790400000.0,323049.6065,125447.19789999994,45000.0,49.28230646904495,24.923385908837105,448496.8043999999,403496.8043999999
1600876800000.0,323049.6065,125447.19789999994,45000.0,49.28230646904495,24.923385908837105,448496.8043999999,403496.8043999999
1600963200000.0,323049.6065,125447.19789999994,45000.0,49.28230646904495,24.923385908837105,448496.8043999999,403496.8043999999
1601049600000.0,319659.5665,125447.19789999994,45000.0,48.765144439249006,25.711230003714846,445106.7644,400106.7644
1601136000000.0,327878.4485,125447.19789999994,45000.0,50.01896259413017,23.801164738940095,453325.64639999997,408325.64639999997
1601222400000.0,329781.434,125447.19789999994,45000.0,50.30926944710307,23.358911582985307,455228.6318999999,410228.6318999999
1601308800000.0,351738.6607,125447.19789999994,45000.0,53.65891839781212,18.256059877552012,477185.8585999999,432185.8585999999
1601395200000.0,327227.9121,126367.51299999995,45000.0,50.06011824423687,23.738468264645164,453595.4251,408595.4251
1601481600000.0,321861.2867,126367.51299999995,45000.0,49.23911889741334,24.98917781025627,448228.7997,403228.7997
1601568000000.0,306479.1131,126367.51299999995,46000.0,46.740696736202075,28.795271515547547,432846.6261,386846.6261
1601654400000.0,306479.1131,126367.51299999995,46000.0,46.740696736202075,28.795271515547547,432846.6261,386846.6261
1601740800000.0,306479.1131,126367.51299999995,46000.0,46.740696736202075,28.795271515547547,432846.6261,386846.6261
1601827200000.0,306479.1131,126367.51299999995,46000.0,46.740696736202075,28.795271515547547,432846.6261,386846.6261
1601913600000.0,290941.3422,126367.51299999995,46000.0,44.37105323832194,32.405183939912774,417308.8552,371308.8552
1602000000000.0,280029.2212,126367.51299999995,46000.0,42.70686107445555,34.94041254043723,406396.73419999995,360396.73419999995
1602086400000.0,267658.9754,126367.51299999995,46000.0,40.8202923564711,37.81440935074365,394026.4883999999,348026.4883999999
1602172800000.0,263442.1872,126367.51299999995,46000.0,40.17719594293936,38.79410175398902,389809.70019999996,343809.70019999996
1602259200000.0,284813.6718,126367.51299999995,46000.0,43.43653087897163,33.82883432398267,411181.18479999993,365181.18479999993
1602345600000.0,314412.761,126367.51299999995,46000.0,47.95064617371794,26.952035808889708,440780.274,394780.274
1602432000000.0,320754.7789,126367.51299999995,46000.0,48.917858367596686,25.478585765115636,447122.29189999995,401122.29189999995
1602518400000.0,295006.8146,129406.16169999995,46000.0,45.45449271500827,30.7546733751647,424412.9762999999,378412.9762999999
1602604800000.0,280744.5979,129406.16169999995,46000.0,43.25697796956408,34.10236503823614,410150.75959999993,364150.75959999993
1602691200000.0,273479.5658,129406.16169999995,46000.0,42.13758569684148,35.807646054834095,402885.7274999999,356885.7274999999
1602777600000.0,266300.2117,129406.16169999995,46000.0,41.031394644680894,37.49281634584557,395706.3733999999,349706.3733999999
1602864000000.0,252823.4498,129406.16169999995,46000.0,38.954902356066995,40.65614252485593,382229.61149999994,336229.61149999994
1602950400000.0,252823.4498,129406.16169999995,46000.0,38.954902356066995,40.65614252485593,382229.61149999994,336229.61149999994
1603036800000.0,254234.8886,129406.16169999995,46000.0,39.17237609388309,40.32484326029662,383641.05029999994,337641.05029999994
1603123200000.0,293297.4462,129406.16169999995,46000.0,45.19111414326098,31.155904015686218,422703.60789999994,376703.60789999994
1603209600000.0,276220.1651,132005.79669999995,46000.0,42.96040615071782,34.55416223664487,408225.96179999993,362225.96179999993
1603296000000.0,336812.2396,132005.79669999995,46000.0,52.38426602384535,20.197863969874607,468818.0362999999,422818.0362999999
1603382400000.0,352324.3824,132005.79669999995,46000.0,54.796863071981484,16.52251615200886,484330.17909999995,438330.17909999995
1603468800000.0,351615.5968,132005.79669999995,46000.0,54.68662594559805,16.69045127495621,483621.39349999995,437621.39349999995
1603555200000.0,365847.789,132005.79669999995,46000.0,56.90015281502746,13.318366758965572,497853.58569999994,451853.58569999994
1603641600000.0,353178.74350000004,132005.79669999995,46000.0,54.92974149467769,16.320089301957275,485184.5402,439184.5402
1603728000000.0,356175.3713,132005.79669999995,46000.0,55.39580575658241,15.610087493200997,488181.16799999995,442181.16799999995
1603814400000.0,386143.1854,138868.21489999996,46000.0,61.27608414581975,6.65207754992303,525011.4003,479011.4003
1603900800000.0,362340.3984,141574.71139999997,46000.0,57.928367234789526,11.751985988131864,503915.1098,457915.1098
1603987200000.0,354615.6081,141574.71139999997,46000.0,56.6933835253105,13.633358878495017,496190.3195,450190.3195
1604073600000.0,336497.2574,141574.71139999997,46000.0,53.79675240807125,18.046083690594084,478071.9688,432071.9688
1604160000000.0,355462.0054,141574.71139999997,46000.0,56.8286994156651,13.427218792763929,497036.7168,451036.7168
1604246400000.0,353392.282,141574.71139999997,47000.0,56.339310703012316,14.172753045376119,494966.9934,447966.9934
1604332800000.0,336302.5216,141574.71139999997,47000.0,53.61478792745368,18.323288189904694,477877.23299999995,430877.23299999995
1604419200000.0,336302.5216,141574.71139999997,47000.0,53.61478792745368,18.323288189904694,477877.23299999995,430877.23299999995
1604505600000.0,319543.5838,141574.71139999997,47000.0,50.943006307257875,22.393477513557713,461118.2952,414118.2952
1604592000000.0,376334.4297,141574.71139999997,47000.0,59.996846119885674,8.600867419652825,517909.14109999995,470909.14109999995
1604678400000.0,352866.63899999997,145277.27299999996,47000.0,56.84578866871835,13.401185042549935,498143.9119999999,451143.9119999999
1604764800000.0,346997.02509999997,145277.27299999996,47000.0,55.90021095054145,14.841677148684617,492274.2980999999,445274.2980999999
1604851200000.0,329351.453,145277.27299999996,47000.0,53.05756063545957,19.172167663278838,474628.7259999999,427628.7259999999
1604937600000.0,312958.3902,145277.27299999996,47000.0,50.41668592369113,23.195273434983864,458235.66319999995,411235.66319999995
1605024000000.0,311045.8828,145277.27299999996,47000.0,50.10858654712252,23.664631702760918,456323.15579999995,409323.15579999995
1605110400000.0,330701.2485,145277.27299999996,47000.0,53.275008762481264,18.8409074141769,475978.5214999999,428978.5214999999
1605196800000.0,354538.3606,145277.27299999996,47000.0,57.11509815361566,12.99091925514354,499815.63359999994,452815.63359999994
1605283200000.0,353244.8012,145277.27299999996,47000.0,56.90670949865178,13.308378313995162,498522.0741999999,451522.0741999999
1605369600000.0,332996.90260000003,147838.90429999997,47000.0,54.05640163966338,17.65053432296143,480835.80689999997,433835.80689999997
1605456000000.0,334670.7602,147838.90429999997,47000.0,54.32812404310535,17.236592697969723,482509.66449999996,435509.66449999996
1605542400000.0,317983.7312,147838.90429999997,47000.0,51.61926779022826,21.363261478243388,465822.6355,418822.6355
1605628800000.0,365700.302,147838.90429999997,47000.0,59.36524409178752,9.563049288159842,513539.20629999996,466539.20629999996
1605715200000.0,401339.4771,147838.90429999997,47000.0,65.15065995682953,8.794247900835096,549178.3814,502178.38139999995
1605801600000.0,376578.7706,154349.46419999996,47000.0,62.18805806206842,12.941655373931194,530928.2348,483928.2348
1605888000000.0,401729.1108,154349.46419999996,47000.0,66.3413745492044,7.127341993742786,556078.575,509078.57499999995
1605974400000.0,406343.8184,154349.46419999996,47000.0,67.1034454001741,6.0605032976866475,560693.2825999999,513693.2825999999
1606060800000.0,384815.7332,155264.68219999995,47000.0,63.69944527500267,10.82583325393932,540080.4153999999,493080.41539999994
1606147200000.0,365539.09239999996,155264.68219999995,47000.0,60.50853799188671,15.292850147216186,520803.7745999999,473803.7745999999
1606233600000.0,379568.45180000004,155264.68219999995,47000.0,62.83085055408953,12.041796911755542,534833.134,487833.13399999996
1606320000000.0,360579.99710000004,155264.68219999995,47000.0,59.68764738783313,16.442031828314352,515844.67929999996,468844.67929999996
1606406400000.0,340769.8868,155264.68219999995,47000.0,56.40843365493002,21.0326707412819,496034.5689999999,449034.5689999999
1606492800000.0,340769.8868,155264.68219999995,47000.0,56.40843365493002,21.0326707412819,496034.5689999999,449034.5689999999
1606579200000.0,340769.8868,155264.68219999995,47000.0,56.40843365493002,21.0326707412819,496034.5689999999,449034.5689999999
1606665600000.0,355186.463,155264.68219999995,47000.0,58.79484311659183,17.69188693476863,510451.1451999999,463451.1451999999
1606752000000.0,411871.11329999997,155264.68219999995,47000.0,68.17798540573749,6.159661740923761,567135.7954999999,520135.7954999999
1606838400000.0,384180.1836,159976.93729999996,48000.0,64.21835327293715,11.95654603627706,544157.1209,496157.1209
1606924800000.0,364708.4292,159976.93729999996,48000.0,60.963515943261136,16.418932659253606,524685.3665,476685.3665
1607011200000.0,384722.3385,159976.93729999996,48000.0,64.30897818380737,11.832299154170677,544699.2758,496699.27579999994
1607097600000.0,367684.3573,160307.59589999996,48000.0,61.51623459428161,15.661154600087457,527991.9531999999,479991.9531999999
1607184000000.0,362782.5997,160307.59589999996,48000.0,60.696135331261104,16.785511859803393,523090.1956,475090.1956
1607270400000.0,352391.9382,160307.59589999996,48000.0,58.95770301089387,19.16890505141613,512699.53409999993,464699.53409999993
1607356800000.0,357969.13269999996,160307.59589999996,48000.0,59.890807719941925,17.889617163960658,518276.7285999999,470276.7285999999
1607443200000.0,339136.99809999997,160307.59589999996,48000.0,56.740056302417074,22.209301852868546,499444.5939999999,451444.5939999999
1607529600000.0,339136.99809999997,160307.59589999996,48000.0,56.740056302417074,22.209301852868546,499444.5939999999,451444.5939999999
1607616000000.0,339136.99809999997,160307.59589999996,48000.0,56.740056302417074,22.209301852868546,499444.5939999999,451444.5939999999
1607702400000.0,339136.99809999997,160307.59589999996,48000.0,56.740056302417074,22.209301852868546,499444.5939999999,451444.5939999999
1607788800000.0,339136.99809999997,160307.59589999996,48000.0,56.740056302417074,22.209301852868546,499444.5939999999,451444.5939999999
1607875200000.0,361382.82519999996,160307.59589999996,48000.0,60.46194300077031,17.106589879051082,521690.4210999999,473690.4210999999
1607961600000.0,360728.2093,160307.59589999996,48000.0,60.35242105763067,17.256744619361065,521035.80519999994,473035.80519999994
1608048000000.0,372533.368,160307.59589999996,48000.0,62.32750892197351,14.548896339298445,532840.9639,484840.9639
1608134400000.0,445607.55610000005,160307.59589999996,48000.0,74.55334559056617,1.7542085223102744,605915.152,557915.152
1608220800000.0,600835.1704000001,160307.59589999996,48000.0,100.52404069141392,4.262693903945003,761142.7663,713142.7663
1608307200000.0,548644.2834000001,183586.18309999997,48000.0,95.68680521526385,8.869590823861895,732230.4665000001,684230.4665000001
1608393600000.0,579496.8064,183586.18309999997,48000.0,101.06766754815011,3.744953367179704,763082.9894999999,715082.9894999999
1608480000000.0,591275.5546,183586.18309999997,48000.0,103.12195084024691,1.7884905450452404,774861.7376999999,726861.7376999999
1608566400000.0,558306.0887999999,184659.71699999998,48000.0,97.55911182921963,7.836025377081679,742965.8057999999,694965.8057999999
1608652800000.0,553788.9284999999,184659.71699999998,48000.0,96.76977752730397,8.581708534776899,738448.6454999999,690448.6454999999
1608739200000.0,539845.6815,184659.71699999998,48000.0,94.33331691792895,10.883429917452759,724505.3984999999,676505.3984999999
1608825600000.0,511763.9915,184659.71699999998,48000.0,89.42628690335056,15.519095220855494,696423.7085,648423.7085
1608912000000.0,533014.7586000001,184903.76539999997,48000.0,93.18389915305418,11.96928348588716,717918.524,669918.524
1608998400000.0,607205.4492,184903.76539999997,48000.0,106.15423012310895,0.28249300723504067,792109.2146000001,744109.2146000001
1609084800000.0,687164.1025,184903.76539999997,48000.0,120.13294077849758,6.63896900789368,872067.8679,824067.8679
1609171200000.0,638297.7365,198719.02189999996,48000.0,114.00515726002699,11.401161486272182,837016.7583999999,789016.7583999999
1609257600000.0,605812.7598,198719.02189999996,48000.0,108.20307671752171,15.910234666677404,804531.7816999999,756531.7816999999
1609344000000.0,680850.6241,198719.02189999996,48000.0,121.60544841773542,5.4946131763281,879569.646,831569.646
1609430400000.0,707765.7015,198719.02189999996,48000.0,126.412699730388,3.1670524716053916,906484.7233999999,858484.7233999999
1609516800000.0,727051.6542,198719.02189999996,49000.0,129.6742467810394,2.411403786462396,925770.6760999999,876770.6760999999
1609603200000.0,836356.8132,198719.02189999996,49000.0,149.1695110868513,0.5489055436222801,1035075.8350999999,986075.8350999999
1609689600000.0,774908.2215999999,217396.29539999997,49000.0,141.5409768191553,12.439395116327045,992304.5169999999,943304.5169999999
1609776000000.0,736491.0804000001,217396.29539999997,49000.0,134.52388816210112,16.78033256880105,953887.3758,904887.3758
1609862400000.0,739029.1844,217396.29539999997,49000.0,134.987485926862,16.493539997367492,956425.4798,907425.4798
1609948800000.0,788506.2273,217396.29539999997,49000.0,144.0247225788744,10.90289108770126,1005902.5227,956902.5227
1610035200000.0,876863.7785,217396.29539999997,49000.0,160.16368427471778,0.9189466495614917,1094260.0739,1045260.0739
1610121600000.0,820628.005,227554.72829999996,49000.0,151.74742075348826,8.17644509578227,1048182.7333,999182.7333
1610208000000.0,779470.6626,227554.72829999996,49000.0,144.13676097071837,12.78171504337331,1007025.3909,958025.3909
1610294400000.0,770760.318,227554.72829999996,49000.0,142.52607705684918,13.756352517039282,998315.0462999999,949315.0462999999
1610380800000.0,737187.3481000001,227554.72829999996,49000.0,136.31789069430909,17.51297479427961,964742.0764,915742.0764
1610467200000.0,737187.3481000001,227554.72829999996,49000.0,136.31789069430909,17.51297479427961,964742.0764,915742.0764
1610553600000.0,737187.3481000001,227554.72829999996,49000.0,136.31789069430909,17.51297479427961,964742.0764,915742.0764
1610640000000.0,782357.9374,227554.72829999996,49000.0,144.67066488483906,12.458645595942775,1009912.6657,960912.6657
1610726400000.0,743157.1316,228218.03749999995,49000.0,137.5444570589846,16.770769863406954,971375.1690999999,922375.1690999999
1610812800000.0,721817.9316,228218.03749999995,49000.0,133.5949710710699,19.160634822257585,950035.9691,901035.9691
1610899200000.0,721817.9316,228218.03749999995,49000.0,133.5949710710699,19.160634822257585,950035.9691,901035.9691
1610985600000.0,721817.9316,228218.03749999995,49000.0,133.5949710710699,19.160634822257585,950035.9691,901035.9691
1611072000000.0,744177.6510000001,228218.03749999995,49000.0,137.7333360736944,16.65647768966625,972395.6885,923395.6885
1611158400000.0,706023.4861000001,228218.03749999995,49000.0,130.6717152231875,20.9295198715999,934241.5236000001,885241.5236000001
1611244800000.0,706023.4861000001,228218.03749999995,49000.0,130.6717152231875,20.9295198715999,934241.5236000001,885241.5236000001
1611331200000.0,706023.4861000001,228218.03749999995,49000.0,130.6717152231875,20.9295198715999,934241.5236000001,885241.5236000001
1611417600000.0,706023.4861000001,228218.03749999995,49000.0,130.6717152231875,20.9295198715999,934241.5236000001,885241.5236000001
1611504000000.0,706023.4861000001,228218.03749999995,49000.0,130.6717152231875,20.9295198715999,934241.5236000001,885241.5236000001
1611590400000.0,704069.3799,228218.03749999995,49000.0,130.31004678876647,21.148368278909114,932287.4174,883287.4174
1611676800000.0,670745.1268,228218.03749999995,49000.0,124.14235209186248,24.8804887315765,898963.1643,849963.1643
1611763200000.0,670745.1268,228218.03749999995,49000.0,124.14235209186248,24.8804887315765,898963.1643,849963.1643
1611849600000.0,670745.1268,228218.03749999995,49000.0,124.14235209186248,24.8804887315765,898963.1643,849963.1643
1611936000000.0,637012.5701,228218.03749999995,49000.0,117.8990880508868,28.658336787256744,865230.6076,816230.6076
1612022400000.0,608063.5884,228218.03749999995,49000.0,112.54117409026273,31.90045256288274,836281.6259,787281.6259
1612108800000.0,580899.3395,228218.03749999995,49000.0,107.51358072205879,34.9426887563486,809117.377,760117.377
1612195200000.0,581899.3395,228218.03749999995,50000.0,107.51358072205879,34.9426887563486,810117.377,760117.377
1612281600000.0,601810.1681,228218.03749999995,50000.0,111.19236901518278,32.71662509650285,830028.2056,780028.2056
1612368000000.0,667865.0032,228218.03749999995,50000.0,123.39687134664854,25.331584979527822,896083.0407,846083.0407
1612454400000.0,659050.5153000001,228218.03749999995,50000.0,121.76827840620192,26.317059345689554,887268.5528000001,837268.5528000001
1612540800000.0,702126.0542,228218.03749999995,50000.0,129.7270525691881,21.50114265533335,930344.0917,880344.0917
1612627200000.0,791698.1169,228218.03749999995,50000.0,146.27667299290704,11.486837489053359,1019916.1544,969916.1544
1612713600000.0,734973.2490000001,245776.93129999994,50000.0,139.04024251065798,15.86565835070598,980750.1803,930750.1803
1612800000000.0,697870.1699,245776.93129999994,50000.0,132.02118280613783,20.11294644926941,943647.1011999999,893647.1011999999
1612886400000.0,760217.6303000001,245776.93129999994,50000.0,143.81590598243628,12.975866914202616,1005994.5616,955994.5616
1612972800000.0,719129.6494000001,248139.09559999994,50000.0,136.48986120623073,17.4089140882397,967268.7450000001,917268.7450000001
1613059200000.0,781952.7272999999,248139.09559999994,50000.0,148.41359872737652,10.193766960862627,1030091.8228999998,980091.8228999998
1613145600000.0,763553.3134,248139.09559999994,50000.0,144.92141417959394,12.306915230314209,1011692.409,961692.409
1613232000000.0,764629.3208999999,248139.09559999994,50000.0,145.1256389872547,12.183337196856204,1012768.4164999998,962768.4164999998
1613318400000.0,793314.434,248139.09559999994,50000.0,150.57003570900113,8.888890023933593,1041453.5296,991453.5296
1613404800000.0,748167.9162,251365.56959999993,50000.0,142.61366655526797,13.703351424321164,999533.4857999999,949533.4857999999
1613491200000.0,712941.064,251365.56959999993,50000.0,135.89882294240775,17.766555978949704,964306.6336,914306.6336
1613577600000.0,778802.0773,251365.56959999993,50000.0,148.45306429168184,10.169886038255694,1030167.6468999999,980167.6468999999
1613664000000.0,788237.922,251365.56959999993,50000.0,150.25169850276632,9.081518365091645,1039603.4916,989603.4916
1613750400000.0,839990.5717,251365.56959999993,50000.0,160.11664321351276,3.1121629205215884,1091356.1412999998,1041356.1412999998
1613836800000.0,891854.0925,251365.56959999993,50000.0,170.00272186190028,3.5390327099310226,1143219.6620999998,1093219.6620999998
1613923200000.0,833331.3365,264742.2664999999,50000.0,161.39710689317351,8.421930671315469,1098073.603,1048073.6029999999
1614009600000.0,791569.4759,264742.2664999999,50000.0,153.30879533678217,13.01130634676344,1056311.7423999999,1006311.7423999999
1614096000000.0,791569.4759,264742.2664999999,50000.0,153.30879533678217,13.01130634676344,1056311.7423999999,1006311.7423999999
1614182400000.0,791569.4759,264742.2664999999,50000.0,153.30879533678217,13.01130634676344,1056311.7423999999,1006311.7423999999
1614268800000.0,791569.4759,264742.2664999999,50000.0,153.30879533678217,13.01130634676344,1056311.7423999999,1006311.7423999999
1614355200000.0,791569.4759,264742.2664999999,50000.0,153.30879533678217,13.01130634676344,1056311.7423999999,1006311.7423999999
1614441600000.0,791569.4759,264742.2664999999,50000.0,153.30879533678217,13.01130634676344,1056311.7423999999,1006311.7423999999
1614528000000.0,791569.4759,264742.2664999999,50000.0,153.30879533678217,13.01130634676344,1056311.7423999999,1006311.7423999999
1614614400000.0,792569.4759,264742.2664999999,51000.0,153.30879533678217,13.01130634676344,1057311.7423999999,1006311.7423999999
1614700800000.0,802918.8093000001,264742.2664999999,51000.0,155.3106940779506,11.875412245334038,1067661.0758,1016661.0758
1614787200000.0,851273.8169,264742.2664999999,51000.0,164.66413019815803,6.568194303411867,1116016.0834,1065016.0834
1614873600000.0,806416.2101,268526.6305999999,51000.0,156.71922498746736,11.076200018012639,1074942.8407,1023942.8407000001
1614960000000.0,777020.0178,268526.6305999999,51000.0,151.00635808680417,14.317728513568396,1045546.6484,994546.6484
1615046400000.0,777020.0178,268526.6305999999,51000.0,151.00635808680417,14.317728513568396,1045546.6484,994546.6484
1615132800000.0,815482.5708999999,268526.6305999999,51000.0,158.48118490374503,10.076449214089989,1084009.2015,1033009.2015
1615219200000.0,776825.5747,268526.6305999999,51000.0,150.9685699427236,14.339169822802667,1045352.2052999999,994352.2052999999
1615305600000.0,872619.1174,268526.6305999999,51000.0,169.58512251535382,3.7759820744258765,1141145.748,1090145.748
1615392000000.0,935293.3895,268526.6305999999,51000.0,181.76526377137796,0.44196284831178323,1203820.0200999998,1152820.0200999998
1615478400000.0,879187.7418000001,279900.20469999994,51000.0,173.07201601808066,7.709413600088411,1159087.9465,1108087.9465
1615564800000.0,833102.0504,279900.20469999994,51000.0,163.99984275977837,12.547146523028674,1113002.2551,1062002.2551
1615651200000.0,896303.1622,279900.20469999994,51000.0,176.44126262240698,5.9127641359329575,1176203.3669,1125203.3669
1615737600000.0,896008.7377,279900.20469999994,51000.0,176.3833038505117,5.943670628896413,1175908.9424,1124908.9424
1615824000000.0,848554.591,281617.15359999996,51000.0,167.37973310684174,10.74482128712635,1130171.7445999999,1079171.7445999999
1615910400000.0,848554.591,281617.15359999996,51000.0,167.37973310684174,10.74482128712635,1130171.7445999999,1079171.7445999999
1615996800000.0,848554.591,281617.15359999996,51000.0,167.37973310684174,10.74482128712635,1130171.7445999999,1079171.7445999999
1616083200000.0,867250.1307,281617.15359999996,51000.0,171.06747986876383,8.778331735651957,1148867.2843,1097867.2843
1616169600000.0,821633.0589000001,281617.15359999996,51000.0,162.06938665946126,13.576561500773787,1103250.2125,1052250.2125
1616256000000.0,831280.3869,281617.15359999996,51000.0,163.9723487115918,12.561807713716966,1112897.5405000001,1061897.5405000001
1616342400000.0,797731.9649,281617.15359999996,51000.0,157.35482995667212,16.09059706080671,1079349.1184999999,1028349.1184999999
1616428800000.0,797731.9649,281617.15359999996,51000.0,157.35482995667212,16.09059706080671,1079349.1184999999,1028349.1184999999
1616515200000.0,797731.9649,281617.15359999996,51000.0,157.35482995667212,16.09059706080671,1079349.1184999999,1028349.1184999999
1616601600000.0,797731.9649,281617.15359999996,51000.0,157.35482995667212,16.09059706080671,1079349.1184999999,1028349.1184999999
1616688000000.0,797731.9649,281617.15359999996,51000.0,157.35482995667212,16.09059706080671,1079349.1184999999,1028349.1184999999
1616774400000.0,797731.9649,281617.15359999996,51000.0,157.35482995667212,16.09059706080671,1079349.1184999999,1028349.1184999999
1616860800000.0,796555.033,281617.15359999996,51000.0,157.12267689380934,16.214392592857962,1078172.1866000001,1027172.1866000001
1616947200000.0,843181.8758,281617.15359999996,51000.0,166.3199502174754,11.309950107871092,1124799.0293999999,1073799.0293999999
1617033600000.0,800607.8644000001,281936.69789999997,51000.0,157.98514005819618,15.754484440050243,1082544.5623,1031544.5623000001
1617120000000.0,829345.8291,281936.69789999997,51000.0,163.656045354036,12.730476358254139,1111282.527,1060282.527
1617206400000.0,787669.5319000001,281936.69789999997,51000.0,155.4319996719674,17.115945575290816,1069606.2298,1018606.2298000001
1617292800000.0,786966.3621,281936.69789999997,52000.0,155.09633679025677,17.294937678685052,1068903.06,1016903.06
1617379200000.0,801697.6882,281936.69789999997,52000.0,157.99960537225286,15.746770816857625,1083634.3861,1031634.3861
1617465600000.0,782749.9168,281936.69789999997,52000.0,154.26535435974802,17.73805874218306,1064686.6147,1012686.6147
1617552000000.0,762418.5241,281936.69789999997,52000.0,150.2584174924598,19.874756295361273,1044355.2220000001,992355.2220000001
1617638400000.0,762418.5241,281936.69789999997,52000.0,150.2584174924598,19.874756295361273,1044355.2220000001,992355.2220000001
1617724800000.0,721864.0167,281936.69789999997,52000.0,142.26588332455836,24.13677208594347,1003800.7146000001,951800.7146000001
1617811200000.0,721864.0167,281936.69789999997,52000.0,142.26588332455836,24.13677208594347,1003800.7146000001,951800.7146000001
1617897600000.0,721864.0167,281936.69789999997,52000.0,142.26588332455836,24.13677208594347,1003800.7146000001,951800.7146000001
1617984000000.0,732986.5168,281936.69789999997,52000.0,144.45791986453952,22.967869438713894,1014923.2146999999,962923.2146999999
1618070400000.0,816061.7021999999,281936.69789999997,52000.0,160.83048361596727,14.237206075253983,1097998.4001,1045998.4001
1618156800000.0,769533.7400000001,287233.33379999996,52000.0,152.70456111393133,18.5703511440373,1056767.0738000001,1004767.0738000001
1618243200000.0,783869.2516000001,287233.33379999996,52000.0,155.54926810133603,17.05341223014566,1071102.5854,1019102.5854
1618329600000.0,914782.0609,287233.33379999996,52000.0,181.52731435093685,3.2006289953954603,1202015.3947,1150015.3947
1618416000000.0,903557.217,287233.33379999996,52000.0,179.29988133244188,7.218902160166973,1190790.5507999999,1138790.5507999999
1618502400000.0,851270.2426,296315.1674,52000.0,170.72634943801242,11.655389767512991,1147585.41,1095585.41
1618588800000.0,810956.6182,296315.1674,52000.0,162.6412577926074,15.839127500197204,1107271.7856,1055271.7856
1618675200000.0,810956.6182,296315.1674,52000.0,162.6412577926074,15.839127500197204,1107271.7856,1055271.7856
1618761600000.0,810956.6182,296315.1674,52000.0,162.6412577926074,15.839127500197204,1107271.7856,1055271.7856
1618848000000.0,810956.6182,296315.1674,52000.0,162.6412577926074,15.839127500197204,1107271.7856,1055271.7856
1618934400000.0,810956.6182,296315.1674,52000.0,162.6412577926074,15.839127500197204,1107271.7856,1055271.7856
1619020800000.0,810956.6182,296315.1674,52000.0,162.6412577926074,15.839127500197204,1107271.7856,1055271.7856
1619107200000.0,810956.6182,296315.1674,52000.0,162.6412577926074,15.839127500197204,1107271.7856,1055271.7856
1619193600000.0,810956.6182,296315.1674,52000.0,162.6412577926074,15.839127500197204,1107271.7856,1055271.7856
1619280000000.0,810956.6182,296315.1674,52000.0,162.6412577926074,15.839127500197204,1107271.7856,1055271.7856
1619366400000.0,810956.6182,296315.1674,52000.0,162.6412577926074,15.839127500197204,1107271.7856,1055271.7856
1619452800000.0,807820.7921,296315.1674,52000.0,162.01235275665746,16.164562738853316,1104135.9594999999,1052135.9594999999
1619539200000.0,846311.1458,296315.1674,52000.0,169.73177867680758,12.170043577756683,1142626.3132,1090626.3132
1619625600000.0,828747.8672,296315.1674,52000.0,166.20937851586393,13.992756183782395,1125063.0346,1073063.0346
1619712000000.0,787374.0645,296315.1674,52000.0,157.91166300337812,18.28651895199984,1083689.2319,1031689.2319
1619798400000.0,823611.946,296315.1674,52000.0,165.17934476911952,14.525760785485565,1119927.1134,1067927.1134
1619884800000.0,830660.2102000001,296315.1674,53000.0,166.39088221188715,13.89883469284846,1126975.3776,1073975.3776
1619971200000.0,786419.0011,296315.1674,53000.0,157.52885448758195,18.484608287553574,1082734.1685,1029734.1684999999
1620057600000.0,823743.0669,296315.1674,53000.0,165.00529811632063,14.615823530658767,1120058.2343,1067058.2343
1620144000000.0,791166.2507999999,296842.6395,53000.0,158.58544249185502,17.93786283366734,1088008.8902999999,1035008.8902999999
1620230400000.0,791166.2507999999,296842.6395,53000.0,158.58544249185502,17.93786283366734,1088008.8902999999,1035008.8902999999
1620316800000.0,795058.2249,296842.6395,53000.0,159.36556984712485,17.534175603430878,1091900.8644,1038900.8644000001
1620403200000.0,756435.777,296842.6395,53000.0,151.62388725620698,21.540211773533567,1053278.4165,1000278.4165
1620489600000.0,717870.1799,296842.6395,53000.0,143.89360013275868,25.5403512080982,1014712.8193999999,961712.8193999999
1620576000000.0,682832.5723,296842.6395,53000.0,136.8704814146846,29.174556987154077,979675.2117999999,926675.2117999999
1620662400000.0,668100.3582,296842.6395,53000.0,133.91748046251956,30.70262643275482,964942.9977,911942.9977
1620748800000.0,668100.3582,296842.6395,53000.0,133.91748046251956,30.70262643275482,964942.9977,911942.9977
1620835200000.0,668100.3582,296842.6395,53000.0,133.91748046251956,30.70262643275482,964942.9977,911942.9977
1620921600000.0,668100.3582,296842.6395,53000.0,133.91748046251956,30.70262643275482,964942.9977,911942.9977
1621008000000.0,668100.3582,296842.6395,53000.0,133.91748046251956,30.70262643275482,964942.9977,911942.9977
1621094400000.0,668100.3582,296842.6395,53000.0,133.91748046251956,30.70262643275482,964942.9977,911942.9977
1621180800000.0,668100.3582,296842.6395,53000.0,133.91748046251956,30.70262643275482,964942.9977,911942.9977
1621267200000.0,668100.3582,296842.6395,53000.0,133.91748046251956,30.70262643275482,964942.9977,911942.9977
1621353600000.0,668100.3582,296842.6395,53000.0,133.91748046251956,30.70262643275482,964942.9977,911942.9977
1621440000000.0,668100.3582,296842.6395,53000.0,133.91748046251956,30.70262643275482,964942.9977,911942.9977
1621526400000.0,668100.3582,296842.6395,53000.0,133.91748046251956,30.70262643275482,964942.9977,911942.9977
1621612800000.0,668100.3582,296842.6395,53000.0,133.91748046251956,30.70262643275482,964942.9977,911942.9977
1621699200000.0,668100.3582,296842.6395,53000.0,133.91748046251956,30.70262643275482,964942.9977,911942.9977
1621785600000.0,668100.3582,296842.6395,53000.0,133.91748046251956,30.70262643275482,964942.9977,911942.9977
1621872000000.0,668100.3582,296842.6395,53000.0,133.91748046251956,30.70262643275482,964942.9977,911942.9977
1621958400000.0,643262.804,296842.6395,53000.0,128.9389130384926,33.27885207126714,940105.4435,887105.4435
1622044800000.0,638176.4116,296842.6395,53000.0,127.91937032085823,33.80642795103771,935019.0511,882019.0511
1622131200000.0,646495.2014,296842.6395,53000.0,129.5868314392967,32.94357811519699,943337.8409,890337.8409
1622217600000.0,621340.791,297420.8058,53000.0,124.66064235900492,35.49269988616255,918761.5967999999,865761.5967999999
1622304000000.0,621340.791,297420.8058,53000.0,124.66064235900492,35.49269988616255,918761.5967999999,865761.5967999999
1622390400000.0,621340.791,297420.8058,53000.0,124.66064235900492,35.49269988616255,918761.5967999999,865761.5967999999
1622476800000.0,621340.791,297420.8058,53000.0,124.66064235900492,35.49269988616255,918761.5967999999,865761.5967999999
1622563200000.0,591264.6117,297420.8058,54000.0,118.43579492874608,38.71382961682892,888685.4175,834685.4175
1622649600000.0,618655.1163999999,297420.8058,54000.0,123.92236749448256,35.87472999086149,916075.9221999999,862075.9221999999
1622736000000.0,632180.4166,297420.8058,54000.0,126.63161078274771,34.472796176223994,929601.2224,875601.2224
1622822400000.0,599599.1447,298930.58989999996,54000.0,120.40770310352572,37.693439620272386,898529.7345999999,844529.7345999999
1622908800000.0,599599.1447,298930.58989999996,54000.0,120.40770310352572,37.693439620272386,898529.7345999999,844529.7345999999
1622995200000.0,599599.1447,298930.58989999996,54000.0,120.40770310352572,37.693439620272386,898529.7345999999,844529.7345999999
1623081600000.0,599599.1447,298930.58989999996,54000.0,120.40770310352572,37.693439620272386,898529.7345999999,844529.7345999999
1623168000000.0,599599.1447,298930.58989999996,54000.0,120.40770310352572,37.693439620272386,898529.7345999999,844529.7345999999
1623254400000.0,599599.1447,298930.58989999996,54000.0,120.40770310352572,37.693439620272386,898529.7345999999,844529.7345999999
1623340800000.0,588217.5031,298930.58989999996,54000.0,118.1221139149534,38.876148011101776,887148.0929999999,833148.0929999999
1623427200000.0,576529.1355999999,298930.58989999996,54000.0,115.77492997357359,40.09072942239378,875459.7255,821459.7255
1623513600000.0,562669.8997,298930.58989999996,54000.0,112.99180598775827,41.530893782288395,861600.4896,807600.4896
1623600000000.0,562669.8997,298930.58989999996,54000.0,112.99180598775827,41.530893782288395,861600.4896,807600.4896
1623686400000.0,596492.0941,298930.58989999996,54000.0,119.78376487833094,38.016304716933966,895422.6839999999,841422.6839999999
1623772800000.0,564922.0804,299180.83219999995,54000.0,113.49432672730036,41.270857771357896,864102.9125999999,810102.9125999999
1623859200000.0,533869.7141,299180.83219999995,54000.0,107.25582494310278,44.49905312827741,833050.5462999999,779050.5462999999
1623945600000.0,530696.527,299893.4516,54000.0,106.76149044252757,44.754853061454355,830589.9786,776589.9786
1624032000000.0,530696.527,299893.4516,54000.0,106.76149044252757,44.754853061454355,830589.9786,776589.9786
1624118400000.0,530696.527,299893.4516,54000.0,106.76149044252757,44.754853061454355,830589.9786,776589.9786
1624204800000.0,530696.527,299893.4516,54000.0,106.76149044252757,44.754853061454355,830589.9786,776589.9786
1624291200000.0,530696.527,299893.4516,54000.0,106.76149044252757,44.754853061454355,830589.9786,776589.9786
1624377600000.0,530696.527,299893.4516,54000.0,106.76149044252757,44.754853061454355,830589.9786,776589.9786
1624464000000.0,530696.527,299893.4516,54000.0,106.76149044252757,44.754853061454355,830589.9786,776589.9786
1624550400000.0,530696.527,299893.4516,54000.0,106.76149044252757,44.754853061454355,830589.9786,776589.9786
1624636800000.0,503847.88289999997,299893.4516,54000.0,101.36028445257962,47.54977862237708,803741.3344999999,749741.3344999999
1624723200000.0,503847.88289999997,299893.4516,54000.0,101.36028445257962,47.54977862237708,803741.3344999999,749741.3344999999
1624809600000.0,503847.88289999997,299893.4516,54000.0,101.36028445257962,47.54977862237708,803741.3344999999,749741.3344999999
1624896000000.0,554146.2544,299893.4516,54000.0,111.47892822537362,42.31375241358477,854039.706,800039.706
1624982400000.0,584391.7350999999,299893.4516,54000.0,117.5634839637282,39.16521847660191,884285.1867,830285.1867
1625068800000.0,550776.2769,305107.7176,54000.0,111.84994815681934,42.12176323710468,855883.9945,801883.9945
1625155200000.0,538332.9377,305107.7176,55000.0,109.12486399585777,43.53189412107983,843440.6553,788440.6553
1625241600000.0,538332.9377,305107.7176,55000.0,109.12486399585777,43.53189412107983,843440.6553,788440.6553
1625328000000.0,534852.4126,305107.7176,55000.0,108.41933066959615,43.89698168325044,839960.1302,784960.1302
1625414400000.0,571720.8728,305107.7176,55000.0,115.89289474734122,40.029686988147574,876828.5904,821828.5904
1625500800000.0,542635.0742,305585.7327,55000.0,110.09384314741821,43.030483028124344,848220.8069,793220.8069
1625587200000.0,542635.0742,305585.7327,55000.0,110.09384314741821,43.030483028124344,848220.8069,793220.8069
1625673600000.0,530747.7267,305585.7327,55000.0,107.68204959899472,44.27849753612541,836333.4594,781333.4594
1625760000000.0,519317.6572,305585.7327,55000.0,105.36303201511979,45.47850389275463,824903.3899000001,769903.3899000001
1625846400000.0,519317.6572,305585.7327,55000.0,105.36303201511979,45.47850389275463,824903.3899000001,769903.3899000001
1625932800000.0,524667.2323,305585.7327,55000.0,106.4483936328387,44.91686915157782,830252.9650000001,775252.9650000001
1626019200000.0,498111.3326,305585.7327,55000.0,101.06053502358706,47.70488793361655,803697.0653,748697.0653
1626105600000.0,483926.297,305585.7327,55000.0,98.18256940979161,49.19412934977869,789512.0297000001,734512.0297000001
1626192000000.0,483926.297,305585.7327,55000.0,98.18256940979161,49.19412934977869,789512.0297000001,734512.0297000001
1626278400000.0,483926.297,305585.7327,55000.0,98.18256940979161,49.19412934977869,789512.0297000001,734512.0297000001
1626364800000.0,483926.297,305585.7327,55000.0,98.18256940979161,49.19412934977869,789512.0297000001,734512.0297000001
1626451200000.0,483926.297,305585.7327,55000.0,98.18256940979161,49.19412934977869,789512.0297000001,734512.0297000001
1626537600000.0,483926.297,305585.7327,55000.0,98.18256940979161,49.19412934977869,789512.0297000001,734512.0297000001
1626624000000.0,483926.297,305585.7327,55000.0,98.18256940979161,49.19412934977869,789512.0297000001,734512.0297000001
1626710400000.0,483926.297,305585.7327,55000.0,98.18256940979161,49.19412934977869,789512.0297000001,734512.0297000001
1626796800000.0,483926.297,305585.7327,55000.0,98.18256940979161,49.19412934977869,789512.0297000001,734512.0297000001
1626883200000.0,483926.297,305585.7327,55000.0,98.18256940979161,49.19412934977869,789512.0297000001,734512.0297000001
1626969600000.0,503330.55779999995,305585.7327,55000.0,102.11945028328894,47.15693821059174,808916.2904999999,753916.2904999999
1627056000000.0,497646.1397,305585.7327,55000.0,100.96615322520921,47.75372704496742,803231.8724,748231.8724
1627142400000.0,543539.2359,305585.7327,55000.0,110.27728620355764,42.93555798961775,849124.9686,794124.9686
1627228800000.0,553318.8186,305585.7327,55000.0,112.26144073947357,41.90883095132798,858904.5512999999,803904.5512999999
1627315200000.0,684727.3393,305585.7327,55000.0,138.92257960431562,28.112671605556507,990313.0719999999,935313.0719999999
1627401600000.0,634290.6999,322292.8885,55000.0,132.07929089435441,31.65382196565021,956583.5884,901583.5884
1627488000000.0,683584.5411,322292.8885,55000.0,142.34382037930723,26.342305263319055,1005877.4296,950877.4296
1627574400000.0,689725.8812,322292.8885,55000.0,143.62264071464705,25.680562746977177,1012018.7697,957018.7697
1627660800000.0,654030.6137,324486.2122,55000.0,136.64648138993346,29.290468766114074,978516.8259,923516.8259
1627747200000.0,758723.3901,324486.2122,55000.0,158.51992159645732,17.971767488602254,1083209.6023,1028209.6022999999
1627833600000.0,749631.4616,324486.2122,56000.0,156.41416926577028,19.061416915964035,1074117.6738,1018117.6738
1627920000000.0,702302.3254,329738.6246,56000.0,147.63466075294045,23.604489851992394,1032040.95,976040.95
1628006400000.0,702302.3254,329738.6246,56000.0,147.63466075294045,23.604489851992394,1032040.95,976040.95
1628092800000.0,702302.3254,329738.6246,56000.0,147.63466075294045,23.604489851992394,1032040.95,976040.95
1628179200000.0,702302.3254,329738.6246,56000.0,147.63466075294045,23.604489851992394,1032040.95,976040.95
1628265600000.0,740468.2548,329738.6246,56000.0,155.65772124342146,19.452850961824698,1070206.8794,1014206.8794
1628352000000.0,775166.1744,329738.6246,56000.0,162.95175317769022,15.678457551683566,1104904.799,1048904.799
1628438400000.0,793380.7662,329738.6246,56000.0,166.78073819438467,13.697098552329312,1123119.3908,1067119.3908
1628524800000.0,849306.6077,329738.6246,56000.0,178.53720309356132,7.61356011407096,1179045.2323,1123045.2323
1628611200000.0,828402.7604,329738.6246,56000.0,174.14289555256173,9.887452739486935,1158141.385,1102141.385
1628697600000.0,866659.8668,329738.6246,56000.0,182.18512283913128,5.725895736881292,1196398.4914,1140398.4914
1628784000000.0,810101.6058,341716.3224,56000.0,172.81360848388778,10.57530993526048,1151817.9282,1095817.9282
1628870400000.0,799044.5781,341716.3224,56000.0,170.45488601961574,11.79586210801331,1140760.9005,1084760.9005
1628956800000.0,828957.1642,341716.3224,56000.0,176.83593983560112,8.493901314606699,1170673.4866,1114673.4866
1629043200000.0,788697.5084,341716.3224,56000.0,168.24761419187325,12.938044143422323,1130413.8308,1074413.8308
1629129600000.0,791817.9064,342063.0332,56000.0,168.98722954190401,12.555320386746693,1133880.9396,1077880.9396
1629216000000.0,772495.2765,342063.0332,56000.0,164.86345604818482,14.68922158705297,1114558.3097,1058558.3097
1629302400000.0,772495.2765,342063.0332,56000.0,164.86345604818482,14.68922158705297,1114558.3097,1058558.3097
1629388800000.0,772495.2765,342063.0332,56000.0,164.86345604818482,14.68922158705297,1114558.3097,1058558.3097
1629475200000.0,839911.0685,342063.0332,56000.0,179.25111743519338,7.244135684517595,1181974.1017,1125974.1017
1629561600000.0,859460.5656000001,342063.0332,56000.0,183.42330819668598,5.085180327872574,1201523.5988,1145523.5988
1629648000000.0,809195.1120000001,346140.7926,56000.0,173.5660791308864,10.18593403494219,1155335.9046,1099335.9046
1629734400000.0,853408.6366999999,346140.7926,56000.0,183.0495374624236,5.371919408565851,1199549.4293,1143549.4293
1629820800000.0,809927.3607000001,346222.1535,56000.0,173.74059208347484,10.184210364074264,1156149.5142,1100149.5142
1629907200000.0,809927.3607000001,346222.1535,56000.0,173.74059208347484,10.184210364074264,1156149.5142,1100149.5142
1629993600000.0,809927.3607000001,346222.1535,56000.0,173.74059208347484,10.184210364074264,1156149.5142,1100149.5142
1630080000000.0,809927.3607000001,346222.1535,56000.0,173.74059208347484,10.184210364074264,1156149.5142,1100149.5142
1630166400000.0,794264.3191,346222.1535,56000.0,170.38065358348373,11.921141992348328,1140486.4726,1084486.4726
1630252800000.0,754356.9463,346222.1535,56000.0,161.81997158259975,16.346615651158213,1100579.0998,1044579.0998
1630339200000.0,737915.0497000001,346222.1535,56000.0,158.29295794054875,18.169917342022103,1084137.2032,1028137.2032000001
1630425600000.0,737915.0497000001,346222.1535,56000.0,158.29295794054875,18.169917342022103,1084137.2032,1028137.2032000001
1630512000000.0,738915.0497000001,346222.1535,57000.0,158.29295794054875,18.169917342022103,1085137.2032,1028137.2032000001
1630598400000.0,730400.7516,346222.1535,57000.0,156.46899531915702,19.112821018947546,1076622.9051,1019622.9051000001
1630684800000.0,692788.2923000001,346222.1535,57000.0,148.4115231639577,23.278158637579637,1039010.4458000001,982010.4458000001
1630771200000.0,671746.3422000001,346222.1535,57000.0,143.90384325742616,25.60841908723096,1017968.4957000001,960968.4957000001
1630857600000.0,637525.3245,346222.1535,57000.0,136.57289754496819,29.398176391765574,983747.478,926747.478
1630944000000.0,694087.5488,346222.1535,57000.0,148.68985442083488,23.134274348266448,1040309.7023,983309.7023
1631030400000.0,652968.9445999999,347938.11120000004,57000.0,140.24888212272955,27.49786366932191,1000907.0558,943907.0558
1631116800000.0,652968.9445999999,347938.11120000004,57000.0,140.24888212272955,27.49786366932191,1000907.0558,943907.0558
1631203200000.0,652968.9445999999,347938.11120000004,57000.0,140.24888212272955,27.49786366932191,1000907.0558,943907.0558
1631289600000.0,652968.9445999999,347938.11120000004,57000.0,140.24888212272955,27.49786366932191,1000907.0558,943907.0558
1631376000000.0,652968.9445999999,347938.11120000004,57000.0,140.24888212272955,27.49786366932191,1000907.0558,943907.0558
1631462400000.0,652968.9445999999,347938.11120000004,57000.0,140.24888212272955,27.49786366932191,1000907.0558,943907.0558
1631548800000.0,652968.9445999999,347938.11120000004,57000.0,140.24888212272955,27.49786366932191,1000907.0558,943907.0558
1631635200000.0,652968.9445999999,347938.11120000004,57000.0,140.24888212272955,27.49786366932191,1000907.0558,943907.0558
1631721600000.0,708054.4382,347938.11120000004,57000.0,152.08049978612613,21.381468701600348,1055992.5494,998992.5493999999
1631808000000.0,670854.0702000001,349925.3473,57000.0,144.5171961621834,25.291344218280397,1020779.4175000001,963779.4175000001
1631894400000.0,664336.3875,349925.3473,57000.0,143.11313934696878,26.017176161408674,1014261.7348,957261.7348
1631980800000.0,630701.6929,349925.3473,57000.0,135.8674625697314,29.762853400044964,980627.0402,923627.0402
1632067200000.0,594692.2143,349925.3473,57000.0,128.11020340756713,33.77299489147927,944617.5616,887617.5616
1632153600000.0,594692.2143,349925.3473,57000.0,128.11020340756713,33.77299489147927,944617.5616,887617.5616
1632240000000.0,594692.2143,349925.3473,57000.0,128.11020340756713,33.77299489147927,944617.5616,887617.5616
1632326400000.0,594692.2143,349925.3473,57000.0,128.11020340756713,33.77299489147927,944617.5616,887617.5616
1632412800000.0,594692.2143,349925.3473,57000.0,128.11020340756713,33.77299489147927,944617.5616,887617.5616
1632499200000.0,564621.1037,349925.3473,57000.0,121.63220352288383,37.12181895111366,914546.451,857546.451
1632585600000.0,564621.1037,349925.3473,57000.0,121.63220352288383,37.12181895111366,914546.451,857546.451
1632672000000.0,564621.1037,349925.3473,57000.0,121.63220352288383,37.12181895111366,914546.451,857546.451
1632758400000.0,541565.1345,349925.3473,57000.0,116.66542435048902,39.68941232676868,891490.4818000001,834490.4818000001
1632844800000.0,541565.1345,349925.3473,57000.0,116.66542435048902,39.68941232676868,891490.4818000001,834490.4818000001
1632931200000.0,541565.1345,349925.3473,57000.0,116.66542435048902,39.68941232676868,891490.4818000001,834490.4818000001
1633017600000.0,543282.5632,349925.3473,57000.0,117.03539748079805,39.49815345948673,893207.9105,836207.9105
1633104000000.0,662200.3732,349925.3473,58000.0,142.39089974469132,26.39054037875703,1012125.7205,954125.7205
1633190400000.0,675205.6725,349925.3473,58000.0,145.18738906079852,24.944885721301258,1025131.0198,967131.0198
1633276800000.0,676640.9445,349925.3473,58000.0,145.4960111633062,24.785342476378336,1026566.2918,968566.2918
1633363200000.0,673239.098,349925.3473,58000.0,144.76452262368554,25.16348796332416,1023164.4453,965164.4453
1633449600000.0,730183.8659,349925.3473,58000.0,157.00918007963156,18.83357067088839,1080109.2132,1022109.2132000001
1633536000000.0,875407.0967999999,349925.3473,58000.0,188.23608261331023,2.6907172633270804,1225332.4441,1167332.4441
1633622400000.0,802388.7792,378794.6411,58000.0,178.74285446643762,7.598273822105828,1181183.4202999999,1123183.4202999999
1633708800000.0,813964.9425,378794.6411,58000.0,181.32159998936805,6.265182558661619,1192759.5836,1134759.5836
1633795200000.0,833671.1582,378794.6411,58000.0,185.71142364625067,3.9958482978692533,1212465.7993,1154465.7993
1633881600000.0,845623.2522,378794.6411,58000.0,188.373912770963,2.6194654948325957,1224417.8933,1166417.8933
1633968000000.0,909569.0086000001,378794.6411,58000.0,202.61868703282056,0.5426517562196254,1288363.6497,1230363.6497
1634054400000.0,873718.1634,378794.6411,58000.0,194.63243077874955,4.973019317087979,1252512.8045,1194512.8045
1634140800000.0,824445.5473,383640.9698,58000.0,184.70836696703088,9.818326013196621,1208086.5171,1150086.5171
1634227200000.0,833276.3596999999,383640.9698,58000.0,186.68681774857492,8.852370835800738,1216917.3295,1158917.3295
1634313600000.0,913451.1322999999,383640.9698,58000.0,204.64913359514276,0.9915898551866142,1297092.1021,1239092.1021
1634400000000.0,940185.8301,383640.9698,58000.0,210.638761883108,5.904424499179372,1323826.7999,1265826.7999
1634486400000.0,934945.9857000001,383640.9698,58000.0,209.46482977145436,6.42883803378913,1318586.9555000002,1260586.9555000002
1634572800000.0,884705.6849999999,390336.5406,58000.0,199.7090903218449,10.786876932899636,1275042.2256,1217042.2256
1634659200000.0,900439.1780000001,390336.5406,58000.0,203.26069129817995,9.20032213723968,1290775.7186,1232775.7186
1634745600000.0,1024038.1812,390336.5406,58000.0,231.16131962268176,0.2753454954686929,1414374.7218,1356374.7218
1634832000000.0,962488.9222,398979.1225,58000.0,219.21842772683894,5.427594885816223,1361468.0447,1303468.0447
1634918400000.0,967668.2377999999,399554.602,58000.0,220.52915152283703,4.862139220828087,1367222.8398,1309222.8398
1635004800000.0,967668.2377999999,399554.602,58000.0,220.52915152283703,4.862139220828087,1367222.8398,1309222.8398
1635091200000.0,967668.2377999999,399554.602,58000.0,220.52915152283703,4.862139220828087,1367222.8398,1309222.8398
1635177600000.0,978898.1882,399554.602,58000.0,223.08842890388033,3.7580485666373398,1378452.7902,1320452.7902
1635264000000.0,929291.1782,399554.602,58000.0,211.783116403641,8.635241623816537,1328845.7802,1270845.7802
1635350400000.0,902717.6318999999,399554.602,58000.0,205.7270722042208,11.247862612644344,1302272.2338999999,1244272.2338999999
1635436800000.0,902717.6318999999,399554.602,58000.0,205.7270722042208,11.247862612644344,1302272.2338999999,1244272.2338999999
1635523200000.0,914101.5671999999,399554.602,58000.0,208.32144235571766,10.12863268508899,1313656.1692,1255656.1692
1635609600000.0,876006.5872000001,399565.204,58000.0,199.64210863519634,13.872959625345782,1275571.7912,1217571.7912
1635696000000.0,862761.1381,399565.204,58000.0,196.62346764917777,15.175223039896657,1262326.3421,1204326.3421
1635782400000.0,865159.8032,399565.204,59000.0,196.94185472392718,15.03786856779068,1264725.0071999999,1205725.0071999999
1635868800000.0,937539.131,399565.204,59000.0,213.41802364425772,7.929930891105785,1337104.335,1278104.335
1635955200000.0,887236.8453,403982.2097,59000.0,202.9728641323361,12.43604776771534,1291219.0550000002,1232219.0550000002
1636041600000.0,822518.639,403982.2097,59000.0,188.16730261423126,18.823273405415474,1226500.8487,1167500.8487
1636128000000.0,822518.639,403982.2097,59000.0,188.16730261423126,18.823273405415474,1226500.8487,1167500.8487
1636214400000.0,822518.639,403982.2097,59000.0,188.16730261423126,18.823273405415474,1226500.8487,1167500.8487
1636300800000.0,826980.6624,403982.2097,59000.0,189.18807815361643,18.382903502016323,1230962.8721,1171962.8721
1636387200000.0,1056592.3787,403982.2097,59000.0,241.7162705327257,0.5865259262051281,1460574.5884,1401574.5884
1636473600000.0,1076841.9877,403982.2097,59000.0,246.34876653203258,7.739050613488018,1480824.1974,1421824.1974
1636560000000.0,1158397.2114,403982.2097,59000.0,265.0061266574962,2.8248767610401404,1562379.4211,1503379.4211
1636646400000.0,1072251.5147,431730.3069,59000.0,251.6465281559707,7.723709279303515,1503981.8216,1444981.8216
1636732800000.0,1072251.5147,431730.3069,59000.0,251.6465281559707,7.723709279303515,1503981.8216,1444981.8216
1636819200000.0,1072251.5147,431730.3069,59000.0,251.6465281559707,7.723709279303515,1503981.8216,1444981.8216
1636905600000.0,1072251.5147,431730.3069,59000.0,251.6465281559707,7.723709279303515,1503981.8216,1444981.8216
1636992000000.0,1019385.7424999999,431730.3069,59000.0,239.23946894455375,12.273255069468403,1451116.0494,1392116.0494
1637078400000.0,1019385.7424999999,431730.3069,59000.0,239.23946894455375,12.273255069468403,1451116.0494,1392116.0494
1637164800000.0,1019385.7424999999,431730.3069,59000.0,239.23946894455375,12.273255069468403,1451116.0494,1392116.0494
1637251200000.0,1019385.7424999999,431730.3069,59000.0,239.23946894455375,12.273255069468403,1451116.0494,1392116.0494
1637337600000.0,1019385.7424999999,431730.3069,59000.0,239.23946894455375,12.273255069468403,1451116.0494,1392116.0494
1637424000000.0,1019385.7424999999,431730.3069,59000.0,239.23946894455375,12.273255069468403,1451116.0494,1392116.0494
1637510400000.0,1019385.7424999999,431730.3069,59000.0,239.23946894455375,12.273255069468403,1451116.0494,1392116.0494
1637596800000.0,969735.9682,431730.3069,59000.0,227.58717174092777,16.546037103080725,1401466.2751,1342466.2751
1637683200000.0,969735.9682,431730.3069,59000.0,227.58717174092777,16.546037103080725,1401466.2751,1342466.2751
1637769600000.0,969735.9682,431730.3069,59000.0,227.58717174092777,16.546037103080725,1401466.2751,1342466.2751
1637856000000.0,982961.8578,431730.3069,59000.0,230.69115355301722,15.407837700200055,1414692.1647,1355692.1647
1637942400000.0,935523.9074,431730.3069,59000.0,219.5579489295338,19.490273623388376,1367254.2143,1308254.2143
1638028800000.0,935523.9074,431730.3069,59000.0,219.5579489295338,19.490273623388376,1367254.2143,1308254.2143
1638115200000.0,935523.9074,431730.3069,59000.0,219.5579489295338,19.490273623388376,1367254.2143,1308254.2143
1638201600000.0,918081.1492000001,431730.3069,59000.0,215.464310932928,20.991370152111244,1349811.4561,1290811.4561
1638288000000.0,906968.6488999999,431730.3069,59000.0,212.8563201012157,21.947694572509512,1338698.9557999999,1279698.9557999999
1638374400000.0,956628.7274,431730.3069,60000.0,224.26371964868312,17.764714085066334,1388359.0343,1328359.0343
1638460800000.0,906882.1505999999,433626.1263,60000.0,213.04600421199868,21.87813928684763,1340508.2769,1280508.2769
1638547200000.0,906882.1505999999,433626.1263,60000.0,213.04600421199868,21.87813928684763,1340508.2769,1280508.2769
1638633600000.0,906882.1505999999,433626.1263,60000.0,213.04600421199868,21.87813928684763,1340508.2769,1280508.2769
1638720000000.0,906882.1505999999,433626.1263,60000.0,213.04600421199868,21.87813928684763,1340508.2769,1280508.2769
1638806400000.0,906882.1505999999,433626.1263,60000.0,213.04600421199868,21.87813928684763,1340508.2769,1280508.2769
1638892800000.0,906882.1505999999,433626.1263,60000.0,213.04600421199868,21.87813928684763,1340508.2769,1280508.2769
1638979200000.0,861172.3599,433626.1263,60000.0,202.30779720730814,25.815733493471036,1294798.4862000002,1234798.4862000002
1639065600000.0,861172.3599,433626.1263,60000.0,202.30779720730814,25.815733493471036,1294798.4862000002,1234798.4862000002
1639152000000.0,861172.3599,433626.1263,60000.0,202.30779720730814,25.815733493471036,1294798.4862000002,1234798.4862000002
1639238400000.0,861172.3599,433626.1263,60000.0,202.30779720730814,25.815733493471036,1294798.4862000002,1234798.4862000002
1639324800000.0,850556.7387999999,433626.1263,60000.0,199.81396087357138,26.730198589524733,1284182.8651,1224182.8651
1639411200000.0,807558.9650999999,433626.1263,60000.0,189.7128646388113,30.43417058384028,1241185.0913999998,1181185.0913999998
1639497600000.0,807558.9650999999,433626.1263,60000.0,189.7128646388113,30.43417058384028,1241185.0913999998,1181185.0913999998
1639584000000.0,807558.9650999999,433626.1263,60000.0,189.7128646388113,30.43417058384028,1241185.0913999998,1181185.0913999998
1639670400000.0,793929.1511,433626.1263,60000.0,186.51092995641451,31.608288334586277,1227555.2774,1167555.2774
1639756800000.0,777848.1864,433626.1263,60000.0,182.73316757467336,32.99355640232292,1211474.3127000001,1151474.3127000001
1639843200000.0,777848.1864,433626.1263,60000.0,182.73316757467336,32.99355640232292,1211474.3127000001,1151474.3127000001
1639929600000.0,777848.1864,433626.1263,60000.0,182.73316757467336,32.99355640232292,1211474.3127000001,1151474.3127000001
1640016000000.0,777848.1864,433626.1263,60000.0,182.73316757467336,32.99355640232292,1211474.3127000001,1151474.3127000001
1640102400000.0,768964.496,433626.1263,60000.0,180.64619878702624,33.75882719697735,1202590.6223,1142590.6223
1640188800000.0,787348.5653,433626.1263,60000.0,184.96500967433965,32.175161998312504,1220974.6916,1160974.6916
1640275200000.0,765553.7563,433626.1263,60000.0,179.8449431177957,34.05263971891962,1199179.8826000001,1139179.8826000001
1640361600000.0,870777.7023,433626.1263,60000.0,204.56429747700048,24.988297182613593,1304403.8286000001,1244403.8286000001
1640448000000.0,856167.409,433626.1263,60000.0,201.13202724666132,26.24687669860225,1289793.5353,1229793.5353
1640534400000.0,805448.1908,440250.1527,60000.0,190.75101762062016,30.05349016252099,1245698.3435,1185698.3435
1640620800000.0,873134.1746,440250.1527,60000.0,206.7808137465249,24.175522608799405,1313384.3273,1253384.3273
1640707200000.0,826509.0526,442590.2484,60000.0,196.2929711657493,28.021310659635223,1269099.301,1209099.301
1640793600000.0,826509.0526,442590.2484,60000.0,196.2929711657493,28.021310659635223,1269099.301,1209099.301
1640880000000.0,826509.0526,442590.2484,60000.0,196.2929711657493,28.021310659635223,1269099.301,1209099.301
1640966400000.0,826509.0526,442590.2484,60000.0,196.2929711657493,28.021310659635223,1269099.301,1209099.301
1641052800000.0,827509.0526,442590.2484,61000.0,196.2929711657493,28.021310659635223,1270099.301,1209099.301
1641139200000.0,827509.0526,442590.2484,61000.0,196.2929711657493,28.021310659635223,1270099.301,1209099.301
1641225600000.0,827509.0526,442590.2484,61000.0,196.2929711657493,28.021310659635223,1270099.301,1209099.301
1641312000000.0,827509.0526,442590.2484,61000.0,196.2929711657493,28.021310659635223,1270099.301,1209099.301
1641398400000.0,827509.0526,442590.2484,61000.0,196.2929711657493,28.021310659635223,1270099.301,1209099.301
1641484800000.0,827509.0526,442590.2484,61000.0,196.2929711657493,28.021310659635223,1270099.301,1209099.301
1641571200000.0,827509.0526,442590.2484,61000.0,196.2929711657493,28.021310659635223,1270099.301,1209099.301
1641657600000.0,827509.0526,442590.2484,61000.0,196.2929711657493,28.021310659635223,1270099.301,1209099.301
1641744000000.0,827509.0526,442590.2484,61000.0,196.2929711657493,28.021310659635223,1270099.301,1209099.301
1641830400000.0,827509.0526,442590.2484,61000.0,196.2929711657493,28.021310659635223,1270099.301,1209099.301
1641916800000.0,827509.0526,442590.2484,61000.0,196.2929711657493,28.021310659635223,1270099.301,1209099.301
1642003200000.0,863417.4663,442590.2484,61000.0,204.81078640036884,24.897912134511234,1306007.7147,1245007.7147
1642089600000.0,847982.6961000001,442590.2484,61000.0,201.14951297707609,26.240464854357715,1290572.9445,1229572.9445
1642176000000.0,826494.3559,443018.6519,61000.0,196.15330155382563,28.072526123679797,1269513.0078,1208513.0078
1642262400000.0,800034.9892,443018.6519,61000.0,189.87365536123104,30.375210217663483,1243053.6411,1182053.6411
1642348800000.0,760532.2281,443018.6519,61000.0,180.49839834351155,33.81302415647585,1203550.88,1142550.88
1642435200000.0,721761.9533,443018.6519,61000.0,171.296983536646,37.18709187750473,1164780.6052,1103780.6052
1642521600000.0,721761.9533,443018.6519,61000.0,171.296983536646,37.18709187750473,1164780.6052,1103780.6052
1642608000000.0,721761.9533,443018.6519,61000.0,171.296983536646,37.18709187750473,1164780.6052,1103780.6052
1642694400000.0,721761.9533,443018.6519,61000.0,171.296983536646,37.18709187750473,1164780.6052,1103780.6052
1642780800000.0,686606.5364999999,443018.6519,61000.0,162.9534890849365,40.24656869720985,1129625.1883999999,1068625.1883999999
1642867200000.0,686606.5364999999,443018.6519,61000.0,162.9534890849365,40.24656869720985,1129625.1883999999,1068625.1883999999
1642953600000.0,686606.5364999999,443018.6519,61000.0,162.9534890849365,40.24656869720985,1129625.1883999999,1068625.1883999999
1643040000000.0,686606.5364999999,443018.6519,61000.0,162.9534890849365,40.24656869720985,1129625.1883999999,1068625.1883999999
1643126400000.0,686606.5364999999,443018.6519,61000.0,162.9534890849365,40.24656869720985,1129625.1883999999,1068625.1883999999
1643212800000.0,710072.4001,443018.6519,61000.0,168.52268213034995,38.20440073922502,1153091.052,1092091.052
1643299200000.0,671289.7357,443018.6519,61000.0,159.31832687878855,41.579546692215175,1114308.3876,1053308.3876
1643385600000.0,671289.7357,443018.6519,61000.0,159.31832687878855,41.579546692215175,1114308.3876,1053308.3876
1643472000000.0,695138.3532,443018.6519,61000.0,164.97835955381552,39.50406874131049,1138157.0051,1077157.0051
1643558400000.0,708999.0843,443018.6519,61000.0,168.2679502785509,38.29780838758272,1152017.7362,1091017.7362
1643644800000.0,672883.7492,443195.7645,61000.0,159.73867122778879,41.42541058060109,1116079.5137,1055079.5137
1643731200000.0,681842.9898,443195.7645,62000.0,161.62534458789818,40.73358613641665,1125038.7543,1063038.7543
1643817600000.0,649581.5488,443195.7645,62000.0,153.97803194183487,43.53777997978581,1092777.3133,1030777.3133
1643904000000.0,649581.5488,443195.7645,62000.0,153.97803194183487,43.53777997978581,1092777.3133,1030777.3133
1643990400000.0,649581.5488,443195.7645,62000.0,153.97803194183487,43.53777997978581,1092777.3133,1030777.3133
1644076800000.0,692474.3105,443195.7645,62000.0,164.14541284007157,39.80950205555296,1135670.075,1073670.075
1644163200000.0,685342.2332,443195.7645,62000.0,162.45481182417177,40.429428712117776,1128537.9977,1066537.9977
1644249600000.0,753499.5377,443195.7645,62000.0,178.6109474606561,34.50513371055425,1196695.3022,1134695.3022
1644336000000.0,741543.6853,443195.7645,62000.0,175.77690972337754,35.544347293490915,1184739.4498,1122739.4498
1644422400000.0,754442.3986,443195.7645,62000.0,178.8344449815526,34.423179382136816,1197638.1631,1135638.1631
1644508800000.0,786208.6286,443195.7645,62000.0,186.36437188087353,31.662029730047546,1229404.3931,1167404.3931
1644595200000.0,737211.1506,452932.3869,62000.0,177.05790483480624,35.074619067235716,1190143.5375,1128143.5375
1644681600000.0,731166.0754,452932.3869,62000.0,175.6060435212467,35.60700223833639,1184098.4623,1122098.4623
1644768000000.0,731166.0754,452932.3869,62000.0,175.6060435212467,35.60700223833639,1184098.4623,1122098.4623
1644854400000.0,731166.0754,452932.3869,62000.0,175.6060435212467,35.60700223833639,1184098.4623,1122098.4623
1644940800000.0,761355.2201,452932.3869,62000.0,182.85664832420775,32.94827723385618,1214287.607,1152287.607
1645027200000.0,723903.9140000001,452932.3869,62000.0,173.86187147364583,36.24657286190397,1176836.3009000001,1114836.3009000001
1645113600000.0,701294.638,452932.3869,62000.0,168.43174330055214,38.23774710787041,1154227.0249,1092227.0249
1645200000000.0,701294.638,452932.3869,62000.0,168.43174330055214,38.23774710787041,1154227.0249,1092227.0249
1645286400000.0,701294.638,452932.3869,62000.0,168.43174330055214,38.23774710787041,1154227.0249,1092227.0249
1645372800000.0,701294.638,452932.3869,62000.0,168.43174330055214,38.23774710787041,1154227.0249,1092227.0249
1645459200000.0,701294.638,452932.3869,62000.0,168.43174330055214,38.23774710787041,1154227.0249,1092227.0249
1645545600000.0,701294.638,452932.3869,62000.0,168.43174330055214,38.23774710787041,1154227.0249,1092227.0249
1645632000000.0,701294.638,452932.3869,62000.0,168.43174330055214,38.23774710787041,1154227.0249,1092227.0249
1645718400000.0,701294.638,452932.3869,62000.0,168.43174330055214,38.23774710787041,1154227.0249,1092227.0249
1645804800000.0,719881.9034,452932.3869,62000.0,172.89589480674408,36.60078694305031,1172814.2903,1110814.2903
1645891200000.0,714199.1563,452932.3869,62000.0,171.53105476815654,37.10126027407872,1167131.5432,1105131.5432
1645977600000.0,677824.6949,452932.3869,62000.0,162.79490648860752,40.304719365408324,1130757.0818,1068757.0818
1646064000000.0,643086.4591,452932.3869,62000.0,154.45173473462694,43.36407785505077,1096018.846,1034018.8459999999
1646150400000.0,704835.2452,452932.3869,63000.0,169.01927495163227,38.02230506764056,1157767.6321,1094767.6321
1646236800000.0,716937.1693,452932.3869,63000.0,171.92131262757349,36.95815658035608,1169869.5562,1106869.5562
1646323200000.0,678995.1775000001,456811.1333,63000.0,163.7529568604412,39.95341177819773,1135806.3108,1072806.3108
1646409600000.0,676733.7509999999,456811.1333,63000.0,163.2075696642301,40.15339986403268,1133544.8843,1070544.8843
1646496000000.0,676733.7509999999,456811.1333,63000.0,163.2075696642301,40.15339986403268,1133544.8843,1070544.8843
1646582400000.0,676733.7509999999,456811.1333,63000.0,163.2075696642301,40.15339986403268,1133544.8843,1070544.8843
1646668800000.0,676733.7509999999,456811.1333,63000.0,163.2075696642301,40.15339986403268,1133544.8843,1070544.8843
1646755200000.0,676733.7509999999,456811.1333,63000.0,163.2075696642301,40.15339986403268,1133544.8843,1070544.8843
1646841600000.0,703806.6955,456811.1333,63000.0,169.73673932507594,37.75921798437829,1160617.8288,1097617.8288
1646928000000.0,668680.6539,456811.1333,63000.0,161.2654079144742,40.86557135139775,1125491.7872000001,1062491.7872000001
1647014400000.0,668680.6539,456811.1333,63000.0,161.2654079144742,40.86557135139775,1125491.7872000001,1062491.7872000001
1647100800000.0,668680.6539,456811.1333,63000.0,161.2654079144742,40.86557135139775,1125491.7872000001,1062491.7872000001
1647187200000.0,668680.6539,456811.1333,63000.0,161.2654079144742,40.86557135139775,1125491.7872000001,1062491.7872000001
1647273600000.0,668680.6539,456811.1333,63000.0,161.2654079144742,40.86557135139775,1125491.7872000001,1062491.7872000001
1647360000000.0,668680.6539,456811.1333,63000.0,161.2654079144742,40.86557135139775,1125491.7872000001,1062491.7872000001
1647446400000.0,717643.4027,456811.1333,63000.0,173.073731681273,36.53557592164207,1174454.5359999998,1111454.5359999998
1647532800000.0,676201.5186000001,457646.78489999997,63000.0,163.28074513412253,40.12656714361766,1133848.3035,1070848.3035
1647619200000.0,681027.2211,457646.78489999997,63000.0,164.44599584463106,39.69928124337771,1138674.006,1075674.006
1647705600000.0,720922.9257,457646.78489999997,63000.0,174.07951513666958,36.166765085218685,1178569.7105999999,1115569.7105999999
1647792000000.0,697246.2954,457646.78489999997,63000.0,168.36237648597097,38.26318323208625,1154893.0803,1091893.0803
1647878400000.0,661563.2698,458441.79089999996,63000.0,159.9319286151371,41.35454500979605,1120005.0607,1057005.0607
1647964800000.0,630960.2927999999,458441.79089999996,63000.0,152.53370480737593,44.06740044199429,1089402.0836999998,1026402.0836999998
1648051200000.0,635965.3872,458441.79089999996,63000.0,153.74367887461037,43.62371492957813,1094407.1781,1031407.1780999999
1648137600000.0,691993.1875,458441.79089999996,63000.0,167.2883155965851,38.65703072764666,1150434.9784,1087434.9784
1648224000000.0,704894.9526,458441.79089999996,63000.0,170.4072979663383,37.51333076876748,1163336.7434999999,1100336.7434999999
1648310400000.0,700317.2993,458441.79089999996,63000.0,169.30065714418112,37.91912500315276,1158759.0902,1095759.0902
1648396800000.0,726761.8632,458441.79089999996,63000.0,175.69359081958277,35.57489951070383,1185203.6541,1122203.6541
1648483200000.0,830762.1725999999,458441.79089999996,63000.0,200.8355096929527,26.35560675019608,1289203.9634999998,1226203.9634999998
1648569600000.0,831471.3237000001,458441.79089999996,63000.0,201.00694590817196,26.29274278719389,1289913.1146,1226913.1146
1648656000000.0,820151.2615,458441.79089999996,63000.0,198.2703378431011,27.296229873829027,1278593.0524,1215593.0524
1648742400000.0,782760.178,475308.44479999994,63000.0,193.3085877588711,29.115654511279487,1258068.6228,1195068.6228
1648828800000.0,783760.178,475308.44479999994,64000.0,193.3085877588711,29.115654511279487,1259068.6228,1195068.6228
1648915200000.0,761536.7866,475308.44479999994,64000.0,187.82735443350737,31.125568510672107,1236845.2314,1172845.2314
1649001600000.0,764276.5097999999,475628.4847999999,64000.0,188.5820221490551,30.848839330151712,1239904.9945999999,1175904.9945999999
1649088000000.0,727663.9023,475628.4847999999,64000.0,179.54801486246916,34.161520370731026,1203292.3871,1139292.3871
1649174400000.0,690572.0911999999,475628.4847999999,64000.0,170.39576609815842,37.51755939067025,1166200.576,1102200.576
1649260800000.0,690572.0911999999,475628.4847999999,64000.0,170.39576609815842,37.51755939067025,1166200.576,1102200.576
1649347200000.0,690572.0911999999,475628.4847999999,64000.0,170.39576609815842,37.51755939067025,1166200.576,1102200.576
1649433600000.0,690572.0911999999,475628.4847999999,64000.0,170.39576609815842,37.51755939067025,1166200.576,1102200.576
1649520000000.0,690572.0911999999,475628.4847999999,64000.0,170.39576609815842,37.51755939067025,1166200.576,1102200.576
1649606400000.0,690572.0911999999,475628.4847999999,64000.0,170.39576609815842,37.51755939067025,1166200.576,1102200.576
1649692800000.0,690572.0911999999,475628.4847999999,64000.0,170.39576609815842,37.51755939067025,1166200.576,1102200.576
1649779200000.0,690572.0911999999,475628.4847999999,64000.0,170.39576609815842,37.51755939067025,1166200.576,1102200.576
1649865600000.0,690572.0911999999,475628.4847999999,64000.0,170.39576609815842,37.51755939067025,1166200.576,1102200.576
1649952000000.0,654016.1241,475628.4847999999,64000.0,161.37573459262867,40.82511565068837,1129644.6088999999,1065644.6088999999
1650038400000.0,654016.1241,475628.4847999999,64000.0,161.37573459262867,40.82511565068837,1129644.6088999999,1065644.6088999999
1650124800000.0,654016.1241,475628.4847999999,64000.0,161.37573459262867,40.82511565068837,1129644.6088999999,1065644.6088999999
1650211200000.0,654016.1241,475628.4847999999,64000.0,161.37573459262867,40.82511565068837,1129644.6088999999,1065644.6088999999
1650297600000.0,654016.1241,475628.4847999999,64000.0,161.37573459262867,40.82511565068837,1129644.6088999999,1065644.6088999999
1650384000000.0,692491.0558,475628.4847999999,64000.0,170.86926256188616,37.34393292476057,1168119.5406,1104119.5406
1650470400000.0,682455.5962,475628.4847999999,64000.0,168.39305501095882,38.25193372067274,1158084.081,1094084.081
1650556800000.0,730065.9875,475628.4847999999,64000.0,180.1407193072373,33.94418151826343,1205694.4723,1141694.4723
1650643200000.0,689845.2672,479609.5006999999,64000.0,171.1987242960019,37.22312256833966,1169454.7678999999,1105454.7678999999
1650729600000.0,689845.2672,479609.5006999999,64000.0,171.1987242960019,37.22312256833966,1169454.7678999999,1105454.7678999999
1650816000000.0,689845.2672,479609.5006999999,64000.0,171.1987242960019,37.22312256833966,1169454.7678999999,1105454.7678999999
1650902400000.0,689845.2672,479609.5006999999,64000.0,171.1987242960019,37.22312256833966,1169454.7678999999,1105454.7678999999
1650988800000.0,655310.7250000001,479609.5006999999,64000.0,162.6282957522451,40.365813873083155,1134920.2257,1070920.2257
1651075200000.0,655310.7250000001,479609.5006999999,64000.0,162.6282957522451,40.365813873083155,1134920.2257,1070920.2257
1651161600000.0,655310.7250000001,479609.5006999999,64000.0,162.6282957522451,40.365813873083155,1134920.2257,1070920.2257
1651248000000.0,622205.7742,479609.5006999999,64000.0,154.4126485421892,43.378410374887146,1101815.2748999998,1037815.2748999998
1651334400000.0,622205.7742,479609.5006999999,64000.0,154.4126485421892,43.378410374887146,1101815.2748999998,1037815.2748999998
1651420800000.0,623205.7742,479609.5006999999,65000.0,154.4126485421892,43.378410374887146,1102815.2748999998,1037815.2748999998
1651507200000.0,623205.7742,479609.5006999999,65000.0,154.4126485421892,43.378410374887146,1102815.2748999998,1037815.2748999998
1651593600000.0,620008.1975,479609.5006999999,65000.0,153.62038006907116,43.66892738098297,1099617.6982,1034617.6982
1651680000000.0,620008.1975,479609.5006999999,65000.0,153.62038006907116,43.66892738098297,1099617.6982,1034617.6982
1651766400000.0,589056.7768999999,479609.5006999999,65000.0,145.95149921326652,46.48103007335156,1068666.2776,1003666.2775999999
1651852800000.0,589056.7768999999,479609.5006999999,65000.0,145.95149921326652,46.48103007335156,1068666.2776,1003666.2775999999
1651939200000.0,589056.7768999999,479609.5006999999,65000.0,145.95149921326652,46.48103007335156,1068666.2776,1003666.2775999999
1652025600000.0,589056.7768999999,479609.5006999999,65000.0,145.95149921326652,46.48103007335156,1068666.2776,1003666.2775999999
1652112000000.0,589056.7768999999,479609.5006999999,65000.0,145.95149921326652,46.48103007335156,1068666.2776,1003666.2775999999
1652198400000.0,589056.7768999999,479609.5006999999,65000.0,145.95149921326652,46.48103007335156,1068666.2776,1003666.2775999999
1652284800000.0,589056.7768999999,479609.5006999999,65000.0,145.95149921326652,46.48103007335156,1068666.2776,1003666.2775999999
1652371200000.0,589056.7768999999,479609.5006999999,65000.0,145.95149921326652,46.48103007335156,1068666.2776,1003666.2775999999
1652457600000.0,589056.7768999999,479609.5006999999,65000.0,145.95149921326652,46.48103007335156,1068666.2776,1003666.2775999999
1652544000000.0,589056.7768999999,479609.5006999999,65000.0,145.95149921326652,46.48103007335156,1068666.2776,1003666.2775999999
1652630400000.0,589056.7768999999,479609.5006999999,65000.0,145.95149921326652,46.48103007335156,1068666.2776,1003666.2775999999
1652716800000.0,560249.1971,479609.5006999999,65000.0,138.8138010738059,49.09835332203638,1039858.6978,974858.6978
1652803200000.0,540724.5661,479609.5006999999,65000.0,133.9761533668522,50.87227084628092,1020334.0667999999,955334.0667999999
1652889600000.0,524517.2779,479609.5006999999,65000.0,129.9604487629256,52.34478997140351,1004126.7785999998,939126.7785999998
1652976000000.0,524517.2779,479609.5006999999,65000.0,129.9604487629256,52.34478997140351,1004126.7785999998,939126.7785999998
1653062400000.0,497670.4008,479609.5006999999,65000.0,123.30855693246374,54.783972855778075,977279.9014999999,912279.9014999999
1653148800000.0,497670.4008,479609.5006999999,65000.0,123.30855693246374,54.783972855778075,977279.9014999999,912279.9014999999
1653235200000.0,497670.4008,479609.5006999999,65000.0,123.30855693246374,54.783972855778075,977279.9014999999,912279.9014999999
1653321600000.0,521068.6141,479609.5006999999,65000.0,129.1059680547307,52.65811958823712,1000678.1147999999,935678.1147999999
1653408000000.0,493841.6394,479609.5006999999,65000.0,122.3598988601456,55.13183637973461,973451.1401,908451.1401
1653494400000.0,486454.5633,479609.5006999999,65000.0,120.52959170830968,55.802991893337804,966064.0639999999,901064.0639999999
1653580800000.0,470138.78800000006,479609.5006999999,65000.0,116.48700708956753,57.28536765379678,949748.2886999999,884748.2886999999
1653667200000.0,470138.78800000006,479609.5006999999,65000.0,116.48700708956753,57.28536765379678,949748.2886999999,884748.2886999999
1653753600000.0,470138.78800000006,479609.5006999999,65000.0,116.48700708956753,57.28536765379678,949748.2886999999,884748.2886999999
1653840000000.0,470138.78800000006,479609.5006999999,65000.0,116.48700708956753,57.28536765379678,949748.2886999999,884748.2886999999
1653926400000.0,555871.5566,479609.5006999999,65000.0,137.7291463867753,49.496085458320685,1035481.0573,970481.0573
1654012800000.0,661680.2258,479609.5006999999,65000.0,163.94552230349314,39.88279993651634,1141289.7264999999,1076289.7264999999
1654099200000.0,616640.7488,495776.3851999999,66000.0,156.55511322676531,42.592789784205934,1112417.1339999998,1046417.1339999998
1654185600000.0,616640.7488,495776.3851999999,66000.0,156.55511322676531,42.592789784205934,1112417.1339999998,1046417.1339999998
1654272000000.0,616640.7488,495776.3851999999,66000.0,156.55511322676531,42.592789784205934,1112417.1339999998,1046417.1339999998
1654358400000.0,616640.7488,495776.3851999999,66000.0,156.55511322676531,42.592789784205934,1112417.1339999998,1046417.1339999998
1654444800000.0,616640.7488,495776.3851999999,66000.0,156.55511322676531,42.592789784205934,1112417.1339999998,1046417.1339999998
1654531200000.0,633515.9385,495776.3851999999,66000.0,160.83945097017244,41.021765546147485,1129292.3237,1063292.3237
1654617600000.0,603175.823,495776.3851999999,66000.0,153.13658633357633,43.84632975451266,1098952.2081999998,1032952.2081999998
1654704000000.0,598081.9356,495776.3851999999,66000.0,151.84333070584933,44.320553790722485,1093858.3207999999,1027858.3207999999
1654790400000.0,587333.2135,495776.3851999999,66000.0,149.1144040030921,45.32122419783822,1083109.5987,1017109.5987
1654876800000.0,587333.2135,495776.3851999999,66000.0,149.1144040030921,45.32122419783822,1083109.5987,1017109.5987
1654963200000.0,587333.2135,495776.3851999999,66000.0,149.1144040030921,45.32122419783822,1083109.5987,1017109.5987
1655049600000.0,587333.2135,495776.3851999999,66000.0,149.1144040030921,45.32122419783822,1083109.5987,1017109.5987
1655136000000.0,587333.2135,495776.3851999999,66000.0,149.1144040030921,45.32122419783822,1083109.5987,1017109.5987
1655222400000.0,587333.2135,495776.3851999999,66000.0,149.1144040030921,45.32122419783822,1083109.5987,1017109.5987
1655308800000.0,587333.2135,495776.3851999999,66000.0,149.1144040030921,45.32122419783822,1083109.5987,1017109.5987
1655395200000.0,587333.2135,495776.3851999999,66000.0,149.1144040030921,45.32122419783822,1083109.5987,1017109.5987
1655481600000.0,587333.2135,495776.3851999999,66000.0,149.1144040030921,45.32122419783822,1083109.5987,1017109.5987
1655568000000.0,587333.2135,495776.3851999999,66000.0,149.1144040030921,45.32122419783822,1083109.5987,1017109.5987
1655654400000.0,587333.2135,495776.3851999999,66000.0,149.1144040030921,45.32122419783822,1083109.5987,1017109.5987
1655740800000.0,587333.2135,495776.3851999999,66000.0,149.1144040030921,45.32122419783822,1083109.5987,1017109.5987
1655827200000.0,601244.2895,495776.3851999999,66000.0,152.64620121650088,44.0261491224171,1097020.6746999999,1031020.6746999999
1655913600000.0,571010.7772,496271.0908999999,66000.0,145.0952422746283,46.79501101630509,1067281.8680999998,1001281.8680999998
1656000000000.0,571010.7772,496271.0908999999,66000.0,145.0952422746283,46.79501101630509,1067281.8680999998,1001281.8680999998
1656086400000.0,566263.3902,496271.0908999999,66000.0,143.88891956682562,47.23735761136395,1062534.4811,996534.4811
1656172800000.0,569947.764,496271.0908999999,66000.0,144.82512800716833,46.8940592442087,1066218.8549,1000218.8548999999
1656259200000.0,587213.8809,496271.0908999999,66000.0,149.21249075894013,45.28525675547051,1083484.9718,1017484.9717999999
1656345600000.0,558916.1752,496521.9442999999,66000.0,142.08412078930903,47.89915945662231,1055438.1195,989438.1195
1656432000000.0,558916.1752,496521.9442999999,66000.0,142.08412078930903,47.89915945662231,1055438.1195,989438.1195
1656518400000.0,558916.1752,496521.9442999999,66000.0,142.08412078930903,47.89915945662231,1055438.1195,989438.1195
1656604800000.0,558916.1752,496521.9442999999,66000.0,142.08412078930903,47.89915945662231,1055438.1195,989438.1195
1656691200000.0,559916.1752,496521.9442999999,67000.0,142.08412078930903,47.89915945662231,1056438.1195,989438.1195
1656777600000.0,559916.1752,496521.9442999999,67000.0,142.08412078930903,47.89915945662231,1056438.1195,989438.1195
1656864000000.0,559916.1752,496521.9442999999,67000.0,142.08412078930903,47.89915945662231,1056438.1195,989438.1195
1656950400000.0,559916.1752,496521.9442999999,67000.0,142.08412078930903,47.89915945662231,1056438.1195,989438.1195
1657036800000.0,537151.5089,496521.9442999999,67000.0,136.30736751879996,50.01743769442433,1033673.4531999999,966673.4531999999
1657123200000.0,562692.5854,496521.9442999999,67000.0,142.78866161111426,47.64081131181022,1059214.5296999998,992214.5296999998
1657209600000.0,606112.6735,496521.9442999999,67000.0,153.80692705072082,43.60052244951854,1102634.6178,1035634.6177999999
1657296000000.0,669170.9609,496521.9442999999,67000.0,169.80857465539702,37.73287667987749,1165692.9052,1098692.9052
1657382400000.0,625374.1102,506324.4554999999,67000.0,161.18218368188124,40.89608885361814,1131698.5657,1064698.5657
1657468800000.0,590457.5241,506324.4554999999,67000.0,152.18287990111784,44.196044462156834,1096781.9796,1029781.9796
1657555200000.0,590457.5241,506324.4554999999,67000.0,152.18287990111784,44.196044462156834,1096781.9796,1029781.9796
1657641600000.0,590457.5241,506324.4554999999,67000.0,152.18287990111784,44.196044462156834,1096781.9796,1029781.9796
1657728000000.0,590457.5241,506324.4554999999,67000.0,152.18287990111784,44.196044462156834,1096781.9796,1029781.9796
1657814400000.0,590457.5241,506324.4554999999,67000.0,152.18287990111784,44.196044462156834,1096781.9796,1029781.9796
1657900800000.0,595784.7407,506324.4554999999,67000.0,153.55590188992346,43.69257089098001,1102109.1962,1035109.1961999999
1657987200000.0,603736.7985,506324.4554999999,67000.0,155.60544314860883,42.94102440068512,1110061.254,1043061.254
1658073600000.0,615708.3809,506324.4554999999,67000.0,158.69096549737134,41.809593900268496,1122032.8364,1055032.8364
1658160000000.0,688432.1322999999,506888.59939999995,67000.0,177.60266482452408,34.87486097181287,1195320.7317,1128320.7317
1658246400000.0,645978.1977,512493.41909999994,67000.0,168.09627966960636,38.36075830044362,1158471.6168,1091471.6168
1658332800000.0,683732.0549999999,512493.41909999994,67000.0,177.92057865973186,34.758285115604025,1196225.4740999998,1129225.4740999998
1658419200000.0,648352.6661,512757.24889999995,67000.0,168.78281694541235,38.10901187772483,1161109.915,1094109.915
1658505600000.0,659558.4809,512757.24889999995,67000.0,171.69997775465143,37.03931788717024,1172315.7297999999,1105315.7297999999
1658592000000.0,626495.741,512757.24889999995,67000.0,163.09289912594295,40.195448415251015,1139252.9899,1072252.9899
1658678400000.0,626495.741,512757.24889999995,67000.0,163.09289912594295,40.195448415251015,1139252.9899,1072252.9899
1658764800000.0,626495.741,512757.24889999995,67000.0,163.09289912594295,40.195448415251015,1139252.9899,1072252.9899
1658851200000.0,626495.741,512757.24889999995,67000.0,163.09289912594295,40.195448415251015,1139252.9899,1072252.9899
1658937600000.0,626495.741,512757.24889999995,67000.0,163.09289912594295,40.195448415251015,1139252.9899,1072252.9899
1659024000000.0,681225.3197999999,512757.24889999995,67000.0,177.34041126415192,34.971026756243795,1193982.5687,1126982.5687
1659110400000.0,696561.9976,512757.24889999995,67000.0,181.332941590647,33.50700540924348,1209319.2465,1142319.2465
1659196800000.0,726542.4641,512757.24889999995,67000.0,189.13762545143194,30.64510509931929,1239299.713,1172299.713
1659283200000.0,684003.8728,519147.0412999999,67000.0,179.72716656609103,34.09582721451044,1203150.9141,1136150.9141
1659369600000.0,653619.5068,519147.0412999999,68000.0,171.49272673351498,37.115314784956546,1172766.5480999998,1104766.5480999998
1659456000000.0,653619.5068,519147.0412999999,68000.0,171.49272673351498,37.115314784956546,1172766.5480999998,1104766.5480999998
1659542400000.0,653619.5068,519147.0412999999,68000.0,171.49272673351498,37.115314784956546,1172766.5480999998,1104766.5480999998
1659628800000.0,653619.5068,519147.0412999999,68000.0,171.49272673351498,37.115314784956546,1172766.5480999998,1104766.5480999998
1659715200000.0,653619.5068,519147.0412999999,68000.0,171.49272673351498,37.115314784956546,1172766.5480999998,1104766.5480999998
1659801600000.0,644293.4157,519147.0412999999,68000.0,169.045803445784,38.012577331451766,1163440.457,1095440.457
1659888000000.0,625299.6994,519147.0412999999,68000.0,164.06234722209072,39.839961395365286,1144446.7407,1076446.7407
1659974400000.0,712844.2409,519147.0412999999,68000.0,187.03175369830262,31.417307424287678,1231991.2821999998,1163991.2821999998
1660060800000.0,670794.3945,524202.00739999994,68000.0,177.32526111076072,34.97658216751466,1194996.4019,1126996.4019
1660147200000.0,670794.3945,524202.00739999994,68000.0,177.32526111076072,34.97658216751466,1194996.4019,1126996.4019
1660233600000.0,696003.2099,524202.00739999994,68000.0,183.98924013287217,32.532967029618355,1220205.2173,1152205.2173
1660320000000.0,661345.3377,524202.00739999994,68000.0,174.82739219884272,35.89252597006723,1185547.3451,1117547.3451
1660406400000.0,703992.6562999999,524202.00739999994,68000.0,186.10125937546948,31.75851048111862,1228194.6637,1160194.6637
1660492800000.0,704983.6989,524202.00739999994,68000.0,186.3632426139369,31.66244382105412,1229185.7063,1161185.7063
1660579200000.0,668290.452,525988.5486999999,68000.0,177.1292475810027,35.048458388457114,1194279.0007,1126279.0007
1660665600000.0,668290.452,525988.5486999999,68000.0,177.1292475810027,35.048458388457114,1194279.0007,1126279.0007
1660752000000.0,668290.452,525988.5486999999,68000.0,177.1292475810027,35.048458388457114,1194279.0007,1126279.0007
1660838400000.0,668290.452,525988.5486999999,68000.0,177.1292475810027,35.048458388457114,1194279.0007,1126279.0007
1660924800000.0,668290.452,525988.5486999999,68000.0,177.1292475810027,35.048458388457114,1194279.0007,1126279.0007
1661011200000.0,668290.452,525988.5486999999,68000.0,177.1292475810027,35.048458388457114,1194279.0007,1126279.0007
1661097600000.0,668290.452,525988.5486999999,68000.0,177.1292475810027,35.048458388457114,1194279.0007,1126279.0007
1661184000000.0,668290.452,525988.5486999999,68000.0,177.1292475810027,35.048458388457114,1194279.0007,1126279.0007
1661270400000.0,668290.452,525988.5486999999,68000.0,177.1292475810027,35.048458388457114,1194279.0007,1126279.0007
1661356800000.0,668290.452,525988.5486999999,68000.0,177.1292475810027,35.048458388457114,1194279.0007,1126279.0007
1661443200000.0,653534.3666,525988.5486999999,68000.0,173.21817224494052,36.482610996822665,1179522.9153,1111522.9153
1661529600000.0,627111.2073,525988.5486999999,68000.0,166.2147588166697,39.05069337125463,1153099.756,1085099.756
1661616000000.0,627111.2073,525988.5486999999,68000.0,166.2147588166697,39.05069337125463,1153099.756,1085099.756
1661702400000.0,627111.2073,525988.5486999999,68000.0,166.2147588166697,39.05069337125463,1153099.756,1085099.756
1661788800000.0,627111.2073,525988.5486999999,68000.0,166.2147588166697,39.05069337125463,1153099.756,1085099.756
1661875200000.0,627111.2073,525988.5486999999,68000.0,166.2147588166697,39.05069337125463,1153099.756,1085099.756
1661961600000.0,627111.2073,525988.5486999999,68000.0,166.2147588166697,39.05069337125463,1153099.756,1085099.756
1662048000000.0,628111.2073,525988.5486999999,69000.0,166.2147588166697,39.05069337125463,1154099.756,1085099.756
1662134400000.0,628111.2073,525988.5486999999,69000.0,166.2147588166697,39.05069337125463,1154099.756,1085099.756
1662220800000.0,628111.2073,525988.5486999999,69000.0,166.2147588166697,39.05069337125463,1154099.756,1085099.756
1662307200000.0,628111.2073,525988.5486999999,69000.0,166.2147588166697,39.05069337125463,1154099.756,1085099.756
1662393600000.0,628111.2073,525988.5486999999,69000.0,166.2147588166697,39.05069337125463,1154099.756,1085099.756
1662480000000.0,628111.2073,525988.5486999999,69000.0,166.2147588166697,39.05069337125463,1154099.756,1085099.756
1662566400000.0,628111.2073,525988.5486999999,69000.0,166.2147588166697,39.05069337125463,1154099.756,1085099.756
1662652800000.0,628111.2073,525988.5486999999,69000.0,166.2147588166697,39.05069337125463,1154099.756,1085099.756
1662739200000.0,683237.1338,525988.5486999999,69000.0,180.80253001268122,33.70150208411776,1209225.6824999999,1140225.6824999999
1662825600000.0,679621.9444,525988.5486999999,69000.0,179.84585573714872,34.052305070437264,1205610.4931,1136610.4931
1662912000000.0,711924.6481999999,525988.5486999999,69000.0,188.3940014458096,30.91778466073635,1237913.1968999999,1168913.1968999999
1662998400000.0,747850.9256,525988.5486999999,69000.0,197.90104011001492,27.431647696719207,1273839.4743,1204839.4743
1663084800000.0,701415.3502000001,534133.4533999999,69000.0,187.76832074223395,31.14721558086291,1235548.8036,1166548.8036
1663171200000.0,701415.3502000001,534133.4533999999,69000.0,187.76832074223395,31.14721558086291,1235548.8036,1166548.8036
1663257600000.0,701415.3502000001,534133.4533999999,69000.0,187.76832074223395,31.14721558086291,1235548.8036,1166548.8036
1663344000000.0,701415.3502000001,534133.4533999999,69000.0,187.76832074223395,31.14721558086291,1235548.8036,1166548.8036
1663430400000.0,701415.3502000001,534133.4533999999,69000.0,187.76832074223395,31.14721558086291,1235548.8036,1166548.8036
1663516800000.0,701415.3502000001,534133.4533999999,69000.0,187.76832074223395,31.14721558086291,1235548.8036,1166548.8036
1663603200000.0,701415.3502000001,534133.4533999999,69000.0,187.76832074223395,31.14721558086291,1235548.8036,1166548.8036
1663689600000.0,701415.3502000001,534133.4533999999,69000.0,187.76832074223395,31.14721558086291,1235548.8036,1166548.8036
1663776000000.0,701415.3502000001,534133.4533999999,69000.0,187.76832074223395,31.14721558086291,1235548.8036,1166548.8036
1663862400000.0,701415.3502000001,534133.4533999999,69000.0,187.76832074223395,31.14721558086291,1235548.8036,1166548.8036
1663948800000.0,675988.7756,534133.4533999999,69000.0,180.9616473303849,33.643155338884625,1210122.2289999998,1141122.2289999998
1664035200000.0,675988.7756,534133.4533999999,69000.0,180.9616473303849,33.643155338884625,1210122.2289999998,1141122.2289999998
1664121600000.0,675988.7756,534133.4533999999,69000.0,180.9616473303849,33.643155338884625,1210122.2289999998,1141122.2289999998
1664208000000.0,675988.7756,534133.4533999999,69000.0,180.9616473303849,33.643155338884625,1210122.2289999998,1141122.2289999998
1664294400000.0,729439.0112,534133.4533999999,69000.0,195.2702320783905,28.396338958448254,1263572.4645999998,1194572.4645999998
1664380800000.0,692481.8294,535966.0148999998,69000.0,185.86739969304423,31.84426451158927,1228447.8443,1159447.8443
1664467200000.0,668867.9876,535966.0148999998,69000.0,179.52926461745417,34.16839589996151,1204834.0025,1135834.0025
1664553600000.0,667938.0362,535966.0148999998,69000.0,179.27965857550404,34.25992396459016,1203904.0510999998,1134904.0510999998
1664640000000.0,634996.3552999999,535966.0148999998,70000.0,170.18307169610077,37.59555232235407,1170962.3701999998,1100962.3701999998
1664726400000.0,634996.3552999999,535966.0148999998,70000.0,170.18307169610077,37.59555232235407,1170962.3701999998,1100962.3701999998
1664812800000.0,634996.3552999999,535966.0148999998,70000.0,170.18307169610077,37.59555232235407,1170962.3701999998,1100962.3701999998
1664899200000.0,702639.4794000001,535966.0148999998,70000.0,188.31186021965053,30.94790503521857,1238605.4943,1168605.4943
1664985600000.0,660475.1203999999,538796.9886999999,70000.0,177.77026221255724,34.81340466873766,1199272.1090999998,1129272.1090999998
1665072000000.0,627286.8352999999,538796.9886999999,70000.0,168.83746525717913,38.08897288278642,1166083.8239999998,1096083.8239999998
1665158400000.0,593040.0035999999,538796.9886999999,70000.0,159.61975506156838,41.4690159615533,1131836.9922999998,1061836.9922999998
1665244800000.0,593040.0035999999,538796.9886999999,70000.0,159.61975506156838,41.4690159615533,1131836.9922999998,1061836.9922999998
1665331200000.0,593040.0035999999,538796.9886999999,70000.0,159.61975506156838,41.4690159615533,1131836.9922999998,1061836.9922999998
1665417600000.0,593040.0035999999,538796.9886999999,70000.0,159.61975506156838,41.4690159615533,1131836.9922999998,1061836.9922999998
1665504000000.0,593040.0035999999,538796.9886999999,70000.0,159.61975506156838,41.4690159615533,1131836.9922999998,1061836.9922999998
1665590400000.0,593040.0035999999,538796.9886999999,70000.0,159.61975506156838,41.4690159615533,1131836.9922999998,1061836.9922999998
1665676800000.0,593040.0035999999,538796.9886999999,70000.0,159.61975506156838,41.4690159615533,1131836.9922999998,1061836.9922999998
1665763200000.0,562982.994,538796.9886999999,70000.0,151.52975694826875,44.43553818342967,1101779.9826999998,1031779.9826999998
1665849600000.0,562982.994,538796.9886999999,70000.0,151.52975694826875,44.43553818342967,1101779.9826999998,1031779.9826999998
1665936000000.0,562982.994,538796.9886999999,70000.0,151.52975694826875,44.43553818342967,1101779.9826999998,1031779.9826999998
1666022400000.0,589276.9361,538796.9886999999,70000.0,158.6069061660742,41.840417624916725,1128073.9248,1058073.9248
1666108800000.0,559287.0933,538796.9886999999,70000.0,150.53498634108425,44.800310717434456,1098084.082,1028084.0819999999
1666195200000.0,549830.1984,538796.9886999999,70000.0,147.9896146318949,45.733673325496405,1088627.1870999997,1018627.1870999997
1666281600000.0,549830.1984,538796.9886999999,70000.0,147.9896146318949,45.733673325496405,1088627.1870999997,1018627.1870999997
1666368000000.0,549830.1984,538796.9886999999,70000.0,147.9896146318949,45.733673325496405,1088627.1870999997,1018627.1870999997
1666454400000.0,549830.1984,538796.9886999999,70000.0,147.9896146318949,45.733673325496405,1088627.1870999997,1018627.1870999997
1666540800000.0,538069.8103,538796.9886999999,70000.0,144.82424592732917,46.89438269415365,1076866.7989999999,1006866.7989999999
1666627200000.0,553729.9359,538796.9886999999,70000.0,149.03924895803772,45.34878280886847,1092526.9246,1022526.9246
1666713600000.0,582429.3201,539939.3004999999,70000.0,157.0908218983962,42.39635071752279,1122368.6206,1052368.6206
1666800000000.0,736632.1264,539939.3004999999,70000.0,198.68186950662286,27.14532528673943,1276571.4268999998,1206571.4268999998
1666886400000.0,681077.2483,554764.9119999999,70000.0,187.69651258054233,31.173546922896232,1235842.1602999999,1165842.1602999999
1666972800000.0,644400.7384,554764.9119999999,70000.0,177.58891756244617,34.87990195672695,1199165.6504,1129165.6504
1667059200000.0,662727.0506,554764.9119999999,70000.0,182.63942379648657,33.027931317775206,1217491.9625999997,1147491.9625999997
1667145600000.0,640700.9403,554764.9119999999,70000.0,176.5692987125206,35.25378609536175,1195465.8523,1125465.8523
1667232000000.0,607790.6532999999,554764.9119999999,70000.0,167.49962840222435,38.57954441369248,1162555.5653,1092555.5653
1667318400000.0,608790.6532999999,554764.9119999999,71000.0,167.49962840222435,38.57954441369248,1163555.5653,1092555.5653
1667404800000.0,608790.6532999999,554764.9119999999,71000.0,167.49962840222435,38.57954441369248,1163555.5653,1092555.5653
1667491200000.0,608790.6532999999,554764.9119999999,71000.0,167.49962840222435,38.57954441369248,1163555.5653,1092555.5653
1667577600000.0,615205.4103,554764.9119999999,71000.0,169.26455269593077,37.932364146913145,1169970.3222999999,1098970.3222999999
1667664000000.0,666530.1157,554764.9119999999,71000.0,183.3857765283822,32.75425115944653,1221295.0277,1150295.0277
1667750400000.0,660052.6731,554764.9119999999,71000.0,181.60360523088352,33.40775573178119,1214817.5850999998,1143817.5850999998
1667836800000.0,625699.7418,556643.6995999999,71000.0,172.66883106353112,36.68404896988767,1182343.4414,1111343.4414
1667923200000.0,625699.7418,556643.6995999999,71000.0,172.66883106353112,36.68404896988767,1182343.4414,1111343.4414
1668009600000.0,625699.7418,556643.6995999999,71000.0,172.66883106353112,36.68404896988767,1182343.4414,1111343.4414
1668096000000.0,625699.7418,556643.6995999999,71000.0,172.66883106353112,36.68404896988767,1182343.4414,1111343.4414
1668182400000.0,625699.7418,556643.6995999999,71000.0,172.66883106353112,36.68404896988767,1182343.4414,1111343.4414
1668268800000.0,625699.7418,556643.6995999999,71000.0,172.66883106353112,36.68404896988767,1182343.4414,1111343.4414
1668355200000.0,625699.7418,556643.6995999999,71000.0,172.66883106353112,36.68404896988767,1182343.4414,1111343.4414
1668441600000.0,625699.7418,556643.6995999999,71000.0,172.66883106353112,36.68404896988767,1182343.4414,1111343.4414
1668528000000.0,625699.7418,556643.6995999999,71000.0,172.66883106353112,36.68404896988767,1182343.4414,1111343.4414
1668614400000.0,618033.896,556643.6995999999,71000.0,170.553355308992,37.45977298709901,1174677.5956,1103677.5956
1668700800000.0,618033.896,556643.6995999999,71000.0,170.553355308992,37.45977298709901,1174677.5956,1103677.5956
1668787200000.0,609299.9537,556643.6995999999,71000.0,168.14312639763122,38.343580069032235,1165943.6533,1094943.6533
1668873600000.0,609299.9537,556643.6995999999,71000.0,168.14312639763122,38.343580069032235,1165943.6533,1094943.6533
1668960000000.0,609299.9537,556643.6995999999,71000.0,168.14312639763122,38.343580069032235,1165943.6533,1094943.6533
1669046400000.0,609299.9537,556643.6995999999,71000.0,168.14312639763122,38.343580069032235,1165943.6533,1094943.6533
1669132800000.0,609299.9537,556643.6995999999,71000.0,168.14312639763122,38.343580069032235,1165943.6533,1094943.6533
1669219200000.0,588888.2132,556643.6995999999,71000.0,162.51027866467868,40.40908957079331,1145531.9128,1074531.9128
1669305600000.0,572369.6071,556643.6995999999,71000.0,157.9517848448145,42.08064412810304,1129013.3067,1058013.3067
1669392000000.0,560604.6971999999,556643.6995999999,71000.0,154.70512657681394,43.27116157495249,1117248.3967999998,1046248.3967999998
1669478400000.0,560583.2426,556643.6995999999,71000.0,154.69920594035617,43.273332613730695,1117226.9422,1046226.9421999999
1669564800000.0,560264.5436,556643.6995999999,71000.0,154.61125739233086,43.30558247565217,1116908.2432,1045908.2431999999
1669651200000.0,534978.7074,556643.6995999999,71000.0,147.6333485209644,45.86431258154757,1091622.407,1020622.4069999999
1669737600000.0,534978.7074,556643.6995999999,71000.0,147.6333485209644,45.86431258154757,1091622.407,1020622.4069999999
1669824000000.0,595201.4591999999,556643.6995999999,71000.0,164.252489399656,39.77023814114893,1151845.1587999999,1080845.1587999999
1669910400000.0,613253.7041,556643.6995999999,72000.0,168.95035390746162,38.04757773225973,1169897.4037,1097897.4037
1669996800000.0,607358.5560000001,556643.6995999999,72000.0,167.32625061844263,38.64312033066612,1164002.2556,1092002.2556
1670083200000.0,610790.9234,556643.6995999999,72000.0,168.2718620074867,38.2963739953058,1167434.623,1095434.623
1670169600000.0,574412.5181,562951.8278,72000.0,159.9337829455069,41.35386504520625,1137364.3459,1065364.3459
1670256000000.0,584972.0803,562951.8278,72000.0,162.87388378885302,40.27575917123759,1147923.9081000001,1075923.9081000001
1670342400000.0,555119.8267,562951.8278,72000.0,154.56211533455647,43.32360238176028,1118071.6545,1046071.6545
1670428800000.0,555119.8267,562951.8278,72000.0,154.56211533455647,43.32360238176028,1118071.6545,1046071.6545
1670515200000.0,555119.8267,562951.8278,72000.0,154.56211533455647,43.32360238176028,1118071.6545,1046071.6545
1670601600000.0,547391.763,562951.8278,72000.0,152.41038913876756,44.11261907691966,1110343.5908,1038343.5907999999
1670688000000.0,551612.4784,562951.8278,72000.0,153.58556370301832,43.6816941977528,1114564.3062,1042564.3062
1670774400000.0,542884.2967,562951.8278,72000.0,151.15537446874794,44.5728205325014,1105836.1245,1033836.1244999999
1670860800000.0,533904.8051,562951.8278,72000.0,148.65521297285002,45.48960500290416,1096856.6329,1024856.6329000001
1670947200000.0,624076.8703,562951.8278,72000.0,173.76183765287522,36.28325427370398,1187028.6981,1115028.6981
1671033600000.0,672093.848,562951.8278,72000.0,187.13121357555335,31.380836471894714,1235045.6757999999,1163045.6757999999
1671120000000.0,631031.2277,573743.6525,72000.0,178.70291039530238,34.471411812798955,1204774.8802,1132774.8802
1671206400000.0,631031.2277,573743.6525,72000.0,178.70291039530238,34.471411812798955,1204774.8802,1132774.8802
1671292800000.0,631031.2277,573743.6525,72000.0,178.70291039530238,34.471411812798955,1204774.8802,1132774.8802
1671379200000.0,631031.2277,573743.6525,72000.0,178.70291039530238,34.471411812798955,1204774.8802,1132774.8802
1671465600000.0,631031.2277,573743.6525,72000.0,178.70291039530238,34.471411812798955,1204774.8802,1132774.8802
1671552000000.0,631031.2277,573743.6525,72000.0,178.70291039530238,34.471411812798955,1204774.8802,1132774.8802
1671638400000.0,618265.5059,573743.6525,72000.0,175.08776182766078,35.79705100468736,1192009.1584,1120009.1584
1671724800000.0,618265.5059,573743.6525,72000.0,175.08776182766078,35.79705100468736,1192009.1584,1120009.1584
1671811200000.0,618265.5059,573743.6525,72000.0,175.08776182766078,35.79705100468736,1192009.1584,1120009.1584
1671897600000.0,613890.109,573743.6525,72000.0,173.84868501839662,36.25140820450562,1187633.7615,1115633.7615
1671984000000.0,610923.3338,573743.6525,72000.0,173.00851841576906,36.55948898052901,1184666.9863,1112666.9863
1672070400000.0,595437.4428,573743.6525,72000.0,168.62304005861859,38.16760048041395,1169181.0953,1097181.0953
1672156800000.0,592421.2759,573743.6525,72000.0,167.76888612834082,38.480810271020275,1166164.9284,1094164.9284
1672243200000.0,592421.2759,573743.6525,72000.0,167.76888612834082,38.480810271020275,1166164.9284,1094164.9284
1672329600000.0,592421.2759,573743.6525,72000.0,167.76888612834082,38.480810271020275,1166164.9284,1094164.9284
1672416000000.0,592421.2759,573743.6525,72000.0,167.76888612834082,38.480810271020275,1166164.9284,1094164.9284
1672502400000.0,592421.2759,573743.6525,72000.0,167.76888612834082,38.480810271020275,1166164.9284,1094164.9284
1672588800000.0,593421.2759,573743.6525,73000.0,167.7688861283408,38.48081027102028,1167164.9284,1094164.9284
1672675200000.0,594078.7937,573743.6525,73000.0,167.95477604060972,38.41264628039316,1167822.4462000001,1094822.4462000001
1672761600000.0,577626.7441,573743.6525,73000.0,163.30354065688658,40.118208251082486,1151370.3966,1078370.3966
1672848000000.0,609898.1958,573743.6525,73000.0,172.42715271013205,36.772670029604136,1183641.8483,1110641.8483
1672934400000.0,607973.0976,573743.6525,73000.0,171.88289925340882,36.97224238439223,1181716.7500999998,1108716.7500999998
1673020800000.0,592875.8419,575437.9967,73000.0,168.09369986917469,38.361704287723384,1168313.8386,1095313.8386
1673107200000.0,608243.6343,575437.9967,73000.0,172.45081631881592,36.7639928185557,1183681.631,1110681.631
1673193600000.0,618799.1352,575437.9967,73000.0,175.44353937288273,35.666590900845016,1194237.1319,1121237.1319
1673280000000.0,665949.736,575437.9967,73000.0,188.8118002791237,30.764581964525238,1241387.7327,1168387.7327
1673366400000.0,676364.5203,575437.9967,73000.0,191.76462699696737,29.68180963835708,1251802.517,1178802.517
1673452800000.0,677196.5069,575437.9967,73000.0,192.00051400053863,29.595312209291478,1252634.5036,1179634.5036
1673539200000.0,809855.2835,575437.9967,73000.0,229.61227518707972,15.803451716721728,1385293.2802,1312293.2802
1673625600000.0,1016457.0936,575437.9967,73000.0,288.1885574455753,0.6794105195451206,1591895.0903,1518895.0903
1673712000000.0,1284794.7758,575437.9967,73000.0,364.26835464352683,5.853375712590514,1860232.7725,1787232.7725
1673798400000.0,1306173.139,575437.9967,73000.0,370.32960375079125,4.28682145351289,1881611.1357,1808611.1357
1673884800000.0,1321280.8205,575437.9967,73000.0,374.6129728819093,5.372973289916305,1896718.8172,1823718.8172
1673971200000.0,1353274.489,575437.9967,73000.0,383.6839009421894,4.734298413840254,1928712.4857,1855712.4857
1674057600000.0,1329822.3156,575437.9967,73000.0,377.03467977617606,7.276436496968753,1905260.3123,1832260.3123
1674144000000.0,1194867.9457999999,642326.0082,73000.0,357.73632893327266,12.02245047358227,1837193.954,1764193.954
1674230400000.0,1208847.7599,642326.0082,73000.0,361.9218018073945,10.993123516008396,1851173.7681,1778173.7681
1674316800000.0,1567950.6480999999,642326.0082,73000.0,469.4350624865843,3.917279109168359,2210276.6563,2137276.6563
1674403200000.0,1528364.9452,642326.0082,73000.0,457.58333938741976,6.3430582927268775,2170690.9534,2097690.9534
1674489600000.0,1423855.1071999997,667769.0261,73000.0,433.9112055232345,11.188207734515576,2091624.1332999999,2018624.1332999999
1674576000000.0,1426822.4581,667769.0261,73000.0,434.8154877073688,11.003121660534454,2094591.4841999998,2021591.4841999998
1674662400000.0,1357659.7665,667769.0261,73000.0,413.7385770458598,15.317087714973843,2025428.7925999998,1952428.7925999998
1674748800000.0,1402154.9399,667769.0261,73000.0,427.29821119144816,12.54173783784448,2069923.966,1996923.966
1674835200000.0,1336104.2752,667769.0261,73000.0,407.16967184733755,16.66159377168959,2003873.3013,1930873.3013
1674921600000.0,1310818.0544,667769.0261,73000.0,399.46384946767773,18.238801015258744,1978587.0805000002,1905587.0805000002
1675008000000.0,1409124.1339,667769.0261,73000.0,429.42203078149896,12.10704008899629,2076893.1600000001,2003893.1600000001
1675094400000.0,1336636.3275,667828.143,73000.0,407.34982707446915,16.624720078630062,2004464.4704999998,1931464.4704999998
1675180800000.0,1336636.3275,667828.143,73000.0,407.34982707446915,16.624720078630062,2004464.4704999998,1931464.4704999998
1675267200000.0,1337636.3275,667828.143,74000.0,407.34982707446915,16.624720078630062,2005464.4704999998,1931464.4704999998
1675353600000.0,1361364.2693,667828.143,74000.0,414.5756871908191,15.145750235436283,2029192.4123,1955192.4123
1675440000000.0,1295418.2878,667828.143,74000.0,394.4931852371772,19.256183358561806,1963246.4308000002,1889246.4308000002
1675526400000.0,1268777.17,667828.143,74000.0,386.3801768612884,20.916732349590315,1936605.313,1862605.313
1675612800000.0,1268777.17,667828.143,74000.0,386.3801768612884,20.916732349590315,1936605.313,1862605.313
1675699200000.0,1268777.17,667828.143,74000.0,386.3801768612884,20.916732349590315,1936605.313,1862605.313
1675785600000.0,1268777.17,667828.143,74000.0,386.3801768612884,20.916732349590315,1936605.313,1862605.313
1675872000000.0,1247615.1242,667828.143,74000.0,379.93570797243643,22.235769113178694,1915443.2672000001,1841443.2672000001
1675958400000.0,1247615.1242,667828.143,74000.0,379.93570797243643,22.235769113178694,1915443.2672000001,1841443.2672000001
1676044800000.0,1247615.1242,667828.143,74000.0,379.93570797243643,22.235769113178694,1915443.2672000001,1841443.2672000001
1676131200000.0,1247615.1242,667828.143,74000.0,379.93570797243643,22.235769113178694,1915443.2672000001,1841443.2672000001
1676217600000.0,1247615.1242,667828.143,74000.0,379.93570797243643,22.235769113178694,1915443.2672000001,1841443.2672000001
1676304000000.0,1247615.1242,667828.143,74000.0,379.93570797243643,22.235769113178694,1915443.2672000001,1841443.2672000001
1676390400000.0,1247615.1242,667828.143,74000.0,379.93570797243643,22.235769113178694,1915443.2672000001,1841443.2672000001
1676476800000.0,1348416.0897,667828.143,74000.0,410.6325835141666,15.952814215703516,2016244.2327,1942244.2327
1676563200000.0,1757449.0346,667828.143,74000.0,535.195213839991,0.0,2425277.1776,2351277.1776
1676649600000.0,1619552.491,709154.517,74000.0,505.78674079064336,7.128263018763203,2328707.008,2254707.008
1676736000000.0,1703481.7629,709154.517,74000.0,531.9978782049186,2.9822947415953482,2412636.2799,2338636.2799
1676822400000.0,1742046.7173000001,709154.517,74000.0,544.0417253189272,0.9467224710125732,2451201.2343,2377201.2343
1676908800000.0,1651254.6283,712676.9765999999,74000.0,516.7873932305741,7.1074928207159775,2363931.6048999997,2289931.6048999997
1676995200000.0,1570697.2188,712676.9765999999,74000.0,491.5756221642469,11.639307364683283,2283374.1953999996,2209374.1953999996
1677081600000.0,1542490.0036,712676.9765999999,74000.0,482.74770855015504,13.226124379798144,2255166.9802,2181166.9802
1677168000000.0,1542490.0036,712676.9765999999,74000.0,482.74770855015504,13.226124379798144,2255166.9802,2181166.9802
1677254400000.0,1542490.0036,712676.9765999999,74000.0,482.74770855015504,13.226124379798144,2255166.9802,2181166.9802
1677340800000.0,1542490.0036,712676.9765999999,74000.0,482.74770855015504,13.226124379798144,2255166.9802,2181166.9802
1677427200000.0,1542490.0036,712676.9765999999,74000.0,482.74770855015504,13.226124379798144,2255166.9802,2181166.9802
1677513600000.0,1542490.0036,712676.9765999999,74000.0,482.74770855015504,13.226124379798144,2255166.9802,2181166.9802
1677600000000.0,1465211.7533,712676.9765999999,74000.0,458.56220448463597,17.573467483499684,2177888.7298999997,2103888.7298999997
1677686400000.0,1454762.7042999999,712676.9765999999,75000.0,454.9814794380141,18.21710262525702,2167439.6809,2092439.6809
1677772800000.0,1380443.3292999999,712676.9765999999,75000.0,431.73786789335395,22.39514059709563,2093120.3058999998,2018120.3058999998
1677859200000.0,1380443.3292999999,712676.9765999999,75000.0,431.73786789335395,22.39514059709563,2093120.3058999998,2018120.3058999998
1677945600000.0,1380443.3292999999,712676.9765999999,75000.0,431.73786789335395,22.39514059709563,2093120.3058999998,2018120.3058999998
1678032000000.0,1380443.3292999999,712676.9765999999,75000.0,431.73786789335395,22.39514059709563,2093120.3058999998,2018120.3058999998
1678118400000.0,1380443.3292999999,712676.9765999999,75000.0,431.73786789335395,22.39514059709563,2093120.3058999998,2018120.3058999998
1678204800000.0,1380443.3292999999,712676.9765999999,75000.0,431.73786789335395,22.39514059709563,2093120.3058999998,2018120.3058999998
1678291200000.0,1380443.3292999999,712676.9765999999,75000.0,431.73786789335395,22.39514059709563,2093120.3058999998,2018120.3058999998
1678377600000.0,1380443.3292999999,712676.9765999999,75000.0,431.73786789335395,22.39514059709563,2093120.3058999998,2018120.3058999998
1678464000000.0,1380443.3292999999,712676.9765999999,75000.0,431.73786789335395,22.39514059709563,2093120.3058999998,2018120.3058999998
1678550400000.0,1380443.3292999999,712676.9765999999,75000.0,431.73786789335395,22.39514059709563,2093120.3058999998,2018120.3058999998
1678636800000.0,1380443.3292999999,712676.9765999999,75000.0,431.73786789335395,22.39514059709563,2093120.3058999998,2018120.3058999998
1678723200000.0,1540589.0383000001,712676.9765999999,75000.0,481.82392755868614,13.392173965190846,2253266.0149,2178266.0149
1678809600000.0,1743478.2079,712676.9765999999,75000.0,545.2781350893748,2.6931762771901346,2456155.1845,2381155.1845
1678896000000.0,1622560.725,739578.9093999999,75000.0,515.8744846189297,7.940362344289165,2362139.6344,2287139.6344
1678982400000.0,1700339.531,739578.9093999999,75000.0,540.6033596873963,3.527406584094872,2439918.4403999997,2364918.4403999997
1679068800000.0,1850730.3968000002,739578.9093999999,75000.0,588.4184024100468,2.762976114590876,2590309.3062,2515309.3062
1679155200000.0,1929697.1292,739578.9093999999,75000.0,613.5249649880919,2.5401831868240077,2669276.0386,2594276.0386
1679241600000.0,1961130.1839,739578.9093999999,75000.0,623.5187425050235,1.0034679429475113,2700709.0933,2625709.0933
1679328000000.0,1975634.5779000001,739578.9093999999,75000.0,628.1302474331118,3.6746494729662516,2715213.4873,2640213.4873
1679414400000.0,2009639.0623,739578.9093999999,75000.0,638.9415813907868,2.016704265911451,2749217.9717,2674217.9717
1679500800000.0,2063992.2775,739578.9093999999,75000.0,656.2225598137558,0.6654316102023827,2803571.1869,2728571.1869
1679587200000.0,1926453.834,773344.8102999999,75000.0,623.2292757372101,6.208874015489208,2699798.6443,2624798.6443
1679673600000.0,1882384.3026,773344.8102999999,75000.0,608.9722914006209,8.354438523014151,2655729.1129,2580729.1129
1679760000000.0,1860313.387,773344.8102999999,75000.0,601.8321043369712,9.42898076695412,2633658.1973,2558658.1973
1679846400000.0,1860313.387,773344.8102999999,75000.0,601.8321043369712,9.42898076695412,2633658.1973,2558658.1973
1679932800000.0,1751693.7539,773344.8102999999,75000.0,566.6924430209272,14.717224644213534,2525038.5642,2450038.5642
1680019200000.0,1751693.7539,773344.8102999999,75000.0,566.6924430209272,14.717224644213534,2525038.5642,2450038.5642
1680105600000.0,1759919.9257999999,773344.8102999999,75000.0,569.3537012690325,14.316726116075372,2533264.7361,2458264.7361
1680192000000.0,1735637.9675,773344.8102999999,75000.0,561.4982172612127,15.498914949190134,2508982.7778,2433982.7778
1680278400000.0,1649320.6724,773344.8102999999,75000.0,533.5736107332331,19.701349576214934,2422665.4827,2347665.4827
1680364800000.0,1643523.7857,773344.8102999999,76000.0,531.3760745580425,20.032061563419013,2416868.596,2340868.596
1680451200000.0,1599049.0793,773344.8102999999,76000.0,516.9967299391341,22.196040335326728,2372393.8896,2296393.8896
1680537600000.0,1597955.2271,773344.8102999999,76000.0,516.6430709941039,22.249263237331185,2371300.0374,2295300.0374
1680624000000.0,1597955.2271,773344.8102999999,76000.0,516.6430709941039,22.249263237331185,2371300.0374,2295300.0374
1680710400000.0,1518486.5077,773344.8102999999,76000.0,490.9496331915343,26.11592444169367,2291831.318,2215831.318
1680796800000.0,1500484.5492,773344.8102999999,76000.0,485.1293279879729,26.991834800637903,2273829.3595,2197829.3595
1680883200000.0,1500484.5492,773344.8102999999,76000.0,485.1293279879729,26.991834800637903,2273829.3595,2197829.3595
1680969600000.0,1500484.5492,773344.8102999999,76000.0,485.1293279879729,26.991834800637903,2273829.3595,2197829.3595
1681056000000.0,1500484.5492,773344.8102999999,76000.0,485.1293279879729,26.991834800637903,2273829.3595,2197829.3595
1681142400000.0,1526985.7452,773344.8102999999,76000.0,493.69756510391795,25.702382205754315,2300330.5555,2224330.5555
1681228800000.0,1991554.8353,773344.8102999999,76000.0,643.8997718539699,3.0981262041703372,2764899.6456,2688899.6456
1681315200000.0,1823283.3095,809211.3391999999,76000.0,601.0912356363904,10.70146626504329,2632494.6487,2556494.6487
1681401600000.0,1957470.4775,809211.3391999999,76000.0,645.3294131041516,4.129411726940624,2766681.8167,2690681.8167
1681488000000.0,1914214.5948,809211.3391999999,76000.0,631.0690226068482,7.706028489293814,2723425.934,2647425.934
1681574400000.0,1932784.4043,809211.3391999999,76000.0,637.1910277169308,6.810684010358159,2741995.7435,2665995.7435
1681660800000.0,1934422.9169,809211.3391999999,76000.0,637.7312046374391,6.731683027064461,2743634.2561,2667634.2561
1681747200000.0,1839033.3036,810961.3385,76000.0,606.8605489414737,11.246522632961685,2649994.6421,2573994.6421
1681833600000.0,1839033.3036,810961.3385,76000.0,606.8605489414737,11.246522632961685,2649994.6421,2573994.6421
1681920000000.0,1741588.2878,810961.3385,76000.0,574.7047768495612,15.94931077029772,2552549.6263,2476549.6263
1682006400000.0,1741588.2878,810961.3385,76000.0,574.7047768495612,15.94931077029772,2552549.6263,2476549.6263
1682092800000.0,1741588.2878,810961.3385,76000.0,574.7047768495612,15.94931077029772,2552549.6263,2476549.6263
1682179200000.0,1741588.2878,810961.3385,76000.0,574.7047768495612,15.94931077029772,2552549.6263,2476549.6263
1682265600000.0,1741588.2878,810961.3385,76000.0,574.7047768495612,15.94931077029772,2552549.6263,2476549.6263
1682352000000.0,1741588.2878,810961.3385,76000.0,574.7047768495612,15.94931077029772,2552549.6263,2476549.6263
1682438400000.0,1741588.2878,810961.3385,76000.0,574.7047768495612,15.94931077029772,2552549.6263,2476549.6263
1682524800000.0,2083896.9671,810961.3385,76000.0,687.6628361847455,2.031553522892804,2894858.3056,2818858.3056
1682611200000.0,1957340.1445000002,834933.767,76000.0,653.8111263791166,6.8542649531791895,2792273.9115000004,2716273.9115000004
1682697600000.0,1956177.2652,834933.767,76000.0,653.4226893324885,6.909603953645515,2791111.0322000002,2715111.0322000002
1682784000000.0,1972733.0400999999,834933.767,76000.0,658.9528215713146,6.121749156581558,2807666.8071,2731666.8071
1682870400000.0,2023866.5735,834933.767,76000.0,676.0329765775557,3.6884109514323193,2858800.3405,2782800.3405
1682956800000.0,1911939.1963,834933.767,77000.0,638.3304277060745,9.059735308088257,2746872.9633,2669872.9633
1683043200000.0,1911939.1963,834933.767,77000.0,638.3304277060745,9.059735308088257,2746872.9633,2669872.9633
1683129600000.0,1911939.1963,834933.767,77000.0,638.3304277060745,9.059735308088257,2746872.9633,2669872.9633
1683216000000.0,1870494.3982000002,834933.767,77000.0,624.4934418079029,11.031032782720619,2705428.1652,2628428.1652
1683302400000.0,1964326.6529,834933.767,77000.0,655.8207891373511,6.567956710233447,2799260.4199,2722260.4199
1683388800000.0,1880651.6164000002,834933.767,77000.0,627.8845859669101,10.547910665956106,2715585.3834,2638585.3834
1683475200000.0,1880651.6164000002,834933.767,77000.0,627.8845859669101,10.547910665956106,2715585.3834,2638585.3834
1683561600000.0,1880651.6164000002,834933.767,77000.0,627.8845859669101,10.547910665956106,2715585.3834,2638585.3834
1683648000000.0,1880651.6164000002,834933.767,77000.0,627.8845859669101,10.547910665956106,2715585.3834,2638585.3834
1683734400000.0,1880651.6164000002,834933.767,77000.0,627.8845859669101,10.547910665956106,2715585.3834,2638585.3834
1683820800000.0,1880651.6164000002,834933.767,77000.0,627.8845859669101,10.547910665956106,2715585.3834,2638585.3834
1683907200000.0,1880651.6164000002,834933.767,77000.0,627.8845859669101,10.547910665956106,2715585.3834,2638585.3834
1683993600000.0,1880651.6164000002,834933.767,77000.0,627.8845859669101,10.547910665956106,2715585.3834,2638585.3834
1684080000000.0,1880651.6164000002,834933.767,77000.0,627.8845859669101,10.547910665956106,2715585.3834,2638585.3834
1684166400000.0,1872643.179,834933.767,77000.0,625.2108454626659,10.928827286282738,2707576.946,2630576.946
1684252800000.0,1785742.8625,834933.767,77000.0,596.1978327546329,15.062189790495406,2620676.6295,2543676.6295
1684339200000.0,1785742.8625,834933.767,77000.0,596.1978327546329,15.062189790495406,2620676.6295,2543676.6295
1684425600000.0,1741060.1048,834933.767,77000.0,581.2798040385919,17.18749891134307,2575993.8718,2498993.8718
1684512000000.0,1738963.6519000002,834933.767,77000.0,580.5798708613694,17.287215461957782,2573897.4189,2496897.4189
1684598400000.0,1738963.6519000002,834933.767,77000.0,580.5798708613694,17.287215461957782,2573897.4189,2496897.4189
1684684800000.0,1676446.6129,834933.767,77000.0,559.7075919097088,20.26080169598492,2511380.3799,2434380.3799
1684771200000.0,1676446.6129,834933.767,77000.0,559.7075919097088,20.26080169598492,2511380.3799,2434380.3799
1684857600000.0,1650814.7746000001,834933.767,77000.0,551.1500068481153,21.47996502714795,2485748.5416,2408748.5416
1684944000000.0,1567519.1061,834933.767,77000.0,523.3404615432416,25.441874566812615,2402452.8731,2325452.8731
1685030400000.0,1567519.1061,834933.767,77000.0,523.3404615432416,25.441874566812615,2402452.8731,2325452.8731
1685116800000.0,1567519.1061,834933.767,77000.0,523.3404615432416,25.441874566812615,2402452.8731,2325452.8731
1685203200000.0,1517566.6245,834933.767,77000.0,506.66305412023667,27.817835009233004,2352500.3915,2275500.3915
1685289600000.0,1660653.2409,834933.767,77000.0,554.4347307626646,21.01200415725423,2495587.0079,2418587.0079
1685376000000.0,1762232.9017,834933.767,77000.0,588.3486692656168,16.180427264880535,2597166.6687000003,2520166.6687000003
1685462400000.0,1774300.3409,834933.767,77000.0,592.3775702059604,15.606446608421754,2609234.1079,2532234.1079
1685548800000.0,1669831.4388,851852.0795999999,77000.0,563.1474538143902,19.77073896587267,2521683.5184,2444683.5184
1685635200000.0,1670831.4388,851852.0795999999,78000.0,563.1474538143901,19.77073896587269,2522683.5184,2444683.5184
1685721600000.0,1670831.4388,851852.0795999999,78000.0,563.1474538143901,19.77073896587269,2522683.5184,2444683.5184
1685808000000.0,1711314.8859,851852.0795999999,78000.0,576.7922474342472,17.82682232082804,2563166.9655,2485166.9655
1685894400000.0,1662801.3653,851852.0795999999,78000.0,560.4409477357667,20.156323560460766,2514653.4449,2436653.4449
1685980800000.0,1617266.1626,851852.0795999999,78000.0,545.0934788864589,22.34281321993472,2469118.2421999997,2391118.2421999997
1686067200000.0,1617266.1626,851852.0795999999,78000.0,545.0934788864589,22.34281321993472,2469118.2421999997,2391118.2421999997
1686153600000.0,1542680.7187,851852.0795999999,78000.0,519.9547354749348,25.924224790869154,2394532.7983,2316532.7983
1686240000000.0,1542680.7187,851852.0795999999,78000.0,519.9547354749348,25.924224790869154,2394532.7983,2316532.7983
1686326400000.0,1492149.1329,851852.0795999999,78000.0,502.92325448909025,28.350628612027972,2344001.2125,2266001.2125
1686412800000.0,1491524.0027,851852.0795999999,78000.0,502.7125567057846,28.380645843468233,2343376.0823,2265376.0823
1686499200000.0,1491524.0027,851852.0795999999,78000.0,502.7125567057846,28.380645843468233,2343376.0823,2265376.0823
1686585600000.0,1491524.0027,851852.0795999999,78000.0,502.7125567057846,28.380645843468233,2343376.0823,2265376.0823
1686672000000.0,1491524.0027,851852.0795999999,78000.0,502.7125567057846,28.380645843468233,2343376.0823,2265376.0823
1686758400000.0,1491524.0027,851852.0795999999,78000.0,502.7125567057846,28.380645843468233,2343376.0823,2265376.0823
1686844800000.0,1491524.0027,851852.0795999999,78000.0,502.7125567057846,28.380645843468233,2343376.0823,2265376.0823
1686931200000.0,1491524.0027,851852.0795999999,78000.0,502.7125567057846,28.380645843468233,2343376.0823,2265376.0823
1687017600000.0,1498625.4219,851852.0795999999,78000.0,505.1060633445038,28.039652969214714,2350477.5015,2272477.5015
1687104000000.0,1527556.6506,851852.0795999999,78000.0,514.8572251911041,26.65044574848071,2379408.7302,2301408.7302
1687190400000.0,1504971.2814,851852.0795999999,78000.0,507.24491142738134,27.734940233693617,2356823.361,2278823.361
1687276800000.0,1625066.3857,851852.0795999999,78000.0,547.7225147520421,21.968265482394077,2476918.4653,2398918.4653
1687363200000.0,2156689.9054,851852.0795999999,78000.0,726.9042230648313,1.2346022794091693,3008541.985,2930541.985
1687449600000.0,2156512.0378,851852.0795999999,78000.0,726.8442734590661,7.75816096444002,3008364.1174,2930364.1174
1687536000000.0,2421850.4401,851852.0795999999,78000.0,816.2755842331444,1.1861961984329095,3273702.5196999996,3195702.5196999996
1687622400000.0,2217275.832,932491.1717,78000.0,774.5035845856522,6.409762035006494,3149767.0037,3071767.0037
1687708800000.0,2233796.0388,932491.1717,78000.0,780.2741608937678,5.712451369671601,3166287.2105,3088287.2105
1687795200000.0,2120932.4316,932491.1717,78000.0,740.8504378349998,10.476374605107653,3053423.6032999996,2975423.6032999996
1687881600000.0,2136919.8479,932491.1717,78000.0,746.4349082260582,9.801552792517555,3069411.0195999998,2991411.0195999998
1687968000000.0,2047734.2146,932491.1717,78000.0,715.2819990176058,13.566039160493116,2980225.3863,2902225.3863
1688054400000.0,2004107.6837,932491.1717,78000.0,700.0430720075149,15.407495847835085,2936598.8554,2858598.8554
1688140800000.0,1879692.3856000002,932491.1717,78000.0,656.5842957176814,20.659010877050722,2812183.5573,2734183.5573
1688227200000.0,1862555.5689,933796.1174,79000.0,650.7079800316262,21.369098982981882,2796351.6863,2717351.6863
1688313600000.0,1757563.2157,933796.1174,79000.0,614.0275377348696,25.801526916870955,2691359.3331,2612359.3331
1688400000000.0,1900917.2185,933796.1174,79000.0,664.1101205844793,19.749597732703172,2834713.3359,2755713.3359
1688486400000.0,1870943.1642,933796.1174,79000.0,653.6382953930139,21.01500260764817,2804739.2816,2725739.2816
1688572800000.0,1774590.0467,935687.9875,79000.0,620.6370316920746,25.002842282488103,2710278.0342,2631278.0342
1688659200000.0,1774590.0467,935687.9875,79000.0,620.6370316920746,25.002842282488103,2710278.0342,2631278.0342
1688745600000.0,1774590.0467,935687.9875,79000.0,620.6370316920746,25.002842282488103,2710278.0342,2631278.0342
1688832000000.0,1774590.0467,935687.9875,79000.0,620.6370316920746,25.002842282488103,2710278.0342,2631278.0342
1688918400000.0,1774590.0467,935687.9875,79000.0,620.6370316920746,25.002842282488103,2710278.0342,2631278.0342
1689004800000.0,1774590.0467,935687.9875,79000.0,620.6370316920746,25.002842282488103,2710278.0342,2631278.0342
1689091200000.0,1774086.8716,935687.9875,79000.0,620.4610535268267,25.024107307841092,2709774.8591,2630774.8591
1689177600000.0,1756453.3986,935687.9875,79000.0,614.2940030796017,25.76932751131722,2692141.3861,2613141.3861
1689264000000.0,1732187.1444,935687.9875,79000.0,605.8072339776452,26.79486019523758,2667875.1319000004,2588875.1319000004
1689350400000.0,1829244.9366,935687.9875,79000.0,639.7517836868082,22.69303478329362,2764932.9241,2685932.9241
1689436800000.0,1737631.6089,936292.9279,79000.0,607.9229252651181,26.539202177643006,2673924.5368,2594924.5368
1689523200000.0,1737631.6089,936292.9279,79000.0,607.9229252651181,26.539202177643006,2673924.5368,2594924.5368
1689609600000.0,1737631.6089,936292.9279,79000.0,607.9229252651181,26.539202177643006,2673924.5368,2594924.5368
1689696000000.0,1737631.6089,936292.9279,79000.0,607.9229252651181,26.539202177643006,2673924.5368,2594924.5368
1689782400000.0,1737631.6089,936292.9279,79000.0,607.9229252651181,26.539202177643006,2673924.5368,2594924.5368
1689868800000.0,1737631.6089,936292.9279,79000.0,607.9229252651181,26.539202177643006,2673924.5368,2594924.5368
1689955200000.0,1737631.6089,936292.9279,79000.0,607.9229252651181,26.539202177643006,2673924.5368,2594924.5368
1690041600000.0,1737631.6089,936292.9279,79000.0,607.9229252651181,26.539202177643006,2673924.5368,2594924.5368
1690128000000.0,1737631.6089,936292.9279,79000.0,607.9229252651181,26.539202177643006,2673924.5368,2594924.5368
1690214400000.0,1718141.0603,936292.9279,79000.0,601.1040165509547,27.363192281654648,2654433.9882,2575433.9882
1690300800000.0,1718141.0603,936292.9279,79000.0,601.1040165509547,27.363192281654648,2654433.9882,2575433.9882
1690387200000.0,1718141.0603,936292.9279,79000.0,601.1040165509547,27.363192281654648,2654433.9882,2575433.9882
1690473600000.0,1718141.0603,936292.9279,79000.0,601.1040165509547,27.363192281654648,2654433.9882,2575433.9882
1690560000000.0,1718141.0603,936292.9279,79000.0,601.1040165509547,27.363192281654648,2654433.9882,2575433.9882
1690646400000.0,1718141.0603,936292.9279,79000.0,601.1040165509547,27.363192281654648,2654433.9882,2575433.9882
1690732800000.0,1718141.0603,936292.9279,79000.0,601.1040165509547,27.363192281654648,2654433.9882,2575433.9882
1690819200000.0,1681418.5262,936292.9279,79000.0,588.2563736795452,28.915688587101375,2617711.4540999997,2538711.4540999997
1690905600000.0,1682418.5262,936292.9279,80000.0,588.256373679545,28.915688587101396,2618711.4540999997,2538711.4540999997
1690992000000.0,1599194.3943,936292.9279,80000.0,559.1571184872599,32.43201345925421,2535487.3222000003,2455487.3222000003
1691078400000.0,1599194.3943,936292.9279,80000.0,559.1571184872599,32.43201345925421,2535487.3222000003,2455487.3222000003
1691164800000.0,1599194.3943,936292.9279,80000.0,559.1571184872599,32.43201345925421,2535487.3222000003,2455487.3222000003
1691251200000.0,1599194.3943,936292.9279,80000.0,559.1571184872599,32.43201345925421,2535487.3222000003,2455487.3222000003
1691337600000.0,1599194.3943,936292.9279,80000.0,559.1571184872599,32.43201345925421,2535487.3222000003,2455487.3222000003
1691424000000.0,1599194.3943,936292.9279,80000.0,559.1571184872599,32.43201345925421,2535487.3222000003,2455487.3222000003
1691510400000.0,1680055.7657,936292.9279,80000.0,587.4302362458694,29.01551820771039,2616348.6936,2536348.6936
1691596800000.0,1741943.1541,936292.9279,80000.0,609.0691151037415,26.400697744758805,2678236.082,2598236.082
1691683200000.0,1648497.4877,941771.0493,80000.0,578.3113290847824,30.1174378219926,2590268.537,2510268.537
1691769600000.0,1636087.0303,941771.0493,80000.0,573.9576020290272,30.643537841788838,2577858.0796,2497858.0796
1691856000000.0,1636087.0303,941771.0493,80000.0,573.9576020290272,30.643537841788838,2577858.0796,2497858.0796
1691942400000.0,1636087.0303,941771.0493,80000.0,573.9576020290272,30.643537841788838,2577858.0796,2497858.0796
1692028800000.0,1636087.0303,941771.0493,80000.0,573.9576020290272,30.643537841788838,2577858.0796,2497858.0796
1692115200000.0,1616759.6522,941771.0493,80000.0,567.1773419436267,31.462857684183952,2558530.7015,2478530.7015
1692201600000.0,1616759.6522,941771.0493,80000.0,567.1773419436267,31.462857684183952,2558530.7015,2478530.7015
1692288000000.0,1616759.6522,941771.0493,80000.0,567.1773419436267,31.462857684183952,2558530.7015,2478530.7015
1692374400000.0,1616759.6522,941771.0493,80000.0,567.1773419436267,31.462857684183952,2558530.7015,2478530.7015
1692460800000.0,1616759.6522,941771.0493,80000.0,567.1773419436267,31.462857684183952,2558530.7015,2478530.7015
1692547200000.0,1616759.6522,941771.0493,80000.0,567.1773419436267,31.462857684183952,2558530.7015,2478530.7015
1692633600000.0,1616759.6522,941771.0493,80000.0,567.1773419436267,31.462857684183952,2558530.7015,2478530.7015
1692720000000.0,1616759.6522,941771.0493,80000.0,567.1773419436267,31.462857684183952,2558530.7015,2478530.7015
1692806400000.0,1616759.6522,941771.0493,80000.0,567.1773419436267,31.462857684183952,2558530.7015,2478530.7015
1692892800000.0,1535337.8886,941771.0493,80000.0,538.6136779554945,34.914462251297195,2477108.9379,2397108.9379
1692979200000.0,1535337.8886,941771.0493,80000.0,538.6136779554945,34.914462251297195,2477108.9379,2397108.9379
1693065600000.0,1535337.8886,941771.0493,80000.0,538.6136779554945,34.914462251297195,2477108.9379,2397108.9379
1693152000000.0,1535337.8886,941771.0493,80000.0,538.6136779554945,34.914462251297195,2477108.9379,2397108.9379
1693238400000.0,1535337.8886,941771.0493,80000.0,538.6136779554945,34.914462251297195,2477108.9379,2397108.9379
1693324800000.0,1513095.38,941771.0493,80000.0,530.8107575345526,35.85735934506409,2454866.4293,2374866.4293
1693411200000.0,1446035.403,941771.0493,80000.0,507.28536867795606,38.70014378806415,2387806.4523,2307806.4523
1693497600000.0,1360283.1406,941771.0493,80000.0,477.20251734782664,42.335325433038165,2302054.1899,2222054.1899
1693584000000.0,1361283.1406,941771.0493,81000.0,477.20251734782664,42.335325433038165,2303054.1899,2222054.1899
1693670400000.0,1361283.1406,941771.0493,81000.0,477.20251734782664,42.335325433038165,2303054.1899,2222054.1899
1693756800000.0,1361283.1406,941771.0493,81000.0,477.20251734782664,42.335325433038165,2303054.1899,2222054.1899
1693843200000.0,1361283.1406,941771.0493,81000.0,477.20251734782664,42.335325433038165,2303054.1899,2222054.1899
1693929600000.0,1361283.1406,941771.0493,81000.0,477.20251734782664,42.335325433038165,2303054.1899,2222054.1899
1694016000000.0,1361283.1406,941771.0493,81000.0,477.20251734782664,42.335325433038165,2303054.1899,2222054.1899
1694102400000.0,1361283.1406,941771.0493,81000.0,477.20251734782664,42.335325433038165,2303054.1899,2222054.1899
1694188800000.0,1295617.6959000002,941771.0493,81000.0,454.1832683914392,45.116948437089576,2237388.7452000002,2156388.7452000002
1694275200000.0,1289172.2626,941771.0493,81000.0,451.92379943569944,45.38998040421124,2230943.3119,2149943.3119
1694361600000.0,1289172.2626,941771.0493,81000.0,451.92379943569944,45.38998040421124,2230943.3119,2149943.3119
1694448000000.0,1289172.2626,941771.0493,81000.0,451.92379943569944,45.38998040421124,2230943.3119,2149943.3119
1694534400000.0,1289172.2626,941771.0493,81000.0,451.92379943569944,45.38998040421124,2230943.3119,2149943.3119
1694620800000.0,1313239.5601,941771.0493,81000.0,460.3606738890897,44.370476939684345,2255010.6094,2174010.6094
1694707200000.0,1377504.6637,941771.0493,81000.0,482.8890284252532,41.6481731260393,2319275.713,2238275.713
1694793600000.0,1324583.1332,941771.0493,81000.0,464.3372027078138,43.88995717731534,2266354.1825,2185354.1825
1694880000000.0,1350977.1715,941771.0493,81000.0,473.58972420321953,42.77189174060789,2292748.2208,2211748.2208
1694966400000.0,1357062.097,941771.0493,81000.0,475.7228159016844,42.51413107476504,2298833.1463,2217833.1463
1695052800000.0,1459202.525,941771.0493,81000.0,511.52849652085445,38.18740846645141,2400973.5743,2319973.5743
1695139200000.0,1374777.7868,951282.7742,81000.0,485.26748037904383,41.36076337252259,2326060.5609999998,2245060.5609999998
1695225600000.0,1355027.7779,951282.7742,81000.0,478.2961449760513,42.20317256504932,2306310.5521,2225310.5521
1695312000000.0,1285359.2955999998,951282.7742,81000.0,453.7046443043348,45.174784892723075,2236642.0697999997,2155642.0697999997
1695398400000.0,1285359.2955999998,951282.7742,81000.0,453.7046443043348,45.174784892723075,2236642.0697999997,2155642.0697999997
1695484800000.0,1285359.2955999998,951282.7742,81000.0,453.7046443043348,45.174784892723075,2236642.0697999997,2155642.0697999997
1695571200000.0,1285359.2955999998,951282.7742,81000.0,453.7046443043348,45.174784892723075,2236642.0697999997,2155642.0697999997
1695657600000.0,1285359.2955999998,951282.7742,81000.0,453.7046443043348,45.174784892723075,2236642.0697999997,2155642.0697999997
1695744000000.0,1285359.2955999998,951282.7742,81000.0,453.7046443043348,45.174784892723075,2236642.0697999997,2155642.0697999997
1695830400000.0,1285359.2955999998,951282.7742,81000.0,453.7046443043348,45.174784892723075,2236642.0697999997,2155642.0697999997
1695916800000.0,1422511.7777,951282.7742,81000.0,502.1165695299504,39.324736303686805,2373794.5519,2292794.5519
1696003200000.0,1340225.6124,957379.0316,81000.0,475.22314355817696,42.574510980635196,2297604.644,2216604.644
1696089600000.0,1352617.9054,957379.0316,81000.0,479.6172577885476,42.043530615081735,2309996.937,2228996.937
1696176000000.0,1387246.5482,957379.0316,82000.0,491.53264201813226,40.60368751082063,2344625.5798,2262625.5798
1696262400000.0,1574397.9083,957379.0316,82000.0,557.8445766966515,32.590619695515535,2531776.9399,2449776.9399
1696348800000.0,1480178.236,972818.2119999999,82000.0,529.9308771647696,35.963683208281296,2452996.448,2370996.448
1696435200000.0,1418365.3839,972818.2119999999,82000.0,507.8007457138914,38.63786614287975,2391183.5959,2309183.5959
1696521600000.0,1423494.8611,972818.2119999999,82000.0,509.63719235651905,38.41595176867387,2396313.0731,2314313.0731
1696608000000.0,1346233.2391,972818.2119999999,82000.0,481.97611876292444,41.7584882159089,2319051.4510999997,2237051.4510999997
1696694400000.0,1354006.0942,972818.2119999999,82000.0,484.75894303437775,41.422214516259835,2326824.3062,2244824.3062
1696780800000.0,1346208.8574,972818.2119999999,82000.0,481.96738966844555,41.75954303094882,2319027.0694,2237027.0694
1696867200000.0,1333159.3382,972818.2119999999,82000.0,477.2954231524925,42.32409878859124,2305977.5502,2223977.5502
1696953600000.0,1333159.3382,972818.2119999999,82000.0,477.2954231524925,42.32409878859124,2305977.5502,2223977.5502
1697040000000.0,1333159.3382,972818.2119999999,82000.0,477.2954231524925,42.32409878859124,2305977.5502,2223977.5502
1697126400000.0,1333159.3382,972818.2119999999,82000.0,477.2954231524925,42.32409878859124,2305977.5502,2223977.5502
1697212800000.0,1333159.3382,972818.2119999999,82000.0,477.2954231524925,42.32409878859124,2305977.5502,2223977.5502
1697299200000.0,1333159.3382,972818.2119999999,82000.0,477.2954231524925,42.32409878859124,2305977.5502,2223977.5502
1697385600000.0,1333159.3382,972818.2119999999,82000.0,477.2954231524925,42.32409878859124,2305977.5502,2223977.5502
1697472000000.0,1556251.0933,972818.2119999999,82000.0,557.1663512562961,32.672575778896,2529069.3053,2447069.3053
1697558400000.0,1653839.8503,972818.2119999999,82000.0,592.104910911236,28.450635200003404,2626658.0623,2544658.0623
1697644800000.0,1601243.153,972818.2119999999,82000.0,573.2743314186735,30.726103578462215,2574061.3649999998,2492061.3649999998
1697731200000.0,1707442.9715,972818.2119999999,82000.0,611.2958085649192,26.131626335595215,2680261.1835,2598261.1835
1697817600000.0,1921219.6909,972818.2119999999,82000.0,687.8317835399281,16.883095724047458,2894037.9029,2812037.9029
1697904000000.0,2016064.1016,972818.2119999999,82000.0,721.7878170323884,12.779882623223903,2988882.3136,2906882.3136
1697990400000.0,1988630.4577,972818.2119999999,82000.0,711.9660708249586,13.96673260439849,2961448.6697,2879448.6697
1698076800000.0,2248270.6527,972818.2119999999,82000.0,804.9220087905145,2.734030099722806,3221088.8647,3139088.8647
1698163200000.0,2932042.4453,972818.2119999999,82000.0,1049.7248149797583,11.613432597397166,3904860.6572999996,3822860.6572999996
1698249600000.0,3219462.3959,972818.2119999999,82000.0,1152.6264134708422,2.9491436894102385,4192280.6078999997,4110280.6078999997
1698336000000.0,2867837.8047,1143338.0415999999,82000.0,1087.7875968748358,8.408555862569568,4011175.8463000003,3929175.8463000003
1698422400000.0,2921498.8645,1143338.0415999999,82000.0,1108.1415496646118,6.694758118160116,4064836.9061000003,3982836.9061000003
1698508800000.0,2966892.4891,1143338.0415999999,82000.0,1125.35961608948,5.24500122293664,4110230.5307,4028230.5307
1698595200000.0,3027185.0754,1143338.0415999999,82000.0,1148.2289455380142,3.3194093917154444,4170523.1169999996,4088523.1169999996
1698681600000.0,3075588.5202,1143338.0415999999,82000.0,1166.5886543099557,1.7735264958303354,4218926.5618,4136926.5618000003
1698768000000.0,2907965.4779,1152123.0968,82000.0,1106.2964507853183,6.850114983246991,4060088.5746999998,3978088.5746999998
1698854400000.0,2828332.012,1152123.0968,83000.0,1075.6310758204404,11.744159677260146,3980455.1088,3897455.1088
1698940800000.0,2845707.5978,1152123.0968,83000.0,1082.2391119236163,11.883624582112374,3997830.6946,3914830.6946
1699027200000.0,2737875.4,1153655.7086999998,83000.0,1041.791383047965,15.176896118078986,3891531.1086999997,3808531.1086999997
1699113600000.0,2724592.5501,1153655.7086999998,83000.0,1036.7371141180715,15.588416874982558,3878248.2588,3795248.2588
1699200000000.0,2792307.1199,1153655.7086999998,83000.0,1062.5032447916733,13.490527398907426,3945962.8285999997,3862962.8285999997
1699286400000.0,2639915.0911,1153655.7086999998,83000.0,1004.5164195150236,18.211839730973058,3793570.7997999997,3710570.7997999997
1699372800000.0,2495592.2656,1153655.7086999998,83000.0,949.6000139024692,22.683157169275336,3649247.9743,3566247.9743
1699459200000.0,2432940.8687,1153655.7086999998,83000.0,925.7604756143725,24.624182662106808,3586596.5774,3503596.5774
1699545600000.0,2974020.7819999997,1153655.7086999998,83000.0,1131.6472706147144,7.860790984652577,4127676.4906999995,4044676.4906999995
1699632000000.0,2787397.9817,1186078.5659999999,83000.0,1072.9725143113828,12.638114957714041,3973476.5477,3890476.5477
1699718400000.0,2710639.935,1186078.5659999999,83000.0,1043.4255049133565,15.043845210767493,3896718.501,3813718.501
1699804800000.0,2722684.3433000003,1186078.5659999999,83000.0,1048.0618428679254,14.666352574188457,3908762.9093000004,3825762.9093000004
1699891200000.0,2590140.8271000003,1186078.5659999999,83000.0,997.0409442497631,18.820496152316025,3776219.3931,3693219.3931
1699977600000.0,2519085.2832,1186078.5659999999,83000.0,969.6890389622204,21.04750008163043,3705163.8492,3622163.8492
1700064000000.0,2519085.2832,1186078.5659999999,83000.0,969.6890389622204,21.04750008163043,3705163.8492,3622163.8492
1700150400000.0,2392514.2696,1186078.5659999999,83000.0,920.9671773576192,25.014455074209195,3578592.8356,3495592.8356
1700236800000.0,2392514.2696,1186078.5659999999,83000.0,920.9671773576192,25.014455074209195,3578592.8356,3495592.8356
1700323200000.0,2392514.2696,1186078.5659999999,83000.0,920.9671773576192,25.014455074209195,3578592.8356,3495592.8356
1700409600000.0,2361116.6995,1186078.5659999999,83000.0,908.8810920713988,25.998509352676603,3547195.2654999997,3464195.2654999997
1700496000000.0,2648084.8785,1186078.5659999999,83000.0,1019.345751431308,17.00442912832981,3834163.4445,3751163.4445
1700582400000.0,2457665.0416,1196806.1594999998,83000.0,950.1755649459316,22.636295554998853,3654471.2011,3571471.2011
1700668800000.0,2394279.2176,1196806.1594999998,83000.0,925.6695154602158,24.63158867710241,3591085.3771,3508085.3771
1700755200000.0,2311698.5801,1196806.1594999998,83000.0,893.7424210181373,27.231106481314892,3508504.7396,3425504.7396
1700841600000.0,2556225.6255,1196806.1594999998,83000.0,988.2807814434633,19.533752387520554,3753031.785,3670031.785
1700928000000.0,2413883.4404,1208214.6851,83000.0,937.6595772598141,23.65535267234449,3622098.1255,3539098.1255
1701014400000.0,2307370.0687,1208214.6851,83000.0,896.2850512950519,27.024084427167118,3515584.7538,3432584.7538
1701100800000.0,2256046.3594,1208214.6851,83000.0,876.3486422869727,28.647315450039677,3464261.0445,3381261.0445
1701187200000.0,2256046.3594,1208214.6851,83000.0,876.3486422869727,28.647315450039677,3464261.0445,3381261.0445
1701273600000.0,2142757.7563,1208214.6851,83000.0,832.34231542245,32.23032956959428,3350972.4414,3267972.4414
1701360000000.0,2117125.604,1208214.6851,83000.0,822.3856486308279,33.04100567550766,3325340.2890999997,3242340.2890999997
1701446400000.0,2298796.3464,1208214.6851,84000.0,892.5330588678071,27.329573269366257,3507011.0315,3423011.0315
1701532800000.0,2409766.1085,1208214.6851,84000.0,935.6182940449261,23.821554832399116,3617980.7936,3533980.7936
1701619200000.0,2674106.8095,1208214.6851,84000.0,1038.2514893761565,15.465115788101858,3882321.4946,3798321.4946
1701705600000.0,3094833.3718000003,1208214.6851,84000.0,1201.603221766293,7.284102326201514,4303048.0569,4219048.0569
1701792000000.0,3372908.4094000002,1208214.6851,84000.0,1309.5689249015816,1.7556125189017613,4581123.0945,4497123.0945
1701878400000.0,3795585.4760000003,1208214.6851,84000.0,1473.6779621186288,4.906228164701043,5003800.1611,4919800.1611
1701964800000.0,3462505.8285000003,1357590.2655,84000.0,1402.35283008073,9.508709850987218,4820096.0940000005,4736096.0940000005
1702051200000.0,3478856.9117,1357590.2655,84000.0,1408.9751980812882,9.081380429063103,4836447.1772,4752447.1772
1702137600000.0,3555013.6349,1357590.2655,84000.0,1439.8195061053013,7.0910530542569905,4912603.9004,4828603.9004
1702224000000.0,3517125.5579,1357590.2655,84000.0,1424.474419442939,8.08124372506388,4874715.8234,4790715.8234
1702310400000.0,3334176.29,1357590.2655,84000.0,1350.377959737655,12.862554170181673,4691766.5555,4607766.5555
1702396800000.0,3334176.29,1357590.2655,84000.0,1350.377959737655,12.862554170181673,4691766.5555,4607766.5555
1702483200000.0,3334176.29,1357590.2655,84000.0,1350.377959737655,12.862554170181673,4691766.5555,4607766.5555
1702569600000.0,3174009.7085,1357590.2655,84000.0,1285.5087378573312,17.048447657896272,4531599.974,4447599.974
1702656000000.0,3013707.3902000003,1357590.2655,84000.0,1220.5845410845293,21.23788857592901,4371297.6557,4287297.6557
1702742400000.0,3013707.3902000003,1357590.2655,84000.0,1220.5845410845293,21.23788857592901,4371297.6557,4287297.6557
1702828800000.0,3013707.3902000003,1357590.2655,84000.0,1220.5845410845293,21.23788857592901,4371297.6557,4287297.6557
1702915200000.0,3013707.3902000003,1357590.2655,84000.0,1220.5845410845293,21.23788857592901,4371297.6557,4287297.6557
1703001600000.0,2866107.8956,1357590.2655,84000.0,1160.8051272082892,25.09534596466716,4223698.1611,4139698.1611
1703088000000.0,3227716.4359,1357590.2655,84000.0,1307.2605513976398,15.644842496540424,4585306.7014,4501306.7014
1703174400000.0,3186913.4571,1357590.2655,84000.0,1290.7348975417176,16.711213031758952,4544503.7226,4460503.7226
1703260800000.0,3156214.3408000004,1357590.2655,84000.0,1278.3014187963743,17.513522913104353,4513804.6063,4429804.6063
1703347200000.0,3173309.787,1357590.2655,84000.0,1285.2252619745527,17.06673984357773,4530900.0525,4446900.0525
1703433600000.0,3125366.992,1383004.1197,84000.0,1276.2023461774793,17.648972270303087,4508371.1117,4424371.1117
1703520000000.0,3063834.8233,1383004.1197,84000.0,1251.076497513519,19.270297811864367,4446838.943,4362838.943
1703606400000.0,3063834.8233,1383004.1197,84000.0,1251.076497513519,19.270297811864367,4446838.943,4362838.943
1703692800000.0,3063834.8233,1383004.1197,84000.0,1251.076497513519,19.270297811864367,4446838.943,4362838.943
1703779200000.0,2954578.1251999997,1383004.1197,84000.0,1206.4629673880224,22.14912816936121,4337582.244899999,4253582.244899999
1703865600000.0,2954578.1251999997,1383004.1197,84000.0,1206.4629673880224,22.14912816936121,4337582.244899999,4253582.244899999
1703952000000.0,2954578.1251999997,1383004.1197,84000.0,1206.4629673880224,22.14912816936121,4337582.244899999,4253582.244899999
1704038400000.0,2954578.1251999997,1383004.1197,84000.0,1206.4629673880224,22.14912816936121,4337582.244899999,4253582.244899999
1704124800000.0,2943013.3383,1383004.1197,85000.0,1201.3340384794196,22.480088669505328,4326017.458,4241017.458
1704211200000.0,3696740.5858,1383004.1197,85000.0,1509.0044748880402,5.5698144494121244,5079744.7055,4994744.7055
1704297600000.0,3394841.9076,1440809.2375999999,85000.0,1409.3658158490687,11.804982878425518,4835651.1452,4750651.1452
1704384000000.0,3394841.9076,1440809.2375999999,85000.0,1409.3658158490687,11.804982878425518,4835651.1452,4750651.1452
1704470400000.0,3385423.7967,1440809.2375999999,85000.0,1405.4558948826107,12.049657144469794,4826233.0342999995,4741233.0342999995
1704556800000.0,3382053.9217,1440809.2375999999,85000.0,1404.0568940578441,12.137203543215847,4822863.1592999995,4737863.1592999995
1704643200000.0,3433250.4763,1440809.2375999999,85000.0,1425.3111014425706,10.807161929376829,4874059.7139,4789059.7139
1704729600000.0,3260318.2912999997,1440809.2375999999,85000.0,1353.5184475774631,15.299788517614232,4701127.528899999,4616127.528899999
1704816000000.0,3645737.1044,1440809.2375999999,85000.0,1513.5247497125388,5.2869455795575675,5086546.342,5001546.342
1704902400000.0,3427724.0102000004,1459409.873,85000.0,1430.7388320360903,10.792370603933598,4887133.8832,4802133.8832
1704988800000.0,3266812.5304,1459409.873,85000.0,1363.5740597308609,14.980144069024636,4726222.4034,4641222.4034
1705075200000.0,3251946.9301000005,1459409.873,85000.0,1357.3691285440307,15.367026139566553,4711356.8031,4626356.8031
1705161600000.0,3251946.9301000005,1459409.873,85000.0,1357.3691285440307,15.367026139566553,4711356.8031,4626356.8031
1705248000000.0,3251946.9301000005,1459409.873,85000.0,1357.3691285440307,15.367026139566553,4711356.8031,4626356.8031
1705334400000.0,3251946.9301000005,1459409.873,85000.0,1357.3691285440307,15.367026139566553,4711356.8031,4626356.8031
1705420800000.0,3251946.9301000005,1459409.873,85000.0,1357.3691285440307,15.367026139566553,4711356.8031,4626356.8031
1705507200000.0,3251946.9301000005,1459409.873,85000.0,1357.3691285440307,15.367026139566553,4711356.8031,4626356.8031
1705593600000.0,3251946.9301000005,1459409.873,85000.0,1357.3691285440307,15.367026139566553,4711356.8031,4626356.8031
1705680000000.0,3251946.9301000005,1459409.873,85000.0,1357.3691285440307,15.367026139566553,4711356.8031,4626356.8031
1705766400000.0,3251946.9301000005,1459409.873,85000.0,1357.3691285440307,15.367026139566553,4711356.8031,4626356.8031
1705852800000.0,3251946.9301000005,1459409.873,85000.0,1357.3691285440307,15.367026139566553,4711356.8031,4626356.8031
1705939200000.0,3251946.9301000005,1459409.873,85000.0,1357.3691285440307,15.367026139566553,4711356.8031,4626356.8031
1706025600000.0,3251946.9301000005,1459409.873,85000.0,1357.3691285440307,15.367026139566553,4711356.8031,4626356.8031
1706112000000.0,3251946.9301000005,1459409.873,85000.0,1357.3691285440307,15.367026139566553,4711356.8031,4626356.8031
1706198400000.0,3251946.9301000005,1459409.873,85000.0,1357.3691285440307,15.367026139566553,4711356.8031,4626356.8031
1706284800000.0,3214603.0955,1459409.873,85000.0,1341.7817375696225,16.33891155020978,4674012.9684999995,4589012.9684999995
1706371200000.0,3315711.8049999997,1459409.873,85000.0,1383.9847143869613,13.707524583537323,4775121.677999999,4690121.677999999
1706457600000.0,3430525.4365999997,1459409.873,85000.0,1431.9081529976506,10.719462573028004,4889935.309599999,4804935.309599999
1706544000000.0,3529754.2444,1459409.873,85000.0,1473.3264550994652,8.13700065798033,4989164.1174,4904164.1174
1706630400000.0,3719489.8408000004,1459409.873,85000.0,1552.5224711092744,3.2022967817645576,5178899.7138,5093899.7138
1706716800000.0,3502960.2674,1487300.2437999998,85000.0,1473.7840920562896,8.111529587915223,4990260.5112,4905260.5112
1706803200000.0,3315958.3712999998,1487300.2437999998,86000.0,1394.7095071283636,13.041724381482101,4803258.6151,4717258.6151
1706889600000.0,3207190.7291,1487300.2437999998,86000.0,1348.96126554691,15.894066163172171,4694490.9728999995,4608490.9728999995
1706976000000.0,3250741.7012,1487300.2437999998,86000.0,1367.279033151676,14.751977810042016,4738041.945,4652041.945
1707062400000.0,3166497.4426,1487300.2437999998,86000.0,1331.8454555147118,16.96121406645028,4653797.6864,4567797.6864
1707148800000.0,3166497.4426,1487300.2437999998,86000.0,1331.8454555147118,16.96121406645028,4653797.6864,4567797.6864
1707235200000.0,3166497.4426,1487300.2437999998,86000.0,1331.8454555147118,16.96121406645028,4653797.6864,4567797.6864
1707321600000.0,3006907.9276,1487300.2437999998,86000.0,1264.7212673056652,21.146317580206087,4494208.171399999,4408208.171399999
1707408000000.0,3749171.7695999998,1487300.2437999998,86000.0,1576.921337787601,1.6810600205971138,5236472.0134,5150472.0134
1707494400000.0,4341507.066500001,1487300.2437999998,86000.0,1826.060674742019,4.14811165435861,5828807.3103,5742807.3103
1707580800000.0,4407844.752400001,1487300.2437999998,86000.0,1853.9626538520138,6.0345507374814815,5895144.996200001,5809144.996200001
1707667200000.0,4681077.5748000005,1487300.2437999998,86000.0,1968.885814033725,3.1354085911326934,6168377.818600001,6082377.818600001
1707753600000.0,5287017.0858000005,1487300.2437999998,86000.0,2223.747154890996,0.1824706287099076,6774317.329600001,6688317.329600001
1707840000000.0,4807104.330100001,1687322.0662999998,86000.0,2106.0235583369094,7.9337874347964465,6494426.396400001,6408426.396400001
1707926400000.0,5481844.7422,1687322.0662999998,86000.0,2401.6317053760213,1.991167934186755,7169166.8085,7083166.8085
1708012800000.0,5579152.5085,1687322.0662999998,86000.0,2444.262868372369,4.044722365286935,7266474.5748000005,7180474.5748000005
1708099200000.0,5562794.6555,1687322.0662999998,86000.0,2437.096386969812,4.326059418491967,7250116.7218,7164116.7218
1708185600000.0,5318051.414100001,1744093.9644999998,86000.0,2354.744923409379,7.55895946857057,7062145.3786,6976145.3786
1708272000000.0,5349560.6513,1744093.9644999998,86000.0,2368.6966908068284,7.011250082873999,7093654.6158,7007654.6158
1708358400000.0,5514588.6948,1744093.9644999998,86000.0,2441.7683701481556,4.142649749759741,7258682.6592999995,7172682.6592999995
1708444800000.0,5227892.0946,1744093.9644999998,86000.0,2314.823872753911,9.126154040268053,6971986.0591,6885986.0591
1708531200000.0,5120945.8029,1744093.9644999998,86000.0,2267.4698293555443,10.98514819356151,6865039.767399999,6779039.767399999
1708617600000.0,5120945.8029,1744093.9644999998,86000.0,2267.4698293555443,10.98514819356151,6865039.767399999,6779039.767399999
1708704000000.0,5120945.8029,1744093.9644999998,86000.0,2267.4698293555443,10.98514819356151,6865039.767399999,6779039.767399999
1708790400000.0,5120945.8029,1744093.9644999998,86000.0,2267.4698293555443,10.98514819356151,6865039.767399999,6779039.767399999
1708876800000.0,5067544.7774,1744093.9644999998,86000.0,2243.824741350644,11.913391638063963,6811638.7419,6725638.7419
1708963200000.0,4812206.4642,1744093.9644999998,86000.0,2130.765173110015,16.351810435062863,6556300.4287,6470300.4287
1709049600000.0,5490621.8393,1744093.9644999998,86000.0,2431.1562442162626,4.559253668783969,7234715.8038,7148715.8038
1709136000000.0,6763268.9931,1744093.9644999998,86000.0,2994.6632868064294,1.720997813384495,8507362.9576,8421362.9576
1709222400000.0,6062662.8981,1883033.5681999999,86000.0,2745.966684225414,19.157847304113506,7945696.4662999995,7859696.4662999995
1709308800000.0,5915424.7236,1883033.5681999999,87000.0,2678.8361238120137,21.13419284635062,7798458.2918,7711458.2918
1709395200000.0,5996279.948100001,1883033.5681999999,87000.0,2715.4519048100206,20.056212339331115,7879313.5163,7792313.5163
1709481600000.0,6058997.3058,1883033.5681999999,87000.0,2743.8538423288114,19.220050057048798,7942030.874,7855030.874
1709568000000.0,6742398.5883,1883033.5681999999,87000.0,3053.336276500727,10.108786492291422,8625432.1565,8538432.1565
1709654400000.0,6793633.5189,1883033.5681999999,87000.0,3076.538326954469,9.425710577199542,8676667.0871,8589667.0871
1709740800000.0,6425485.954299999,1923236.1298999998,87000.0,2928.026434496895,13.797949015553701,8348722.084199999,8261722.084199999
1709827200000.0,6438941.8696,1923236.1298999998,87000.0,2934.1581537129937,13.617429206626753,8362177.9995,8275177.9995
1709913600000.0,6481466.3708999995,1923236.1298999998,87000.0,2953.5361221352687,13.046935510862367,8404702.500799999,8317702.500799999
1710000000000.0,6561213.9326,1923236.1298999998,87000.0,2989.8762480658233,11.977070378724264,8484450.0625,8397450.0625
1710086400000.0,6669030.114899999,1923236.1298999998,87000.0,3039.0069494767686,10.530646542507904,8592266.2448,8505266.2448
1710172800000.0,7003809.3325,1923236.1298999998,87000.0,3191.5623212921873,6.039366756147824,8927045.462399999,8840045.462399999
1710259200000.0,6967349.7367,1923236.1298999998,87000.0,3174.948066580133,6.528495820996305,8890585.8666,8803585.8666
1710345600000.0,6618375.7713,1944668.3316999997,87000.0,3025.6907265059976,10.922680479743818,8563044.103,8476044.103
1710432000000.0,6283245.0658,1944668.3316999997,87000.0,2872.4806485596996,15.433235027632342,8227913.3975,8140913.3975
1710518400000.0,6257839.533600001,1944668.3316999997,87000.0,2860.866124719451,15.775170388748439,8202507.865300001,8115507.865300001
1710604800000.0,6257839.533600001,1944668.3316999997,87000.0,2860.866124719451,15.775170388748439,8202507.865300001,8115507.865300001
1710691200000.0,6257839.533600001,1944668.3316999997,87000.0,2860.866124719451,15.775170388748439,8202507.865300001,8115507.865300001
1710777600000.0,6257839.533600001,1944668.3316999997,87000.0,2860.866124719451,15.775170388748439,8202507.865300001,8115507.865300001
1710864000000.0,6257839.533600001,1944668.3316999997,87000.0,2860.866124719451,15.775170388748439,8202507.865300001,8115507.865300001
1710950400000.0,6257839.533600001,1944668.3316999997,87000.0,2860.866124719451,15.775170388748439,8202507.865300001,8115507.865300001
1711036800000.0,6128971.1774,1944668.3316999997,87000.0,2801.952003828152,17.509621277901076,8073639.5091,7986639.5091
1711123200000.0,5948310.6612,1944668.3316999997,87000.0,2719.360312543032,19.941147543911352,7892978.9929,7805978.9929
1711209600000.0,5948310.6612,1944668.3316999997,87000.0,2719.360312543032,19.941147543911352,7892978.9929,7805978.9929
1711296000000.0,5948310.6612,1944668.3316999997,87000.0,2719.360312543032,19.941147543911352,7892978.9929,7805978.9929
1711382400000.0,6773323.7908,1944668.3316999997,87000.0,3096.5275604803746,8.837221037884236,8717992.122499999,8630992.122499999
1711468800000.0,6891117.9109000005,1944668.3316999997,87000.0,3150.378926606946,7.251819296378981,8835786.2426,8748786.2426
1711555200000.0,6478008.282000001,2003523.6228999998,87000.0,2988.426190551756,12.019760543773783,8481531.9049,8394531.9049
1711641600000.0,7043339.2502999995,2003523.6228999998,87000.0,3249.2239231962267,4.341790433538262,9046862.8732,8959862.8732
1711728000000.0,6672509.459600001,2025134.8647999999,87000.0,3088.1228853417037,9.084657408770658,8697644.3244,8610644.3244
1711814400000.0,6595658.422900001,2025134.8647999999,87000.0,3052.5552407197756,10.131780439824489,8620793.287700001,8533793.287700001
1711900800000.0,6629134.1536,2025134.8647999999,87000.0,3068.048237875362,9.67566156228532,8654269.0184,8567269.0184
1711987200000.0,6321306.0273,2025134.8647999999,88000.0,2925.1401810019433,13.882921257605407,8346440.8921,8258440.8921
1712073600000.0,6321306.0273,2025134.8647999999,88000.0,2925.1401810019433,13.882921257605407,8346440.8921,8258440.8921
1712160000000.0,6321306.0273,2025134.8647999999,88000.0,2925.1401810019433,13.882921257605407,8346440.8921,8258440.8921
1712246400000.0,6321306.0273,2025134.8647999999,88000.0,2925.1401810019433,13.882921257605407,8346440.8921,8258440.8921
1712332800000.0,5982028.8011,2025134.8647999999,88000.0,2768.14201597553,18.504998321741205,8007163.665899999,7919163.665899999
1712419200000.0,6002572.3764,2025134.8647999999,88000.0,2777.648411855107,18.225126933752712,8027707.2412,7939707.2412
1712505600000.0,6292463.9341,2025134.8647999999,88000.0,2911.7937039671083,14.275845884331762,8317598.7989,8229598.7989
1712592000000.0,6741522.6167,2025134.8647999999,88000.0,3119.5924706188334,8.1581825782985,8766657.4815,8678657.4815
1712678400000.0,6356424.166900001,2066734.3498,88000.0,2960.640725563355,12.83777367416693,8423158.5167,8335158.5167
1712764800000.0,6356424.166900001,2066734.3498,88000.0,2960.640725563355,12.83777367416693,8423158.5167,8335158.5167
1712851200000.0,6073103.4758,2066734.3498,88000.0,2828.678044275756,16.722797950716007,8139837.8256,8051837.8256
1712937600000.0,5913235.1683,2066734.3498,88000.0,2754.21595529559,18.914986079570628,7979969.5181,7891969.5181
1713024000000.0,5913235.1683,2066734.3498,88000.0,2754.21595529559,18.914986079570628,7979969.5181,7891969.5181
1713110400000.0,5913235.1683,2066734.3498,88000.0,2754.21595529559,18.914986079570628,7979969.5181,7891969.5181
1713196800000.0,5913235.1683,2066734.3498,88000.0,2754.21595529559,18.914986079570628,7979969.5181,7891969.5181
1713283200000.0,5913235.1683,2066734.3498,88000.0,2754.21595529559,18.914986079570628,7979969.5181,7891969.5181
1713369600000.0,5913235.1683,2066734.3498,88000.0,2754.21595529559,18.914986079570628,7979969.5181,7891969.5181
1713456000000.0,5913235.1683,2066734.3498,88000.0,2754.21595529559,18.914986079570628,7979969.5181,7891969.5181
1713542400000.0,5842771.853399999,2066734.3498,88000.0,2721.3961568879454,19.881211623952076,7909506.203199999,7821506.203199999
1713628800000.0,5549851.604900001,2066734.3498,88000.0,2584.9622760957864,23.89786946880257,7616585.954700001,7528585.954700001
1713715200000.0,5609365.665200001,2066734.3498,88000.0,2612.682224614223,23.08178516460363,7676100.015000001,7588100.015000001
1713801600000.0,5840622.643200001,2066734.3498,88000.0,2720.3951161960663,19.91068258765043,7907356.993000001,7819356.993000001
1713888000000.0,5944048.409700001,2066734.3498,88000.0,2768.5678825710706,18.492460670595413,8010782.759500001,7922782.759500001
1713974400000.0,5644327.252600001,2077231.6439,88000.0,2633.8556725109665,22.45843196887839,7721558.896500001,7633558.896500001
1714060800000.0,5644327.252600001,2077231.6439,88000.0,2633.8556725109665,22.45843196887839,7721558.896500001,7633558.896500001
1714147200000.0,5644327.252600001,2077231.6439,88000.0,2633.8556725109665,22.45843196887839,7721558.896500001,7633558.896500001
1714233600000.0,5644327.252600001,2077231.6439,88000.0,2633.8556725109665,22.45843196887839,7721558.896500001,7633558.896500001
1714320000000.0,5644327.252600001,2077231.6439,88000.0,2633.8556725109665,22.45843196887839,7721558.896500001,7633558.896500001
1714406400000.0,5644327.252600001,2077231.6439,88000.0,2633.8556725109665,22.45843196887839,7721558.896500001,7633558.896500001
1714492800000.0,5644327.252600001,2077231.6439,88000.0,2633.8556725109665,22.45843196887839,7721558.896500001,7633558.896500001
1714579200000.0,5645327.252600001,2077231.6439,89000.0,2633.8556725109665,22.45843196887839,7722558.896500001,7633558.896500001
1714665600000.0,5645327.252600001,2077231.6439,89000.0,2633.8556725109665,22.45843196887839,7722558.896500001,7633558.896500001
1714752000000.0,5645327.252600001,2077231.6439,89000.0,2633.8556725109665,22.45843196887839,7722558.896500001,7633558.896500001
1714838400000.0,6061719.9547,2077231.6439,89000.0,2828.125770832219,16.739057060598416,8138951.5986,8049951.5986
1714924800000.0,6252514.8181,2077231.6439,89000.0,2917.1420688724443,14.118388281209949,8329746.461999999,8240746.461999999
1715011200000.0,5905842.6442,2106177.7985,89000.0,2768.90540502763,18.482523899647607,8012020.4427000005,7923020.4427000005
1715097600000.0,6034883.6787,2106177.7985,89000.0,2829.4052251927183,16.701389507902654,8141061.4772,8052061.4772
1715184000000.0,5893607.285,2106177.7985,89000.0,2763.1689582134563,18.651406760443876,7999785.0835,7910785.0835
1715270400000.0,5893607.285,2106177.7985,89000.0,2763.1689582134563,18.651406760443876,7999785.0835,7910785.0835
1715356800000.0,5591746.1432,2106177.7985,89000.0,2621.643862227589,22.817951637231715,7697923.9417,7608923.9417
1715443200000.0,5591746.1432,2106177.7985,89000.0,2621.643862227589,22.817951637231715,7697923.9417,7608923.9417
1715529600000.0,5591746.1432,2106177.7985,89000.0,2621.643862227589,22.817951637231715,7697923.9417,7608923.9417
1715616000000.0,5663158.9528,2106177.7985,89000.0,2655.12516648886,21.832251145271584,7769336.7513,7680336.7513
1715702400000.0,5386025.9838000005,2106177.7985,89000.0,2525.19366949426,25.65747669530609,7492203.782300001,7403203.782300001
1715788800000.0,5618878.7656,2106177.7985,89000.0,2634.364767497511,22.443444046819707,7725056.564099999,7636056.564099999
1715875200000.0,5901996.9399999995,2106177.7985,89000.0,2767.1023784678255,18.535605588256498,8008174.738499999,7919174.738499999
1715961600000.0,5583996.661400001,2128174.5404,89000.0,2628.323572113945,22.621298804661272,7712171.2018,7623171.2018
1716048000000.0,5550026.771600001,2128174.5404,89000.0,2612.334332234803,23.092027229454736,7678201.312000001,7589201.312000001
1716134400000.0,5568434.554,2128174.5404,89000.0,2620.9986655655703,22.836946436902604,7696609.0944,7607609.0944
1716220800000.0,5289447.8781,2128174.5404,89000.0,2489.6828176098447,26.70292772968771,7417622.418500001,7328622.418500001
1716307200000.0,5770539.4187,2128174.5404,89000.0,2716.1271214262033,20.036333742441414,7898713.959100001,7809713.959100001
1716393600000.0,5961127.5547,2128174.5404,89000.0,2805.8347843760707,17.395310955149302,8089302.0951000005,8000302.0951000005
1716480000000.0,5605970.0069,2163343.6657999996,89000.0,2655.2198817542253,21.82946269703976,7769313.6727,7680313.6727
1716566400000.0,5605970.0069,2163343.6657999996,89000.0,2655.2198817542253,21.82946269703976,7769313.6727,7680313.6727
1716652800000.0,5527902.0742,2163343.6657999996,89000.0,2618.2436712541053,22.918054365881936,7691245.739999999,7602245.739999999
1716739200000.0,5494484.2156,2163343.6657999996,89000.0,2602.4155875413567,23.38403830069804,7657827.881399999,7568827.881399999
1716825600000.0,5436440.2697,2163343.6657999996,89000.0,2574.9235676091325,24.19341231315302,7599783.9355,7510783.9355
1716912000000.0,5149806.2993,2163343.6657999996,89000.0,2439.1618321636206,28.19028198028831,7313149.9651,7224149.9651
1716998400000.0,5149806.2993,2163343.6657999996,89000.0,2439.1618321636206,28.19028198028831,7313149.9651,7224149.9651
1717084800000.0,5149806.2993,2163343.6657999996,89000.0,2439.1618321636206,28.19028198028831,7313149.9651,7224149.9651
1717171200000.0,4936147.579899999,2163343.6657999996,89000.0,2337.96420196532,31.1695731421039,7099491.245699999,7010491.245699999
1717257600000.0,4937147.579899999,2163343.6657999996,90000.0,2337.9642019653206,31.16957314210389,7100491.245699999,7010491.245699999
1717344000000.0,4937147.579899999,2163343.6657999996,90000.0,2337.9642019653206,31.16957314210389,7100491.245699999,7010491.245699999
1717430400000.0,5314762.7211,2163343.6657999996,90000.0,2516.782166783695,25.905114072130697,7478106.386899999,7388106.386899999
1717516800000.0,5020934.8031,2172653.3571999995,90000.0,2382.0498303824947,29.87167789644448,7193588.1603,7103588.1603
1717603200000.0,5212463.3914,2172653.3571999995,90000.0,2472.9155076248544,27.1965627915742,7385116.7486,7295116.7486
1717689600000.0,5139167.1117,2172653.3571999995,90000.0,2438.1420247030574,28.220305443763248,7311820.4689,7221820.4689
1717776000000.0,4856120.4387,2172653.3571999995,90000.0,2303.8580106995896,32.173670510807796,7028773.795899999,6938773.795899999
1717862400000.0,4605624.5937,2172653.3571999995,90000.0,2185.0168768283907,35.67239216178727,6778277.9509,6688277.9509
1717948800000.0,4605624.5937,2172653.3571999995,90000.0,2185.0168768283907,35.67239216178727,6778277.9509,6688277.9509
1718035200000.0,4605624.5937,2172653.3571999995,90000.0,2185.0168768283907,35.67239216178727,6778277.9509,6688277.9509
1718121600000.0,4605624.5937,2172653.3571999995,90000.0,2185.0168768283907,35.67239216178727,6778277.9509,6688277.9509
1718208000000.0,4605624.5937,2172653.3571999995,90000.0,2185.0168768283907,35.67239216178727,6778277.9509,6688277.9509
1718294400000.0,4605624.5937,2172653.3571999995,90000.0,2185.0168768283907,35.67239216178727,6778277.9509,6688277.9509
1718380800000.0,4605624.5937,2172653.3571999995,90000.0,2185.0168768283907,35.67239216178727,6778277.9509,6688277.9509
1718467200000.0,4605624.5937,2172653.3571999995,90000.0,2185.0168768283907,35.67239216178727,6778277.9509,6688277.9509
1718553600000.0,4605624.5937,2172653.3571999995,90000.0,2185.0168768283907,35.67239216178727,6778277.9509,6688277.9509
1718640000000.0,4605624.5937,2172653.3571999995,90000.0,2185.0168768283907,35.67239216178727,6778277.9509,6688277.9509
1718726400000.0,4605624.5937,2172653.3571999995,90000.0,2185.0168768283907,35.67239216178727,6778277.9509,6688277.9509
1718812800000.0,4605624.5937,2172653.3571999995,90000.0,2185.0168768283907,35.67239216178727,6778277.9509,6688277.9509
1718899200000.0,4605624.5937,2172653.3571999995,90000.0,2185.0168768283907,35.67239216178727,6778277.9509,6688277.9509
1718985600000.0,4605624.5937,2172653.3571999995,90000.0,2185.0168768283907,35.67239216178727,6778277.9509,6688277.9509
1719072000000.0,4605624.5937,2172653.3571999995,90000.0,2185.0168768283907,35.67239216178727,6778277.9509,6688277.9509
1719158400000.0,4605624.5937,2172653.3571999995,90000.0,2185.0168768283907,35.67239216178727,6778277.9509,6688277.9509
1719244800000.0,4605624.5937,2172653.3571999995,90000.0,2185.0168768283907,35.67239216178727,6778277.9509,6688277.9509
1719331200000.0,4605624.5937,2172653.3571999995,90000.0,2185.0168768283907,35.67239216178727,6778277.9509,6688277.9509
1719417600000.0,4605624.5937,2172653.3571999995,90000.0,2185.0168768283907,35.67239216178727,6778277.9509,6688277.9509
1719504000000.0,4605624.5937,2172653.3571999995,90000.0,2185.0168768283907,35.67239216178727,6778277.9509,6688277.9509
1719590400000.0,4605624.5937,2172653.3571999995,90000.0,2185.0168768283907,35.67239216178727,6778277.9509,6688277.9509
1719676800000.0,4605624.5937,2172653.3571999995,90000.0,2185.0168768283907,35.67239216178727,6778277.9509,6688277.9509
1719763200000.0,4605624.5937,2172653.3571999995,90000.0,2185.0168768283907,35.67239216178727,6778277.9509,6688277.9509
1719849600000.0,5007534.48,2172653.3571999995,91000.0,2375.1766890368476,30.07402541411728,7180187.8372,7089187.8372
1719936000000.0,4737307.955,2187173.7305999994,91000.0,2253.8899973626562,33.644745082578844,6924481.6855999995,6833481.6855999995
1720022400000.0,4604389.9286,2187173.7305999994,91000.0,2190.6509989656975,35.50652177277346,6791563.6592,6700563.6592
1720108800000.0,4604389.9286,2187173.7305999994,91000.0,2190.6509989656975,35.50652177277346,6791563.6592,6700563.6592
1720195200000.0,4604389.9286,2187173.7305999994,91000.0,2190.6509989656975,35.50652177277346,6791563.6592,6700563.6592
1720281600000.0,4604389.9286,2187173.7305999994,91000.0,2190.6509989656975,35.50652177277346,6791563.6592,6700563.6592
1720368000000.0,4604389.9286,2187173.7305999994,91000.0,2190.6509989656975,35.50652177277346,6791563.6592,6700563.6592
1720454400000.0,4604389.9286,2187173.7305999994,91000.0,2190.6509989656975,35.50652177277346,6791563.6592,6700563.6592
1720540800000.0,4604389.9286,2187173.7305999994,91000.0,2190.6509989656975,35.50652177277346,6791563.6592,6700563.6592
1720627200000.0,4556970.1683,2187173.7305999994,91000.0,2168.0898894847946,36.17072817706865,6744143.898899999,6653143.898899999
1720713600000.0,4323832.959899999,2187173.7305999994,91000.0,2057.169166783791,39.43627034596866,6511006.690499999,6420006.690499999
1720800000000.0,4323832.959899999,2187173.7305999994,91000.0,2057.169166783791,39.43627034596866,6511006.690499999,6420006.690499999
1720886400000.0,4609077.1326,2187173.7305999994,91000.0,2192.8810507823723,35.44086832165221,6796250.8632,6705250.8632
1720972800000.0,4968934.4407,2187173.7305999994,91000.0,2364.0919568304766,30.400363537142695,7156108.1713,7065108.1713
1721059200000.0,5813617.3358000005,2187173.7305999994,91000.0,2765.9704807292296,18.568929025989867,8000791.0664,7909791.0664
1721145600000.0,6345417.2834,2187173.7305999994,91000.0,3018.987298271889,11.12003158818985,8532591.013999999,8441591.013999999
1721232000000.0,6301136.0316,2187173.7305999994,91000.0,2997.919410887161,11.740277048092917,8488309.7622,8397309.7622
1721318400000.0,5817612.061600001,2353149.1862999992,91000.0,2846.837947140914,16.188164501300463,8170761.2479,8079761.2479
1721404800000.0,6482488.690400001,2353149.1862999992,91000.0,3172.194123694631,6.609572795653163,8835637.876699999,8744637.876699999
1721491200000.0,6775541.3364,2353149.1862999992,91000.0,3315.5989063286597,2.387689332310705,9128690.5227,9037690.5227
1721577600000.0,6876069.398600001,2353149.1862999992,91000.0,3364.792131864017,1.752299287101411,9229218.5849,9138218.5849
1721664000000.0,6465132.561199999,2425095.908399999,91000.0,3198.9079316589755,7.12883373131451,8890228.4696,8799228.4696
1721750400000.0,6137504.5795,2425095.908399999,91000.0,3036.7996161105284,11.835186226751492,8562600.4879,8471600.4879
1721836800000.0,6137504.5795,2425095.908399999,91000.0,3036.7996161105284,11.835186226751492,8562600.4879,8471600.4879
1721923200000.0,6137504.5795,2425095.908399999,91000.0,3036.7996161105284,11.835186226751492,8562600.4879,8471600.4879
1722009600000.0,6213316.7854,2425095.908399999,91000.0,3074.311030528466,10.746149317966447,8638412.693799999,8547412.693799999
1722096000000.0,6638247.476,2425095.908399999,91000.0,3284.564129548196,4.642050377100338,9063343.384399999,8972343.384399999
1722182400000.0,6309792.7674,2444239.040299999,91000.0,3131.518658833839,9.085289026363707,8754031.807699999,8663031.807699999
1722268800000.0,6462717.748199999,2444239.040299999,91000.0,3207.4145635696027,10.351522840192185,8906956.788499998,8815956.788499998
1722355200000.0,6145950.2903,2444239.040299999,91000.0,3050.2044551726585,14.74560615327325,8590189.330599999,8499189.330599999
1722441600000.0,6145950.2903,2444239.040299999,91000.0,3050.2044551726585,14.74560615327325,8590189.330599999,8499189.330599999
1722528000000.0,6146950.2903,2444239.040299999,92000.0,3050.204455172659,14.745606153273238,8591189.330599999,8499189.330599999
1722614400000.0,6146950.2903,2444239.040299999,92000.0,3050.204455172659,14.745606153273238,8591189.330599999,8499189.330599999
1722700800000.0,6146950.2903,2444239.040299999,92000.0,3050.204455172659,14.745606153273238,8591189.330599999,8499189.330599999
1722787200000.0,6146950.2903,2444239.040299999,92000.0,3050.204455172659,14.745606153273238,8591189.330599999,8499189.330599999
1722873600000.0,6146950.2903,2444239.040299999,92000.0,3050.204455172659,14.745606153273238,8591189.330599999,8499189.330599999
1722960000000.0,6146950.2903,2444239.040299999,92000.0,3050.204455172659,14.745606153273238,8591189.330599999,8499189.330599999
1723046400000.0,6146950.2903,2444239.040299999,92000.0,3050.204455172659,14.745606153273238,8591189.330599999,8499189.330599999
1723132800000.0,6146950.2903,2444239.040299999,92000.0,3050.204455172659,14.745606153273238,8591189.330599999,8499189.330599999
1723219200000.0,6243608.4746,2444239.040299999,92000.0,3098.1676255997895,13.405016995455355,8687847.514899999,8595847.514899999
1723305600000.0,6384659.2182,2444239.040299999,92000.0,3168.159017463337,11.448730531544305,8828898.258499999,8736898.258499999
1723392000000.0,6306983.965299999,2444239.040299999,92000.0,3129.615448496118,12.52603818658271,8751223.005599998,8659223.005599998
1723478400000.0,6199918.856699999,2450124.436499999,92000.0,3079.4086313005123,13.929338139058355,8650043.293199997,8558043.293199997
1723564800000.0,6199918.856699999,2450124.436499999,92000.0,3079.4086313005123,13.929338139058355,8650043.293199997,8558043.293199997
1723651200000.0,5888554.3211,2450124.436499999,92000.0,2924.7584398110935,18.251870784813175,8338678.757599999,8246678.757599999
1723737600000.0,5888554.3211,2450124.436499999,92000.0,2924.7584398110935,18.251870784813175,8338678.757599999,8246678.757599999
1723824000000.0,5888554.3211,2450124.436499999,92000.0,2924.7584398110935,18.251870784813175,8338678.757599999,8246678.757599999
1723910400000.0,5987244.939,2450124.436499999,92000.0,2973.7766201476343,16.88179369212046,8437369.3755,8345369.375499999
1723996800000.0,6186106.1221,2450124.436499999,92000.0,3072.5480489070615,14.121094069516483,8636230.5586,8544230.5586
1724083200000.0,5870083.659,2450124.436499999,92000.0,2915.5843332443424,18.508290610411184,8320208.095499999,8228208.095499999
1724169600000.0,5569213.3364,2450124.436499999,92000.0,2766.1464632123216,22.6851368561507,8019337.772899999,7927337.772899999
1724256000000.0,5384719.3068,2450124.436499999,92000.0,2674.5109885706343,25.246383802133522,7834843.743299999,7742843.743299999
1724342400000.0,5506145.9665,2450124.436499999,92000.0,2734.821826920734,23.560672551792216,7956270.402999999,7864270.402999999
1724428800000.0,5817206.3587,2450124.436499999,92000.0,2889.3209548506516,19.24236219093236,8267330.795199999,8175330.795199999
1724515200000.0,6492287.4099,2450124.436499999,92000.0,3224.6237973461107,9.870518102396753,8942411.8464,8850411.8464
1724601600000.0,6535440.4244,2450124.436499999,92000.0,3246.0572658139004,9.271444371730752,8985564.8609,8893564.8609
1724688000000.0,6369739.5911,2450124.436499999,92000.0,3163.7560957387,11.571793896084326,8819864.027599998,8727864.027599998
1724774400000.0,6011796.4246,2538304.670599999,92000.0,3028.5881838138876,15.349789295420702,8550101.095199998,8458101.095199998
1724860800000.0,6011796.4246,2538304.670599999,92000.0,3028.5881838138876,15.349789295420702,8550101.095199998,8458101.095199998
1724947200000.0,6011796.4246,2538304.670599999,92000.0,3028.5881838138876,15.349789295420702,8550101.095199998,8458101.095199998
1725033600000.0,6011796.4246,2538304.670599999,92000.0,3028.5881838138876,15.349789295420702,8550101.095199998,8458101.095199998
1725120000000.0,6011796.4246,2538304.670599999,92000.0,3028.5881838138876,15.349789295420702,8550101.095199998,8458101.095199998
1725206400000.0,6012796.4246,2538304.670599999,93000.0,3028.5881838138876,15.349789295420702,8551101.095199998,8458101.095199998
1725292800000.0,6012796.4246,2538304.670599999,93000.0,3028.5881838138876,15.349789295420702,8551101.095199998,8458101.095199998
1725379200000.0,5759832.0828,2538304.670599999,93000.0,2901.1724586835126,18.91110807656332,8298136.753399999,8205136.753399999
1725465600000.0,5759832.0828,2538304.670599999,93000.0,2901.1724586835126,18.91110807656332,8298136.753399999,8205136.753399999
1725552000000.0,5759832.0828,2538304.670599999,93000.0,2901.1724586835126,18.91110807656332,8298136.753399999,8205136.753399999
1725638400000.0,5759832.0828,2538304.670599999,93000.0,2901.1724586835126,18.91110807656332,8298136.753399999,8205136.753399999
1725724800000.0,5759832.0828,2538304.670599999,93000.0,2901.1724586835126,18.91110807656332,8298136.753399999,8205136.753399999
1725811200000.0,5759832.0828,2538304.670599999,93000.0,2901.1724586835126,18.91110807656332,8298136.753399999,8205136.753399999
1725897600000.0,5759832.0828,2538304.670599999,93000.0,2901.1724586835126,18.91110807656332,8298136.753399999,8205136.753399999
1725984000000.0,5779140.0854,2538304.670599999,93000.0,2910.8977153524675,18.639283392513196,8317444.755999999,8224444.755999999
1726070400000.0,5517831.5243999995,2538304.670599999,93000.0,2779.279086633192,22.318074953967404,8056136.194999998,7963136.194999998
1726156800000.0,5523258.3595,2538304.670599999,93000.0,2782.012531689161,22.241674107799614,8061563.030099999,7968563.030099999
1726243200000.0,6020259.7203,2538304.670599999,93000.0,3032.3473746417785,15.244718458335493,8558564.390899999,8465564.390899999
1726329600000.0,6068365.3291,2538304.670599999,93000.0,3056.5777107613894,14.567471195426052,8606669.999699999,8513669.999699999
1726416000000.0,6174300.511399999,2538304.670599999,93000.0,3109.936251232064,13.076079358836557,8712605.181999998,8619605.181999998
1726502400000.0,5817359.416900001,2571585.547499999,93000.0,2946.9116880548404,17.63267893111503,8388944.964399999,8295944.964399999
1726588800000.0,5817359.416900001,2571585.547499999,93000.0,2946.9116880548404,17.63267893111503,8388944.964399999,8295944.964399999
1726675200000.0,5530241.2106,2571585.547499999,93000.0,2801.4656295663835,21.69795250082629,8101826.758099999,8008826.758099999
1726761600000.0,6463754.4596,2571585.547499999,93000.0,3274.3573502395598,8.480446070148307,9035340.0071,8942340.0071
1726848000000.0,6463739.9011,2571585.547499999,93000.0,3274.349975310364,8.480652202270756,9035325.4486,8942325.4486
1726934400000.0,6467813.3764,2571585.547499999,93000.0,3276.413484045564,8.42297633529122,9039398.923899999,8946398.923899999
1727020800000.0,6317610.1611,2571585.547499999,93000.0,3200.3247332860547,10.549686337814467,8889195.7086,8796195.7086
1727107200000.0,6598845.9259,2571585.547499999,93000.0,3342.7909113221726,6.567701578880792,9170431.473399999,9077431.473399999
1727193600000.0,6191189.0366,2657482.033999999,93000.0,3179.0220981221332,11.145103227052234,8848671.0706,8755671.0706
1727280000000.0,6097911.900900001,2657482.033999999,93000.0,3131.1266011688244,12.483800885111663,8755393.9349,8662393.9349
1727366400000.0,6652942.989,2657482.033999999,93000.0,3416.12130635128,4.51808868550716,9310425.022999998,9217425.022999998
1727452800000.0,6967411.399,2657482.033999999,93000.0,3577.5930395904797,2.5449984694075223,9624893.432999998,9531893.432999998
1727539200000.0,6810828.812,2657482.033999999,93000.0,3497.191762661049,4.735159977301162,9468310.845999999,9375310.845999999
1727625600000.0,6864338.385600001,2657482.033999999,93000.0,3524.6676022663137,3.9867076069074914,9521820.419599999,9428820.419599999
1727712000000.0,6472556.348,2713405.592899999,93000.0,3352.212598983886,8.684447797829586,9185961.9409,9092961.9409
1727798400000.0,6473556.348,2713405.592899999,94000.0,3352.2125989838855,8.684447797829598,9186961.9409,9092961.9409
1727884800000.0,6473556.348,2713405.592899999,94000.0,3352.2125989838855,8.684447797829598,9186961.9409,9092961.9409
1727971200000.0,6473556.348,2713405.592899999,94000.0,3352.2125989838855,8.684447797829598,9186961.9409,9092961.9409
1728057600000.0,6473556.348,2713405.592899999,94000.0,3352.2125989838855,8.684447797829598,9186961.9409,9092961.9409
1728144000000.0,6433501.662400001,2713405.592899999,94000.0,3331.4710136019744,9.249456509768628,9146907.2553,9052907.2553
1728230400000.0,6617273.2469,2713405.592899999,94000.0,3426.633763067568,6.657186849078989,9330678.839799998,9236678.839799998
1728316800000.0,7087501.749,2713405.592899999,94000.0,3670.1329811794085,5.431123769494494,9800907.341899998,9706907.341899998
1728403200000.0,6668939.6343,2758809.422199999,94000.0,3476.899797054956,10.410192693372966,9427749.056499999,9333749.056499999
1728489600000.0,6668939.6343,2758809.422199999,94000.0,3476.899797054956,10.410192693372966,9427749.056499999,9333749.056499999
1728576000000.0,6668939.6343,2758809.422199999,94000.0,3476.899797054956,10.410192693372966,9427749.056499999,9333749.056499999
1728662400000.0,6668939.6343,2758809.422199999,94000.0,3476.899797054956,10.410192693372966,9427749.056499999,9333749.056499999
1728748800000.0,6969346.306299999,2758809.422199999,94000.0,3633.518983040493,6.37456224326619,9728155.728499997,9634155.728499997
1728835200000.0,6617906.977899999,2758809.422199999,94000.0,3450.2935534224985,11.095759830569174,9376716.400099998,9282716.400099998
1728921600000.0,8430591.8937,2758809.422199999,94000.0,4395.349913425244,2.5956217890161004,11189401.315899998,11095401.315899998
1729008000000.0,7865078.4158,2897384.026399999,94000.0,4172.762251109687,15.899835873604406,10762462.442199998,10668462.442199998
1729094400000.0,8064809.383300001,2897384.026399999,94000.0,4278.72811661045,13.764141064239265,10962193.409699999,10868193.409699999
1729180800000.0,8021873.9872,2897384.026399999,94000.0,4255.94904301309,14.223243144084762,10919258.0136,10825258.0136
1729267200000.0,8330338.9254,2897384.026399999,94000.0,4419.602954883328,10.9248714612616,11227722.9518,11133722.9518
1729353600000.0,8193332.6234,2897384.026399999,94000.0,4346.915221217345,12.389860349535597,11090716.649799999,10996716.649799999
1729440000000.0,8300869.1776,2897384.026399999,94000.0,4403.967986651793,11.239987280293317,11198253.204,11104253.204
1729526400000.0,7935677.2256000005,2905228.338499999,94000.0,4214.379699864676,15.061054735310309,10840905.5641,10746905.5641
1729612800000.0,7935677.2256000005,2905228.338499999,94000.0,4214.379699864676,15.061054735310309,10840905.5641,10746905.5641
1729699200000.0,7935677.2256000005,2905228.338499999,94000.0,4214.379699864676,15.061054735310309,10840905.5641,10746905.5641
1729785600000.0,7935677.2256000005,2905228.338499999,94000.0,4214.379699864676,15.061054735310309,10840905.5641,10746905.5641
1729872000000.0,7529737.9331,2905228.338499999,94000.0,3998.798563554021,19.4059964921668,10434966.271599999,10340966.271599999
1729958400000.0,7184262.4265,2905228.338499999,94000.0,3815.327774555868,23.103768504708512,10089490.764999999,9995490.764999999
1730044800000.0,7184262.4265,2905228.338499999,94000.0,3815.327774555868,23.103768504708512,10089490.764999999,9995490.764999999
1730131200000.0,7669637.9342,2905228.338499999,94000.0,4073.094897425174,17.908586983419482,10574866.272699999,10480866.272699999
1730217600000.0,9746754.216,2905228.338499999,94000.0,5176.1837004875315,0.054395327848799635,12651982.554499999,12557982.554499999
1730304000000.0,9052312.1202,3112789.415499999,94000.0,4917.617049709342,10.91320842526633,12165101.5357,12071101.5357
1730390400000.0,8601993.7185,3112789.415499999,94000.0,4672.984140393699,15.34494045812389,11714783.134,11620783.134
1730476800000.0,8602993.7185,3112789.415499999,95000.0,4672.984140393698,15.3449404581239,11715783.134,11620783.134
1730563200000.0,8602993.7185,3112789.415499999,95000.0,4672.984140393698,15.3449404581239,11715783.134,11620783.134
1730649600000.0,8602993.7185,3112789.415499999,95000.0,4672.984140393698,15.3449404581239,11715783.134,11620783.134
1730736000000.0,8602993.7185,3112789.415499999,95000.0,4672.984140393698,15.3449404581239,11715783.134,11620783.134
1730822400000.0,8602993.7185,3112789.415499999,95000.0,4672.984140393698,15.3449404581239,11715783.134,11620783.134
1730908800000.0,10226447.548,3112789.415499999,95000.0,5554.813680917606,3.477291959409934,13339236.9635,13244236.9635
1730995200000.0,10812369.6306,3112789.415499999,95000.0,5873.075519655021,1.0299311667431033,13925159.046099998,13830159.046099998
1731081600000.0,10934773.0637,3112789.415499999,95000.0,5939.562758902451,1.2265584744760138,14047562.479199998,13952562.479199998
1731168000000.0,10898913.1116,3112789.415499999,95000.0,5920.0843083860655,2.57780044936321,14011702.5271,13916702.5271
1731254400000.0,12021118.0833,3112789.415499999,95000.0,6529.6449109642335,1.0565886555495285,15133907.498799998,15038907.498799998
1731340800000.0,13473047.0327,3112789.415499999,95000.0,7318.305367490485,0.43748223694873856,16585836.448199999,16490836.448199999
1731427200000.0,14328623.8485,3112789.415499999,95000.0,7783.038578038388,7.106844515778898,17441413.264,17346413.264
1731513600000.0,16293574.2786,3112789.415499999,95000.0,8850.362639518471,0.26876020183923544,19406363.6941,19311363.6941
1731600000000.0,14798935.8904,3801227.4345999993,95000.0,8412.449784754617,6.31347137863536,18600163.325,18505163.325
1731686400000.0,14594535.1457,3801227.4345999993,95000.0,8296.25825493857,7.60745605161357,18395762.5803,18300762.5803
1731772800000.0,15173489.1944,3801227.4345999993,95000.0,8625.364475712762,3.942314486322207,18974716.629,18879716.629
1731859200000.0,15100641.262699999,3801227.4345999993,95000.0,8583.954095136209,4.40348749827143,18901868.6973,18806868.6973
1731945600000.0,14420536.9859,3801227.4345999993,95000.0,8197.34906357524,8.708973329537727,18221764.4205,18126764.4205
1732032000000.0,14720799.317499999,3801227.4345999993,95000.0,8368.033077989878,6.808124800177651,18522026.7521,18427026.7521
1732118400000.0,15579319.8872,3801227.4345999993,95000.0,8856.058787085978,1.3731521426229132,19380547.3218,19285547.3218
1732204800000.0,16285751.5843,3801227.4345999993,95000.0,9257.629631248348,3.684791880182392,20086979.0189,19991979.0189
1732291200000.0,17014110.844,3801227.4345999993,95000.0,9671.665190484877,1.5922586436466601,20815338.2786,20720338.2786
1732377600000.0,16917581.3036,3801227.4345999993,95000.0,9616.793007959428,2.5033851555261832,20718808.738199998,20623808.738199998
1732464000000.0,16148753.069500001,3993251.4437999995,95000.0,9288.908853751203,5.827528148932304,20142004.5133,20047004.5133
1732550400000.0,15307897.159599999,3993251.4437999995,95000.0,8805.24092765287,10.731032411154185,19301148.6034,19206148.6034
1732636800000.0,15307897.159599999,3993251.4437999995,95000.0,8805.24092765287,10.731032411154185,19301148.6034,19206148.6034
1732723200000.0,15307897.159599999,3993251.4437999995,95000.0,8805.24092765287,10.731032411154185,19301148.6034,19206148.6034
1732809600000.0,14681160.4294,3993251.4437999995,95000.0,8444.736290726987,14.385887174786838,18674411.8732,18579411.8732
1732896000000.0,16064588.914,3993251.4437999995,95000.0,9240.49687012449,6.318336729048779,20057840.3578,19962840.3578
1732982400000.0,15196955.0469,4050140.4209999996,95000.0,8774.149075126668,11.046246679365979,19247095.4679,19152095.4679
1733068800000.0,15046740.0171,4050140.4209999996,96000.0,8686.848960751377,11.931309466937867,19096880.4381,19000880.4381
1733155200000.0,14621905.7064,4058294.4352999995,96000.0,8446.289291638042,14.370142598444913,18680200.1417,18584200.1417
1733241600000.0,14202728.2372,4058294.4352999995,96000.0,8204.152990085351,16.824959886579236,18261022.6725,18165022.6725
1733328000000.0,14202728.2372,4058294.4352999995,96000.0,8204.152990085351,16.824959886579236,18261022.6725,18165022.6725
1733414400000.0,16782799.694399998,4058294.4352999995,96000.0,9694.521643678223,7.6466820637060895,20841094.129699998,20745094.129699998
1733500800000.0,15819870.3324,4237976.890299999,96000.0,9242.081989358261,11.956776442591288,20057847.2227,19961847.2227
1733587200000.0,16071815.1214,4237976.890299999,96000.0,9389.26994651621,10.55461378790622,20309792.0117,20213792.0117
1733673600000.0,15248823.9243,4237976.890299999,96000.0,8908.472572056036,15.134853475690202,19486800.8146,19390800.8146
1733760000000.0,14513515.3201,4237976.890299999,96000.0,8478.899998785391,19.22710824535654,18751492.2104,18655492.2104
1733846400000.0,14513515.3201,4237976.890299999,96000.0,8478.899998785391,19.22710824535654,18751492.2104,18655492.2104
1733932800000.0,14513515.3201,4237976.890299999,96000.0,8478.899998785391,19.22710824535654,18751492.2104,18655492.2104
1734019200000.0,14758761.5223,4237976.890299999,96000.0,8622.174593373506,17.86222561653512,18996738.4126,18900738.4126
1734105600000.0,14000050.0945,4237976.890299999,96000.0,8178.929922294909,22.084725450591737,18238026.9848,18142026.9848
1734192000000.0,14301270.4558,4237976.890299999,96000.0,8354.905023070365,20.408326652577312,18539247.3461,18443247.3461
1734278400000.0,14794339.586199999,4237976.890299999,96000.0,8642.959554101848,17.66422099526639,19032316.476499997,18936316.476499997
1734364800000.0,16452390.736200001,4237976.890299999,96000.0,9611.60495693209,8.43657468706036,20690367.6265,20594367.6265
1734451200000.0,16519325.182599999,4237976.890299999,96000.0,9650.708541761993,8.064060607977375,20757302.072899997,20661302.072899997
1734537600000.0,15528674.189499998,4407824.011899999,96000.0,9171.1890186437,12.632127048272757,19936498.201399997,19840498.201399997
1734624000000.0,14735460.9091,4407824.011899999,96000.0,8702.71960278296,17.094926399969456,19143284.921,19047284.921
1734710400000.0,14735460.9091,4407824.011899999,96000.0,8702.71960278296,17.094926399969456,19143284.921,19047284.921
1734796800000.0,14735460.9091,4407824.011899999,96000.0,8702.71960278296,17.094926399969456,19143284.921,19047284.921
1734883200000.0,14735460.9091,4407824.011899999,96000.0,8702.71960278296,17.094926399969456,19143284.921,19047284.921
1734969600000.0,14735460.9091,4407824.011899999,96000.0,8702.71960278296,17.094926399969456,19143284.921,19047284.921
1735056000000.0,14735460.9091,4407824.011899999,96000.0,8702.71960278296,17.094926399969456,19143284.921,19047284.921
1735142400000.0,14895728.7073,4407824.011899999,96000.0,8797.373290081514,16.19322310833503,19303552.7192,19207552.7192
1735228800000.0,14084128.1893,4407824.011899999,96000.0,8318.04442611191,20.759473264586337,18491952.2012,18395952.2012
1735315200000.0,14084128.1893,4407824.011899999,96000.0,8318.04442611191,20.759473264586337,18491952.2012,18395952.2012
1735401600000.0,14084128.1893,4407824.011899999,96000.0,8318.04442611191,20.759473264586337,18491952.2012,18395952.2012
1735488000000.0,14084128.1893,4407824.011899999,96000.0,8318.04442611191,20.759473264586337,18491952.2012,18395952.2012
1735574400000.0,14084128.1893,4407824.011899999,96000.0,8318.04442611191,20.759473264586337,18491952.2012,18395952.2012
1735660800000.0,14084128.1893,4407824.011899999,96000.0,8318.04442611191,20.759473264586337,18491952.2012,18395952.2012
1735747200000.0,14085128.1893,4407824.011899999,97000.0,8318.04442611191,20.759473264586337,18492952.2012,18395952.2012
1735833600000.0,14795489.2707,4407824.011899999,97000.0,8737.551792623122,16.76310308563155,19203313.2826,19106313.2826
1735920000000.0,15445734.658300001,4407824.011899999,97000.0,9121.55752897418,13.104933537707964,19853558.6702,19756558.6702
1736006400000.0,15529026.1203,4407824.011899999,97000.0,9170.745727471238,12.636349991094843,19936850.1322,19839850.1322
1736092800000.0,15755283.2696,4407824.011899999,97000.0,9304.363043146968,11.363465893255754,20163107.2815,20066107.2815
1736179200000.0,18266997.3987,4407824.011899999,97000.0,10787.668656752825,1.0159732604569038,22674821.4106,22577821.4106
1736265600000.0,17045370.755,4736739.852499999,97000.0,10260.473730298634,6.588533141902464,21782110.607499998,21685110.607499998
1736352000000.0,17045370.755,4736739.852499999,97000.0,10260.473730298634,6.588533141902464,21782110.607499998,21685110.607499998
1736438400000.0,17045370.755,4736739.852499999,97000.0,10260.473730298634,6.588533141902464,21782110.607499998,21685110.607499998
1736524800000.0,17045370.755,4736739.852499999,97000.0,10260.473730298634,6.588533141902464,21782110.607499998,21685110.607499998
1736611200000.0,17045370.755,4736739.852499999,97000.0,10260.473730298634,6.588533141902464,21782110.607499998,21685110.607499998
1736697600000.0,17045370.755,4736739.852499999,97000.0,10260.473730298634,6.588533141902464,21782110.607499998,21685110.607499998
1736784000000.0,17045370.755,4736739.852499999,97000.0,10260.473730298634,6.588533141902464,21782110.607499998,21685110.607499998
1736870400000.0,17286467.268,4736739.852499999,97000.0,10405.601957408477,5.2672841495861045,22023207.1205,21926207.1205
1736956800000.0,18657591.2896,4736739.852499999,97000.0,11230.951092186404,2.2274684226397667,23394331.1421,23297331.1421
1737043200000.0,18822810.2194,4736739.852499999,97000.0,11330.40475109046,4.326347001885589,23559550.0719,23462550.0719
1737129600000.0,21381367.4486,4736739.852499999,97000.0,12870.530197172156,0.6319674937901754,26118107.3011,26021107.3011
1737216000000.0,21690842.221499998,4736739.852499999,97000.0,13056.818769193926,3.115124952829895,26427582.073999997,26330582.073999997
1737302400000.0,21890676.8968,4736739.852499999,97000.0,13177.10940210474,2.2225382404826077,26627416.7493,26530416.7493
1737388800000.0,20417877.6278,5111462.838299999,97000.0,12516.121558567651,8.398544688815846,25529340.4661,25432340.4661
1737475200000.0,19170669.2473,5111462.838299999,97000.0,11751.58510753377,13.993940293232288,24282132.085599996,24185132.085599996
1737561600000.0,18206184.0602,5111462.838299999,97000.0,11160.357455804418,18.320944714306343,23317646.898499995,23220646.898499995
1737648000000.0,17976252.216,5111462.838299999,97000.0,11019.409656789574,19.352496177932878,23087715.054299995,22990715.054299995
1737734400000.0,18101638.6022,5111462.838299999,97000.0,11096.271281688922,18.789970745000893,23213101.4405,23116101.4405
1737820800000.0,17713640.4342,5111462.838299999,97000.0,10858.429115930343,20.530660815475333,22825103.2725,22728103.2725
1737907200000.0,17760070.8877,5111462.838299999,97000.0,10886.890898815856,20.32235820984273,22871533.725999996,22774533.725999996
1737993600000.0,17474767.0869,5111462.838299999,97000.0,10712.000191905545,21.60232686454311,22586229.9252,22489229.9252
1738080000000.0,17474767.0869,5111462.838299999,97000.0,10712.000191905545,21.60232686454311,22586229.9252,22489229.9252
1738166400000.0,17474767.0869,5111462.838299999,97000.0,10712.000191905545,21.60232686454311,22586229.9252,22489229.9252
1738252800000.0,18224225.8574,5111462.838299999,97000.0,11171.417044416252,18.24000315367621,23335688.695699997,23238688.695699997
1738339200000.0,18174552.980499998,5111462.838299999,97000.0,11140.967661930106,18.462852359478987,23286015.818799995,23189015.818799995
1738425600000.0,17270164.3255,5111462.838299999,98000.0,10585.996611500506,22.52450641397553,22381627.1638,22283627.1638
1738512000000.0,17270164.3255,5111462.838299999,98000.0,10585.996611500506,22.52450641397553,22381627.1638,22283627.1638
1738598400000.0,17270164.3255,5111462.838299999,98000.0,10585.996611500506,22.52450641397553,22381627.1638,22283627.1638
1738684800000.0,16947883.5815,5111462.838299999,98000.0,10388.449975600905,23.97028650292371,22059346.4198,21961346.4198
1738771200000.0,16983029.6553,5111462.838299999,98000.0,10409.993269060189,23.812618089123795,22094492.493599996,21996492.493599996
1738857600000.0,16983029.6553,5111462.838299999,98000.0,10409.993269060189,23.812618089123795,22094492.493599996,21996492.493599996
1738944000000.0,16983029.6553,5111462.838299999,98000.0,10409.993269060189,23.812618089123795,22094492.493599996,21996492.493599996
1739030400000.0,16983029.6553,5111462.838299999,98000.0,10409.993269060189,23.812618089123795,22094492.493599996,21996492.493599996
1739116800000.0,16983029.6553,5111462.838299999,98000.0,10409.993269060189,23.812618089123795,22094492.493599996,21996492.493599996
1739203200000.0,16983029.6553,5111462.838299999,98000.0,10409.993269060189,23.812618089123795,22094492.493599996,21996492.493599996
1739289600000.0,16508619.535300002,5111462.838299999,98000.0,10119.196735331428,25.940864092836357,21620082.3736,21522082.3736
1739376000000.0,16508619.535300002,5111462.838299999,98000.0,10119.196735331428,25.940864092836357,21620082.3736,21522082.3736
1739462400000.0,16508619.535300002,5111462.838299999,98000.0,10119.196735331428,25.940864092836357,21620082.3736,21522082.3736
1739548800000.0,16508619.535300002,5111462.838299999,98000.0,10119.196735331428,25.940864092836357,21620082.3736,21522082.3736
1739635200000.0,16494482.7898,5111462.838299999,98000.0,10110.531413036857,26.004282790809917,21605945.6281,21507945.6281
1739721600000.0,16150940.828399999,5111462.838299999,98000.0,9899.95240691131,27.54544259249615,21262403.666699998,21164403.666699998
1739808000000.0,15617468.0586,5111462.838299999,98000.0,9572.952569098992,29.938648897657462,20728930.8969,20630930.8969
1739894400000.0,15617468.0586,5111462.838299999,98000.0,9572.952569098992,29.938648897657462,20728930.8969,20630930.8969
1739980800000.0,15617468.0586,5111462.838299999,98000.0,9572.952569098992,29.938648897657462,20728930.8969,20630930.8969
1740067200000.0,15384804.2909,5111462.838299999,98000.0,9430.337952928001,30.982399258244698,20496267.129199997,20398267.129199997
1740153600000.0,16291653.3232,5111462.838299999,98000.0,9986.204162544533,26.914193822485643,21403116.1615,21305116.1615
1740240000000.0,15457517.2229,5111462.838299999,98000.0,9474.908394601664,30.656202576463908,20568980.0612,20470980.0612
1740326400000.0,15457517.2229,5111462.838299999,98000.0,9474.908394601664,30.656202576463908,20568980.0612,20470980.0612
1740412800000.0,15457517.2229,5111462.838299999,98000.0,9474.908394601664,30.656202576463908,20568980.0612,20470980.0612
1740499200000.0,15457517.2229,5111462.838299999,98000.0,9474.908394601664,30.656202576463908,20568980.0612,20470980.0612
1740585600000.0,15457517.2229,5111462.838299999,98000.0,9474.908394601664,30.656202576463908,20568980.0612,20470980.0612
1740672000000.0,15457517.2229,5111462.838299999,98000.0,9474.908394601664,30.656202576463908,20568980.0612,20470980.0612
1740758400000.0,15457517.2229,5111462.838299999,98000.0,9474.908394601664,30.656202576463908,20568980.0612,20470980.0612
1740844800000.0,15458517.2229,5111462.838299999,99000.0,9474.908394601664,30.656202576463908,20569980.0612,20470980.0612
1740931200000.0,15458517.2229,5111462.838299999,99000.0,9474.908394601664,30.656202576463908,20569980.0612,20470980.0612
1741017600000.0,16742710.846900001,5111462.838299999,99000.0,10262.022499588824,24.895568407532487,21854173.6852,21755173.6852
1741104000000.0,15878619.430499999,5158140.861299999,99000.0,9761.009568574178,28.562320395830977,21036760.2918,20937760.2918
1741190400000.0,15493490.5623,5158140.861299999,99000.0,9524.260612905306,30.295009614387393,20651631.4236,20552631.4236
1741276800000.0,16334285.4972,5158140.861299999,99000.0,10041.11961571026,26.51228533945318,21492426.358499996,21393426.358499996
1741363200000.0,15514272.433799999,5158140.861299999,99000.0,9537.035781896051,30.20151227450277,20672413.295099996,20573413.295099996
1741449600000.0,15514272.433799999,5158140.861299999,99000.0,9537.035781896051,30.20151227450277,20672413.295099996,20573413.295099996
1741536000000.0,15514272.433799999,5158140.861299999,99000.0,9537.035781896051,30.20151227450277,20672413.295099996,20573413.295099996
1741622400000.0,15514272.433799999,5158140.861299999,99000.0,9537.035781896051,30.20151227450277,20672413.295099996,20573413.295099996
1741708800000.0,15514272.433799999,5158140.861299999,99000.0,9537.035781896051,30.20151227450277,20672413.295099996,20573413.295099996
1741795200000.0,15514272.433799999,5158140.861299999,99000.0,9537.035781896051,30.20151227450277,20672413.295099996,20573413.295099996
1741881600000.0,15188191.5854,5158140.861299999,99000.0,9336.585214055913,31.66854530435864,20346332.4467,20247332.4467
1741968000000.0,15188191.5854,5158140.861299999,99000.0,9336.585214055913,31.66854530435864,20346332.4467,20247332.4467
1742054400000.0,15100330.4619,5158140.861299999,99000.0,9282.574645256596,32.063831230677856,20258471.3232,20159471.3232
1742140800000.0,14428098.0948,5158140.861299999,99000.0,8869.335534873702,35.088194946341865,19586238.9561,19487238.9561
1742227200000.0,14039615.1902,5158140.861299999,99000.0,8630.524763847578,36.83597392624517,19197756.0515,19098756.0515
1742313600000.0,13508713.655000001,5158140.861299999,99000.0,8304.16547375061,39.22449226935307,18666854.5163,18567854.5163
1742400000000.0,13508713.655000001,5158140.861299999,99000.0,8304.16547375061,39.22449226935307,18666854.5163,18567854.5163
1742486400000.0,13544097.973000001,5158140.861299999,99000.0,8325.917154876744,39.06529873345658,18702238.8343,18603238.8343
1742572800000.0,12829132.0345,5158140.861299999,99000.0,7886.408581889717,42.281920169974555,17987272.8958,17888272.8958
1742659200000.0,12757470.8116,5158140.861299999,99000.0,7842.356522736575,42.604322977345824,17915611.6729,17816611.6729
1742745600000.0,13021759.9834,5158140.861299999,99000.0,8004.822103960541,41.415289808528,18179900.8447,18080900.8447
1742832000000.0,15386756.4414,5158140.861299999,99000.0,9458.648310780534,30.775204883570595,20544897.302699998,20445897.302699998
1742918400000.0,14434426.2221,5352985.2979999995,99000.0,8993.00165904359,34.18312248490505,19787411.5201,19688411.5201
1743004800000.0,13694679.6938,5352985.2979999995,99000.0,8532.121423562654,37.55615622356478,19047664.9918,18948664.9918
1743091200000.0,13359926.6483,5352985.2979999995,99000.0,8323.562063652507,39.0825348862473,18712911.9463,18613911.9463
1743177600000.0,13261023.4411,5352985.2979999995,99000.0,8261.942939154678,39.53350537679342,18614008.739099998,18515008.739099998
1743264000000.0,13261023.4411,5352985.2979999995,99000.0,8261.942939154678,39.53350537679342,18614008.739099998,18515008.739099998
1743350400000.0,13261023.4411,5352985.2979999995,99000.0,8261.942939154678,39.53350537679342,18614008.739099998,18515008.739099998
1743436800000.0,13261023.4411,5352985.2979999995,99000.0,8261.942939154678,39.53350537679342,18614008.739099998,18515008.739099998
1743523200000.0,13262023.4411,5352985.2979999995,100000.0,8261.942939154678,39.53350537679342,18615008.739099998,18515008.739099998
1743609600000.0,14082307.3811,5352985.2979999995,100000.0,8772.96142259229,35.793525978642194,19435292.6791,19335292.6791
1743696000000.0,13374438.067699999,5365475.812,100000.0,8339.7560382664,38.96401641109798,18739913.879699998,18639913.879699998
1743782400000.0,13374438.067699999,5365475.812,100000.0,8339.7560382664,38.96401641109798,18739913.879699998,18639913.879699998
1743868800000.0,13282662.4558,5365475.812,100000.0,8282.528496471052,39.38284632480612,18648138.2678,18548138.2678
1743955200000.0,13282662.4558,5365475.812,100000.0,8282.528496471052,39.38284632480612,18648138.2678,18548138.2678
1744041600000.0,13282662.4558,5365475.812,100000.0,8282.528496471052,39.38284632480612,18648138.2678,18548138.2678
1744128000000.0,13282662.4558,5365475.812,100000.0,8282.528496471052,39.38284632480612,18648138.2678,18548138.2678
1744214400000.0,13282662.4558,5365475.812,100000.0,8282.528496471052,39.38284632480612,18648138.2678,18548138.2678
1744300800000.0,12619054.5891,5365475.812,100000.0,7868.729599998674,42.411306934241885,17984530.4011,17884530.4011
1744387200000.0,13341562.000599999,5365475.812,100000.0,8319.255858915027,39.114050609306986,18707037.812599998,18607037.812599998
1744473600000.0,14238060.420200001,5365475.812,100000.0,8878.275839441294,35.022763741836194,19603536.2322,19503536.2322
1744560000000.0,13820307.8611,5365475.812,100000.0,8617.782321162613,36.92923175285705,19185783.6731,19085783.6731
1744646400000.0,13910979.4256,5365475.812,100000.0,8674.321423868107,36.51544030271996,19276455.2376,19176455.2376
1744732800000.0,14205519.603500001,5365475.812,100000.0,8857.984708614695,35.1712679813427,19570995.4155,19470995.4155
1744819200000.0,13805395.4379,5497291.4618,100000.0,8690.67842229188,36.395728708906404,19302686.8997,19202686.8997
1744905600000.0,13608056.5744,5497291.4618,100000.0,8566.451006234616,37.30490908456389,19105348.0362,19005348.0362
1744992000000.0,13245922.2727,5497291.4618,100000.0,8338.482689360771,38.97333564088723,18743213.7345,18643213.7345
1745078400000.0,13745067.7251,5497291.4618,100000.0,8652.701331794504,36.67367078079871,19242359.186899997,19142359.186899997
1745164800000.0,13301210.7136,5503434.6218,100000.0,8377.154691969463,38.690307731468344,18804645.3354,18704645.3354
1745251200000.0,15508634.4961,5503434.6218,100000.0,9767.398850557787,28.515559302519968,21012069.1179,20912069.1179
1745337600000.0,14590548.439299999,5646694.3691,100000.0,9279.410200964208,32.086990777433414,20237242.808399998,20137242.808399998
1745424000000.0,15974392.121,5646694.3691,100000.0,10159.517842560368,25.645766918791978,21621086.4901,21521086.4901
1745510400000.0,15146683.419,5708487.1446,100000.0,9672.404689068379,29.210790920220177,20855170.5636,20755170.5636
1745596800000.0,16283151.7769,5708487.1446,100000.0,10398.133323506,23.899417203976704,21991638.9215,21891638.9215
1745683200000.0,15822746.237,5708487.1446,100000.0,10104.126471985242,26.051158487787205,21531233.3816,21431233.3816
1745769600000.0,15506770.366,5708487.1446,100000.0,9902.349857808498,27.527896422926613,21215257.5106,21115257.5106
1745856000000.0,14738956.6752,5711173.0196,100000.0,9413.703910582803,31.10413844712986,20450129.6948,20350129.6948
1745942400000.0,14760699.792200001,5711173.0196,100000.0,9427.591139512348,31.002502299363687,20471872.811800003,20371872.811800003
1746028800000.0,14035616.2226,5711173.0196,100000.0,8964.483594992054,34.39183699423243,19746789.242200002,19646789.242200002
1746115200000.0,15113224.625799999,5711173.0196,101000.0,9652.05944772341,29.35969117715166,20824397.6454,20723397.6454
1746201600000.0,15433875.4076,5711173.0196,101000.0,9856.84303855347,27.860946150099497,21145048.4272,21044048.4272
1746288000000.0,14555063.912400002,5800159.0239,101000.0,9352.42106506675,31.5526478203101,20355222.936300002,20254222.936300002
1746374400000.0,14138659.5008,5800159.0239,101000.0,9084.858558019509,33.51085147929095,19938818.5247,19837818.5247
1746460800000.0,14138659.5008,5800159.0239,101000.0,9084.858558019509,33.51085147929095,19938818.5247,19837818.5247
1746547200000.0,14138659.5008,5800159.0239,101000.0,9084.858558019509,33.51085147929095,19938818.5247,19837818.5247
1746633600000.0,14326579.385000002,5800159.0239,101000.0,9205.607315573208,32.627130282818165,20126738.4089,20025738.4089
1746720000000.0,16656281.989100002,5800159.0239,101000.0,10702.568087512067,21.6713573932933,22456441.013000004,22355441.013000004
1746806400000.0,17955310.0693,5800159.0239,101000.0,11537.264359166733,15.562484699096101,23755469.0932,23654469.0932
1746892800000.0,18102827.0543,5800159.0239,101000.0,11632.052054107307,14.868764143449553,23902986.078199998,23801986.078199998
1746979200000.0,18717266.4673,5800159.0239,101000.0,12026.862832262175,11.979271445388406,24517425.4912,24416425.4912
1747065600000.0,17422729.631899998,6165055.7051,101000.0,11429.518415679784,16.351042494823563,23587785.336999997,23486785.336999997
1747152000000.0,17484309.4953,6211286.6251,101000.0,11500.243575302477,15.833427871296701,23695596.120399997,23594596.120399997
1747238400000.0,17349653.076700002,6211286.6251,101000.0,11411.673785726622,16.481641583810546,23560939.701800004,23459939.701800004
1747324800000.0,17009394.503399998,6211286.6251,101000.0,11187.869896154269,18.119590040383148,23220681.1285,23119681.1285
1747411200000.0,17119114.6353,6211286.6251,101000.0,11260.037930145176,17.591415484904438,23330401.260399997,23229401.260399997
1747497600000.0,16170987.9806,6211286.6251,101000.0,10636.410930622103,22.155540278703413,22382274.6057,22281274.6057
1747584000000.0,17476345.6504,6211286.6251,101000.0,11495.00538410193,15.871764502570452,23687632.2755,23586632.2755
1747670400000.0,16527628.242,6250913.3208,101000.0,10897.054139249756,20.24797673231662,22778541.5628,22677541.5628
1747756800000.0,16483657.1599,6250913.3208,101000.0,10868.0629703301,20.46015374352461,22734570.4807,22633570.4807
1747843200000.0,18315862.529799998,6250913.3208,101000.0,12076.079076312428,11.619073634999811,24566775.850599997,24465775.850599997
1747929600000.0,17300687.8683,6336808.8348,101000.0,11463.383471564364,16.103195077498135,23637496.7031,23536496.7031
1748016000000.0,16364683.8505,6336808.8348,101000.0,10843.190039450808,20.642190699280928,22701492.6853,22600492.6853
1748102400000.0,15961931.8113,6336808.8348,101000.0,10576.327756028908,22.59526964747782,22298740.6461,22197740.6461
1748188800000.0,15961931.8113,6336808.8348,101000.0,10576.327756028908,22.59526964747782,22298740.6461,22197740.6461
1748275200000.0,16157390.4639,6336808.8348,101000.0,10705.838068257277,21.64742545929129,22494199.2987,22393199.2987
1748361600000.0,15288471.113499999,6336808.8348,101000.0,10130.094733927264,25.86110515739566,21625279.9483,21524279.9483
1748448000000.0,14514090.9568,6336808.8348,101000.0,9616.992783496293,29.616332778232447,20850899.7916,20749899.7916
1748534400000.0,14514090.9568,6336808.8348,101000.0,9616.992783496293,29.616332778232447,20850899.7916,20749899.7916
1748620800000.0,14514090.9568,6336808.8348,101000.0,9616.992783496293,29.616332778232447,20850899.7916,20749899.7916
1748707200000.0,14514090.9568,6336808.8348,101000.0,9616.992783496293,29.616332778232447,20850899.7916,20749899.7916
1748793600000.0,14515090.9568,6336808.8348,102000.0,9616.992783496293,29.616332778232447,20851899.7916,20749899.7916
1748880000000.0,14515090.9568,6336808.8348,102000.0,9616.992783496293,29.616332778232447,20851899.7916,20749899.7916
1748966400000.0,14483624.7381,6336808.8348,102000.0,9596.144798522417,29.768912453571684,20820433.5729,20718433.5729
1749052800000.0,13765312.5866,6336808.8348,102000.0,9120.226128923108,33.25200763933371,20102121.4214,20000121.4214
1749139200000.0,13504753.5776,6336808.8348,102000.0,8947.592411595004,34.515458115508515,19841562.4124,19739562.4124
1749225600000.0,13504753.5776,6336808.8348,102000.0,8947.592411595004,34.515458115508515,19841562.4124,19739562.4124
1749312000000.0,13637151.671,6336808.8348,102000.0,9035.312944147367,33.87345984113348,19973960.5058,19871960.5058
1749398400000.0,13910453.8904,6336808.8348,102000.0,9216.38969244373,32.54821754547923,20247262.7252,20145262.7252
1749484800000.0,14968891.9009,6336808.8348,102000.0,9917.659201470682,27.415852276283193,21305700.7357,21203700.7357
1749571200000.0,15853071.7856,6336808.8348,102000.0,10503.473757905751,23.12846455311145,22189880.6204,22087880.6204
1749657600000.0,16314726.3495,6336808.8348,102000.0,10809.343602105007,20.889901853528382,22651535.1843,22549535.1843
1749744000000.0,15275104.3849,6533514.48,102000.0,10250.868275640489,24.977202573656008,21808618.8649,21706618.8649
1749830400000.0,15275104.3849,6533514.48,102000.0,10250.868275640489,24.977202573656008,21808618.8649,21706618.8649
1749916800000.0,15275104.3849,6533514.48,102000.0,10250.868275640489,24.977202573656008,21808618.8649,21706618.8649
1750003200000.0,15275104.3849,6533514.48,102000.0,10250.868275640489,24.977202573656008,21808618.8649,21706618.8649
1750089600000.0,15625214.8746,6533514.48,102000.0,10485.821597162958,23.257655022048684,22158729.3546,22056729.3546
1750176000000.0,14821739.8959,6533514.48,102000.0,9946.622914005764,27.203876209494982,21355254.3759,21253254.3759
1750262400000.0,14821739.8959,6533514.48,102000.0,9946.622914005764,27.203876209494982,21355254.3759,21253254.3759
1750348800000.0,14821739.8959,6533514.48,102000.0,9946.622914005764,27.203876209494982,21355254.3759,21253254.3759
1750435200000.0,14821739.8959,6533514.48,102000.0,9946.622914005764,27.203876209494982,21355254.3759,21253254.3759
1750521600000.0,14821739.8959,6533514.48,102000.0,9946.622914005764,27.203876209494982,21355254.3759,21253254.3759
1750608000000.0,14821739.8959,6533514.48,102000.0,9946.622914005764,27.203876209494982,21355254.3759,21253254.3759
1750694400000.0,14821739.8959,6533514.48,102000.0,9946.622914005764,27.203876209494982,21355254.3759,21253254.3759
1750780800000.0,14943877.300700001,6533514.48,102000.0,10028.58729320641,26.60400536425559,21477391.780700002,21375391.780700002
1750867200000.0,15700963.4102,6533514.48,102000.0,10536.655178455918,22.885620442220954,22234477.8902,22132477.8902
1750953600000.0,15822214.7029,6533514.48,102000.0,10618.02490257692,22.290101685641662,22355729.1829,22253729.1829
1751040000000.0,15819943.363899998,6533514.48,102000.0,10616.50064478387,22.30125723662122,22353457.8439,22251457.8439
1751126400000.0,15879817.557999998,6533514.48,102000.0,10656.681219748449,22.007188572876412,22413332.038,22311332.038
1751212800000.0,16007793.7124,6533514.48,102000.0,10742.563886610893,21.378641044491285,22541308.1924,22439308.1924
1751299200000.0,15543278.261400001,6613685.4095,102000.0,10484.636676224347,23.266327076078962,22156963.670900002,22054963.670900002
1751385600000.0,15034909.1122,6613685.4095,103000.0,10141.066497305113,25.78080636131589,21648594.5217,21545594.5217
1751472000000.0,15034909.1122,6613685.4095,103000.0,10141.066497305113,25.78080636131589,21648594.5217,21545594.5217
1751558400000.0,14736684.4059,6613685.4095,103000.0,9939.91353022309,27.252980024591245,21350369.8154,21247369.8154
1751644800000.0,14260397.6317,6613685.4095,103000.0,9618.657457911364,29.604149563302308,20874083.0412,20771083.0412
1751731200000.0,14260397.6317,6613685.4095,103000.0,9618.657457911364,29.604149563302308,20874083.0412,20771083.0412
1751817600000.0,14260397.6317,6613685.4095,103000.0,9618.657457911364,29.604149563302308,20874083.0412,20771083.0412
1751904000000.0,13540347.7608,6613685.4095,103000.0,9132.982847730473,33.15864533038824,20154033.1703,20051033.1703
1751990400000.0,13540347.7608,6613685.4095,103000.0,9132.982847730473,33.15864533038824,20154033.1703,20051033.1703
1752076800000.0,13489337.6613,6613685.4095,103000.0,9098.576466740522,33.41045453149919,20103023.0708,20000023.0708
1752163200000.0,14914986.0876,6613685.4095,103000.0,10060.178255284434,26.37280130575501,21528671.4971,21425671.4971
1752249600000.0,18266511.6353,6613685.4095,103000.0,12320.786762658996,9.828137034529172,24880197.0448,24777197.0448
1752336000000.0,18386940.3379,6613685.4095,103000.0,12402.016085173476,9.233645832006887,25000625.7474,24897625.7474
1752422400000.0,19346020.5684,6613685.4095,103000.0,13048.916995659129,4.499186793291932,25959705.9779,25856705.9779
1752508800000.0,20081689.7563,6613685.4095,103000.0,13545.12685624675,9.13122957733684,26695375.165799998,26592375.165799998
1752595200000.0,18489821.3583,7194622.4995,103000.0,12863.252323974604,13.7056496612302,25684443.8578,25581443.8578
1752681600000.0,18468465.282399997,7194622.4995,103000.0,12848.395036409282,13.805321186436636,25663087.781899996,25560087.781899996
1752768000000.0,17532927.182,7194622.4995,103000.0,12197.547069252747,18.171596610452255,24727549.6815,24624549.6815
1752854400000.0,17230497.149100002,7194622.4995,103000.0,11987.148399186943,19.583076078333804,24425119.6486,24322119.6486
1752940800000.0,17230497.149100002,7194622.4995,103000.0,11987.148399186943,19.583076078333804,24425119.6486,24322119.6486
1753027200000.0,17230497.149100002,7194622.4995,103000.0,11987.148399186943,19.583076078333804,24425119.6486,24322119.6486
1753113600000.0,16772592.6513,7194622.4995,103000.0,11668.587122615158,21.72017466837042,23967215.1508,23864215.1508
1753200000000.0,16772592.6513,7194622.4995,103000.0,11668.587122615158,21.72017466837042,23967215.1508,23864215.1508
1753286400000.0,15925772.8208,7194622.4995,103000.0,11079.459897339011,25.672390631461983,23120395.3203,23017395.3203
1753372800000.0,15118920.072099999,7194622.4995,103000.0,10518.137519274953,29.43807513532346,22313542.571599998,22210542.571599998
1753459200000.0,14953178.075,7194622.4995,103000.0,10402.831855252422,30.21161413748231,22147800.5745,22044800.5745
1753545600000.0,14953178.075,7194622.4995,103000.0,10402.831855252422,30.21161413748231,22147800.5745,22044800.5745
1753632000000.0,15146799.2904,7194622.4995,103000.0,10537.532915944219,29.30795927403249,22341421.7899,22238421.7899
1753718400000.0,14765167.7761,7194622.4995,103000.0,10272.03427384848,31.089082139264303,21959790.2756,21856790.2756
1753804800000.0,14093026.8982,7194622.4995,103000.0,9804.430096277321,34.226049191056504,21287649.3977,21184649.3977
1753891200000.0,14093026.8982,7194622.4995,103000.0,9804.430096277321,34.226049191056504,21287649.3977,21184649.3977
1753977600000.0,13670006.6653,7194622.4995,103000.0,9510.13758319706,36.200338475461834,20864629.1648,20761629.1648
1754064000000.0,13671006.6653,7194622.4995,104000.0,9510.13758319706,36.200338475461834,20865629.1648,20761629.1648
1754150400000.0,13671006.6653,7194622.4995,104000.0,9510.13758319706,36.200338475461834,20865629.1648,20761629.1648
1754236800000.0,13671006.6653,7194622.4995,104000.0,9510.13758319706,36.200338475461834,20865629.1648,20761629.1648
1754323200000.0,13671006.6653,7194622.4995,104000.0,9510.13758319706,36.200338475461834,20865629.1648,20761629.1648
1754409600000.0,13671006.6653,7194622.4995,104000.0,9510.13758319706,36.200338475461834,20865629.1648,20761629.1648
1754496000000.0,13671006.6653,7194622.4995,104000.0,9510.13758319706,36.200338475461834,20865629.1648,20761629.1648
1754582400000.0,14105488.8707,7194622.4995,104000.0,9812.382008349214,34.172703033419836,21300111.3702,21196111.3702
1754668800000.0,13829080.4426,7194622.4995,104000.0,9620.100470877773,35.462641996003356,21023702.9421,20919702.9421
1754755200000.0,14221677.6453,7194622.4995,104000.0,9893.20789477598,33.63047489514774,21416300.1448,21312300.1448
1754841600000.0,15323900.1108,7194622.4995,104000.0,10659.961035259921,28.486638603842795,22518522.6103,22414522.6103
1754928000000.0,16183534.2205,7194622.4995,104000.0,11257.95932862676,24.47491023763444,23378156.72,23274156.72
1755014400000.0,15155237.9546,7412011.0149,104000.0,10693.85717701929,28.2592431164151,22567248.9695,22463248.9695
1755100800000.0,15887696.3938,7412011.0149,104000.0,11210.69537912286,24.791984933376952,23299707.4087,23195707.4087
1755187200000.0,15046062.3325,7412011.0149,104000.0,10616.820543648893,28.77605069054581,22458073.3474,22354073.3474
1755273600000.0,15046062.3325,7412011.0149,104000.0,10616.820543648893,28.77605069054581,22458073.3474,22354073.3474
1755360000000.0,15046062.3325,7412011.0149,104000.0,10616.820543648893,28.77605069054581,22458073.3474,22354073.3474
1755446400000.0,15046062.3325,7412011.0149,104000.0,10616.820543648893,28.77605069054581,22458073.3474,22354073.3474
1755532800000.0,15046062.3325,7412011.0149,104000.0,10616.820543648893,28.77605069054581,22458073.3474,22354073.3474
1755619200000.0,15046062.3325,7412011.0149,104000.0,10616.820543648893,28.77605069054581,22458073.3474,22354073.3474
1755705600000.0,15046062.3325,7412011.0149,104000.0,10616.820543648893,28.77605069054581,22458073.3474,22354073.3474
1755792000000.0,15046062.3325,7412011.0149,104000.0,10616.820543648893,28.77605069054581,22458073.3474,22354073.3474
1755878400000.0,15046062.3325,7412011.0149,104000.0,10616.820543648893,28.77605069054581,22458073.3474,22354073.3474
1755964800000.0,14281976.2086,7412011.0149,104000.0,10077.665176744953,32.3930256939764,21693987.2235,21589987.2235
1756051200000.0,14148076.6792,7412011.0149,104000.0,9983.182830260972,33.0268694920275,21560087.6941,21456087.6941
1756137600000.0,14148076.6792,7412011.0149,104000.0,9983.182830260972,33.0268694920275,21560087.6941,21456087.6941
1756224000000.0,14148076.6792,7412011.0149,104000.0,9983.182830260972,33.0268694920275,21560087.6941,21456087.6941
1756310400000.0,14148076.6792,7412011.0149,104000.0,9983.182830260972,33.0268694920275,21560087.6941,21456087.6941
1756396800000.0,14012683.7872,7412011.0149,104000.0,9887.646735468603,33.66778246072087,21424694.8021,21320694.8021
1756483200000.0,13309326.5072,7412011.0149,104000.0,9391.342928212725,36.997283704973114,20721337.5221,20617337.5221
1756569600000.0,13309326.5072,7412011.0149,104000.0,9391.342928212725,36.997283704973114,20721337.5221,20617337.5221
1756656000000.0,13309326.5072,7412011.0149,104000.0,9391.342928212725,36.997283704973114,20721337.5221,20617337.5221
1756742400000.0,13310326.5072,7412011.0149,105000.0,9391.342928212725,36.997283704973114,20722337.5221,20617337.5221
1756828800000.0,12636868.594,7412011.0149,105000.0,8916.172450076183,40.18501000297407,20048879.6089,19943879.6089
1756915200000.0,13199229.4976,7412011.0149,105000.0,9312.956412683736,37.523147091815545,20611240.5125,20506240.5125
1757001600000.0,12534449.084400002,7412011.0149,105000.0,8843.908502480857,40.669799561135086,19946460.0993,19841460.0993
1757088000000.0,11879157.3219,7412011.0149,105000.0,8381.55548233958,43.77153872440228,19291168.3368,19186168.3368
1757174400000.0,11421697.5973,7412011.0149,105000.0,8058.78645430406,45.93686541490718,18833708.6122,18728708.6122
1757260800000.0,11421697.5973,7412011.0149,105000.0,8058.78645430406,45.93686541490718,18833708.6122,18728708.6122
1757347200000.0,11929159.4062,7412011.0149,105000.0,8416.83536225332,43.53486029809856,19341170.421099998,19236170.421099998
1757433600000.0,11310230.2309,7429249.431799999,105000.0,7992.301505340482,46.38288601169086,18739479.6627,18634479.6627
1757520000000.0,12303681.0634,7429249.431799999,105000.0,8694.317151527703,41.67334735151324,19732930.4952,19627930.4952
1757606400000.0,12467012.2649,7429249.431799999,105000.0,8809.734095388947,40.89906181798382,19896261.6967,19791261.6967
1757692800000.0,12937940.8857,7429249.431799999,105000.0,9142.512778765778,38.666584403615445,20367190.3175,20262190.3175
1757779200000.0,13262030.5921,7429249.431799999,105000.0,9371.528686969794,37.13020942488049,20691280.0239,20586280.0239
1757865600000.0,12989409.8348,7429249.431799999,105000.0,9178.882980872397,38.422591447290486,20418659.266599998,20313659.266599998
1757952000000.0,12308031.4264,7602819.555,105000.0,8815.950955286009,40.857355422707386,19910850.981399998,19805850.981399998
1758038400000.0,11693137.4684,7602819.555,105000.0,8375.516998901869,43.812048464253806,19295957.0234,19190957.0234
1758124800000.0,11186070.9378,7602819.555,105000.0,8012.317271019458,46.24860834595768,18788890.492799997,18683890.492799997
1758211200000.0,11855640.2358,7602819.555,105000.0,8491.913876506826,43.03118895210225,19458459.790799998,19353459.790799998
1758297600000.0,11259373.987300001,7610964.3382,105000.0,8070.656421580725,45.857234611679196,18870338.3255,18765338.3255
1758384000000.0,11259373.987300001,7610964.3382,105000.0,8070.656421580725,45.857234611679196,18870338.3255,18765338.3255
1758470400000.0,11259373.987300001,7610964.3382,105000.0,8070.656421580725,45.857234611679196,18870338.3255,18765338.3255
1758556800000.0,11259373.987300001,7610964.3382,105000.0,8070.656421580725,45.857234611679196,18870338.3255,18765338.3255
1758643200000.0,11259373.987300001,7610964.3382,105000.0,8070.656421580725,45.857234611679196,18870338.3255,18765338.3255
1758729600000.0,11259373.987300001,7610964.3382,105000.0,8070.656421580725,45.857234611679196,18870338.3255,18765338.3255
1758816000000.0,11259373.987300001,7610964.3382,105000.0,8070.656421580725,45.857234611679196,18870338.3255,18765338.3255
1758902400000.0,11259373.987300001,7610964.3382,105000.0,8070.656421580725,45.857234611679196,18870338.3255,18765338.3255
1758988800000.0,11259373.987300001,7610964.3382,105000.0,8070.656421580725,45.857234611679196,18870338.3255,18765338.3255
1759075200000.0,11259373.987300001,7610964.3382,105000.0,8070.656421580725,45.857234611679196,18870338.3255,18765338.3255
1759161600000.0,12217077.4004,7610964.3382,105000.0,8757.132881961517,41.25194205584488,19828041.7386,19723041.7386
1759248000000.0,11860210.876,7610964.3382,105000.0,8501.332949385807,42.96800020679791,19471175.2142,19366175.2142
1759334400000.0,14033151.22,7610964.3382,106000.0,10058.036409033624,32.52470714707537,21644115.5582,21538115.5582
1759420800000.0,15284254.0933,7610964.3382,106000.0,10954.74435821925,26.509056674732435,22895218.4315,22789218.4315
1759507200000.0,16465041.0664,7610964.3382,106000.0,11801.054511980454,20.831504601233075,24076005.404600002,23970005.404600002
1759593600000.0,16230248.9411,7610964.3382,106000.0,11632.7710161498,21.96045042144196,23841213.2793,23735213.2793
1759680000000.0,16739262.0101,7610964.3382,106000.0,11997.597981983348,19.512974059340806,24350226.3483,24244226.3483
1759766400000.0,17844370.6027,7610964.3382,106000.0,12789.666868440248,14.199304680955226,25455334.940899998,25349334.940899998
1759852800000.0,16333751.5873,8174672.9604,106000.0,12110.984008005862,18.75231313108776,24508424.547700003,24402424.547700003
1759939200000.0,16333751.5873,8174672.9604,106000.0,12110.984008005862,18.75231313108776,24508424.547700003,24402424.547700003
1760025600000.0,16333751.5873,8174672.9604,106000.0,12110.984008005862,18.75231313108776,24508424.547700003,24402424.547700003
1760112000000.0,16333751.5873,8174672.9604,106000.0,12110.984008005862,18.75231313108776,24508424.547700003,24402424.547700003
1760198400000.0,16333751.5873,8174672.9604,106000.0,12110.984008005862,18.75231313108776,24508424.547700003,24402424.547700003
1760284800000.0,16333751.5873,8174672.9604,106000.0,12110.984008005862,18.75231313108776,24508424.547700003,24402424.547700003
1760371200000.0,16333751.5873,8174672.9604,106000.0,12110.984008005862,18.75231313108776,24508424.547700003,24402424.547700003
1760457600000.0,16333751.5873,8174672.9604,106000.0,12110.984008005862,18.75231313108776,24508424.547700003,24402424.547700003
1760544000000.0,16333751.5873,8174672.9604,106000.0,12110.984008005862,18.75231313108776,24508424.547700003,24402424.547700003
1760630400000.0,16333751.5873,8174672.9604,106000.0,12110.984008005862,18.75231313108776,24508424.547700003,24402424.547700003
1760716800000.0,16333751.5873,8174672.9604,106000.0,12110.984008005862,18.75231313108776,24508424.547700003,24402424.547700003
1760803200000.0,16333751.5873,8174672.9604,106000.0,12110.984008005862,18.75231313108776,24508424.547700003,24402424.547700003
1760889600000.0,16333751.5873,8174672.9604,106000.0,12110.984008005862,18.75231313108776,24508424.547700003,24402424.547700003
1760976000000.0,16374129.0587,8174672.9604,106000.0,12140.92268484905,18.551466673044626,24548802.019100003,24442802.019100003
1761062400000.0,15532692.3226,8174672.9604,106000.0,11517.022731418923,22.736958786675654,23707365.283,23601365.283
1761148800000.0,14632258.8016,8174672.9604,106000.0,10849.37844193539,27.215913934821955,22806931.762000002,22700931.762000002
1761235200000.0,14632258.8016,8174672.9604,106000.0,10849.37844193539,27.215913934821955,22806931.762000002,22700931.762000002
1761321600000.0,14386455.4618,8174672.9604,106000.0,10667.122681431058,28.43859402008364,22561128.4222,22455128.4222
1761408000000.0,14956236.0184,8174672.9604,106000.0,11089.597773706902,25.604379724659566,23130908.9788,23024908.9788
1761494400000.0,15939650.002,8174672.9604,106000.0,11818.769572663941,20.712661433549563,24114322.9624,24008322.9624
1761580800000.0,16482369.3137,8174672.9604,106000.0,12221.179568291966,18.013055745350048,24657042.2741,24551042.2741
1761667200000.0,16342592.6193,8174672.9604,106000.0,12117.539366497385,18.708335885830007,24517265.5797,24411265.5797
1761753600000.0,15465973.467,8267307.9232,106000.0,11536.238743011325,22.608046347216003,23733281.3902,23627281.3902
1761840000000.0,15465973.467,8267307.9232,106000.0,11536.238743011325,22.608046347216003,23733281.3902,23627281.3902
1761926400000.0,15465973.467,8267307.9232,106000.0,11536.238743011325,22.608046347216003,23733281.3902,23627281.3902
1762012800000.0,15466973.467,8267307.9232,107000.0,11536.238743011325,22.608046347216003,23734281.3902,23627281.3902
1762099200000.0,15466973.467,8267307.9232,107000.0,11536.238743011325,22.608046347216003,23734281.3902,23627281.3902
1762185600000.0,15466973.467,8267307.9232,107000.0,11536.238743011325,22.608046347216003,23734281.3902,23627281.3902
1762272000000.0,15466973.467,8267307.9232,107000.0,11536.238743011325,22.608046347216003,23734281.3902,23627281.3902
1762358400000.0,15466973.467,8267307.9232,107000.0,11536.238743011325,22.608046347216003,23734281.3902,23627281.3902
1762444800000.0,15466973.467,8267307.9232,107000.0,11536.238743011325,22.608046347216003,23734281.3902,23627281.3902
1762531200000.0,15466973.467,8267307.9232,107000.0,11536.238743011325,22.608046347216003,23734281.3902,23627281.3902
1762617600000.0,15466973.467,8267307.9232,107000.0,11536.238743011325,22.608046347216003,23734281.3902,23627281.3902
1762704000000.0,15466973.467,8267307.9232,107000.0,11536.238743011325,22.608046347216003,23734281.3902,23627281.3902
1762790400000.0,15567018.5177,8267307.9232,107000.0,11610.858615631803,22.107451842189896,23834326.440899998,23727326.440899998
1762876800000.0,15166134.5868,8267307.9232,107000.0,11311.854240602235,24.113351100150947,23433442.509999998,23326442.509999998
1762963200000.0,15166134.5868,8267307.9232,107000.0,11311.854240602235,24.113351100150947,23433442.509999998,23326442.509999998
1763049600000.0,15166134.5868,8267307.9232,107000.0,11311.854240602235,24.113351100150947,23433442.509999998,23326442.509999998
1763136000000.0,15166134.5868,8267307.9232,107000.0,11311.854240602235,24.113351100150947,23433442.509999998,23326442.509999998
1763222400000.0,15166134.5868,8267307.9232,107000.0,11311.854240602235,24.113351100150947,23433442.509999998,23326442.509999998
1763308800000.0,15166134.5868,8267307.9232,107000.0,11311.854240602235,24.113351100150947,23433442.509999998,23326442.509999998
1763395200000.0,15166134.5868,8267307.9232,107000.0,11311.854240602235,24.113351100150947,23433442.509999998,23326442.509999998
1763481600000.0,15166134.5868,8267307.9232,107000.0,11311.854240602235,24.113351100150947,23433442.509999998,23326442.509999998
1763568000000.0,15166134.5868,8267307.9232,107000.0,11311.854240602235,24.113351100150947,23433442.509999998,23326442.509999998
1763654400000.0,15166134.5868,8267307.9232,107000.0,11311.854240602235,24.113351100150947,23433442.509999998,23326442.509999998
1763740800000.0,15166134.5868,8267307.9232,107000.0,11311.854240602235,24.113351100150947,23433442.509999998,23326442.509999998
1763827200000.0,15166134.5868,8267307.9232,107000.0,11311.854240602235,24.113351100150947,23433442.509999998,23326442.509999998
1763913600000.0,15166134.5868,8267307.9232,107000.0,11311.854240602235,24.113351100150947,23433442.509999998,23326442.509999998
1764000000000.0,15166134.5868,8267307.9232,107000.0,11311.854240602235,24.113351100150947,23433442.509999998,23326442.509999998
1764086400000.0,14513143.9684,8267307.9232,107000.0,10824.8128884669,27.380714284211404,22780451.891599998,22673451.891599998
1764172800000.0,13843120.4343,8267307.9232,107000.0,10325.067319671209,30.733304912751446,22110428.3575,22003428.3575
1764259200000.0,15422196.9754,8267307.9232,107000.0,11502.841627649736,22.83209406864224,23689504.8986,23582504.8986
1764345600000.0,16141378.6939,8267307.9232,107000.0,12039.25245307248,19.233531082494103,24408686.6171,24301686.6171
1764432000000.0,15150065.529,8412524.0448,107000.0,11408.180219575073,23.46713911838687,23562589.573799998,23455589.573799998
1764518400000.0,14367358.5315,8412524.0448,107000.0,10818.792505739102,27.42110259373075,22779882.576300003,22672882.576300003
1764604800000.0,13771047.7618,8412524.0448,108000.0,10369.04166853244,30.438298815461597,22183571.8066,22075571.8066
1764691200000.0,13771047.7618,8412524.0448,108000.0,10369.04166853244,30.438298815461597,22183571.8066,22075571.8066
1764777600000.0,14202848.1558,8412524.0448,108000.0,10694.169890823165,28.257145246151218,22615372.2006,22507372.2006
1764864000000.0,14448556.4514,8412524.0448,108000.0,10879.178293919973,27.01599879653238,22861080.496200003,22753080.496200003
1764950400000.0,13739395.6242,8412524.0448,108000.0,10345.208889839816,30.598183275647028,22151919.669,22043919.669
1765036800000.0,13739395.6242,8412524.0448,108000.0,10345.208889839816,30.598183275647028,22151919.669,22043919.669
1765123200000.0,13739395.6242,8412524.0448,108000.0,10345.208889839816,30.598183275647028,22151919.669,22043919.669
1765209600000.0,13072006.2645,8412524.0448,108000.0,9842.691710351073,33.96936751784908,21484530.309299998,21376530.309299998
1765296000000.0,12687329.303,8412524.0448,108000.0,9553.045525709813,35.912486466478846,21099853.3478,20991853.3478
1765382400000.0,12040984.5588,8412524.0448,108000.0,9066.374090044796,39.17736803075281,20453508.603600003,20345508.603600003
1765468800000.0,11610391.1362,8412524.0448,108000.0,8742.15466837373,41.35242482476207,20022915.181,19914915.181
1765555200000.0,10989956.9053,8412524.0448,108000.0,8274.992800659384,44.48642459885648,19402480.9501,19294480.9501
1765641600000.0,10989956.9053,8412524.0448,108000.0,8274.992800659384,44.48642459885648,19402480.9501,19294480.9501
1765728000000.0,10989956.9053,8412524.0448,108000.0,8274.992800659384,44.48642459885648,19402480.9501,19294480.9501
1765814400000.0,10989956.9053,8412524.0448,108000.0,8274.992800659384,44.48642459885648,19402480.9501,19294480.9501
1765900800000.0,10989956.9053,8412524.0448,108000.0,8274.992800659384,44.48642459885648,19402480.9501,19294480.9501
1765987200000.0,10989956.9053,8412524.0448,108000.0,8274.992800659384,44.48642459885648,19402480.9501,19294480.9501
1766073600000.0,10989956.9053,8412524.0448,108000.0,8274.992800659384,44.48642459885648,19402480.9501,19294480.9501
1766160000000.0,10989956.9053,8412524.0448,108000.0,8274.992800659384,44.48642459885648,19402480.9501,19294480.9501
1766246400000.0,10929751.8796,8412524.0448,108000.0,8229.660852725105,44.79053827851186,19342275.9244,19234275.9244
1766332800000.0,10749737.6348,8412524.0448,108000.0,8094.117411329284,45.69984433294829,19162261.6796,19054261.6796
1766419200000.0,11477240.1555,8412524.0448,108000.0,8641.897368350847,42.02501044730085,19889764.2003,19781764.2003
1766505600000.0,10879418.6614,8426933.0477,108000.0,8202.611372409721,44.97200228714884,19306351.7091,19198351.7091
1766592000000.0,10879418.6614,8426933.0477,108000.0,8202.611372409721,44.97200228714884,19306351.7091,19198351.7091
1766678400000.0,10879418.6614,8426933.0477,108000.0,8202.611372409721,44.97200228714884,19306351.7091,19198351.7091
1766764800000.0,10260086.2737,8426933.0477,108000.0,7735.661524742405,48.10457970461396,18687019.3214,18579019.3214
1766851200000.0,10260086.2737,8426933.0477,108000.0,7735.661524742405,48.10457970461396,18687019.3214,18579019.3214
1766937600000.0,10260086.2737,8426933.0477,108000.0,7735.661524742405,48.10457970461396,18687019.3214,18579019.3214
1767024000000.0,10082837.1384,8426933.0477,108000.0,7602.023338897052,49.00110417117385,18509770.1861,18401770.1861
1767110400000.0,10082837.1384,8426933.0477,108000.0,7602.023338897052,49.00110417117385,18509770.1861,18401770.1861
1767196800000.0,9833401.177900001,8426933.0477,108000.0,7413.9594073614,50.26274892362706,18260334.225600004,18152334.225600004
1767283200000.0,9829791.4034,8426933.0477,109000.0,7410.484190070397,50.286062749000294,18256724.4511,18147724.4511
1767369600000.0,10121100.0823,8426933.0477,109000.0,7630.096007943975,48.81277600371931,18548033.130000003,18439033.130000003
1767456000000.0,10425864.6814,8426933.0477,109000.0,7859.851976370987,47.271436260666064,18852797.7291,18743797.7291
1767542400000.0,11180936.669,8426933.0477,109000.0,8429.085726798228,43.45267756365544,19607869.716700003,19498869.716700003
1767628800000.0,12631106.3769,8426933.0477,109000.0,9522.339820633311,36.118478606299654,21058039.4246,20949039.4246
1767715200000.0,12460400.6035,8426933.0477,109000.0,9393.648134002313,36.98181901291861,20887333.6512,20778333.6512
1767801600000.0,11605614.7755,8624246.755700001,109000.0,8897.992982155769,40.306968690729306,20229861.5312,20120861.5312
1767888000000.0,11605614.7755,8624246.755700001,109000.0,8897.992982155769,40.306968690729306,20229861.5312,20120861.5312
1767974400000.0,11605614.7755,8624246.755700001,109000.0,8897.992982155769,40.306968690729306,20229861.5312,20120861.5312
1768060800000.0,11605614.7755,8624246.755700001,109000.0,8897.992982155769,40.306968690729306,20229861.5312,20120861.5312
1768147200000.0,11605614.7755,8624246.755700001,109000.0,8897.992982155769,40.306968690729306,20229861.5312,20120861.5312
1768233600000.0,11058956.3007,8624246.755700001,109000.0,8478.871430518982,43.11868544016008,19683203.0564,19574203.0564
1768320000000.0,11870070.1478,8624246.755700001,109000.0,9100.750189967488,38.94675269838618,20494316.903500002,20385316.903500002
1768406400000.0,13580098.3049,8624246.755700001,109000.0,10411.824082691022,30.151288925368867,22204345.0606,22095345.0606
1768492800000.0,12692744.5349,8846978.228600001,109000.0,9902.25999239704,33.569748038227075,21539722.7635,21430722.7635
1768579200000.0,12270873.1704,8846978.228600001,109000.0,9573.136537407467,35.77770400568031,21117851.399,21008851.399
1768665600000.0,12264648.3137,8846978.228600001,109000.0,9568.280207928108,35.81028315338709,21111626.5423,21002626.5423
1768752000000.0,11645116.0281,8846978.228600001,109000.0,9084.951346401982,39.05274074147604,20492094.2567,20383094.2567
1768838400000.0,11317992.835,8846978.228600001,109000.0,8829.745791865482,40.76481145088182,20164971.063600004,20055971.063600004
1768924800000.0,11317992.835,8846978.228600001,109000.0,8829.745791865482,40.76481145088182,20164971.063600004,20055971.063600004
1769011200000.0,11317992.835,8846978.228600001,109000.0,8829.745791865482,40.76481145088182,20164971.063600004,20055971.063600004
1769097600000.0,11317992.835,8846978.228600001,109000.0,8829.745791865482,40.76481145088182,20164971.063600004,20055971.063600004
1769184000000.0,11317992.835,8846978.228600001,109000.0,8829.745791865482,40.76481145088182,20164971.063600004,20055971.063600004
1769270400000.0,11317992.835,8846978.228600001,109000.0,8829.745791865482,40.76481145088182,20164971.063600004,20055971.063600004
1769356800000.0,11317992.835,8846978.228600001,109000.0,8829.745791865482,40.76481145088182,20164971.063600004,20055971.063600004
1769443200000.0,11317992.835,8846978.228600001,109000.0,8829.745791865482,40.76481145088182,20164971.063600004,20055971.063600004
1769529600000.0,11317992.835,8846978.228600001,109000.0,8829.745791865482,40.76481145088182,20164971.063600004,20055971.063600004
1769616000000.0,11520538.635499999,8846978.228600001,109000.0,8987.76214297098,39.70474374653171,20367516.8641,20258516.8641
1769702400000.0,10986937.799999999,8846978.228600001,109000.0,8571.472806117727,42.49746031400156,19833916.0286,19724916.0286
1769788800000.0,10986937.799999999,8846978.228600001,109000.0,8571.472806117727,42.49746031400156,19833916.0286,19724916.0286
1769875200000.0,10986937.799999999,8846978.228600001,109000.0,8571.472806117727,42.49746031400156,19833916.0286,19724916.0286
1769961600000.0,10987937.799999999,8846978.228600001,110000.0,8571.472806117727,42.49746031400156,19834916.0286,19724916.0286
1770048000000.0,10987937.799999999,8846978.228600001,110000.0,8571.472806117727,42.49746031400156,19834916.0286,19724916.0286
1770134400000.0,10987937.799999999,8846978.228600001,110000.0,8571.472806117727,42.49746031400156,19834916.0286,19724916.0286
1770220800000.0,10987937.799999999,8846978.228600001,110000.0,8571.472806117727,42.49746031400156,19834916.0286,19724916.0286
1770307200000.0,10987937.799999999,8846978.228600001,110000.0,8571.472806117727,42.49746031400156,19834916.0286,19724916.0286
1770393600000.0,10987937.799999999,8846978.228600001,110000.0,8571.472806117727,42.49746031400156,19834916.0286,19724916.0286
1770480000000.0,10987937.799999999,8846978.228600001,110000.0,8571.472806117727,42.49746031400156,19834916.0286,19724916.0286
1770566400000.0,10987937.799999999,8846978.228600001,110000.0,8571.472806117727,42.49746031400156,19834916.0286,19724916.0286
1770652800000.0,10889975.4687,8846978.228600001,110000.0,8495.05433032677,43.01012091928011,19736953.697300002,19626953.697300002
1770739200000.0,10889975.4687,8846978.228600001,110000.0,8495.05433032677,43.01012091928011,19736953.697300002,19626953.697300002
1770825600000.0,10889975.4687,8846978.228600001,110000.0,8495.05433032677,43.01012091928011,19736953.697300002,19626953.697300002
1770912000000.0,10889975.4687,8846978.228600001,110000.0,8495.05433032677,43.01012091928011,19736953.697300002,19626953.697300002
1770998400000.0,10889975.4687,8846978.228600001,110000.0,8495.05433032677,43.01012091928011,19736953.697300002,19626953.697300002
1771084800000.0,11359732.7289,8846978.228600001,110000.0,8861.502671641614,40.551767405717584,20206710.957500003,20096710.957500003
1771171200000.0,10904454.3443,8848586.992500002,110000.0,8507.603979496505,42.92593040549665,19753041.3368,19643041.3368
1771257600000.0,10806731.5004,8848586.992500002,110000.0,8431.361076422136,43.437413164525005,19655318.4929,19545318.4929
1771344000000.0,10806731.5004,8848586.992500002,110000.0,8431.361076422136,43.437413164525005,19655318.4929,19545318.4929
1771430400000.0,10806731.5004,8848586.992500002,110000.0,8431.361076422136,43.437413164525005,19655318.4929,19545318.4929
1771516800000.0,10806731.5004,8848586.992500002,110000.0,8431.361076422136,43.437413164525005,19655318.4929,19545318.4929
1771603200000.0,10806731.5004,8848586.992500002,110000.0,8431.361076422136,43.437413164525005,19655318.4929,19545318.4929
1771689600000.0,11202801.666000001,8848586.992500002,110000.0,8740.373156314037,41.36437626767401,20051388.6585,19941388.6585
1771776000000.0,10753442.6281,8848586.992500002,110000.0,8389.785348950789,43.716327882330454,19602029.6206,19492029.6206
1771862400000.0,10753442.6281,8848586.992500002,110000.0,8389.785348950789,43.716327882330454,19602029.6206,19492029.6206
1771948800000.0,10753442.6281,8848586.992500002,110000.0,8389.785348950789,43.716327882330454,19602029.6206,19492029.6206
1772035200000.0,10753442.6281,8848586.992500002,110000.0,8389.785348950789,43.716327882330454,19602029.6206,19492029.6206
1772121600000.0,10220138.7971,8848586.992500002,110000.0,7973.704208928593,46.507647741578594,19068725.7896,18958725.7896
1772208000000.0,10116413.1688,8848586.992500002,110000.0,7892.777961705399,47.05054915978869,18965000.161300004,18855000.161300004
1772294400000.0,10116413.1688,8848586.992500002,110000.0,7892.777961705399,47.05054915978869,18965000.161300004,18855000.161300004
1772380800000.0,10051808.171,8848586.992500002,111000.0,7841.598310130986,47.39389271489778,18900395.163500004,18789395.163500004
1772467200000.0,9933644.4624,8848586.992500002,111000.0,7749.416652670606,48.012302122048126,18782231.454900004,18671231.454900004
1772553600000.0,9441905.5351,8848586.992500002,111000.0,7365.80217498229,50.58581629240773,18290492.5276,18179492.5276
1772640000000.0,10859339.2287,8848586.992500002,111000.0,8471.56797028703,43.16768139701982,19707926.221200004,19596926.221200004
1772726400000.0,10219699.610199999,8935008.556300001,111000.0,8039.992507537434,46.062946392383196,19154708.166500002,19043708.166500002
1772812800000.0,9962545.7646,8935008.556300001,111000.0,7837.6856814302455,47.42014095627122,18897554.3209,18786554.3209
1772899200000.0,9962545.7646,8935008.556300001,111000.0,7837.6856814302455,47.42014095627122,18897554.3209,18786554.3209
1772985600000.0,9962545.7646,8935008.556300001,111000.0,7837.6856814302455,47.42014095627122,18897554.3209,18786554.3209
1773072000000.0,9962545.7646,8935008.556300001,111000.0,7837.6856814302455,47.42014095627122,18897554.3209,18786554.3209
1773158400000.0,10802498.9004,8935008.556300001,111000.0,8498.489538304315,42.98707550018743,19737507.4567,19626507.4567
1773244800000.0,10226519.5736,8964338.979500001,111000.0,8068.432564338957,45.87215356927182,19190858.5531,19079858.5531
1773331200000.0,9710608.8088,8964338.979500001,111000.0,7661.393670505403,48.60281266086963,18674947.7883,18563947.7883
1773417600000.0,10228947.6791,8964338.979500001,111000.0,8070.3482703956315,45.8593018731815,19193286.658600003,19082286.658600003
1773504000000.0,9708146.7408,8964338.979500001,111000.0,7659.451169003905,48.615844116747354,18672485.720300004,18561485.720300004
1773590400000.0,10194518.5173,8964338.979500001,111000.0,8043.184642708738,46.04153165030528,19158857.4968,19047857.4968
1773676800000.0,11295840.059,8964338.979500001,111000.0,8912.095959692819,40.21235752601371,20260179.038500004,20149179.038500004
1773763200000.0,11688608.6357,8964338.979500001,111000.0,9221.979175745742,38.13347652946081,20652947.6152,20541947.6152
1773849600000.0,10985224.5275,9106236.511300001,111000.0,8778.982265129147,41.105363392979086,20091461.0388,19980461.0388
1773936000000.0,10985224.5275,9106236.511300001,111000.0,8778.982265129147,41.105363392979086,20091461.0388,19980461.0388
1774022400000.0,10985224.5275,9106236.511300001,111000.0,8778.982265129147,41.105363392979086,20091461.0388,19980461.0388
1774108800000.0,10985224.5275,9106236.511300001,111000.0,8778.982265129147,41.105363392979086,20091461.0388,19980461.0388
1774195200000.0,10985224.5275,9106236.511300001,111000.0,8778.982265129147,41.105363392979086,20091461.0388,19980461.0388
1774281600000.0,10985224.5275,9106236.511300001,111000.0,8778.982265129147,41.105363392979086,20091461.0388,19980461.0388
1774368000000.0,10821461.6129,9106236.511300001,111000.0,8648.10904361599,41.98333883362023,19927698.1242,19816698.1242
1774454400000.0,11125434.8422,9106236.511300001,111000.0,8891.033126088618,40.35365954640403,20231671.3535,20120671.3535
1774540800000.0,10743643.9682,9106236.511300001,111000.0,8585.920080520587,42.400539401050395,19849880.479500003,19738880.479500003
1774627200000.0,10743643.9682,9106236.511300001,111000.0,8585.920080520587,42.400539401050395,19849880.479500003,19738880.479500003
1774713600000.0,10743643.9682,9106236.511300001,111000.0,8585.920080520587,42.400539401050395,19849880.479500003,19738880.479500003
1774800000000.0,10743643.9682,9106236.511300001,111000.0,8585.920080520587,42.400539401050395,19849880.479500003,19738880.479500003
1774886400000.0,10743643.9682,9106236.511300001,111000.0,8585.920080520587,42.400539401050395,19849880.479500003,19738880.479500003
1774972800000.0,10743643.9682,9106236.511300001,111000.0,8585.920080520587,42.400539401050395,19849880.479500003,19738880.479500003
1775059200000.0,11045902.8869,9106236.511300001,112000.0,8826.652580095031,40.785562555926525,20152139.3982,20040139.3982
1775145600000.0,10452117.4735,9106236.511300001,112000.0,8352.165559443629,43.96870381445386,19558353.984800003,19446353.984800003
1775232000000.0,10452117.4735,9106236.511300001,112000.0,8352.165559443629,43.96870381445386,19558353.984800003,19446353.984800003
1775318400000.0,10452117.4735,9106236.511300001,112000.0,8352.165559443629,43.96870381445386,19558353.984800003,19446353.984800003
1775404800000.0,10313297.9654,9106236.511300001,112000.0,8241.236504400824,44.71288191945543,19419534.4767,19307534.4767
1775491200000.0,12126397.0492,9106236.511300001,112000.0,9690.062903641654,34.99329236875345,21232633.560500003,21120633.560500003
1775577600000.0,11409157.178,9227998.646000002,112000.0,9214.223567275556,38.18550576573484,20637155.824,20525155.824
1775664000000.0,13335257.1645,9227998.646000002,112000.0,10769.773693516216,27.74994995275115,22563255.810500003,22451255.810500003
1775750400000.0,13859610.3479,9227998.646000002,112000.0,11193.249975302982,24.90901908237114,23087608.9939,22975608.9939
1775836800000.0,14060354.3183,9227998.646000002,112000.0,11355.374117708074,23.821393869811015,23288352.9643,23176352.9643
1775923200000.0,14310975.4639,9227998.646000002,112000.0,11557.779889687274,22.463535518139864,23538974.1099,23426974.1099
1776009600000.0,13330781.299099999,9441512.437200002,112000.0,10938.59617113751,26.617388321991697,22772293.7363,22660293.7363
1776096000000.0,13330781.299099999,9441512.437200002,112000.0,10938.59617113751,26.617388321991697,22772293.7363,22660293.7363
1776182400000.0,13708661.2866,9441512.437200002,112000.0,11248.666263180507,24.537253650104518,23150173.723800004,23038173.723800004
1776268800000.0,13021630.9034,9441512.437200002,112000.0,10684.922267197764,28.319183807848724,22463143.340600003,22351143.340600003
1776355200000.0,13475899.626699999,9441512.437200002,112000.0,11057.673271498792,25.818548280834342,22917412.0639,22805412.0639
1776441600000.0,15469729.996199999,9441512.437200002,112000.0,12693.714307381875,14.84301155316209,24911242.4334,24799242.4334
1776528000000.0,14509966.6342,9606883.073900003,112000.0,12041.873951713245,19.215944509796845,24116849.708100002,24004849.708100002
1776614400000.0,14243334.1854,9606883.073900003,112000.0,11820.594715114694,20.700417292013928,23850217.2593,23738217.2593
1776700800000.0,13744528.2136,9606883.073900003,112000.0,11406.633829455594,23.477513223424218,23351411.2875,23239411.2875
1776787200000.0,13574902.682599999,9606883.073900003,112000.0,11265.860985879233,24.421901219228502,23181785.756500002,23069785.756500002
1776873600000.0,12901273.1316,9606883.073900003,112000.0,10706.813377584136,28.17232521397154,22508156.205500003,22396156.205500003
1776960000000.0,12243086.1482,9606883.073900003,112000.0,10160.581612165734,31.836772909157208,21849969.222100005,21737969.222100005
1777046400000.0,11615496.7712,9606883.073900003,112000.0,9639.742911306452,35.330868818181,21222379.8451,21110379.8451
1777132800000.0,11072826.2723,9606883.073900003,112000.0,9189.378695467067,38.3521799487459,20679709.346200004,20567709.346200004
1777219200000.0,10962951.1673,9606883.073900003,112000.0,9098.19294720196,38.963908204439534,20569834.241200004,20457834.241200004
1777305600000.0,10536818.771499999,9606883.073900003,112000.0,8744.544125924149,41.33639492176536,20143701.8454,20031701.8454
1777392000000.0,10536818.771499999,9606883.073900003,112000.0,8744.544125924149,41.33639492176536,20143701.8454,20031701.8454
1777478400000.0,10536818.771499999,9606883.073900003,112000.0,8744.544125924149,41.33639492176536,20143701.8454,20031701.8454
1777564800000.0,10536818.771499999,9606883.073900003,112000.0,8744.544125924149,41.33639492176536,20143701.8454,20031701.8454
1777651200000.0,11174310.2604,9606883.073900003,113000.0,9272.720594997068,37.793072897527125,20781193.334300004,20668193.334300004
1777737600000.0,11202711.2761,9606883.073900003,113000.0,9296.288464249234,37.634965607491765,20809594.35,20696594.35
1777824000000.0,11325539.8911,9606883.073900003,113000.0,9398.214704117636,36.95118374343519,20932422.965000004,20819422.965000004
1777910400000.0,12250367.5093,9606883.073900003,113000.0,10165.659665127536,31.80270630840275,21857250.5832,21744250.5832
1777996800000.0,13267542.614,9606883.073900003,113000.0,11009.736867413163,26.140134202027554,22874425.687900003,22761425.687900003
1778083200000.0,13389263.1951,9606883.073900003,113000.0,11110.743633190988,25.462520717265836,22996146.269,22883146.269
1778169600000.0,12509224.877700001,9825928.196800003,113000.0,10562.235039375228,29.14224273207412,22335153.074500002,22222153.074500002
1778256000000.0,12509224.877700001,9825928.196800003,113000.0,10562.235039375228,29.14224273207412,22335153.074500002,22222153.074500002
1778342400000.0,12509224.877700001,9825928.196800003,113000.0,10562.235039375228,29.14224273207412,22335153.074500002,22222153.074500002
1778428800000.0,13156500.6705,9825928.196800003,113000.0,11108.76602955985,25.475787659115255,22982428.867300004,22869428.867300004
1778515200000.0,12455472.9858,9825928.196800003,113000.0,10516.849324304183,29.446717113674847,22281401.182600003,22168401.182600003
1778601600000.0,11838312.411,9825928.196800003,113000.0,9995.74628939959,32.94258633275571,21664240.607800003,21551240.607800003
1778688000000.0,11838312.411,9825928.196800003,113000.0,9995.74628939959,32.94258633275571,21664240.607800003,21551240.607800003
1778774400000.0,11838312.411,9825928.196800003,113000.0,9995.74628939959,32.94258633275571,21664240.607800003,21551240.607800003
1778860800000.0,11248310.183,9825928.196800003,113000.0,9497.574558791383,36.28461871828639,21074238.379800003,20961238.379800003
1778947200000.0,11248310.183,9825928.196800003,113000.0,9497.574558791383,36.28461871828639,21074238.379800003,20961238.379800003
1779033600000.0,11248310.183,9825928.196800003,113000.0,9497.574558791383,36.28461871828639,21074238.379800003,20961238.379800003
1779120000000.0,11248310.183,9825928.196800003,113000.0,9497.574558791383,36.28461871828639,21074238.379800003,20961238.379800003
1779206400000.0,11248310.183,9825928.196800003,113000.0,9497.574558791383,36.28461871828639,21074238.379800003,20961238.379800003
1779292800000.0,11248310.183,9825928.196800003,113000.0,9497.574558791383,36.28461871828639,21074238.379800003,20961238.379800003
1779379200000.0,10724715.2502,9825928.196800003,113000.0,9055.474204874305,39.2504909460051,20550643.447000004,20437643.447000004
1779465600000.0,10198286.8355,9825928.196800003,113000.0,8610.981384429508,42.23241326273062,20024215.032300003,19911215.032300003
1779552000000.0,10198286.8355,9825928.196800003,113000.0,8610.981384429508,42.23241326273062,20024215.032300003,19911215.032300003
1779638400000.0,10198286.8355,9825928.196800003,113000.0,8610.981384429508,42.23241326273062,20024215.032300003,19911215.032300003
1779724800000.0,10495176.7683,9825928.196800003,113000.0,8861.662084610069,40.55069796867306,20321104.965100005,20208104.965100005
1779811200000.0,9964100.8002,9825928.196800003,113000.0,8413.245076068186,43.55894607408065,19790028.997,19677028.997
1779897600000.0,9964100.8002,9825928.196800003,113000.0,8413.245076068186,43.55894607408065,19790028.997,19677028.997
1779984000000.0,9964100.8002,9825928.196800003,113000.0,8413.245076068186,43.55894607408065,19790028.997,19677028.997
1780070400000.0,9964100.8002,9825928.196800003,113000.0,8413.245076068186,43.55894607408065,19790028.997,19677028.997
1780156800000.0,9964100.8002,9825928.196800003,113000.0,8413.245076068186,43.55894607408065,19790028.997,19677028.997
1780243200000.0,9964100.8002,9825928.196800003,113000.0,8413.245076068186,43.55894607408065,19790028.997,19677028.997
1780329600000.0,9965100.8002,9825928.196800003,114000.0,8413.245076068186,43.55894607408065,19791028.997,19677028.997
1780416000000.0,9965100.8002,9825928.196800003,114000.0,8413.245076068186,43.55894607408065,19791028.997,19677028.997
1780502400000.0,9965100.8002,9825928.196800003,114000.0,8413.245076068186,43.55894607408065,19791028.997,19677028.997
1780588800000.0,9965100.8002,9825928.196800003,114000.0,8413.245076068186,43.55894607408065,19791028.997,19677028.997
1780675200000.0,9965100.8002,9825928.196800003,114000.0,8413.245076068186,43.55894607408065,19791028.997,19677028.997
1780761600000.0,9965100.8002,9825928.196800003,114000.0,8413.245076068186,43.55894607408065,19791028.997,19677028.997
1780848000000.0,9965100.8002,9825928.196800003,114000.0,8413.245076068186,43.55894607408065,19791028.997,19677028.997
1780934400000.0,9965100.8002,9825928.196800003,114000.0,8413.245076068186,43.55894607408065,19791028.997,19677028.997
1781020800000.0,9486128.1932,9825928.196800003,114000.0,8008.862420216533,46.27178554081065,19312056.39,19198056.39
1781107200000.0,9486128.1932,9825928.196800003,114000.0,8008.862420216533,46.27178554081065,19312056.39,19198056.39
1781193600000.0,9487319.5937,9825928.196800003,114000.0,8009.868285043314,46.26503760105408,19313247.7905,19199247.7905
1781280000000.0,9918453.953,9825928.196800003,114000.0,8373.862498271117,43.823147838927476,19744382.149800003,19630382.149800003
1781366400000.0,10277807.5437,9825928.196800003,114000.0,8677.254294113614,41.787815151598885,20103735.740500003,19989735.740500003
1781452800000.0,10139264.7829,9825928.196800003,114000.0,8560.286666440235,42.572503594810776,19965192.979700003,19851192.979700003
1781539200000.0,11808989.209,9825928.196800003,114000.0,9969.9864866362,33.11539841700429,21634917.405800004,21520917.405800004
1781625600000.0,11041229.8175,9998717.266100002,114000.0,9467.670330079573,36.48523407776728,21039947.083600003,20925947.083600003
1781712000000.0,10481989.2093,9998717.266100002,114000.0,8988.13084026306,39.702270305718265,20480706.4754,20366706.4754
1781798400000.0,9872503.4021,9998717.266100002,114000.0,8465.506930715765,43.20834245683633,19871220.6682,19757220.6682
1781884800000.0,9872503.4021,9998717.266100002,114000.0,8465.506930715765,43.20834245683633,19871220.6682,19757220.6682
1781971200000.0,9872503.4021,9998717.266100002,114000.0,8465.506930715765,43.20834245683633,19871220.6682,19757220.6682
1782057600000.0,9372540.0903,9998717.266100002,114000.0,8036.796733437308,46.08438554656086,19371257.3564,19257257.3564
1782144000000.0,8891841.2283,9998717.266100002,114000.0,7624.605480407952,48.84960972934367,18890558.494400002,18776558.494400002
1782230400000.0,8440758.6588,9998717.266100002,114000.0,7237.809704007911,51.44446594436255,18439475.924900003,18325475.924900003
1782316800000.0,8440758.6588,9998717.266100002,114000.0,7237.809704007911,51.44446594436255,18439475.924900003,18325475.924900003
1782403200000.0,8440758.6588,9998717.266100002,114000.0,7237.809704007911,51.44446594436255,18439475.924900003,18325475.924900003
1782489600000.0,8440758.6588,9998717.266100002,114000.0,7237.809704007911,51.44446594436255,18439475.924900003,18325475.924900003
1782576000000.0,8440758.6588,9998717.266100002,114000.0,7237.809704007911,51.44446594436255,18439475.924900003,18325475.924900003
1782662400000.0,8440758.6588,9998717.266100002,114000.0,7237.809704007911,51.44446594436255,18439475.924900003,18325475.924900003
1782748800000.0,8440758.6588,9998717.266100002,114000.0,7237.809704007911,51.44446594436255,18439475.924900003,18325475.924900003
1782835200000.0,8440758.6588,9998717.266100002,114000.0,7237.809704007911,51.44446594436255,18439475.924900003,18325475.924900003
1782921600000.0,8441758.6588,9998717.266100002,115000.0,7237.809704007912,51.44446594436254,18440475.924900003,18325475.924900003
1783008000000.0,8647505.0404,9998717.266100002,115000.0,7414.21289408924,50.26104838382983,18646222.306500003,18531222.306500003
1783094400000.0,8767653.0683,9998717.266100002,115000.0,7517.225618972759,49.56997773182361,18766370.334400002,18651370.334400002
1783180800000.0,9163467.8875,9998717.266100002,115000.0,7856.590016272779,47.29331942990013,19162185.1536,19047185.1536
1783267200000.0,9084628.3797,9998717.266100002,115000.0,7788.994462114262,47.74679062715143,19083345.645800002,18968345.645800002
1783353600000.0,8660816.4977,10023057.025900003,115000.0,7446.494360014591,50.04448510264322,18683873.523600005,18568873.523600005
1783440000000.0,8803747.9329,10023057.025900003,115000.0,7569.385559287574,49.2200578165634,18826804.958800003,18711804.958800003
1783526400000.0,8379230.5024,10023057.025900003,115000.0,7204.389181314939,51.668670696095276,18402287.528300002,18287287.528300002
1783612800000.0,8379230.5024,10023057.025900003,115000.0,7204.389181314939,51.668670696095276,18402287.528300002,18287287.528300002
1783699200000.0,8778811.2916,10023057.025900003,115000.0,7547.945252955316,49.363892148613154,18801868.317500003,18686868.317500003
1783785600000.0,8852103.8499,10023057.025900003,115000.0,7610.961554265583,48.94114130416409,18875160.875800002,18760160.875800002
1783872000000.0,8852238.827,10023057.025900003,115000.0,7611.077606396943,48.94036275741488,18875295.852900002,18760295.852900002
1783958400000.0,8609011.1938,10048588.213800002,115000.0,7423.904104620042,50.19603397723276,18657599.4076,18542599.4076
1784044800000.0,8609011.1938,10048588.213800002,115000.0,7423.904104620042,50.19603397723276,18657599.4076,18542599.4076
1784131200000.0,9016471.153,10048588.213800002,115000.0,7775.273570343548,47.83883853320202,19065059.366800003,18950059.366800003
1784217600000.0,8550461.4038,10048588.213800002,115000.0,7373.414214838194,50.534750199822895,18599049.6176,18484049.6176
1784304000000.0,8311298.3452,10048588.213800002,115000.0,7167.174081976861,51.91833172577023,18359886.559,18244886.559
1784390400000.0,8247516.6472,10048588.213800002,115000.0,7112.172502942692,52.28731504436019,18296104.861,18181104.861
1784476800000.0,8546596.4577,10048588.213800002,115000.0,7370.081313001966,50.557109288446554,18595184.6715,18480184.6715
1784563200000.0,8139372.0152,10048588.213800002,115000.0,7018.914943006469,52.912942245490036,18187960.229000002,18072960.229000002
1784649600000.0,8749731.4594,10048588.213800002,115000.0,7545.25297197236,49.381953571377956,18798319.673200004,18683319.673200004
1784736000000.0,8292828.390800001,10065638.922200002,115000.0,7165.950207832936,51.926542201743686,18358467.313,18243467.313
1784822400000.0,7813562.567,10065638.922200002,115000.0,6751.809836439633,54.70484223025461,17879201.489200003,17764201.489200003
1784908800000.0,7813562.567,10065638.922200002,115000.0,6751.809836439633,54.70484223025461,17879201.489200003,17764201.489200003
1784995200000.0,7813562.567,10065638.922200002,115000.0,6751.809836439633,54.70484223025461,17879201.489200003,17764201.489200003
1785081600000.0,7813562.567,10065638.922200002,115000.0,6751.809836439633,54.70484223025461,17879201.489200003,17764201.489200003
1785168000000.0,7514424.4089,10065638.922200002,115000.0,6493.320326565588,56.43894366604727,17580063.331100002,17465063.331100002
1785254400000.0,7448629.0786999995,10065638.922200002,115000.0,6436.465651911499,56.82035865266404,17514268.0009,17399268.0009
1785340800000.0,7448629.0786999995,10065638.922200002,115000.0,6436.465651911499,56.82035865266404,17514268.0009,17399268.0009
1785427200000.0,7448629.0786999995,10065638.922200002,115000.0,6436.465651911499,56.82035865266404,17514268.0009,17399268.0009
1785513600000.0,7155121.5858000005,10065638.922200002,115000.0,6182.841679410077,58.521819168723134,17220760.508,17105760.508
1785600000000.0,7156121.5858000005,10065638.922200002,116000.0,6182.841679410076,58.52181916872314,17221760.508,17105760.508
1785686400000.0,7156121.5858000005,10065638.922200002,116000.0,6182.841679410076,58.52181916872314,17221760.508,17105760.508
1785772800000.0,7156121.5858000005,10065638.922200002,116000.0,6182.841679410076,58.52181916872314,17221760.508,17105760.508
1785859200000.0,7313840.2108000005,10065638.922200002,116000.0,6319.109527374573,57.607653363995695,17379479.133,17263479.133
1785945600000.0,7458613.9105,10065638.922200002,116000.0,6444.193045570203,56.768518698133484,17524252.832700003,17408252.832700003
1786032000000.0,7592917.9939,10065638.922200002,116000.0,6560.230884587391,55.99006783045984,17658556.916100003,17542556.916100003
1786118400000.0,7747594.0451,10065638.922200002,116000.0,6693.869968929334,55.09353733625022,17813232.9673,17697232.9673
1786204800000.0,7840173.8713,10065638.922200002,116000.0,6773.858325923958,54.556927843746394,17905812.793500002,17789812.793500002
1786291200000.0,7921606.6679,10065638.922200002,116000.0,6844.215723133149,54.08492855998999,17987245.5901,17871245.5901
1786377600000.0,7511636.9549,10105140.629800001,116000.0,6524.133818820596,56.23222842569871,17616777.584700003,17500777.584700003
1786464000000.0,7511636.9549,10105140.629800001,116000.0,6524.133818820596,56.23222842569871,17616777.584700003,17500777.584700003
1786550400000.0,7511636.9549,10105140.629800001,116000.0,6524.133818820596,56.23222842569871,17616777.584700003,17500777.584700003
1786636800000.0,7511636.9549,10105140.629800001,116000.0,6524.133818820596,56.23222842569871,17616777.584700003,17500777.584700003
1786723200000.0,7511636.9549,10105140.629800001,116000.0,6524.133818820596,56.23222842569871,17616777.584700003,17500777.584700003
1786809600000.0,7511636.9549,10105140.629800001,116000.0,6524.133818820596,56.23222842569871,17616777.584700003,17500777.584700003
1786896000000.0,7511636.9549,10105140.629800001,116000.0,6524.133818820596,56.23222842569871,17616777.584700003,17500777.584700003
1786982400000.0,7878433.1742,10105140.629800001,116000.0,6842.709867332851,54.09503073669599,17983573.804,17867573.804
1787068800000.0,8265397.9413,10105140.629800001,116000.0,7178.803043678692,51.8403177313387,18370538.5711,18254538.5711
1787155200000.0,10450479.393,10105140.629800001,116000.0,9076.626897720816,39.10858609635031,20555620.0228,20439620.0228
1787241600000.0,12764275.3946,10105140.629800001,116000.0,11086.244086959883,25.626878250832007,22869416.024400003,22753416.024400003
1787328000000.0,15570930.7443,10105140.629800001,116000.0,13523.927802865092,9.273445441046324,25676071.3741,25560071.3741
1787414400000.0,15427294.3093,10105140.629800001,116000.0,13399.174259952313,10.110366436372932,25532434.9391,25416434.9391
1787500800000.0,13946932.942400001,10820173.5173,116000.0,12734.458240669333,14.569677005667113,24767106.459700003,24651106.459700003
1787587200000.0,15071193.806899998,10820173.5173,116000.0,13760.981641170487,7.683147244551403,25891367.324199997,25775367.324199997
1787673600000.0,15346918.460299999,10820173.5173,116000.0,14012.736209658511,7.3151830399109885,26167091.9776,26051091.9776
1787760000000.0,14502655.3565,10881920.452200001,116000.0,13298.247976535136,12.041041724207968,25384575.808700003,25268575.808700003
1787846400000.0,15944614.9041,10881920.452200001,116000.0,14620.456576598357,3.2955219166313054,26826535.356300004,26710535.356300004
1787932800000.0,15069968.6339,10944955.2608,116000.0,13876.247312043397,8.946817219622115,26014923.8947,25898923.8947
1788019200000.0,15069968.6339,10944955.2608,116000.0,13876.247312043397,8.946817219622115,26014923.8947,25898923.8947
1788105600000.0,15069968.6339,10944955.2608,116000.0,13876.247312043397,8.946817219622115,26014923.8947,25898923.8947
1788192000000.0,14305554.6443,10944955.2608,116000.0,13172.384030960357,13.565428472624708,25250509.905100003,25134509.905100003
1788278400000.0,13687887.8593,10944955.2608,117000.0,12602.762855084417,17.303169655544572,24632843.1201,24515843.1201
1788364800000.0,13687887.8593,10944955.2608,117000.0,12602.762855084417,17.303169655544572,24632843.1201,24515843.1201
1788451200000.0,13687887.8593,10944955.2608,117000.0,12602.762855084417,17.303169655544572,24632843.1201,24515843.1201
1788537600000.0,13015895.7279,10944955.2608,117000.0,11984.043768577374,21.363081590418997,23960850.988700002,23843850.988700002
1788624000000.0,13026700.8178,10944955.2608,117000.0,11993.99227100794,21.297801490559777,23971656.0786,23854656.0786
1788710400000.0,12981028.3317,10944955.2608,117000.0,11951.940530283797,21.573736673054356,23925983.5925,23808983.5925
1788796800000.0,12681513.7574,10944955.2608,117000.0,11676.170361040351,23.3832858300304,23626469.018200003,23509469.018200003
1788883200000.0,12681513.7574,10944955.2608,117000.0,11676.170361040351,23.3832858300304,23626469.018200003,23509469.018200003
1788969600000.0,12681513.7574,10944955.2608,117000.0,11676.170361040351,23.3832858300304,23626469.018200003,23509469.018200003
1789056000000.0,12681513.7574,10944955.2608,117000.0,11676.170361040351,23.3832858300304,23626469.018200003,23509469.018200003
1789142400000.0,12681513.7574,10944955.2608,117000.0,11676.170361040351,23.3832858300304,23626469.018200003,23509469.018200003
1789228800000.0,12681513.7574,10944955.2608,117000.0,11676.170361040351,23.3832858300304,23626469.018200003,23509469.018200003
1789315200000.0,12681513.7574,10944955.2608,117000.0,11676.170361040351,23.3832858300304,23626469.018200003,23509469.018200003
1789401600000.0,12728755.227,10944955.2608,117000.0,11719.666702069326,23.097871466843635,23673710.487800002,23556710.487800002
1789488000000.0,12070078.5346,10944955.2608,117000.0,11113.20745592285,27.077336760770688,23015033.7954,22898033.7954
1789574400000.0,12070078.5346,10944955.2608,117000.0,11113.20745592285,27.077336760770688,23015033.7954,22898033.7954
1789660800000.0,12070078.5346,10944955.2608,117000.0,11113.20745592285,27.077336760770688,23015033.7954,22898033.7954
1789747200000.0,14550278.296,10944955.2608,117000.0,13396.786175113179,12.092946108453962,25495233.5568,25378233.5568
1789833600000.0,15258871.3527,10944955.2608,117000.0,14049.204601253483,7.811905790508533,26203826.6135,26086826.6135
1789920000000.0,14221197.5344,11183968.483000001,117000.0,13313.858856328347,12.637098727314289,25405166.0174,25288166.0174
1790006400000.0,17482451.9348,11183968.483000001,117000.0,16367.03920042215,1.8420431796970504,28666420.4178,28549420.4178
1790092800000.0,17864672.4313,11183968.483000001,117000.0,16724.873323047002,4.108825043296516,29048640.914300002,28931640.914300002
1790179200000.0,16635349.489599999,11516328.0083,117000.0,15885.137829861369,8.923403996397195,28151677.4979,28034677.4979
1790265600000.0,15782983.5544,11516328.0083,117000.0,15071.211415475216,13.590007963808636,27299311.562700003,27182311.562700003
1790352000000.0,14958244.0197,11516328.0083,117000.0,14283.665521676246,18.1053606143214,26474572.028,26357572.028
1790438400000.0,14958244.0197,11516328.0083,117000.0,14283.665521676246,18.1053606143214,26474572.028,26357572.028
1790524800000.0,14940154.7773,11516328.0083,117000.0,14266.392057782903,18.20439710424342,26456482.7856,26339482.7856
1790611200000.0,14676901.1808,11516328.0083,117000.0,14015.010524306641,19.645679805873172,26193229.1891,26076229.1891
1790697600000.0,14676901.1808,11516328.0083,117000.0,14015.010524306641,19.645679805873172,26193229.1891,26076229.1891
1790784000000.0,14676901.1808,11516328.0083,117000.0,14015.010524306641,19.645679805873172,26193229.1891,26076229.1891
