timestamp_ms,trading_bucket,retained_cash,contributions,trading_unit_nav,close_drawdown_pct,total_assets,net_profit
1483286400000.0,1000.0,0.0,1000.0,1.0,0.0,1000.0,0.0
1483372800000.0,1000.0,0.0,1000.0,1.0,0.0,1000.0,0.0
1483459200000.0,1000.0,0.0,1000.0,1.0,0.0,1000.0,0.0
1483545600000.0,1000.0,0.0,1000.0,1.0,0.0,1000.0,0.0
1483632000000.0,1000.0,0.0,1000.0,1.0,0.0,1000.0,0.0
1483718400000.0,1000.0,0.0,1000.0,1.0,0.0,1000.0,0.0
1483804800000.0,1000.0,0.0,1000.0,1.0,0.0,1000.0,0.0
1483891200000.0,1000.0,0.0,1000.0,1.0,0.0,1000.0,0.0
1483977600000.0,1000.0,0.0,1000.0,1.0,0.0,1000.0,0.0
1484064000000.0,1000.0,0.0,1000.0,1.0,0.0,1000.0,0.0
1484150400000.0,1000.0,0.0,1000.0,1.0,0.0,1000.0,0.0
1484236800000.0,1000.0,0.0,1000.0,1.0,0.0,1000.0,0.0
1484323200000.0,1000.0,0.0,1000.0,1.0,0.0,1000.0,0.0
1484409600000.0,1000.0,0.0,1000.0,1.0,0.0,1000.0,0.0
1484496000000.0,1000.0,0.0,1000.0,1.0,0.0,1000.0,0.0
1484582400000.0,1000.0,0.0,1000.0,1.0,0.0,1000.0,0.0
1484668800000.0,1000.0,0.0,1000.0,1.0,0.0,1000.0,0.0
1484755200000.0,1000.0,0.0,1000.0,1.0,0.0,1000.0,0.0
1484841600000.0,1000.0,0.0,1000.0,1.0,0.0,1000.0,0.0
1484928000000.0,1000.0,0.0,1000.0,1.0,0.0,1000.0,0.0
1485014400000.0,1000.0,0.0,1000.0,1.0,0.0,1000.0,0.0
1485100800000.0,1000.0,0.0,1000.0,1.0,0.0,1000.0,0.0
1485187200000.0,1000.0,0.0,1000.0,1.0,0.0,1000.0,0.0
1485273600000.0,1000.0,0.0,1000.0,1.0,0.0,1000.0,0.0
1485360000000.0,1000.0,0.0,1000.0,1.0,0.0,1000.0,0.0
1485446400000.0,1000.0,0.0,1000.0,1.0,0.0,1000.0,0.0
1485532800000.0,1000.0,0.0,1000.0,1.0,0.0,1000.0,0.0
1485619200000.0,1000.0,0.0,1000.0,1.0,0.0,1000.0,0.0
1485705600000.0,1000.0,0.0,1000.0,1.0,0.0,1000.0,0.0
1485792000000.0,1000.0,0.0,1000.0,1.0,0.0,1000.0,0.0
1485878400000.0,1000.0,0.0,1000.0,1.0,0.0,1000.0,0.0
1485964800000.0,2000.0,0.0,2000.0,1.0,0.0,2000.0,0.0
1486051200000.0,2000.0,0.0,2000.0,1.0,0.0,2000.0,0.0
1486137600000.0,2000.0,0.0,2000.0,1.0,0.0,2000.0,0.0
1486224000000.0,2000.0,0.0,2000.0,1.0,0.0,2000.0,0.0
1486310400000.0,2000.0,0.0,2000.0,1.0,0.0,2000.0,0.0
1486396800000.0,2000.0,0.0,2000.0,1.0,0.0,2000.0,0.0
1486483200000.0,2000.0,0.0,2000.0,1.0,0.0,2000.0,0.0
1486569600000.0,2000.0,0.0,2000.0,1.0,0.0,2000.0,0.0
1486656000000.0,2000.0,0.0,2000.0,1.0,0.0,2000.0,0.0
1486742400000.0,2000.0,0.0,2000.0,1.0,0.0,2000.0,0.0
1486828800000.0,2000.0,0.0,2000.0,1.0,0.0,2000.0,0.0
1486915200000.0,2000.0,0.0,2000.0,1.0,0.0,2000.0,0.0
1487001600000.0,2000.0,0.0,2000.0,1.0,0.0,2000.0,0.0
1487088000000.0,2000.0,0.0,2000.0,1.0,0.0,2000.0,0.0
1487174400000.0,2000.0,0.0,2000.0,1.0,0.0,2000.0,0.0
1487260800000.0,2000.0,0.0,2000.0,1.0,0.0,2000.0,0.0
1487347200000.0,2000.0,0.0,2000.0,1.0,0.0,2000.0,0.0
1487433600000.0,2000.0,0.0,2000.0,1.0,0.0,2000.0,0.0
1487520000000.0,2000.0,0.0,2000.0,1.0,0.0,2000.0,0.0
1487606400000.0,2000.0,0.0,2000.0,1.0,0.0,2000.0,0.0
1487692800000.0,2000.0,0.0,2000.0,1.0,0.0,2000.0,0.0
1487779200000.0,2000.0,0.0,2000.0,1.0,0.0,2000.0,0.0
1487865600000.0,2000.0,0.0,2000.0,1.0,0.0,2000.0,0.0
1487952000000.0,2000.0,0.0,2000.0,1.0,0.0,2000.0,0.0
1488038400000.0,2000.0,0.0,2000.0,1.0,0.0,2000.0,0.0
1488124800000.0,2000.0,0.0,2000.0,1.0,0.0,2000.0,0.0
1488211200000.0,2000.0,0.0,2000.0,1.0,0.0,2000.0,0.0
1488297600000.0,2000.0,0.0,2000.0,1.0,0.0,2000.0,0.0
1488384000000.0,3000.0,0.0,3000.0,1.0,0.0,3000.0,0.0
1488470400000.0,3000.0,0.0,3000.0,1.0,0.0,3000.0,0.0
1488556800000.0,3000.0,0.0,3000.0,1.0,0.0,3000.0,0.0
1488643200000.0,3000.0,0.0,3000.0,1.0,0.0,3000.0,0.0
1488729600000.0,3000.0,0.0,3000.0,1.0,0.0,3000.0,0.0
1488816000000.0,3000.0,0.0,3000.0,1.0,0.0,3000.0,0.0
1488902400000.0,3000.0,0.0,3000.0,1.0,0.0,3000.0,0.0
1488988800000.0,3000.0,0.0,3000.0,1.0,0.0,3000.0,0.0
1489075200000.0,3000.0,0.0,3000.0,1.0,0.0,3000.0,0.0
1489161600000.0,3000.0,0.0,3000.0,1.0,0.0,3000.0,0.0
1489248000000.0,3000.0,0.0,3000.0,1.0,0.0,3000.0,0.0
1489334400000.0,3000.0,0.0,3000.0,1.0,0.0,3000.0,0.0
1489420800000.0,3000.0,0.0,3000.0,1.0,0.0,3000.0,0.0
1489507200000.0,3000.0,0.0,3000.0,1.0,0.0,3000.0,0.0
1489593600000.0,3000.0,0.0,3000.0,1.0,0.0,3000.0,0.0
1489680000000.0,3000.0,0.0,3000.0,1.0,0.0,3000.0,0.0
1489766400000.0,3000.0,0.0,3000.0,1.0,0.0,3000.0,0.0
1489852800000.0,3000.0,0.0,3000.0,1.0,0.0,3000.0,0.0
1489939200000.0,3000.0,0.0,3000.0,1.0,0.0,3000.0,0.0
1490025600000.0,3000.0,0.0,3000.0,1.0,0.0,3000.0,0.0
1490112000000.0,3000.0,0.0,3000.0,1.0,0.0,3000.0,0.0
1490198400000.0,3000.0,0.0,3000.0,1.0,0.0,3000.0,0.0
1490284800000.0,3000.0,0.0,3000.0,1.0,0.0,3000.0,0.0
1490371200000.0,3000.0,0.0,3000.0,1.0,0.0,3000.0,0.0
1490457600000.0,3000.0,0.0,3000.0,1.0,0.0,3000.0,0.0
1490544000000.0,3000.0,0.0,3000.0,1.0,0.0,3000.0,0.0
1490630400000.0,3000.0,0.0,3000.0,1.0,0.0,3000.0,0.0
1490716800000.0,3000.0,0.0,3000.0,1.0,0.0,3000.0,0.0
1490803200000.0,3000.0,0.0,3000.0,1.0,0.0,3000.0,0.0
1490889600000.0,3000.0,0.0,3000.0,1.0,0.0,3000.0,0.0
1490976000000.0,3000.0,0.0,3000.0,1.0,0.0,3000.0,0.0
1491062400000.0,4000.0,0.0,4000.0,1.0,0.0,4000.0,0.0
1491148800000.0,4000.0,0.0,4000.0,1.0,0.0,4000.0,0.0
1491235200000.0,4000.0,0.0,4000.0,1.0,0.0,4000.0,0.0
1491321600000.0,4000.0,0.0,4000.0,1.0,0.0,4000.0,0.0
1491408000000.0,4000.0,0.0,4000.0,1.0,0.0,4000.0,0.0
1491494400000.0,4000.0,0.0,4000.0,1.0,0.0,4000.0,0.0
1491580800000.0,4000.0,0.0,4000.0,1.0,0.0,4000.0,0.0
1491667200000.0,4000.0,0.0,4000.0,1.0,0.0,4000.0,0.0
1491753600000.0,4000.0,0.0,4000.0,1.0,0.0,4000.0,0.0
1491840000000.0,4000.0,0.0,4000.0,1.0,0.0,4000.0,0.0
1491926400000.0,4000.0,0.0,4000.0,1.0,0.0,4000.0,0.0
1492012800000.0,4000.0,0.0,4000.0,1.0,0.0,4000.0,0.0
1492099200000.0,4000.0,0.0,4000.0,1.0,0.0,4000.0,0.0
1492185600000.0,4000.0,0.0,4000.0,1.0,0.0,4000.0,0.0
1492272000000.0,4000.0,0.0,4000.0,1.0,0.0,4000.0,0.0
1492358400000.0,4000.0,0.0,4000.0,1.0,0.0,4000.0,0.0
1492444800000.0,4000.0,0.0,4000.0,1.0,0.0,4000.0,0.0
1492531200000.0,4000.0,0.0,4000.0,1.0,0.0,4000.0,0.0
1492617600000.0,4000.0,0.0,4000.0,1.0,0.0,4000.0,0.0
1492704000000.0,4000.0,0.0,4000.0,1.0,0.0,4000.0,0.0
1492790400000.0,4000.0,0.0,4000.0,1.0,0.0,4000.0,0.0
1492876800000.0,4000.0,0.0,4000.0,1.0,0.0,4000.0,0.0
1492963200000.0,4000.0,0.0,4000.0,1.0,0.0,4000.0,0.0
1493049600000.0,4000.0,0.0,4000.0,1.0,0.0,4000.0,0.0
1493136000000.0,4000.0,0.0,4000.0,1.0,0.0,4000.0,0.0
1493222400000.0,4000.0,0.0,4000.0,1.0,0.0,4000.0,0.0
1493308800000.0,4000.0,0.0,4000.0,1.0,0.0,4000.0,0.0
1493395200000.0,4000.0,0.0,4000.0,1.0,0.0,4000.0,0.0
1493481600000.0,4000.0,0.0,4000.0,1.0,0.0,4000.0,0.0
1493568000000.0,4000.0,0.0,4000.0,1.0,0.0,4000.0,0.0
1493654400000.0,5000.0,0.0,5000.0,1.0,0.0,5000.0,0.0
1493740800000.0,5000.0,0.0,5000.0,1.0,0.0,5000.0,0.0
1493827200000.0,5000.0,0.0,5000.0,1.0,0.0,5000.0,0.0
1493913600000.0,5000.0,0.0,5000.0,1.0,0.0,5000.0,0.0
1494000000000.0,5000.0,0.0,5000.0,1.0,0.0,5000.0,0.0
1494086400000.0,5000.0,0.0,5000.0,1.0,0.0,5000.0,0.0
1494172800000.0,5000.0,0.0,5000.0,1.0,0.0,5000.0,0.0
1494259200000.0,5000.0,0.0,5000.0,1.0,0.0,5000.0,0.0
1494345600000.0,5000.0,0.0,5000.0,1.0,0.0,5000.0,0.0
1494432000000.0,5000.0,0.0,5000.0,1.0,0.0,5000.0,0.0
1494518400000.0,5000.0,0.0,5000.0,1.0,0.0,5000.0,0.0
1494604800000.0,5000.0,0.0,5000.0,1.0,0.0,5000.0,0.0
1494691200000.0,5000.0,0.0,5000.0,1.0,0.0,5000.0,0.0
1494777600000.0,5000.0,0.0,5000.0,1.0,0.0,5000.0,0.0
1494864000000.0,5000.0,0.0,5000.0,1.0,0.0,5000.0,0.0
1494950400000.0,5000.0,0.0,5000.0,1.0,0.0,5000.0,0.0
1495036800000.0,5000.0,0.0,5000.0,1.0,0.0,5000.0,0.0
1495123200000.0,5000.0,0.0,5000.0,1.0,0.0,5000.0,0.0
1495209600000.0,5000.0,0.0,5000.0,1.0,0.0,5000.0,0.0
1495296000000.0,5000.0,0.0,5000.0,1.0,0.0,5000.0,0.0
1495382400000.0,5000.0,0.0,5000.0,1.0,0.0,5000.0,0.0
1495468800000.0,5000.0,0.0,5000.0,1.0,0.0,5000.0,0.0
1495555200000.0,5000.0,0.0,5000.0,1.0,0.0,5000.0,0.0
1495641600000.0,5000.0,0.0,5000.0,1.0,0.0,5000.0,0.0
1495728000000.0,5000.0,0.0,5000.0,1.0,0.0,5000.0,0.0
1495814400000.0,5000.0,0.0,5000.0,1.0,0.0,5000.0,0.0
1495900800000.0,5000.0,0.0,5000.0,1.0,0.0,5000.0,0.0
1495987200000.0,5000.0,0.0,5000.0,1.0,0.0,5000.0,0.0
1496073600000.0,5000.0,0.0,5000.0,1.0,0.0,5000.0,0.0
1496160000000.0,5000.0,0.0,5000.0,1.0,0.0,5000.0,0.0
1496246400000.0,5000.0,0.0,5000.0,1.0,0.0,5000.0,0.0
1496332800000.0,6000.0,0.0,6000.0,1.0,0.0,6000.0,0.0
1496419200000.0,6000.0,0.0,6000.0,1.0,0.0,6000.0,0.0
1496505600000.0,6000.0,0.0,6000.0,1.0,0.0,6000.0,0.0
1496592000000.0,6000.0,0.0,6000.0,1.0,0.0,6000.0,0.0
1496678400000.0,6000.0,0.0,6000.0,1.0,0.0,6000.0,0.0
1496764800000.0,6000.0,0.0,6000.0,1.0,0.0,6000.0,0.0
1496851200000.0,6000.0,0.0,6000.0,1.0,0.0,6000.0,0.0
1496937600000.0,6000.0,0.0,6000.0,1.0,0.0,6000.0,0.0
1497024000000.0,6000.0,0.0,6000.0,1.0,0.0,6000.0,0.0
1497110400000.0,6000.0,0.0,6000.0,1.0,0.0,6000.0,0.0
1497196800000.0,6000.0,0.0,6000.0,1.0,0.0,6000.0,0.0
1497283200000.0,6000.0,0.0,6000.0,1.0,0.0,6000.0,0.0
1497369600000.0,6000.0,0.0,6000.0,1.0,0.0,6000.0,0.0
1497456000000.0,6000.0,0.0,6000.0,1.0,0.0,6000.0,0.0
1497542400000.0,6000.0,0.0,6000.0,1.0,0.0,6000.0,0.0
1497628800000.0,6000.0,0.0,6000.0,1.0,0.0,6000.0,0.0
1497715200000.0,6000.0,0.0,6000.0,1.0,0.0,6000.0,0.0
1497801600000.0,6000.0,0.0,6000.0,1.0,0.0,6000.0,0.0
1497888000000.0,6000.0,0.0,6000.0,1.0,0.0,6000.0,0.0
1497974400000.0,6000.0,0.0,6000.0,1.0,0.0,6000.0,0.0
1498060800000.0,6000.0,0.0,6000.0,1.0,0.0,6000.0,0.0
1498147200000.0,6000.0,0.0,6000.0,1.0,0.0,6000.0,0.0
1498233600000.0,6000.0,0.0,6000.0,1.0,0.0,6000.0,0.0
1498320000000.0,6000.0,0.0,6000.0,1.0,0.0,6000.0,0.0
1498406400000.0,6000.0,0.0,6000.0,1.0,0.0,6000.0,0.0
1498492800000.0,6000.0,0.0,6000.0,1.0,0.0,6000.0,0.0
1498579200000.0,6000.0,0.0,6000.0,1.0,0.0,6000.0,0.0
1498665600000.0,6000.0,0.0,6000.0,1.0,0.0,6000.0,0.0
1498752000000.0,6000.0,0.0,6000.0,1.0,0.0,6000.0,0.0
1498838400000.0,6000.0,0.0,6000.0,1.0,0.0,6000.0,0.0
1498924800000.0,7000.0,0.0,7000.0,1.0,0.0,7000.0,0.0
1499011200000.0,7000.0,0.0,7000.0,1.0,0.0,7000.0,0.0
1499097600000.0,7000.0,0.0,7000.0,1.0,0.0,7000.0,0.0
1499184000000.0,7000.0,0.0,7000.0,1.0,0.0,7000.0,0.0
1499270400000.0,7000.0,0.0,7000.0,1.0,0.0,7000.0,0.0
1499356800000.0,7000.0,0.0,7000.0,1.0,0.0,7000.0,0.0
1499443200000.0,7000.0,0.0,7000.0,1.0,0.0,7000.0,0.0
1499529600000.0,7000.0,0.0,7000.0,1.0,0.0,7000.0,0.0
1499616000000.0,7000.0,0.0,7000.0,1.0,0.0,7000.0,0.0
1499702400000.0,7000.0,0.0,7000.0,1.0,0.0,7000.0,0.0
1499788800000.0,7000.0,0.0,7000.0,1.0,0.0,7000.0,0.0
1499875200000.0,7000.0,0.0,7000.0,1.0,0.0,7000.0,0.0
1499961600000.0,7000.0,0.0,7000.0,1.0,0.0,7000.0,0.0
1500048000000.0,7000.0,0.0,7000.0,1.0,0.0,7000.0,0.0
1500134400000.0,7000.0,0.0,7000.0,1.0,0.0,7000.0,0.0
1500220800000.0,7000.0,0.0,7000.0,1.0,0.0,7000.0,0.0
1500307200000.0,7000.0,0.0,7000.0,1.0,0.0,7000.0,0.0
1500393600000.0,7000.0,0.0,7000.0,1.0,0.0,7000.0,0.0
1500480000000.0,7000.0,0.0,7000.0,1.0,0.0,7000.0,0.0
1500566400000.0,7000.0,0.0,7000.0,1.0,0.0,7000.0,0.0
1500652800000.0,7000.0,0.0,7000.0,1.0,0.0,7000.0,0.0
1500739200000.0,7000.0,0.0,7000.0,1.0,0.0,7000.0,0.0
1500825600000.0,7000.0,0.0,7000.0,1.0,0.0,7000.0,0.0
1500912000000.0,7000.0,0.0,7000.0,1.0,0.0,7000.0,0.0
1500998400000.0,7000.0,0.0,7000.0,1.0,0.0,7000.0,0.0
1501084800000.0,7000.0,0.0,7000.0,1.0,0.0,7000.0,0.0
1501171200000.0,7000.0,0.0,7000.0,1.0,0.0,7000.0,0.0
1501257600000.0,7000.0,0.0,7000.0,1.0,0.0,7000.0,0.0
1501344000000.0,7000.0,0.0,7000.0,1.0,0.0,7000.0,0.0
1501430400000.0,7000.0,0.0,7000.0,1.0,0.0,7000.0,0.0
1501516800000.0,7000.0,0.0,7000.0,1.0,0.0,7000.0,0.0
1501603200000.0,8000.0,0.0,8000.0,1.0,0.0,8000.0,0.0
1501689600000.0,8000.0,0.0,8000.0,1.0,0.0,8000.0,0.0
1501776000000.0,8000.0,0.0,8000.0,1.0,0.0,8000.0,0.0
1501862400000.0,8000.0,0.0,8000.0,1.0,0.0,8000.0,0.0
1501948800000.0,8000.0,0.0,8000.0,1.0,0.0,8000.0,0.0
1502035200000.0,8000.0,0.0,8000.0,1.0,0.0,8000.0,0.0
1502121600000.0,8000.0,0.0,8000.0,1.0,0.0,8000.0,0.0
1502208000000.0,8000.0,0.0,8000.0,1.0,0.0,8000.0,0.0
1502294400000.0,8000.0,0.0,8000.0,1.0,0.0,8000.0,0.0
1502380800000.0,8000.0,0.0,8000.0,1.0,0.0,8000.0,0.0
1502467200000.0,8000.0,0.0,8000.0,1.0,0.0,8000.0,0.0
1502553600000.0,8000.0,0.0,8000.0,1.0,0.0,8000.0,0.0
1502640000000.0,8000.0,0.0,8000.0,1.0,0.0,8000.0,0.0
1502726400000.0,8000.0,0.0,8000.0,1.0,0.0,8000.0,0.0
1502812800000.0,8000.0,0.0,8000.0,1.0,0.0,8000.0,0.0
1502899200000.0,8000.0,0.0,8000.0,1.0,0.0,8000.0,0.0
1502985600000.0,8000.0,0.0,8000.0,1.0,0.0,8000.0,0.0
1503072000000.0,8000.0,0.0,8000.0,1.0,0.0,8000.0,0.0
1503158400000.0,8000.0,0.0,8000.0,1.0,0.0,8000.0,0.0
1503244800000.0,8000.0,0.0,8000.0,1.0,0.0,8000.0,0.0
1503331200000.0,8000.0,0.0,8000.0,1.0,0.0,8000.0,0.0
1503417600000.0,8000.0,0.0,8000.0,1.0,0.0,8000.0,0.0
1503504000000.0,8000.0,0.0,8000.0,1.0,0.0,8000.0,0.0
1503590400000.0,8000.0,0.0,8000.0,1.0,0.0,8000.0,0.0
1503676800000.0,8000.0,0.0,8000.0,1.0,0.0,8000.0,0.0
1503763200000.0,7973.046,0.0,8000.0,0.99663075,0.4368105253006238,7973.046,-26.953999999999724
1503849600000.0,8012.173400000001,0.0,8000.0,1.001521675,0.727197191825002,8012.173400000001,12.173400000000584
1503936000000.0,7945.1639000000005,0.0,8000.0,0.9931454875000001,1.5574614094933659,7945.1639000000005,-54.83609999999953
1504022400000.0,8122.982800000001,0.0,8000.0,1.01537285,0.4952963378969777,8122.982800000001,122.98280000000068
1504108800000.0,8106.1652,0.0,8000.0,1.01327065,0.89168280781321,8106.1652,106.16520000000037
1504195200000.0,8180.0452000000005,0.0,8000.0,1.02250565,0.32401826219614627,8180.0452000000005,180.04520000000048
1504281600000.0,9292.2661,0.0,9000.0,1.0350052076599214,0.2803884506361931,9292.2661,292.26610000000073
1504368000000.0,9106.7582,17.9549,9000.0,1.0163425665245107,2.827908587121164,9124.7131,124.71310000000085
1504454400000.0,9106.7582,17.9549,9000.0,1.0163425665245107,2.827908587121164,9124.7131,124.71310000000085
1504540800000.0,9106.7582,17.9549,9000.0,1.0163425665245107,2.827908587121164,9124.7131,124.71310000000085
1504627200000.0,9106.7582,17.9549,9000.0,1.0163425665245107,2.827908587121164,9124.7131,124.71310000000085
1504713600000.0,9158.4643,17.9549,9000.0,1.0221131282573315,2.2761875723034786,9176.4192,176.41920000000027
1504800000000.0,9225.7989,17.9549,9000.0,1.029627879245219,1.5577053459444046,9243.7538,243.7538000000004
1504886400000.0,9082.6811,17.9549,9000.0,1.0136554872070354,3.0848191266100944,9100.636,100.63600000000042
1504972800000.0,9082.6811,17.9549,9000.0,1.0136554872070354,3.0848191266100944,9100.636,100.63600000000042
1505059200000.0,9082.6811,17.9549,9000.0,1.0136554872070354,3.0848191266100944,9100.636,100.63600000000042
1505145600000.0,9082.6811,17.9549,9000.0,1.0136554872070354,3.0848191266100944,9100.636,100.63600000000042
1505232000000.0,9042.344799999999,17.9549,9000.0,1.0091538305509815,3.515220653122275,9060.2997,60.299699999999575
1505318400000.0,9042.344799999999,17.9549,9000.0,1.0091538305509815,3.515220653122275,9060.2997,60.299699999999575
1505404800000.0,9042.344799999999,17.9549,9000.0,1.0091538305509815,3.515220653122275,9060.2997,60.299699999999575
1505491200000.0,9042.344799999999,17.9549,9000.0,1.0091538305509815,3.515220653122275,9060.2997,60.299699999999575
1505577600000.0,9042.344799999999,17.9549,9000.0,1.0091538305509815,3.515220653122275,9060.2997,60.299699999999575
1505664000000.0,9042.344799999999,17.9549,9000.0,1.0091538305509815,3.515220653122275,9060.2997,60.299699999999575
1505750400000.0,9099.408599999999,17.9549,9000.0,1.0155223282835382,2.906331225272274,9117.3635,117.36349999999948
1505836800000.0,8955.682599999998,17.9549,9000.0,0.99948205923189,4.439934699053705,8973.637499999999,-26.36250000000109
1505923200000.0,8953.812999999996,17.9549,9000.0,0.9992734060514009,4.459883943133303,8971.767899999997,-28.2321000000029
1506009600000.0,8816.417799999997,17.9549,9000.0,0.9839396739889698,5.925935708303776,8834.372699999998,-165.62730000000192
1506096000000.0,8816.417799999997,17.9549,9000.0,0.9839396739889698,5.925935708303776,8834.372699999998,-165.62730000000192
1506182400000.0,8816.417799999997,17.9549,9000.0,0.9839396739889698,5.925935708303776,8834.372699999998,-165.62730000000192
1506268800000.0,8699.382899999997,17.9549,9000.0,0.9708782147927719,7.174736406811089,8717.337799999998,-282.6622000000025
1506355200000.0,8864.407999999996,17.9549,9000.0,0.9892955297133507,5.413864563017179,8882.362899999996,-117.63710000000356
1506441600000.0,8877.138799999997,17.9549,9000.0,0.9907163266272198,5.278022759140222,8895.093699999998,-104.90630000000237
1506528000000.0,9093.777899999997,17.9549,9000.0,1.0148939246338913,2.966412637680782,9111.732799999998,111.73279999999795
1506614400000.0,9193.176999999996,17.9549,9000.0,1.0259871736458421,1.905791698875381,9211.131899999997,211.13189999999668
1506700800000.0,9019.930999999995,53.571299999999994,9000.0,1.0106272818136703,3.3743445887849943,9073.502299999995,73.50229999999465
1506787200000.0,9125.658599999995,53.571299999999994,9000.0,1.0224734031421687,2.2417418399330535,9179.229899999995,179.2298999999948
1506873600000.0,10088.175699999994,53.571299999999994,10000.0,1.0186884376563052,2.603620820801311,10141.746999999994,141.74699999999393
1506960000000.0,10163.918899999993,53.571299999999994,10000.0,1.0263368692821628,1.8723574440695057,10217.490199999993,217.4901999999929
1507046400000.0,10068.860999999994,59.00789999999999,10000.0,1.0172870485026013,2.737607056775271,10127.868899999994,127.86889999999403
1507132800000.0,10068.860999999994,59.00789999999999,10000.0,1.0172870485026013,2.737607056775271,10127.868899999994,127.86889999999403
1507219200000.0,10068.860999999994,59.00789999999999,10000.0,1.0172870485026013,2.737607056775271,10127.868899999994,127.86889999999403
1507305600000.0,10153.336499999994,59.00789999999999,10000.0,1.0258218601427442,1.9215972543680904,10212.344399999994,212.3443999999945
1507392000000.0,10101.261299999993,59.00789999999999,10000.0,1.0205605474174835,2.4246291827060618,10160.269199999993,160.26919999999336
1507478400000.0,10430.550699999993,59.00789999999999,10000.0,1.053829637320422,0.11490393112426611,10489.558599999993,489.558599999993
1507564800000.0,10529.621499999994,59.00789999999999,10000.0,1.0638390556374286,0.44960578375867755,10588.629399999994,588.6293999999943
1507651200000.0,10753.174099999993,59.00789999999999,10000.0,1.0864252413677788,0.7138441762946202,10812.181999999993,812.1819999999934
1507737600000.0,10550.415299999993,112.51389999999999,10000.0,1.071345785966344,2.809997028368838,10662.929199999993,662.9291999999932
1507824000000.0,11053.167099999993,112.51389999999999,10000.0,1.1223979016415433,0.20028262585422008,11165.680999999993,1165.6809999999932
1507910400000.0,11560.546999999995,112.51389999999999,10000.0,1.1739199794263893,0.7990830699291629,11673.060899999995,1673.060899999995
1507996800000.0,11297.496099999993,195.5228,10000.0,1.155637548591941,2.344021340231073,11493.018899999994,1493.0188999999937
1508083200000.0,11148.495599999993,195.5228,10000.0,1.1403960675562475,3.631987232805689,11344.018399999994,1344.0183999999936
1508169600000.0,11268.337699999993,195.5228,10000.0,1.1526548928248048,2.596067639955224,11463.860499999993,1463.8604999999934
1508256000000.0,11178.917599999993,198.903,10000.0,1.1438537444785712,3.3397997522671363,11377.820599999994,1377.8205999999936
1508342400000.0,11112.234099999994,198.903,10000.0,1.1370305283230164,3.9163887114003204,11311.137099999994,1311.1370999999945
1508428800000.0,11053.796499999995,198.903,10000.0,1.1310510524944855,4.421678250165395,11252.699499999995,1252.6994999999952
1508515200000.0,11284.407099999995,198.903,10000.0,1.154647683918484,2.427668850252662,11483.310099999995,1483.3100999999951
1508601600000.0,11510.683599999995,198.903,10000.0,1.1778008398029594,0.4711349009053678,11709.586599999995,1709.586599999995
1508688000000.0,11313.410299999994,221.2559,10000.0,1.1599025636294513,1.9836105713060048,11534.666199999994,1534.6661999999942
1508774400000.0,11243.695399999993,221.2559,10000.0,1.1527550732539655,2.5876019944211515,11464.951299999993,1464.9512999999934
1508860800000.0,11194.948799999995,221.2559,10000.0,1.1477573488889068,3.0099296217436122,11416.204699999995,1416.2046999999948
1508947200000.0,11194.948799999995,221.2559,10000.0,1.1477573488889068,3.0099296217436122,11416.204699999995,1416.2046999999948
1509033600000.0,11222.317099999995,221.2559,10000.0,1.150563272168484,2.7728179215871007,11443.572999999995,1443.5729999999949
1509120000000.0,11053.606299999994,221.2559,10000.0,1.1332662693865752,4.234483594017158,11274.862199999994,1274.8621999999941
1509206400000.0,10981.429499999993,221.2559,10000.0,1.1258663737640702,4.859804266468782,11202.685399999993,1202.685399999993
1509292800000.0,10981.429499999993,221.2559,10000.0,1.1258663737640702,4.859804266468782,11202.685399999993,1202.685399999993
1509379200000.0,11130.587999999994,221.2559,10000.0,1.141158785331352,3.5675345409908576,11351.843899999994,1351.8438999999944
1509465600000.0,11505.169899999994,221.2559,10000.0,1.1795626347965473,0.52543324359976,11726.425799999994,1726.4257999999936
1509552000000.0,12786.711299999994,221.2559,11000.0,1.2061193084158566,0.4692528826310327,13007.967199999994,2007.9671999999937
1509638400000.0,13314.331699999993,221.2559,11000.0,1.2558876293721681,2.5563179565657013,13535.587599999993,2535.5875999999935
1509724800000.0,13046.315599999994,339.5765,11000.0,1.2417674518928374,3.651895341447342,13385.892099999994,2385.8920999999937
1509811200000.0,13009.326699999992,339.5765,11000.0,1.2382467941447357,3.92506138446449,13348.903199999992,2348.9031999999916
1509897600000.0,13180.770599999993,339.5765,11000.0,1.2545650759779279,2.658934201379126,13520.347099999992,2520.3470999999918
1509984000000.0,12969.691599999995,349.2924,11000.0,1.2353990408107087,4.146017116433742,13318.983999999995,2318.983999999995
1510070400000.0,12969.691599999995,349.2924,11000.0,1.2353990408107087,4.146017116433742,13318.983999999995,2318.983999999995
1510156800000.0,13063.753599999995,349.2924,11000.0,1.244358706788945,3.450841192744547,13413.045999999995,2413.045999999995
1510243200000.0,12900.421999999995,349.2924,11000.0,1.2288009195880467,4.657961984324932,13249.714399999995,2249.7143999999953
1510329600000.0,12900.421999999995,349.2924,11000.0,1.2288009195880467,4.657961984324932,13249.714399999995,2249.7143999999953
1510416000000.0,12900.421999999995,349.2924,11000.0,1.2288009195880467,4.657961984324932,13249.714399999995,2249.7143999999953
1510502400000.0,12900.421999999995,349.2924,11000.0,1.2288009195880467,4.657961984324932,13249.714399999995,2249.7143999999953
1510588800000.0,12900.421999999995,349.2924,11000.0,1.2288009195880467,4.657961984324932,13249.714399999995,2249.7143999999953
1510675200000.0,12852.801899999995,349.2924,11000.0,1.2242649731925819,5.009903756811928,13202.094299999995,2202.094299999995
1510761600000.0,13332.178599999996,349.2924,11000.0,1.2699269313664372,1.4670156594125627,13681.470999999996,2681.470999999996
1510848000000.0,13461.485999999995,349.2924,11000.0,1.2822438192968895,0.6212802428624542,13810.778399999996,2810.7783999999956
1510934400000.0,13818.118799999997,349.2924,11000.0,1.3162140810910588,0.30775477505732285,14167.411199999997,3167.411199999997
1511020800000.0,13517.633799999996,423.16249999999997,11000.0,1.2946283843198714,1.9426913760095421,13940.796299999996,2940.7962999999963
1511107200000.0,13592.745599999997,423.16249999999997,11000.0,1.3018220892031445,1.3978281948584526,14015.908099999997,3015.908099999997
1511193600000.0,13920.826599999997,423.16249999999997,11000.0,1.3332434889274105,0.11420530525527717,14343.989099999997,3343.989099999997
1511280000000.0,13691.991199999997,442.53549999999996,11000.0,1.3131825838533462,2.012113613818467,14134.526699999997,3134.5266999999967
1511366400000.0,13494.763099999996,442.53549999999996,11000.0,1.2942666714646145,3.4235930964347294,13937.298599999996,2937.2985999999964
1511452800000.0,13486.571199999995,442.53549999999996,11000.0,1.293480996083179,3.4822191176439143,13929.106699999995,2929.106699999995
1511539200000.0,13313.481999999995,442.53549999999996,11000.0,1.2768802168705025,4.720946532563319,13756.017499999994,2756.0174999999945
1511625600000.0,13656.816099999995,442.53549999999996,11000.0,1.309808981867296,2.263847174852507,14099.351599999995,3099.3515999999945
1511712000000.0,14103.586899999995,442.53549999999996,11000.0,1.3526582376814704,0.01780010344181182,14546.122399999995,3546.1223999999947
1511798400000.0,14518.371199999994,442.53549999999996,11000.0,1.3924397063414709,0.4911941070799064,14960.906699999994,3960.906699999994
1511884800000.0,14731.158799999996,442.53549999999996,11000.0,1.41284791186091,0.6606940095085778,15173.694299999996,4173.694299999996
1511971200000.0,15527.724599999994,442.53549999999996,11000.0,1.489245589903035,2.782006583668195,15970.260099999994,4970.260099999994
1512057600000.0,15101.557799999995,641.2104999999999,11000.0,1.4674271220581647,4.206316769763929,15742.768299999994,4742.768299999994
1512144000000.0,16011.752099999994,641.2104999999999,12000.0,1.4592426146004194,4.7406016436206455,16652.962599999995,4652.962599999995
1512230400000.0,16083.879999999994,641.2104999999999,12000.0,1.4658160429625557,4.311488057812063,16725.090499999995,4725.090499999995
1512316800000.0,16372.781599999995,641.2104999999999,12000.0,1.4921452993433266,2.5927134709762156,17013.992099999996,5013.992099999996
1512403200000.0,16111.187699999995,652.7669,12000.0,1.4693579508402135,4.080272213316061,16763.954599999994,4763.954599999994
1512489600000.0,16334.886199999995,652.7669,12000.0,1.4897594988630218,2.7484585925058758,16987.653099999996,4987.653099999996
1512576000000.0,16544.876499999995,652.7669,12000.0,1.5089108440431367,1.4982582479438178,17197.643399999994,5197.643399999994
1512662400000.0,17745.812699999995,652.7669,12000.0,1.6184375398262063,0.4284924884102481,18398.579599999994,6398.579599999994
1512748800000.0,17343.575099999995,789.6988,12000.0,1.5942413696271447,2.9134765115855665,18133.273899999993,6133.273899999993
1512835200000.0,17223.935599999993,789.6988,12000.0,1.583243969192588,3.583199049177721,18013.63439999999,6013.634399999992
1512921600000.0,17125.293599999994,789.6988,12000.0,1.574176683106759,4.135380983682346,17914.992399999992,5914.992399999992
1513008000000.0,17284.685999999994,789.6988,12000.0,1.5888282158281848,3.2431281524610167,18074.384799999993,6074.3847999999925
1513094400000.0,17277.315799999993,789.6988,12000.0,1.5881507385678921,3.2843853379771915,18067.01459999999,6067.014599999991
1513180800000.0,17122.359299999993,789.6988,12000.0,1.57390695887609,4.1518067196813835,17912.05809999999,5912.058099999991
1513267200000.0,17163.148099999995,789.6988,12000.0,1.5776563122823233,3.923477625683669,17952.846899999993,5952.846899999993
1513353600000.0,17558.052499999994,789.6988,12000.0,1.6139563789005251,1.71286677496707,18347.751299999993,6347.751299999993
1513440000000.0,17883.011499999993,789.6988,12000.0,1.643826983908178,0.07494737328647139,18672.71029999999,6672.710299999992
1513526400000.0,18009.147799999995,789.6988,12000.0,1.6554215776705508,0.8568291104289694,18798.846599999993,6798.8465999999935
1513612800000.0,17677.021899999996,855.5527,12000.0,1.6309455491974272,2.3226980506076744,18532.574599999996,6532.574599999996
1513699200000.0,17587.388799999997,855.5527,12000.0,1.6226756773642217,2.8179805378325207,18442.941499999997,6442.941499999997
1513785600000.0,17587.388799999997,855.5527,12000.0,1.6226756773642217,2.8179805378325207,18442.941499999997,6442.941499999997
1513872000000.0,17587.388799999997,855.5527,12000.0,1.6226756773642217,2.8179805378325207,18442.941499999997,6442.941499999997
1513958400000.0,17587.388799999997,855.5527,12000.0,1.6226756773642217,2.8179805378325207,18442.941499999997,6442.941499999997
1514044800000.0,17587.388799999997,855.5527,12000.0,1.6226756773642217,2.8179805378325207,18442.941499999997,6442.941499999997
1514131200000.0,17587.388799999997,855.5527,12000.0,1.6226756773642217,2.8179805378325207,18442.941499999997,6442.941499999997
1514217600000.0,17587.388799999997,855.5527,12000.0,1.6226756773642217,2.8179805378325207,18442.941499999997,6442.941499999997
1514304000000.0,17720.714999999997,855.5527,12000.0,1.6349768315807816,2.081264615386036,18576.267699999997,6576.267699999997
1514390400000.0,17599.412999999997,855.5527,12000.0,1.6237850732558825,2.751538836241374,18454.965699999997,6454.965699999997
1514476800000.0,17451.9004,855.5527,12000.0,1.610175030807469,3.56664405323156,18307.4531,6307.453099999999
1514563200000.0,17451.9004,855.5527,12000.0,1.610175030807469,3.56664405323156,18307.4531,6307.453099999999
1514649600000.0,17451.9004,855.5527,12000.0,1.610175030807469,3.56664405323156,18307.4531,6307.453099999999
1514736000000.0,17451.9004,855.5527,12000.0,1.610175030807469,3.56664405323156,18307.4531,6307.453099999999
1514822400000.0,18451.9004,855.5527,13000.0,1.6101750308074692,3.566644053231549,19307.4531,6307.453099999999
1514908800000.0,18451.9004,855.5527,13000.0,1.6101750308074692,3.566644053231549,19307.4531,6307.453099999999
1514995200000.0,18615.2411,855.5527,13000.0,1.624428690915813,2.7129925852399706,19470.7938,6470.7937999999995
1515081600000.0,18326.9672,855.5527,13000.0,1.5992729386219469,4.219570173793564,19182.5199,6182.519899999999
1515168000000.0,18831.3869,855.5527,13000.0,1.6432903020577152,1.5833710061098683,19686.9396,6686.9396000000015
1515254400000.0,19015.6141,855.5527,13000.0,1.6593665885650697,1.265920064168069,19871.1668,6871.166799999999
1515340800000.0,18969.7755,855.5527,13000.0,1.6553665578057897,1.5039261560431894,19825.3282,6825.3282
1515427200000.0,18650.368300000002,895.4986,13000.0,1.6309730862153464,2.955363704876801,19545.8669,6545.866900000001
1515513600000.0,18650.368300000002,895.4986,13000.0,1.6309730862153464,2.955363704876801,19545.8669,6545.866900000001
1515600000000.0,18650.368300000002,895.4986,13000.0,1.6309730862153464,2.955363704876801,19545.8669,6545.866900000001
1515686400000.0,18650.368300000002,895.4986,13000.0,1.6309730862153464,2.955363704876801,19545.8669,6545.866900000001
1515772800000.0,18650.368300000002,895.4986,13000.0,1.6309730862153464,2.955363704876801,19545.8669,6545.866900000001
1515859200000.0,18650.368300000002,895.4986,13000.0,1.6309730862153464,2.955363704876801,19545.8669,6545.866900000001
1515945600000.0,18578.919600000005,895.4986,13000.0,1.6247249036126965,3.3271372266500565,19474.418200000004,6474.418200000004
1516032000000.0,18578.919600000005,895.4986,13000.0,1.6247249036126965,3.3271372266500565,19474.418200000004,6474.418200000004
1516118400000.0,18578.919600000005,895.4986,13000.0,1.6247249036126965,3.3271372266500565,19474.418200000004,6474.418200000004
1516204800000.0,18578.919600000005,895.4986,13000.0,1.6247249036126965,3.3271372266500565,19474.418200000004,6474.418200000004
1516291200000.0,18578.919600000005,895.4986,13000.0,1.6247249036126965,3.3271372266500565,19474.418200000004,6474.418200000004
1516377600000.0,18578.919600000005,895.4986,13000.0,1.6247249036126965,3.3271372266500565,19474.418200000004,6474.418200000004
1516464000000.0,18595.724200000008,895.4986,13000.0,1.6261944644215638,3.239696792828417,19491.222800000007,6491.222800000007
1516550400000.0,18413.665000000008,895.4986,13000.0,1.6102734032113197,4.187016897396056,19309.163600000007,6309.163600000007
1516636800000.0,18413.665000000008,895.4986,13000.0,1.6102734032113197,4.187016897396056,19309.163600000007,6309.163600000007
1516723200000.0,18413.665000000008,895.4986,13000.0,1.6102734032113197,4.187016897396056,19309.163600000007,6309.163600000007
1516809600000.0,18413.665000000008,895.4986,13000.0,1.6102734032113197,4.187016897396056,19309.163600000007,6309.163600000007
1516896000000.0,18187.028100000007,895.4986,13000.0,1.590454026012035,5.366290956641007,19082.526700000006,6082.526700000006
1516982400000.0,17922.711800000005,895.4986,13000.0,1.5673395885589139,6.741624611600139,18818.210400000004,5818.210400000004
1517068800000.0,17922.711800000005,895.4986,13000.0,1.5673395885589139,6.741624611600139,18818.210400000004,5818.210400000004
1517155200000.0,18008.240800000003,895.4986,13000.0,1.5748190921723042,6.296586177818353,18903.739400000002,5903.739400000002
1517241600000.0,17835.131500000003,895.4986,13000.0,1.5596806989388805,7.19733670389796,18730.630100000002,5730.630100000002
1517328000000.0,17835.131500000003,895.4986,13000.0,1.5596806989388805,7.19733670389796,18730.630100000002,5730.630100000002
1517414400000.0,17835.131500000003,895.4986,13000.0,1.5596806989388805,7.19733670389796,18730.630100000002,5730.630100000002
1517500800000.0,18835.131500000003,895.4986,14000.0,1.5596806989388805,7.19733670389796,19730.630100000002,5730.630100000002
1517587200000.0,18835.131500000003,895.4986,14000.0,1.5596806989388805,7.19733670389796,19730.630100000002,5730.630100000002
1517673600000.0,18835.131500000003,895.4986,14000.0,1.5596806989388805,7.19733670389796,19730.630100000002,5730.630100000002
1517760000000.0,18835.131500000003,895.4986,14000.0,1.5596806989388805,7.19733670389796,19730.630100000002,5730.630100000002
1517846400000.0,18835.131500000003,895.4986,14000.0,1.5596806989388805,7.19733670389796,19730.630100000002,5730.630100000002
1517932800000.0,18835.131500000003,895.4986,14000.0,1.5596806989388805,7.19733670389796,19730.630100000002,5730.630100000002
1518019200000.0,18835.131500000003,895.4986,14000.0,1.5596806989388805,7.19733670389796,19730.630100000002,5730.630100000002
1518105600000.0,18730.808000000005,895.4986,14000.0,1.5510419830692435,7.711349501970055,19626.306600000004,5626.3066000000035
1518192000000.0,18730.808000000005,895.4986,14000.0,1.5510419830692435,7.711349501970055,19626.306600000004,5626.3066000000035
1518278400000.0,18499.792800000007,895.4986,14000.0,1.5319123078343506,8.849585559513983,19395.291400000006,5395.2914000000055
1518364800000.0,18570.67680000001,903.3745,14000.0,1.5384341787265372,8.461527292921323,19474.05130000001,5474.05130000001
1518451200000.0,18497.15590000001,903.3745,14000.0,1.532343551732763,8.823926088104162,19400.53040000001,5400.530400000011
1518537600000.0,18356.36740000001,903.3745,14000.0,1.520680334354943,9.51789994826635,19259.74190000001,5259.741900000012
1518624000000.0,18973.58090000001,903.3745,14000.0,1.5718116072857948,6.475534732789079,19876.955400000013,5876.9554000000135
1518710400000.0,19371.16180000001,903.3745,14000.0,1.6047480506882696,4.5157812593181745,20274.53630000001,6274.536300000011
1518796800000.0,19560.44950000001,903.3745,14000.0,1.6204290444629572,3.582745422937905,20463.82400000001,6463.824000000011
1518883200000.0,20132.10690000001,903.3745,14000.0,1.667786353631245,0.7649350721756987,21035.48140000001,7035.4814000000115
1518969600000.0,19685.57630000001,1051.0643,14000.0,1.6430297491375423,3.610479997914462,20736.640600000013,6736.640600000013
1519056000000.0,19981.72150000001,1051.0643,14000.0,1.66774710392813,2.160418630957106,21032.785800000012,7032.785800000012
1519142400000.0,20152.896300000008,1051.0643,14000.0,1.682033974904961,1.3222690864882036,21203.960600000006,7203.960600000006
1519228800000.0,19834.15920000001,1067.5734,14000.0,1.6568089275172277,2.802114604203132,20901.73260000001,6901.73260000001
1519315200000.0,19834.15920000001,1067.5734,14000.0,1.6568089275172277,2.802114604203132,20901.73260000001,6901.73260000001
1519401600000.0,19834.15920000001,1067.5734,14000.0,1.6568089275172277,2.802114604203132,20901.73260000001,6901.73260000001
1519488000000.0,19834.15920000001,1067.5734,14000.0,1.6568089275172277,2.802114604203132,20901.73260000001,6901.73260000001
1519574400000.0,19834.15920000001,1067.5734,14000.0,1.6568089275172277,2.802114604203132,20901.73260000001,6901.73260000001
1519660800000.0,19834.15920000001,1067.5734,14000.0,1.6568089275172277,2.802114604203132,20901.73260000001,6901.73260000001
1519747200000.0,20022.991800000007,1067.5734,14000.0,1.6725827011534848,1.8767348475563161,21090.56520000001,7090.565200000008
1519833600000.0,19976.020000000008,1067.5734,14000.0,1.668659000794079,2.2222765213708695,21043.59340000001,7043.593400000009
1519920000000.0,21070.067200000012,1068.1770999999999,15000.0,1.676183401975575,1.781372287661953,22138.244300000013,7138.244300000013
1520006400000.0,21189.11650000001,1068.1770999999999,15000.0,1.6856541102928606,1.3804478543874898,22257.29360000001,7257.293600000012
1520092800000.0,21729.91560000001,1068.1770999999999,15000.0,1.7286762073093964,0.15215758309606864,22798.092700000012,7798.092700000012
1520179200000.0,21350.62390000001,1124.9582999999998,15000.0,1.7030195854328964,1.7147199377281597,22475.582200000008,7475.582200000008
1520265600000.0,21765.15780000001,1124.9582999999998,15000.0,1.736084630924419,0.5043353647276483,22890.11610000001,7890.11610000001
1520352000000.0,21423.868700000014,1133.0965999999999,15000.0,1.7095110591187426,2.5697625866101137,22556.965300000014,7556.965300000014
1520438400000.0,21423.868700000014,1133.0965999999999,15000.0,1.7095110591187426,2.5697625866101137,22556.965300000014,7556.965300000014
1520524800000.0,21423.868700000014,1133.0965999999999,15000.0,1.7095110591187426,2.5697625866101137,22556.965300000014,7556.965300000014
1520611200000.0,21423.868700000014,1133.0965999999999,15000.0,1.7095110591187426,2.5697625866101137,22556.965300000014,7556.965300000014
1520697600000.0,21423.868700000014,1133.0965999999999,15000.0,1.7095110591187426,2.5697625866101137,22556.965300000014,7556.965300000014
1520784000000.0,21423.868700000014,1133.0965999999999,15000.0,1.7095110591187426,2.5697625866101137,22556.965300000014,7556.965300000014
1520870400000.0,21208.235100000013,1133.0965999999999,15000.0,1.6923046418707883,3.55040866582661,22341.331700000013,7341.331700000013
1520956800000.0,21208.235100000013,1133.0965999999999,15000.0,1.6923046418707883,3.55040866582661,22341.331700000013,7341.331700000013
1521043200000.0,21208.235100000013,1133.0965999999999,15000.0,1.6923046418707883,3.55040866582661,22341.331700000013,7341.331700000013
1521129600000.0,21208.235100000013,1133.0965999999999,15000.0,1.6923046418707883,3.55040866582661,22341.331700000013,7341.331700000013
1521216000000.0,21208.235100000013,1133.0965999999999,15000.0,1.6923046418707883,3.55040866582661,22341.331700000013,7341.331700000013
1521302400000.0,21208.235100000013,1133.0965999999999,15000.0,1.6923046418707883,3.55040866582661,22341.331700000013,7341.331700000013
1521388800000.0,21208.235100000013,1133.0965999999999,15000.0,1.6923046418707883,3.55040866582661,22341.331700000013,7341.331700000013
1521475200000.0,21208.235100000013,1133.0965999999999,15000.0,1.6923046418707883,3.55040866582661,22341.331700000013,7341.331700000013
1521561600000.0,21179.528100000014,1133.0965999999999,15000.0,1.690013975574177,3.680960708718184,22312.624700000015,7312.624700000015
1521648000000.0,21562.094900000015,1133.0965999999999,15000.0,1.720540776527343,1.9411454273408957,22695.191500000015,7695.191500000015
1521734400000.0,21267.524000000016,1139.6842,15000.0,1.69756123706669,3.2508193094484272,22407.208200000015,7407.2082000000155
1521820800000.0,21254.453800000018,1139.6842,15000.0,1.6965179814022926,3.3102776244578025,22394.138000000017,7394.138000000017
1521907200000.0,21348.864300000016,1139.6842,15000.0,1.7040537718954445,2.88078999234862,22488.548500000015,7488.548500000015
1521993600000.0,21037.380100000017,1139.6842,15000.0,1.6791912865455407,4.297778690612319,22177.064300000016,7177.064300000016
1522080000000.0,21037.380100000017,1139.6842,15000.0,1.6791912865455407,4.297778690612319,22177.064300000016,7177.064300000016
1522166400000.0,21037.380100000017,1139.6842,15000.0,1.6791912865455407,4.297778690612319,22177.064300000016,7177.064300000016
1522252800000.0,21037.380100000017,1139.6842,15000.0,1.6791912865455407,4.297778690612319,22177.064300000016,7177.064300000016
1522339200000.0,21037.380100000017,1139.6842,15000.0,1.6791912865455407,4.297778690612319,22177.064300000016,7177.064300000016
1522425600000.0,21037.380100000017,1139.6842,15000.0,1.6791912865455407,4.297778690612319,22177.064300000016,7177.064300000016
1522512000000.0,21037.380100000017,1139.6842,15000.0,1.6791912865455407,4.297778690612319,22177.064300000016,7177.064300000016
1522598400000.0,22037.380100000017,1139.6842,16000.0,1.679191286545541,4.297778690612308,23177.064300000016,7177.064300000016
1522684800000.0,22037.380100000017,1139.6842,16000.0,1.679191286545541,4.297778690612308,23177.064300000016,7177.064300000016
1522771200000.0,22085.762400000018,1139.6842,16000.0,1.6828778924948131,4.087667798979721,23225.446600000017,7225.4466000000175
1522857600000.0,21760.494000000017,1139.6842,16000.0,1.6580932828638066,5.500218123042533,22900.178200000017,6900.178200000017
1522944000000.0,21760.494000000017,1139.6842,16000.0,1.6580932828638066,5.500218123042533,22900.178200000017,6900.178200000017
1523030400000.0,21760.494000000017,1139.6842,16000.0,1.6580932828638066,5.500218123042533,22900.178200000017,6900.178200000017
1523116800000.0,21760.494000000017,1139.6842,16000.0,1.6580932828638066,5.500218123042533,22900.178200000017,6900.178200000017
1523203200000.0,21435.21200000002,1139.6842,16000.0,1.6333076369480248,6.912827508128183,22574.89620000002,6574.896200000021
1523289600000.0,21154.585800000023,1139.6842,16000.0,1.6119246473331936,8.13150915611648,22294.270000000022,6294.270000000022
1523376000000.0,21154.585800000023,1139.6842,16000.0,1.6119246473331936,8.13150915611648,22294.270000000022,6294.270000000022
1523462400000.0,21154.585800000023,1139.6842,16000.0,1.6119246473331936,8.13150915611648,22294.270000000022,6294.270000000022
1523548800000.0,20834.53720000002,1139.6842,16000.0,1.5875377729428435,9.52139133847989,21974.22140000002,5974.22140000002
1523635200000.0,21321.07010000002,1139.6842,16000.0,1.6246103197968922,7.4085140790774435,22460.75430000002,6460.754300000019
1523721600000.0,20981.92520000002,1156.0606,16000.0,1.6000161960711154,8.81020803174012,22137.98580000002,6137.98580000002
1523808000000.0,21296.173300000017,1156.0606,16000.0,1.6239797763809227,7.444450667138492,22452.233900000017,6452.2339000000175
1523894400000.0,20933.45890000002,1156.0606,16000.0,1.596320307146507,9.020847988385816,22089.51950000002,6089.51950000002
1523980800000.0,20985.64950000002,1156.0606,16000.0,1.6003001995770965,8.794021807692975,22141.710100000022,6141.710100000022
1524067200000.0,20668.17690000002,1156.0606,16000.0,1.5760907289509782,10.173793209681515,21824.23750000002,5824.237500000021
1524153600000.0,20856.63630000002,1156.0606,16000.0,1.5904620551961908,9.354727594079037,22012.69690000002,6012.696900000021
1524240000000.0,21198.58770000002,1156.0606,16000.0,1.616538202787699,7.868568591412551,22354.64830000002,6354.648300000019
1524326400000.0,21768.39310000002,1156.0606,16000.0,1.6599897859917407,5.3921306385982355,22924.45370000002,6924.45370000002
1524412800000.0,21942.44050000002,1156.0606,16000.0,1.6732620980522217,4.6357011857558135,23098.50110000002,7098.5011000000195
1524499200000.0,21876.408700000018,1156.0606,16000.0,1.6682267188651998,4.922682768613129,23032.46930000002,7032.469300000019
1524585600000.0,22572.428300000018,1156.0606,16000.0,1.7213030034371675,1.897703796243555,23728.48890000002,7728.4889000000185
1524672000000.0,22058.369600000016,1310.5264,16000.0,1.6938815700602061,4.278587924571431,23368.896000000015,7368.896000000015
1524758400000.0,22003.224700000013,1310.5264,16000.0,1.6896469447689144,4.51788701115301,23313.751100000012,7313.751100000012
1524844800000.0,21988.866400000014,1310.5264,16000.0,1.688544358304528,4.580194279365724,23299.392800000012,7299.392800000012
1524931200000.0,21674.659400000015,1310.5264,16000.0,1.6644161268832944,5.943682980905296,22985.185800000014,6985.185800000014
1525017600000.0,21610.206800000014,1310.5264,16000.0,1.6594667551363242,6.22337245913096,22920.733200000013,6920.733200000013
1525104000000.0,21485.115100000014,1310.5264,16000.0,1.6498608536558494,6.7662028849533655,22795.641500000012,6795.6415000000125
1525190400000.0,22279.395700000015,1310.5264,17000.0,1.6347660505655346,7.619211673964587,23589.922100000014,6589.922100000014
1525276800000.0,22279.395700000015,1310.5264,17000.0,1.6347660505655346,7.619211673964587,23589.922100000014,6589.922100000014
1525363200000.0,22691.963100000015,1310.5264,17000.0,1.6650384685508253,5.908514392816045,24002.489500000014,7002.489500000014
1525449600000.0,23033.05110000002,1310.5264,17000.0,1.6900660361816342,4.494204114707778,24343.577500000018,7343.577500000018
1525536000000.0,23656.938300000016,1310.5264,17000.0,1.7358441904761146,1.9072761684294726,24967.464700000015,7967.464700000015
1525622400000.0,23184.42550000002,1411.0852,17000.0,1.7085518087724203,3.449571309810795,24595.51070000002,7595.510700000021
1525708800000.0,22917.369800000022,1411.0852,17000.0,1.688871420346234,4.561711971616623,24328.455000000024,7328.455000000024
1525795200000.0,22917.369800000022,1411.0852,17000.0,1.688871420346234,4.561711971616623,24328.455000000024,7328.455000000024
1525881600000.0,22917.369800000022,1411.0852,17000.0,1.688871420346234,4.561711971616623,24328.455000000024,7328.455000000024
1525968000000.0,22917.369800000022,1411.0852,17000.0,1.688871420346234,4.561711971616623,24328.455000000024,7328.455000000024
1526054400000.0,22917.369800000022,1411.0852,17000.0,1.688871420346234,4.561711971616623,24328.455000000024,7328.455000000024
1526140800000.0,22917.369800000022,1411.0852,17000.0,1.688871420346234,4.561711971616623,24328.455000000024,7328.455000000024
1526227200000.0,22917.369800000022,1411.0852,17000.0,1.688871420346234,4.561711971616623,24328.455000000024,7328.455000000024
1526313600000.0,22917.369800000022,1411.0852,17000.0,1.688871420346234,4.561711971616623,24328.455000000024,7328.455000000024
1526400000000.0,22632.84460000002,1411.0852,17000.0,1.6679036355244214,5.746603528802829,24043.92980000002,7043.92980000002
1526486400000.0,22632.84460000002,1411.0852,17000.0,1.6679036355244214,5.746603528802829,24043.92980000002,7043.92980000002
1526572800000.0,22632.84460000002,1411.0852,17000.0,1.6679036355244214,5.746603528802829,24043.92980000002,7043.92980000002
1526659200000.0,22632.84460000002,1411.0852,17000.0,1.6679036355244214,5.746603528802829,24043.92980000002,7043.92980000002
1526745600000.0,22632.84460000002,1411.0852,17000.0,1.6679036355244214,5.746603528802829,24043.92980000002,7043.92980000002
1526832000000.0,22689.544500000018,1411.0852,17000.0,1.6720820749126313,5.510479513062561,24100.62970000002,7100.6297000000195
1526918400000.0,22705.32040000002,1411.0852,17000.0,1.6732446632407316,5.444781533702514,24116.40560000002,7116.40560000002
1527004800000.0,22581.520900000018,1411.0852,17000.0,1.664121389530537,5.960338617341742,23992.60610000002,6992.606100000019
1527091200000.0,22581.520900000018,1411.0852,17000.0,1.664121389530537,5.960338617341742,23992.60610000002,6992.606100000019
1527177600000.0,22581.520900000018,1411.0852,17000.0,1.664121389530537,5.960338617341742,23992.60610000002,6992.606100000019
1527264000000.0,22581.520900000018,1411.0852,17000.0,1.664121389530537,5.960338617341742,23992.60610000002,6992.606100000019
1527350400000.0,22581.520900000018,1411.0852,17000.0,1.664121389530537,5.960338617341742,23992.60610000002,6992.606100000019
1527436800000.0,22581.520900000018,1411.0852,17000.0,1.664121389530537,5.960338617341742,23992.60610000002,6992.606100000019
1527523200000.0,22581.520900000018,1411.0852,17000.0,1.664121389530537,5.960338617341742,23992.60610000002,6992.606100000019
1527609600000.0,22581.520900000018,1411.0852,17000.0,1.664121389530537,5.960338617341742,23992.60610000002,6992.606100000019
1527696000000.0,22368.34020000002,1411.0852,17000.0,1.648411262463538,6.848119424050736,23779.425400000022,6779.425400000022
1527782400000.0,22517.209600000024,1411.0852,17000.0,1.6593820360391383,6.228159943542943,23928.294800000025,6928.294800000025
1527868800000.0,23177.37260000002,1411.0852,18000.0,1.635377715661012,7.58464641999923,24588.457800000022,6588.457800000022
1527955200000.0,23409.65980000002,1411.0852,18000.0,1.6517677231510453,6.658445504537913,24820.74500000002,6820.745000000021
1528041600000.0,23669.73010000002,1411.0852,18000.0,1.6701180849657953,5.621464775749141,25080.81530000002,7080.81530000002
1528128000000.0,23277.86140000002,1422.2506,18000.0,1.6432559507695055,7.139446588690834,24700.11200000002,6700.112000000019
1528214400000.0,23277.86140000002,1422.2506,18000.0,1.6432559507695055,7.139446588690834,24700.11200000002,6700.112000000019
1528300800000.0,23349.58770000002,1422.2506,18000.0,1.6483193312612237,6.853314465224136,24771.838300000018,6771.838300000018
1528387200000.0,22988.43590000002,1422.2506,18000.0,1.622824513061081,8.294029118396285,24410.686500000018,6410.686500000018
1528473600000.0,22698.845800000017,1422.2506,18000.0,1.6023814557315559,9.449268274018918,24121.096400000017,6121.096400000017
1528560000000.0,22595.169100000017,1422.2506,18000.0,1.5950625980708972,9.862857631409716,24017.419700000017,6017.419700000017
1528646400000.0,22527.95620000002,1422.2506,18000.0,1.5903178323900828,10.130984800960563,23950.206800000018,5950.206800000018
1528732800000.0,22527.95620000002,1422.2506,18000.0,1.5903178323900828,10.130984800960563,23950.206800000018,5950.206800000018
1528819200000.0,22527.95620000002,1422.2506,18000.0,1.5903178323900828,10.130984800960563,23950.206800000018,5950.206800000018
1528905600000.0,22527.95620000002,1422.2506,18000.0,1.5903178323900828,10.130984800960563,23950.206800000018,5950.206800000018
1528992000000.0,22527.95620000002,1422.2506,18000.0,1.5903178323900828,10.130984800960563,23950.206800000018,5950.206800000018
1529078400000.0,22527.95620000002,1422.2506,18000.0,1.5903178323900828,10.130984800960563,23950.206800000018,5950.206800000018
1529164800000.0,22527.95620000002,1422.2506,18000.0,1.5903178323900828,10.130984800960563,23950.206800000018,5950.206800000018
1529251200000.0,22527.95620000002,1422.2506,18000.0,1.5903178323900828,10.130984800960563,23950.206800000018,5950.206800000018
1529337600000.0,22527.95620000002,1422.2506,18000.0,1.5903178323900828,10.130984800960563,23950.206800000018,5950.206800000018
1529424000000.0,22595.013400000018,1422.2506,18000.0,1.5950516067282159,9.863478753252386,24017.264000000017,6017.264000000017
1529510400000.0,22237.010400000017,1422.2506,18000.0,1.5697790720209108,11.291632144650654,23659.261000000017,5659.261000000017
1529596800000.0,22152.776700000017,1422.2506,18000.0,1.5638327556303366,11.627659061534112,23575.027300000016,5575.027300000016
1529683200000.0,21960.16930000002,1422.2506,18000.0,1.5502360058785645,12.396012710856596,23382.41990000002,5382.419900000019
1529769600000.0,21960.16930000002,1422.2506,18000.0,1.5502360058785645,12.396012710856596,23382.41990000002,5382.419900000019
1529856000000.0,21960.16930000002,1422.2506,18000.0,1.5502360058785645,12.396012710856596,23382.41990000002,5382.419900000019
1529942400000.0,21960.16930000002,1422.2506,18000.0,1.5502360058785645,12.396012710856596,23382.41990000002,5382.419900000019
1530028800000.0,21960.16930000002,1422.2506,18000.0,1.5502360058785645,12.396012710856596,23382.41990000002,5382.419900000019
1530115200000.0,21960.16930000002,1422.2506,18000.0,1.5502360058785645,12.396012710856596,23382.41990000002,5382.419900000019
1530201600000.0,21960.16930000002,1422.2506,18000.0,1.5502360058785645,12.396012710856596,23382.41990000002,5382.419900000019
1530288000000.0,21960.16930000002,1422.2506,18000.0,1.5502360058785645,12.396012710856596,23382.41990000002,5382.419900000019
1530374400000.0,21907.765400000022,1422.2506,18000.0,1.5465366531313862,12.605063493971514,23330.01600000002,5330.016000000021
1530460800000.0,22687.000000000022,1422.2506,19000.0,1.5316309583276604,13.44738575533676,24109.25060000002,5109.250600000021
1530547200000.0,23508.58930000002,1422.2506,19000.0,1.5870975959135356,10.312960677078598,24930.83990000002,5930.839900000021
1530633600000.0,23380.313500000022,1422.2506,19000.0,1.578437518050255,10.802342518411766,24802.56410000002,5802.564100000021
1530720000000.0,23034.50620000002,1460.8623,19000.0,1.5576983153693345,11.974316876610647,24495.368500000022,5495.368500000022
1530806400000.0,22696.406700000025,1460.8623,19000.0,1.5348344859039038,13.266354100798061,24157.269000000026,5157.269000000026
1530892800000.0,22656.764400000025,1460.8623,19000.0,1.5321536928627504,13.417845975978015,24117.626700000026,5117.626700000026
1530979200000.0,22551.707900000023,1460.8623,19000.0,1.5250492934175128,13.819316278781923,24012.570200000024,5012.570200000024
1531065600000.0,22516.788700000023,1460.8623,19000.0,1.5226878979292933,13.952758967217871,23977.651000000023,4977.6510000000235
1531152000000.0,22478.656200000023,1460.8623,19000.0,1.5201092044467812,14.098481186420585,23939.518500000024,4939.518500000024
1531238400000.0,22265.313000000024,1460.8623,19000.0,1.505681964706973,14.91376590564455,23726.175300000024,4726.175300000024
1531324800000.0,22265.313000000024,1460.8623,19000.0,1.505681964706973,14.91376590564455,23726.175300000024,4726.175300000024
1531411200000.0,22265.313000000024,1460.8623,19000.0,1.505681964706973,14.91376590564455,23726.175300000024,4726.175300000024
1531497600000.0,22265.313000000024,1460.8623,19000.0,1.505681964706973,14.91376590564455,23726.175300000024,4726.175300000024
1531584000000.0,22265.313000000024,1460.8623,19000.0,1.505681964706973,14.91376590564455,23726.175300000024,4726.175300000024
1531670400000.0,22265.313000000024,1460.8623,19000.0,1.505681964706973,14.91376590564455,23726.175300000024,4726.175300000024
1531756800000.0,23123.744600000024,1460.8623,19000.0,1.5637330227834774,11.633294974398623,24584.606900000024,5584.606900000024
1531843200000.0,23647.654800000026,1460.8623,19000.0,1.5991622188278367,9.631187664179341,25108.517100000026,6108.517100000026
1531929600000.0,25989.176400000026,1460.8623,19000.0,1.7575065835844343,1.616023357785179,27450.038700000026,8450.038700000026
1532016000000.0,25220.34210000002,1789.1988000000001,19000.0,1.7277181142755542,3.817444757148669,27009.54090000002,8009.540900000022
1532102400000.0,25417.132300000023,1789.1988000000001,19000.0,1.7411992158365008,3.0669480268623484,27206.331100000025,8206.331100000025
1532188800000.0,25108.63020000002,1789.1988000000001,19000.0,1.7200652968615455,4.243479263359173,26897.82900000002,7897.82900000002
1532275200000.0,25437.239600000023,1789.1988000000001,19000.0,1.7425766652898598,2.990265026871064,27226.43840000002,8226.438400000021
1532361600000.0,25052.223600000023,1789.1988000000001,19000.0,1.716201165907323,4.458596524617942,26841.422400000025,7841.422400000025
1532448000000.0,26129.732400000023,1789.1988000000001,19000.0,1.7900158455286321,1.7394510213021408,27918.93120000002,8918.93120000002
1532534400000.0,25968.98220000002,1789.1988000000001,19000.0,1.779003662136662,3.432614260381772,27758.18100000002,8758.181000000019
1532620800000.0,26192.15200000002,1789.1988000000001,19000.0,1.7942918967089938,2.6027425312527996,27981.350800000022,8981.350800000022
1532707200000.0,25713.44750000002,1862.6681,19000.0,1.766531282169904,4.109636547055673,27576.11560000002,8576.11560000002
1532793600000.0,25569.71150000002,1862.6681,19000.0,1.7566565214878143,4.645655580725617,27432.37960000002,8432.379600000018
1532880000000.0,25774.62510000002,1862.6681,19000.0,1.7707342247806945,3.8814935763716085,27637.29320000002,8637.293200000018
1532966400000.0,25604.635900000023,1862.6681,19000.0,1.7590558514536239,4.515415813795231,27467.304000000022,8467.304000000022
1533052800000.0,25604.635900000023,1862.6681,19000.0,1.7590558514536239,4.515415813795231,27467.304000000022,8467.304000000022
1533139200000.0,26604.635900000023,1862.6681,20000.0,1.759055851453624,4.5154158137952205,28467.304000000022,8467.304000000022
1533225600000.0,26604.635900000023,1862.6681,20000.0,1.759055851453624,4.5154158137952205,28467.304000000022,8467.304000000022
1533312000000.0,26604.635900000023,1862.6681,20000.0,1.759055851453624,4.5154158137952205,28467.304000000022,8467.304000000022
1533398400000.0,26604.635900000023,1862.6681,20000.0,1.759055851453624,4.5154158137952205,28467.304000000022,8467.304000000022
1533484800000.0,26604.635900000023,1862.6681,20000.0,1.759055851453624,4.5154158137952205,28467.304000000022,8467.304000000022
1533571200000.0,26604.635900000023,1862.6681,20000.0,1.759055851453624,4.5154158137952205,28467.304000000022,8467.304000000022
1533657600000.0,26604.635900000023,1862.6681,20000.0,1.759055851453624,4.5154158137952205,28467.304000000022,8467.304000000022
1533744000000.0,26604.635900000023,1862.6681,20000.0,1.759055851453624,4.5154158137952205,28467.304000000022,8467.304000000022
1533830400000.0,26604.635900000023,1862.6681,20000.0,1.759055851453624,4.5154158137952205,28467.304000000022,8467.304000000022
1533916800000.0,26604.635900000023,1862.6681,20000.0,1.759055851453624,4.5154158137952205,28467.304000000022,8467.304000000022
1534003200000.0,26604.635900000023,1862.6681,20000.0,1.759055851453624,4.5154158137952205,28467.304000000022,8467.304000000022
1534089600000.0,26604.635900000023,1862.6681,20000.0,1.759055851453624,4.5154158137952205,28467.304000000022,8467.304000000022
1534176000000.0,26604.635900000023,1862.6681,20000.0,1.759055851453624,4.5154158137952205,28467.304000000022,8467.304000000022
1534262400000.0,26604.635900000023,1862.6681,20000.0,1.759055851453624,4.5154158137952205,28467.304000000022,8467.304000000022
1534348800000.0,26604.635900000023,1862.6681,20000.0,1.759055851453624,4.5154158137952205,28467.304000000022,8467.304000000022
1534435200000.0,26196.30680000002,1862.6681,20000.0,1.7320577863279218,5.980917332822866,28058.97490000002,8058.974900000019
1534521600000.0,26426.201300000022,1862.6681,20000.0,1.7472580419135284,5.155821254766968,28288.86940000002,8288.869400000021
1534608000000.0,26187.32150000002,1862.6681,20000.0,1.7314636927044842,6.013165758905958,28049.98960000002,8049.989600000019
1534694400000.0,26187.32150000002,1862.6681,20000.0,1.7314636927044842,6.013165758905958,28049.98960000002,8049.989600000019
1534780800000.0,25840.49980000002,1862.6681,20000.0,1.7085323982079452,7.257915957169436,27703.16790000002,7703.167900000019
1534867200000.0,25840.49980000002,1862.6681,20000.0,1.7085323982079452,7.257915957169436,27703.16790000002,7703.167900000019
1534953600000.0,25827.92120000002,1862.6681,20000.0,1.7077007213522175,7.30306081068891,27690.589300000018,7690.589300000018
1535040000000.0,25829.260800000022,1862.6681,20000.0,1.7077892935554781,7.298252958799612,27691.92890000002,7691.928900000021
1535126400000.0,25752.428900000024,1862.6681,20000.0,1.7027092915670543,7.5740042245305395,27615.097000000023,7615.097000000023
1535212800000.0,26517.47610000002,1862.6681,20000.0,1.753292985283314,4.828234124560115,28380.14420000002,8380.14420000002
1535299200000.0,26089.562300000027,1891.5904,20000.0,1.7269123072919548,6.260222805575277,27981.152700000028,7981.152700000028
1535385600000.0,26394.33540000003,1891.5904,20000.0,1.747085754867253,5.165173292657455,28285.92580000003,8285.92580000003
1535472000000.0,27415.43100000003,1891.5904,20000.0,1.8146738016993633,1.4963775904693999,29307.02140000003,9307.02140000003
1535558400000.0,26906.26040000003,1982.3346000000001,20000.0,1.7869774497427087,2.999783322510585,28888.59500000003,8888.59500000003
1535644800000.0,26588.21430000003,1982.3346000000001,20000.0,1.7658544396985996,4.14637672325796,28570.54890000003,8570.54890000003
1535731200000.0,26467.939700000028,1982.3346000000001,20000.0,1.7578664103410593,4.579980727952648,28450.274300000026,8450.274300000026
1535817600000.0,27847.830200000026,1982.3346000000001,21000.0,1.782178271982348,3.260290965008139,29830.164800000028,8830.164800000028
1535904000000.0,27999.600500000026,1982.3346000000001,21000.0,1.7918911195920064,2.733060852043956,29981.935100000024,8981.935100000024
1535990400000.0,28234.302000000025,1982.3346000000001,21000.0,1.8069113172410736,1.917738629198884,30216.636600000027,9216.636600000027
1536076800000.0,28520.18750000003,1982.3346000000001,21000.0,1.8252071385928863,0.924609904673579,30502.52210000003,9502.522100000031
1536163200000.0,28019.469400000027,2043.6156,21000.0,1.7970844717316479,2.45115674469204,30063.08500000003,9063.085000000028
1536249600000.0,28019.469400000027,2043.6156,21000.0,1.7970844717316479,2.45115674469204,30063.08500000003,9063.085000000028
1536336000000.0,28019.469400000027,2043.6156,21000.0,1.7970844717316479,2.45115674469204,30063.08500000003,9063.085000000028
1536422400000.0,28019.469400000027,2043.6156,21000.0,1.7970844717316479,2.45115674469204,30063.08500000003,9063.085000000028
1536508800000.0,28019.469400000027,2043.6156,21000.0,1.7970844717316479,2.45115674469204,30063.08500000003,9063.085000000028
1536595200000.0,28019.469400000027,2043.6156,21000.0,1.7970844717316479,2.45115674469204,30063.08500000003,9063.085000000028
1536681600000.0,28019.469400000027,2043.6156,21000.0,1.7970844717316479,2.45115674469204,30063.08500000003,9063.085000000028
1536768000000.0,28019.469400000027,2043.6156,21000.0,1.7970844717316479,2.45115674469204,30063.08500000003,9063.085000000028
1536854400000.0,28144.175300000028,2043.6156,21000.0,1.805082732984351,2.016997335088355,30187.79090000003,9187.790900000029
1536940800000.0,28144.175300000028,2043.6156,21000.0,1.805082732984351,2.016997335088355,30187.79090000003,9187.790900000029
1537027200000.0,28389.249200000027,2043.6156,21000.0,1.8208010356341762,1.1637807692861935,30432.86480000003,9432.864800000028
1537113600000.0,27908.59390000003,2043.6156,21000.0,1.7899732507266748,2.8371660804132115,29952.20950000003,8952.20950000003
1537200000000.0,27747.07430000003,2043.6156,21000.0,1.7796138695086885,3.3994911522455706,29790.68990000003,8790.68990000003
1537286400000.0,27747.07430000003,2043.6156,21000.0,1.7796138695086885,3.3994911522455706,29790.68990000003,8790.68990000003
1537372800000.0,27747.07430000003,2043.6156,21000.0,1.7796138695086885,3.3994911522455706,29790.68990000003,8790.68990000003
1537459200000.0,27696.83660000003,2043.6156,21000.0,1.7763917745690352,3.5743920203828994,29740.452200000032,8740.452200000032
1537545600000.0,27804.917500000032,2043.6156,21000.0,1.7833237583374637,3.1981119908619737,29848.533100000033,8848.533100000033
1537632000000.0,27816.255200000032,2043.6156,21000.0,1.7840509243063938,3.158640168452087,29859.870800000033,8859.870800000033
1537718400000.0,27818.580100000032,2043.6156,21000.0,1.7842000363980142,3.1505461070533314,29862.195700000033,8862.195700000033
1537804800000.0,27656.30180000003,2072.1026,21000.0,1.7756190649224162,3.6163360321339266,29728.40440000003,8728.404400000029
1537891200000.0,27503.49020000003,2072.1026,21000.0,1.765808093366512,4.148892482063616,29575.592800000028,8575.592800000028
1537977600000.0,27503.49020000003,2072.1026,21000.0,1.765808093366512,4.148892482063616,29575.592800000028,8575.592800000028
1538064000000.0,27503.49020000003,2072.1026,21000.0,1.765808093366512,4.148892482063616,29575.592800000028,8575.592800000028
1538150400000.0,27105.16790000003,2072.1026,21000.0,1.7402345848410972,5.537066612926889,29177.270500000028,8177.270500000028
1538236800000.0,26755.98170000003,2072.1026,21000.0,1.7178157640453315,6.753998855220256,28828.08430000003,7828.084300000031
1538323200000.0,26713.03260000003,2072.1026,21000.0,1.7150583006168243,6.903678723919193,28785.135200000033,7785.135200000033
1538409600000.0,27450.62210000003,2072.1026,22000.0,1.6987971656933367,7.78636116136534,29522.724700000028,7522.724700000028
1538496000000.0,27338.135000000028,2072.1026,22000.0,1.6918358383339445,8.16423401159141,29410.23760000003,7410.2376000000295
1538582400000.0,27338.135000000028,2072.1026,22000.0,1.6918358383339445,8.16423401159141,29410.23760000003,7410.2376000000295
1538668800000.0,27338.135000000028,2072.1026,22000.0,1.6918358383339445,8.16423401159141,29410.23760000003,7410.2376000000295
1538755200000.0,27367.695200000027,2072.1026,22000.0,1.693665187912777,8.0649337626984,29439.79780000003,7439.797800000029
1538841600000.0,27270.97840000003,2072.1026,22000.0,1.6876798144259253,8.389830154202338,29343.081000000027,7343.081000000027
1538928000000.0,27137.51320000003,2072.1026,22000.0,1.6794202455661476,8.83817379120595,29209.61580000003,7209.615800000029
1539014400000.0,27753.81820000003,2072.1026,22000.0,1.7175606266252212,6.767848154234524,29825.92080000003,7825.920800000029
1539100800000.0,27303.16140000003,2090.5079,22000.0,1.6908104997832254,8.219891155783044,29393.66930000003,7393.6693000000305
1539187200000.0,27126.54750000003,2090.5079,22000.0,1.6798732814826491,8.813582220635396,29217.05540000003,7217.05540000003
1539273600000.0,27126.54750000003,2090.5079,22000.0,1.6798732814826491,8.813582220635396,29217.05540000003,7217.05540000003
1539360000000.0,27126.54750000003,2090.5079,22000.0,1.6798732814826491,8.813582220635396,29217.05540000003,7217.05540000003
1539446400000.0,27126.54750000003,2090.5079,22000.0,1.6798732814826491,8.813582220635396,29217.05540000003,7217.05540000003
1539532800000.0,27126.54750000003,2090.5079,22000.0,1.6798732814826491,8.813582220635396,29217.05540000003,7217.05540000003
1539619200000.0,27774.018900000032,2090.5079,22000.0,1.7199694236616039,7.326995861969998,29864.526800000032,7864.526800000032
1539705600000.0,27335.04630000003,2113.6744,22000.0,1.6942196832028336,8.714407621307362,29448.72070000003,7448.720700000031
1539792000000.0,27453.91700000003,2113.6744,22000.0,1.701587260981405,8.317438026053015,29567.59140000003,7567.59140000003
1539878400000.0,27347.860900000032,2113.6744,22000.0,1.6950139290699926,8.671613168382065,29461.535300000032,7461.535300000032
1539964800000.0,27200.533300000032,2113.6744,22000.0,1.6858825993821027,9.16361479487029,29314.20770000003,7314.207700000032
1540051200000.0,27200.533300000032,2113.6744,22000.0,1.6858825993821027,9.16361479487029,29314.20770000003,7314.207700000032
1540137600000.0,27200.533300000032,2113.6744,22000.0,1.6858825993821027,9.16361479487029,29314.20770000003,7314.207700000032
1540224000000.0,26869.47850000003,2113.6744,22000.0,1.6653639014357677,10.269174785372659,28983.15290000003,6983.15290000003
1540310400000.0,26869.47850000003,2113.6744,22000.0,1.6653639014357677,10.269174785372659,28983.15290000003,6983.15290000003
1540396800000.0,26869.47850000003,2113.6744,22000.0,1.6653639014357677,10.269174785372659,28983.15290000003,6983.15290000003
1540483200000.0,26869.47850000003,2113.6744,22000.0,1.6653639014357677,10.269174785372659,28983.15290000003,6983.15290000003
1540569600000.0,26869.47850000003,2113.6744,22000.0,1.6653639014357677,10.269174785372659,28983.15290000003,6983.15290000003
1540656000000.0,26869.47850000003,2113.6744,22000.0,1.6653639014357677,10.269174785372659,28983.15290000003,6983.15290000003
1540742400000.0,26869.47850000003,2113.6744,22000.0,1.6653639014357677,10.269174785372659,28983.15290000003,6983.15290000003
1540828800000.0,26869.47850000003,2113.6744,22000.0,1.6653639014357677,10.269174785372659,28983.15290000003,6983.15290000003
1540915200000.0,26869.47850000003,2113.6744,22000.0,1.6653639014357677,10.269174785372659,28983.15290000003,6983.15290000003
1541001600000.0,26869.47850000003,2113.6744,22000.0,1.6653639014357677,10.269174785372659,28983.15290000003,6983.15290000003
1541088000000.0,27869.47850000003,2113.6744,23000.0,1.6653639014357677,10.269174785372659,29983.15290000003,6983.15290000003
1541174400000.0,27844.50160000003,2113.6744,23000.0,1.6638713859719505,10.349592431088684,29958.17600000003,6958.176000000029
1541260800000.0,27532.76060000003,2113.6744,23000.0,1.6452430428546767,11.35329894763627,29646.43500000003,6646.43500000003
1541347200000.0,27532.76060000003,2113.6744,23000.0,1.6452430428546767,11.35329894763627,29646.43500000003,6646.43500000003
1541433600000.0,27397.66340000003,2113.6744,23000.0,1.6371701971405006,11.788268810462576,29511.33780000003,6511.33780000003
1541520000000.0,27419.14350000003,2113.6744,23000.0,1.638453758407685,11.719109744615952,29532.81790000003,6532.817900000031
1541606400000.0,27853.54340000003,2113.6744,23000.0,1.6644116862622484,10.32048072110725,29967.21780000003,6967.217800000031
1541692800000.0,27778.32810000003,2113.6744,23000.0,1.6599171333607414,10.562649979414896,29892.00250000003,6892.002500000031
1541779200000.0,27340.211000000032,2132.0144,23000.0,1.6348330031001272,11.91419825432083,29472.225400000032,6472.225400000032
1541865600000.0,27340.211000000032,2132.0144,23000.0,1.6348330031001272,11.91419825432083,29472.225400000032,6472.225400000032
1541952000000.0,27340.211000000032,2132.0144,23000.0,1.6348330031001272,11.91419825432083,29472.225400000032,6472.225400000032
1542038400000.0,27340.211000000032,2132.0144,23000.0,1.6348330031001272,11.91419825432083,29472.225400000032,6472.225400000032
1542124800000.0,27262.38910000003,2132.0144,23000.0,1.6301795711831621,12.164928011120146,29394.40350000003,6394.403500000029
1542211200000.0,26938.194800000027,2132.0144,23000.0,1.6107940755460968,13.209430368357966,29070.209200000027,6070.209200000027
1542297600000.0,26938.194800000027,2132.0144,23000.0,1.6107940755460968,13.209430368357966,29070.209200000027,6070.209200000027
1542384000000.0,26938.194800000027,2132.0144,23000.0,1.6107940755460968,13.209430368357966,29070.209200000027,6070.209200000027
1542470400000.0,26938.194800000027,2132.0144,23000.0,1.6107940755460968,13.209430368357966,29070.209200000027,6070.209200000027
1542556800000.0,26938.194800000027,2132.0144,23000.0,1.6107940755460968,13.209430368357966,29070.209200000027,6070.209200000027
1542643200000.0,26938.194800000027,2132.0144,23000.0,1.6107940755460968,13.209430368357966,29070.209200000027,6070.209200000027
1542729600000.0,26938.194800000027,2132.0144,23000.0,1.6107940755460968,13.209430368357966,29070.209200000027,6070.209200000027
1542816000000.0,26938.194800000027,2132.0144,23000.0,1.6107940755460968,13.209430368357966,29070.209200000027,6070.209200000027
1542902400000.0,26938.194800000027,2132.0144,23000.0,1.6107940755460968,13.209430368357966,29070.209200000027,6070.209200000027
1542988800000.0,26938.194800000027,2132.0144,23000.0,1.6107940755460968,13.209430368357966,29070.209200000027,6070.209200000027
1543075200000.0,26938.194800000027,2132.0144,23000.0,1.6107940755460968,13.209430368357966,29070.209200000027,6070.209200000027
1543161600000.0,26938.194800000027,2132.0144,23000.0,1.6107940755460968,13.209430368357966,29070.209200000027,6070.209200000027
1543248000000.0,26938.194800000027,2132.0144,23000.0,1.6107940755460968,13.209430368357966,29070.209200000027,6070.209200000027
1543334400000.0,26938.194800000027,2132.0144,23000.0,1.6107940755460968,13.209430368357966,29070.209200000027,6070.209200000027
1543420800000.0,26938.194800000027,2132.0144,23000.0,1.6107940755460968,13.209430368357966,29070.209200000027,6070.209200000027
1543507200000.0,26956.693500000027,2132.0144,23000.0,1.611900222286312,13.149830505695881,29088.707900000027,6088.707900000027
1543593600000.0,26596.411100000027,2132.0144,23000.0,1.5903568055966557,14.310602968602526,28728.425500000027,5728.425500000027
1543680000000.0,27596.411100000027,2132.0144,24000.0,1.5903568055966562,14.310602968602504,29728.425500000027,5728.425500000027
1543766400000.0,27450.030800000026,2132.0144,24000.0,1.5819210381533206,14.765127276086654,29582.045200000026,5582.045200000026
1543852800000.0,27378.878900000025,2132.0144,24000.0,1.5778206169794915,14.986060475934448,29510.893300000025,5510.893300000025
1543939200000.0,27378.878900000025,2132.0144,24000.0,1.5778206169794915,14.986060475934448,29510.893300000025,5510.893300000025
1544025600000.0,27378.878900000025,2132.0144,24000.0,1.5778206169794915,14.986060475934448,29510.893300000025,5510.893300000025
1544112000000.0,27378.878900000025,2132.0144,24000.0,1.5778206169794915,14.986060475934448,29510.893300000025,5510.893300000025
1544198400000.0,27378.878900000025,2132.0144,24000.0,1.5778206169794915,14.986060475934448,29510.893300000025,5510.893300000025
1544284800000.0,27378.878900000025,2132.0144,24000.0,1.5778206169794915,14.986060475934448,29510.893300000025,5510.893300000025
1544371200000.0,27378.878900000025,2132.0144,24000.0,1.5778206169794915,14.986060475934448,29510.893300000025,5510.893300000025
1544457600000.0,27378.878900000025,2132.0144,24000.0,1.5778206169794915,14.986060475934448,29510.893300000025,5510.893300000025
1544544000000.0,27378.878900000025,2132.0144,24000.0,1.5778206169794915,14.986060475934448,29510.893300000025,5510.893300000025
1544630400000.0,27378.878900000025,2132.0144,24000.0,1.5778206169794915,14.986060475934448,29510.893300000025,5510.893300000025
1544716800000.0,27378.878900000025,2132.0144,24000.0,1.5778206169794915,14.986060475934448,29510.893300000025,5510.893300000025
1544803200000.0,27378.878900000025,2132.0144,24000.0,1.5778206169794915,14.986060475934448,29510.893300000025,5510.893300000025
1544889600000.0,27378.878900000025,2132.0144,24000.0,1.5778206169794915,14.986060475934448,29510.893300000025,5510.893300000025
1544976000000.0,27378.878900000025,2132.0144,24000.0,1.5778206169794915,14.986060475934448,29510.893300000025,5510.893300000025
1545062400000.0,27378.878900000025,2132.0144,24000.0,1.5778206169794915,14.986060475934448,29510.893300000025,5510.893300000025
1545148800000.0,27689.622800000026,2132.0144,24000.0,1.5957285135669086,14.021172058897314,29821.637200000026,5821.6372000000265
1545235200000.0,28783.616500000026,2132.0144,24000.0,1.6587744045623092,10.624220905740033,30915.630900000026,6915.630900000026
1545321600000.0,28248.24750000003,2228.6108,24000.0,1.6334883270361147,11.9866502227862,30476.85830000003,6476.858300000029
1545408000000.0,27811.132000000027,2228.6108,24000.0,1.6082116061770044,13.348575396889196,30039.742800000025,6039.742800000025
1545494400000.0,27768.604900000024,2228.6108,24000.0,1.60575242631345,13.48107751148271,29997.215700000022,5997.2157000000225
1545580800000.0,27928.254400000027,2228.6108,24000.0,1.6149843475031507,12.98365595337515,30156.865200000026,6156.865200000026
1545667200000.0,28162.768600000025,2228.6108,24000.0,1.6285454085291207,12.252977694048695,30391.379400000023,6391.379400000023
1545753600000.0,27729.502000000026,2228.6108,24000.0,1.603491254865442,13.602910811584012,29958.112800000024,5958.112800000024
1545840000000.0,27729.502000000026,2228.6108,24000.0,1.603491254865442,13.602910811584012,29958.112800000024,5958.112800000024
1545926400000.0,27729.502000000026,2228.6108,24000.0,1.603491254865442,13.602910811584012,29958.112800000024,5958.112800000024
1546012800000.0,27729.502000000026,2228.6108,24000.0,1.603491254865442,13.602910811584012,29958.112800000024,5958.112800000024
1546099200000.0,27715.050400000026,2228.6108,24000.0,1.6026555740003905,13.647937807529164,29943.661200000024,5943.661200000024
1546185600000.0,27264.276300000023,2228.6108,24000.0,1.576589028439282,15.052419219475489,29492.88710000002,5492.887100000022
1546272000000.0,26966.98910000002,2230.7297,24000.0,1.559519151589597,15.97215462067746,29197.71880000002,5197.718800000021
1546358400000.0,27966.98910000002,2230.7297,25000.0,1.559519151589597,15.97215462067746,30197.71880000002,5197.718800000021
1546444800000.0,28037.334300000024,2230.7297,25000.0,1.5634418007610948,15.76079988500526,30268.064000000024,5268.064000000024
1546531200000.0,28068.885200000022,2230.7297,25000.0,1.5652011690157164,15.666004047766613,30299.614900000022,5299.614900000022
1546617600000.0,27640.09570000002,2230.7297,25000.0,1.541290642399516,16.954317840769008,29870.82540000002,4870.82540000002
1546704000000.0,27291.15440000002,2230.7297,25000.0,1.521832679363711,18.00272478575757,29521.88410000002,4521.884100000021
1546790400000.0,26850.283900000024,2230.7297,25000.0,1.4972484816990121,19.32733638673625,29081.013600000024,4081.013600000024
1546876800000.0,27979.507300000027,2230.7297,25000.0,1.5602172021582024,15.93454322925213,30210.237000000026,5210.2370000000265
1546963200000.0,28202.328500000025,2230.7297,25000.0,1.5726423483738947,15.265068754402966,30433.058200000025,5433.058200000025
1547049600000.0,27667.161000000022,2321.4937999999997,25000.0,1.5478611461195722,16.600295083119388,29988.654800000022,4988.654800000022
1547136000000.0,27300.52070000002,2321.4937999999997,25000.0,1.52734916532864,17.705493149181784,29622.01450000002,4622.014500000019
1547222400000.0,27300.52070000002,2321.4937999999997,25000.0,1.52734916532864,17.705493149181784,29622.01450000002,4622.014500000019
1547308800000.0,27300.52070000002,2321.4937999999997,25000.0,1.52734916532864,17.705493149181784,29622.01450000002,4622.014500000019
1547395200000.0,27300.52070000002,2321.4937999999997,25000.0,1.52734916532864,17.705493149181784,29622.01450000002,4622.014500000019
1547481600000.0,27300.52070000002,2321.4937999999997,25000.0,1.52734916532864,17.705493149181784,29622.01450000002,4622.014500000019
1547568000000.0,27219.307500000017,2321.4937999999997,25000.0,1.5228056287933214,17.950301675627834,29540.801300000017,4540.801300000017
1547654400000.0,27219.307500000017,2321.4937999999997,25000.0,1.5228056287933214,17.950301675627834,29540.801300000017,4540.801300000017
1547740800000.0,27219.307500000017,2321.4937999999997,25000.0,1.5228056287933214,17.950301675627834,29540.801300000017,4540.801300000017
1547827200000.0,27133.987500000017,2321.4937999999997,25000.0,1.5180323340925415,18.20748971250333,29455.481300000018,4455.481300000018
1547913600000.0,27881.234800000017,2321.4937999999997,25000.0,1.559837673722898,15.954992453390416,30202.728600000017,5202.728600000017
1548000000000.0,27438.27310000002,2355.3032,25000.0,1.5369473255583193,17.188338407681247,29793.57630000002,4793.576300000019
1548086400000.0,27438.27310000002,2355.3032,25000.0,1.5369473255583193,17.188338407681247,29793.57630000002,4793.576300000019
1548172800000.0,27438.27310000002,2355.3032,25000.0,1.5369473255583193,17.188338407681247,29793.57630000002,4793.576300000019
1548259200000.0,27368.23450000002,2355.3032,25000.0,1.533024132631289,17.399722441233976,29723.53770000002,4723.537700000019
1548345600000.0,27368.23450000002,2355.3032,25000.0,1.533024132631289,17.399722441233976,29723.53770000002,4723.537700000019
1548432000000.0,26990.42140000002,2355.3032,25000.0,1.511861035686755,18.540003043745546,29345.72460000002,4345.72460000002
1548518400000.0,26616.330500000022,2355.3032,25000.0,1.4909064367520757,19.66904964601024,28971.63370000002,3971.6337000000203
1548604800000.0,26459.19760000002,2355.3032,25000.0,1.482104680550727,20.14329365154205,28814.50080000002,3814.50080000002
1548691200000.0,26459.19760000002,2355.3032,25000.0,1.482104680550727,20.14329365154205,28814.50080000002,3814.50080000002
1548777600000.0,26459.19760000002,2355.3032,25000.0,1.482104680550727,20.14329365154205,28814.50080000002,3814.50080000002
1548864000000.0,26459.19760000002,2355.3032,25000.0,1.482104680550727,20.14329365154205,28814.50080000002,3814.50080000002
1548950400000.0,26459.19760000002,2355.3032,25000.0,1.482104680550727,20.14329365154205,28814.50080000002,3814.50080000002
1549036800000.0,27459.19760000002,2355.3032,26000.0,1.4821046805507267,20.14329365154206,29814.50080000002,3814.50080000002
1549123200000.0,27300.92850000002,2355.3032,26000.0,1.473562137636197,20.603571086696792,29656.23170000002,3656.2317000000185
1549209600000.0,27189.43700000002,2355.3032,26000.0,1.4675444062953649,20.9278101305882,29544.74020000002,3544.7402000000184
1549296000000.0,27135.58640000002,2355.3032,26000.0,1.4646378309659216,21.08441818642186,29490.889600000017,3490.889600000017
1549382400000.0,26955.08260000002,2355.3032,26000.0,1.4548951745804637,21.60935846914085,29310.38580000002,3310.385800000018
1549468800000.0,26955.08260000002,2355.3032,26000.0,1.4548951745804637,21.60935846914085,29310.38580000002,3310.385800000018
1549555200000.0,26955.08260000002,2355.3032,26000.0,1.4548951745804637,21.60935846914085,29310.38580000002,3310.385800000018
1549641600000.0,26955.08260000002,2355.3032,26000.0,1.4548951745804637,21.60935846914085,29310.38580000002,3310.385800000018
1549728000000.0,26873.34200000002,2355.3032,26000.0,1.4504832420973737,21.847076088789976,29228.645200000017,3228.645200000017
1549814400000.0,26791.35810000002,2355.3032,26000.0,1.4460581775456038,22.08550127232852,29146.661300000018,3146.661300000018
1549900800000.0,26864.35130000002,2355.3032,26000.0,1.4499979708689301,21.87322279927386,29219.65450000002,3219.6545000000187
1549987200000.0,26633.219400000024,2355.3032,26000.0,1.4375226729449087,22.545399478830618,28988.522600000022,2988.522600000022
1550073600000.0,26580.10090000002,2355.3032,26000.0,1.4346556125660634,22.699878444966572,28935.404100000018,2935.404100000018
1550160000000.0,26467.876600000018,2355.3032,26000.0,1.4285983284922736,23.02624861429232,28823.179800000016,2823.1798000000163
1550246400000.0,26467.876600000018,2355.3032,26000.0,1.4285983284922736,23.02624861429232,28823.179800000016,2823.1798000000163
1550332800000.0,26558.122600000017,2355.3032,26000.0,1.4334693382336863,22.763795631284445,28913.425800000015,2913.4258000000154
1550419200000.0,26298.714200000017,2355.3032,26000.0,1.4194678218960721,23.518205892097143,28654.017400000015,2654.017400000015
1550505600000.0,27587.018300000018,2355.3032,26000.0,1.489003777184973,19.77156610677383,29942.321500000016,3942.3215000000164
1550592000000.0,28822.940700000017,2355.3032,26000.0,1.5557124407271838,16.17726252937136,31178.243900000016,5178.243900000016
1550678400000.0,28138.08260000002,2559.6774,26000.0,1.5297784186376504,17.574603495644226,30697.76000000002,4697.76000000002
1550764800000.0,27976.987800000017,2559.6774,26000.0,1.5210202046577557,18.04650141966234,30536.665200000018,4536.665200000018
1550851200000.0,28110.45370000002,2559.6774,26000.0,1.5282763228640492,17.655537334308825,30670.13110000002,4670.1311000000205
1550937600000.0,28042.33220000002,2559.6774,26000.0,1.5245727726958787,17.85508688172438,30602.00960000002,4602.009600000019
1551024000000.0,27738.15420000002,2559.6774,26000.0,1.5080355783731796,18.746121022689678,30297.83160000002,4297.8316000000195
1551110400000.0,27738.15420000002,2559.6774,26000.0,1.5080355783731796,18.746121022689678,30297.83160000002,4297.8316000000195
1551196800000.0,27738.15420000002,2559.6774,26000.0,1.5080355783731796,18.746121022689678,30297.83160000002,4297.8316000000195
1551283200000.0,27738.15420000002,2559.6774,26000.0,1.5080355783731796,18.746121022689678,30297.83160000002,4297.8316000000195
1551369600000.0,27738.15420000002,2559.6774,26000.0,1.5080355783731796,18.746121022689678,30297.83160000002,4297.8316000000195
1551456000000.0,28738.15420000002,2559.6774,27000.0,1.5080355783731796,18.746121022689678,31297.83160000002,4297.8316000000195
1551542400000.0,28738.15420000002,2559.6774,27000.0,1.5080355783731796,18.746121022689678,31297.83160000002,4297.8316000000195
1551628800000.0,28738.15420000002,2559.6774,27000.0,1.5080355783731796,18.746121022689678,31297.83160000002,4297.8316000000195
1551715200000.0,28738.15420000002,2559.6774,27000.0,1.5080355783731796,18.746121022689678,31297.83160000002,4297.8316000000195
1551801600000.0,28738.15420000002,2559.6774,27000.0,1.5080355783731796,18.746121022689678,31297.83160000002,4297.8316000000195
1551888000000.0,28763.176400000022,2559.6774,27000.0,1.5093486191337853,18.675373583713718,31322.853800000023,4322.853800000023
1551974400000.0,28868.89930000002,2559.6774,27000.0,1.5148964317573528,18.37645404761734,31428.57670000002,4428.57670000002
1552060800000.0,29100.38480000002,2559.6774,27000.0,1.5270436409151875,17.721954991376553,31660.062200000022,4660.062200000022
1552147200000.0,28707.183700000023,2559.6774,27000.0,1.5064104003761878,18.833686606803155,31266.861100000024,4266.861100000024
1552233600000.0,28576.712900000024,2559.6774,27000.0,1.4995639408934556,19.202578029665418,31136.390300000025,4136.390300000025
1552320000000.0,28298.35860000002,2559.6774,27000.0,1.484957289927919,19.98959331421052,30858.036000000022,3858.036000000022
1552406400000.0,28298.35860000002,2559.6774,27000.0,1.484957289927919,19.98959331421052,30858.036000000022,3858.036000000022
1552492800000.0,28157.401700000024,2559.6774,27000.0,1.4775605720058895,20.38813299821072,30717.079100000024,3717.0791000000245
1552579200000.0,28157.401700000024,2559.6774,27000.0,1.4775605720058895,20.38813299821072,30717.079100000024,3717.0791000000245
1552665600000.0,28611.321700000026,2559.6774,27000.0,1.501380038801539,19.10472556401368,31170.999100000026,4170.999100000026
1552752000000.0,29396.759700000024,2559.6774,27000.0,1.5425959234531104,16.883988499551116,31956.437100000025,4956.437100000025
1552838400000.0,28845.407600000024,2636.1224,27000.0,1.5176751579008807,18.22673458408792,31481.530000000024,4481.530000000024
1552924800000.0,28744.227100000026,2636.1224,27000.0,1.5123516369632188,18.51356914701553,31380.349500000026,4380.349500000026
1553011200000.0,28933.106700000026,2636.1224,27000.0,1.522289367111787,17.978118170671852,31569.229100000026,4569.229100000026
1553097600000.0,29115.754100000024,2636.1224,27000.0,1.53189919566679,17.460334732668848,31751.876500000024,4751.876500000024
1553184000000.0,28715.377400000027,2636.1224,27000.0,1.5108337359645556,18.595354580869795,31351.499800000027,4351.499800000027
1553270400000.0,28715.377400000027,2636.1224,27000.0,1.5108337359645556,18.595354580869795,31351.499800000027,4351.499800000027
1553356800000.0,28370.205700000028,2636.1224,27000.0,1.4926728376487899,19.57387488571588,31006.328100000028,4006.328100000028
1553443200000.0,28345.403300000027,2636.1224,27000.0,1.491367881696761,19.644186710262655,30981.525700000027,3981.5257000000274
1553529600000.0,28345.403300000027,2636.1224,27000.0,1.491367881696761,19.644186710262655,30981.525700000027,3981.5257000000274
1553616000000.0,28345.403300000027,2636.1224,27000.0,1.491367881696761,19.644186710262655,30981.525700000027,3981.5257000000274
1553702400000.0,28387.53400000003,2636.1224,27000.0,1.4935845505565548,19.524751236823267,31023.65640000003,4023.656400000029
1553788800000.0,28468.845300000026,2636.1224,27000.0,1.4978626714199472,19.294243469056017,31104.967700000027,4104.9677000000265
1553875200000.0,28981.287400000027,2636.1224,27000.0,1.524824351276139,17.84153167400454,31617.409800000027,4617.409800000027
1553961600000.0,28896.994600000027,2636.1224,27000.0,1.520389361473814,18.08049163611132,31533.117000000027,4533.1170000000275
1554048000000.0,29069.736000000026,2636.1224,27000.0,1.5294779947549404,17.590790518124134,31705.858400000026,4705.858400000026
1554134400000.0,30504.02880000003,2636.1224,28000.0,1.5515680217801364,16.400566356140445,33140.15120000003,5140.151200000029
1554220800000.0,35823.41570000003,2636.1224,28000.0,1.822135252870482,2.57210440028367,38459.53810000003,10459.538100000027
1554307200000.0,34679.615400000024,3228.8126,28000.0,1.7941033881864288,4.070942415519319,37908.42800000002,9908.428000000022
1554393600000.0,33952.97410000002,3228.8126,28000.0,1.7565115751490157,6.080942074020779,37181.78670000002,9181.786700000019
1554480000000.0,34118.58080000002,3228.8126,28000.0,1.7650790156511489,5.622848912449118,37347.393400000015,9347.393400000015
1554566400000.0,34471.70420000002,3228.8126,28000.0,1.7833473811183138,4.646056217884576,37700.51680000002,9700.51680000002
1554652800000.0,34551.68740000002,3228.8126,28000.0,1.7874852046916971,4.424810598228978,37780.500000000015,9780.500000000015
1554739200000.0,34750.38080000002,3228.8126,28000.0,1.7977643412403188,3.8751946238183677,37979.19340000002,9979.193400000018
1554825600000.0,34649.79750000002,3228.8126,28000.0,1.7925607991236157,4.153423233520215,37878.61010000002,9878.61010000002
1554912000000.0,34901.43830000002,3228.8126,28000.0,1.8055790983947761,3.457346748375434,38130.25090000002,10130.250900000021
1554998400000.0,34275.996400000025,3294.9341000000004,28000.0,1.7766164690188644,5.005951895377758,37570.930500000024,9570.930500000024
1555084800000.0,34275.996400000025,3294.9341000000004,28000.0,1.7766164690188644,5.005951895377758,37570.930500000024,9570.930500000024
1555171200000.0,34275.996400000025,3294.9341000000004,28000.0,1.7766164690188644,5.005951895377758,37570.930500000024,9570.930500000024
1555257600000.0,34275.996400000025,3294.9341000000004,28000.0,1.7766164690188644,5.005951895377758,37570.930500000024,9570.930500000024
1555344000000.0,33842.24970000003,3294.9341000000004,28000.0,1.7541342187113993,6.208057135563294,37137.18380000003,9137.183800000028
1555430400000.0,33842.24970000003,3294.9341000000004,28000.0,1.7541342187113993,6.208057135563294,37137.18380000003,9137.183800000028
1555516800000.0,33932.00090000003,3294.9341000000004,28000.0,1.758786263196799,5.959316596827346,37226.93500000003,9226.935000000027
1555603200000.0,34223.35100000003,3294.9341000000004,28000.0,1.7738877172834933,5.151855740206212,37518.28510000003,9518.28510000003
1555689600000.0,34366.95830000003,3294.9341000000004,28000.0,1.7813312673199067,4.7538559678531485,37661.892400000026,9661.892400000026
1555776000000.0,34535.03830000003,3294.9341000000004,28000.0,1.790043302781338,4.288031446835716,37829.97240000003,9829.972400000028
1555862400000.0,33983.79980000002,3310.6618000000003,28000.0,1.7622863472864578,5.772170320643777,37294.461600000024,9294.461600000024
1555948800000.0,33894.68550000002,3310.6618000000003,28000.0,1.7576651773418894,6.019260026086171,37205.34730000002,9205.347300000023
1556035200000.0,35784.10970000002,3310.6618000000003,28000.0,1.8556444054296395,1.293498070331589,39094.771500000024,11094.771500000024
1556121600000.0,35035.812100000025,3444.3922000000002,28000.0,1.823775003172566,2.98871360094769,38480.20430000003,10480.204300000027
1556208000000.0,35118.18140000003,3444.3922000000002,28000.0,1.8280627037099493,2.760639773802409,38562.57360000003,10562.573600000032
1556294400000.0,34857.36120000003,3444.3922000000002,28000.0,1.8144858138772038,3.482829487819572,38301.75340000003,10301.75340000003
1556380800000.0,34857.36120000003,3444.3922000000002,28000.0,1.8144858138772038,3.482829487819572,38301.75340000003,10301.75340000003
1556467200000.0,34857.36120000003,3444.3922000000002,28000.0,1.8144858138772038,3.482829487819572,38301.75340000003,10301.75340000003
1556553600000.0,34857.36120000003,3444.3922000000002,28000.0,1.8144858138772038,3.482829487819572,38301.75340000003,10301.75340000003
1556640000000.0,34857.36120000003,3444.3922000000002,28000.0,1.8144858138772038,3.482829487819572,38301.75340000003,10301.75340000003
1556726400000.0,35946.69040000003,3444.3922000000002,29000.0,1.8190061288345967,3.2423823009775976,39391.08260000003,10391.08260000003
1556812800000.0,37187.30860000003,3444.3922000000002,29000.0,1.8817849850862352,0.1946766026250213,40631.700800000035,11631.700800000035
1556899200000.0,39122.16990000003,3444.3922000000002,29000.0,1.9796945429337323,1.0418771417905037,42566.56210000003,13566.562100000032
1556985600000.0,38205.497900000024,3705.2962,29000.0,1.946510792279079,3.7219914322077607,41910.79410000002,12910.794100000021
1557072000000.0,38571.53460000002,3705.2962,29000.0,1.965159793760099,2.7995774741180868,42276.83080000002,13276.830800000018
1557158400000.0,37947.13720000003,3705.2962,29000.0,1.9333477157981211,4.373061436668579,41652.43340000002,12652.433400000024
1557244800000.0,38568.15350000003,3705.2962,29000.0,1.9649875319652919,2.8080978597343043,42273.44970000003,13273.449700000026
1557331200000.0,37906.38560000002,3705.2962,29000.0,1.9312714850574495,4.4757556327819525,41611.68180000002,12611.68180000002
1557417600000.0,38524.79240000002,3705.2962,29000.0,1.9627783512516672,2.917368006356569,42230.08860000002,13230.088600000017
1557504000000.0,39974.085400000025,3705.2962,29000.0,2.036617579130818,0.4306354607436558,43679.38160000002,14679.381600000022
1557590400000.0,42685.582000000024,3705.2962,29000.0,2.174764120472661,0.537967269596562,46390.87820000002,17390.87820000002
1557676800000.0,41625.73860000002,4118.5576,29000.0,2.141821771589062,8.038827088275946,45744.29620000002,16744.29620000002
1557763200000.0,42721.440100000014,4118.5576,29000.0,2.1982002865846564,5.618161449897697,46839.997700000014,17839.997700000014
1557849600000.0,42986.35980000002,4118.5576,29000.0,2.2118315349484474,5.03289072176647,47104.91740000002,18104.91740000002
1557936000000.0,43048.76300000002,4118.5576,29000.0,2.215042445718373,4.895027186885059,47167.32060000002,18167.32060000002
1558022400000.0,43070.65990000001,4118.5576,29000.0,2.21616913460673,4.846651718368344,47189.21750000001,18189.217500000013
1558108800000.0,42337.74500000002,4218.6133,29000.0,2.1835830103256564,6.245768231835969,46556.358300000014,17556.358300000014
1558195200000.0,42337.74500000002,4218.6133,29000.0,2.1835830103256564,6.245768231835969,46556.358300000014,17556.358300000014
1558281600000.0,42212.764700000014,4218.6133,29000.0,2.1771371105805137,6.5225291224468185,46431.37800000001,17431.37800000001
1558368000000.0,41811.443200000016,4218.6133,29000.0,2.1564388232938763,7.411229947787112,46030.05650000001,17030.056500000013
1558454400000.0,41799.59490000001,4218.6133,29000.0,2.155827743356075,7.4374672512679485,46018.20820000001,17018.20820000001
1558540800000.0,41635.458800000015,4218.6133,29000.0,2.147362370452036,7.800936159707039,45854.07210000001,16854.072100000012
1558627200000.0,41635.458800000015,4218.6133,29000.0,2.147362370452036,7.800936159707039,45854.07210000001,16854.072100000012
1558713600000.0,41996.24440000002,4218.6133,29000.0,2.165970005472044,7.001999495484201,46214.857700000015,17214.857700000015
1558800000000.0,41908.48810000002,4218.6133,29000.0,2.1614439456705816,7.196330215963465,46127.101400000014,17127.101400000014
1558886400000.0,41567.53320000002,4218.6133,29000.0,2.1438590854724944,7.951353061820998,45786.14650000002,16786.146500000017
1558972800000.0,42411.53380000002,4218.6133,29000.0,2.187388691757965,6.082367647863096,46630.14710000002,17630.147100000017
1559059200000.0,41753.65600000002,4239.2935,29000.0,2.154525017663365,7.493401028892666,45992.94950000002,16992.949500000017
1559145600000.0,41221.35380000001,4239.2935,29000.0,2.1270577605001297,8.672734070934274,45460.64730000001,16460.64730000001
1559232000000.0,41918.95490000001,4239.2935,29000.0,2.1630545848811966,7.127175875994329,46158.24840000001,17158.24840000001
1559318400000.0,41191.074900000014,4239.2935,29000.0,2.125495342886752,8.739817970355823,45430.368400000014,16430.368400000014
1559404800000.0,41894.93010000001,4239.2935,30000.0,2.1105762066781564,9.380385398874536,46134.22360000001,16134.223600000012
1559491200000.0,42386.79210000001,4239.2935,30000.0,2.135355153240216,8.316477552016988,46626.08560000001,16626.085600000013
1559577600000.0,41963.32940000001,4246.8934,30000.0,2.114404882435908,9.215997531474962,46210.22280000001,16210.22280000001
1559664000000.0,41978.75200000001,4248.607,30000.0,2.1152683235752185,9.178924857658444,46227.35900000001,16227.359000000011
1559750400000.0,41978.75200000001,4248.607,30000.0,2.1152683235752185,9.178924857658444,46227.35900000001,16227.359000000011
1559836800000.0,41978.75200000001,4248.607,30000.0,2.1152683235752185,9.178924857658444,46227.35900000001,16227.359000000011
1559923200000.0,41978.75200000001,4248.607,30000.0,2.1152683235752185,9.178924857658444,46227.35900000001,16227.359000000011
1560009600000.0,41847.17600000001,4248.607,30000.0,2.1086383374112008,9.463589675300677,46095.78300000001,16095.78300000001
1560096000000.0,41847.17600000001,4248.607,30000.0,2.1086383374112008,9.463589675300677,46095.78300000001,16095.78300000001
1560182400000.0,41847.17600000001,4248.607,30000.0,2.1086383374112008,9.463589675300677,46095.78300000001,16095.78300000001
1560268800000.0,41310.206000000006,4248.607,30000.0,2.0815809434298314,10.625324848351648,45558.81300000001,15558.81300000001
1560355200000.0,41649.76030000001,4248.607,30000.0,2.098690753052656,9.890698754769678,45898.36730000001,15898.367300000013
1560441600000.0,41758.59760000001,4248.607,30000.0,2.104174958326635,9.655229139055777,46007.20460000001,16007.204600000012
1560528000000.0,42493.783800000005,4248.607,30000.0,2.1412202730799086,8.064653003924093,46742.39080000001,16742.39080000001
1560614400000.0,43755.21230000001,4248.607,30000.0,2.2047824234865003,5.335551086239832,48003.8193,18003.819300000003
1560700800000.0,45311.577900000004,4248.607,30000.0,2.283206166373905,1.9683524352043014,49560.18490000001,19560.184900000007
1560787200000.0,44298.24300000001,4605.0536,30000.0,2.250106206348482,3.3895309793979034,48903.29660000001,18903.29660000001
1560873600000.0,44034.07320000001,4605.0536,30000.0,2.2366878387958495,3.9656614656358835,48639.12680000001,18639.126800000013
1560960000000.0,43521.607400000015,4605.0536,30000.0,2.2106574051029977,5.083303113297122,48126.661000000015,18126.661000000015
1561046400000.0,44349.902100000014,4605.0536,30000.0,2.2527302034565473,3.2768671457514498,48954.95570000001,18954.955700000013
1561132800000.0,45522.178500000016,4605.0536,30000.0,2.312275373299872,0.7238572426179535,50127.232100000016,20127.232100000016
1561219200000.0,48412.13380000001,4605.0536,30000.0,2.459069149220052,2.0883974214088497,53017.18740000001,23017.18740000001
1561305600000.0,47252.92910000001,4994.423,30000.0,2.4199657656751072,3.645358497653972,52247.35210000001,22247.35210000001
1561392000000.0,47605.17820000001,4994.423,30000.0,2.4380055100724523,2.9270784587976273,52599.60120000001,22599.601200000012
1561478400000.0,48441.44220000001,4994.423,30000.0,2.4808331249867313,1.2218314094392002,53435.865200000015,23435.865200000015
1561564800000.0,51245.66060000001,4994.423,30000.0,2.624445651378798,0.4021234051868494,56240.08360000001,26240.083600000013
1561651200000.0,49896.35960000001,5288.1374,30000.0,2.570385861152897,5.765377600391563,55184.49700000001,25184.49700000001
1561737600000.0,49896.35960000001,5288.1374,30000.0,2.570385861152897,5.765377600391563,55184.49700000001,25184.49700000001
1561824000000.0,49150.00840000001,5288.1374,30000.0,2.5319379545858918,7.174941826586023,54438.14580000001,24438.145800000013
1561910400000.0,48639.57420000001,5288.1374,30000.0,2.5056431935803434,8.138951515518256,53927.71160000001,23927.71160000001
1561996800000.0,49639.57420000001,5288.1374,31000.0,2.5056431935803434,8.138951515518256,54927.71160000001,23927.71160000001
1562083200000.0,49639.57420000001,5288.1374,31000.0,2.5056431935803434,8.138951515518256,54927.71160000001,23927.71160000001
1562169600000.0,49854.71250000001,5288.1374,31000.0,2.5165026706359193,7.740825018148545,55142.84990000001,24142.84990000001
1562256000000.0,50185.88850000001,5288.1374,31000.0,2.533219350898603,7.127963705714146,55474.02590000001,24474.025900000008
1562342400000.0,49455.21060000001,5288.1374,31000.0,2.4963371226293165,8.480127560464535,54743.34800000001,23743.348000000013
1562428800000.0,49455.21060000001,5288.1374,31000.0,2.4963371226293165,8.480127560464535,54743.34800000001,23743.348000000013
1562515200000.0,48719.43240000001,5288.1374,31000.0,2.459197447913598,9.8417298302927,54007.56980000001,23007.569800000012
1562601600000.0,49675.15740000001,5288.1374,31000.0,2.5074393170226315,8.07310264164871,54963.29480000001,23963.29480000001
1562688000000.0,50746.13980000001,5288.1374,31000.0,2.561499002349351,6.0911846305061745,56034.27720000001,25034.27720000001
1562774400000.0,50806.53460000001,5288.1374,31000.0,2.5645475341304245,5.979420383120438,56094.67200000001,25094.672000000013
1562860800000.0,49898.94610000001,5419.194399999999,31000.0,2.5253507662504986,7.416439111037498,55318.14050000001,24318.14050000001
1562947200000.0,49898.94610000001,5419.194399999999,31000.0,2.5253507662504986,7.416439111037498,55318.14050000001,24318.14050000001
1563033600000.0,49898.94610000001,5419.194399999999,31000.0,2.5253507662504986,7.416439111037498,55318.14050000001,24318.14050000001
1563120000000.0,49898.94610000001,5419.194399999999,31000.0,2.5253507662504986,7.416439111037498,55318.14050000001,24318.14050000001
1563206400000.0,49898.94610000001,5419.194399999999,31000.0,2.5253507662504986,7.416439111037498,55318.14050000001,24318.14050000001
1563292800000.0,49898.94610000001,5419.194399999999,31000.0,2.5253507662504986,7.416439111037498,55318.14050000001,24318.14050000001
1563379200000.0,49898.94610000001,5419.194399999999,31000.0,2.5253507662504986,7.416439111037498,55318.14050000001,24318.14050000001
1563465600000.0,49898.94610000001,5419.194399999999,31000.0,2.5253507662504986,7.416439111037498,55318.14050000001,24318.14050000001
1563552000000.0,49274.42820000001,5419.194399999999,31000.0,2.4937443520761087,8.575182842919581,54693.62260000001,23693.62260000001
1563638400000.0,49587.293600000005,5419.194399999999,31000.0,2.509578251173694,7.994685756810805,55006.488000000005,24006.488000000005
1563724800000.0,49193.21000000001,5419.194399999999,31000.0,2.4896339557724985,8.725876810481992,54612.40440000001,23612.404400000007
1563811200000.0,48762.54770000001,5419.194399999999,31000.0,2.4678384379449145,9.524936758456137,54181.74210000001,23181.74210000001
1563897600000.0,48762.54770000001,5419.194399999999,31000.0,2.4678384379449145,9.524936758456137,54181.74210000001,23181.74210000001
1563984000000.0,48762.54770000001,5419.194399999999,31000.0,2.4678384379449145,9.524936758456137,54181.74210000001,23181.74210000001
1564070400000.0,48762.54770000001,5419.194399999999,31000.0,2.4678384379449145,9.524936758456137,54181.74210000001,23181.74210000001
1564156800000.0,48762.54770000001,5419.194399999999,31000.0,2.4678384379449145,9.524936758456137,54181.74210000001,23181.74210000001
1564243200000.0,48762.54770000001,5419.194399999999,31000.0,2.4678384379449145,9.524936758456137,54181.74210000001,23181.74210000001
1564329600000.0,48762.54770000001,5419.194399999999,31000.0,2.4678384379449145,9.524936758456137,54181.74210000001,23181.74210000001
1564416000000.0,48762.54770000001,5419.194399999999,31000.0,2.4678384379449145,9.524936758456137,54181.74210000001,23181.74210000001
1564502400000.0,48762.54770000001,5419.194399999999,31000.0,2.4678384379449145,9.524936758456137,54181.74210000001,23181.74210000001
1564588800000.0,49916.003700000016,5419.194399999999,31000.0,2.5262140394575936,7.384790078910541,55335.198100000016,24335.198100000016
1564675200000.0,50783.20430000001,5419.194399999999,32000.0,2.5196253749299857,7.626341483024756,56202.39870000001,24202.398700000012
1564761600000.0,53003.752600000014,5419.194399999999,32000.0,2.6297986087788323,3.5872074186811598,58422.947000000015,26422.947000000015
1564848000000.0,51916.15070000001,5658.4836,32000.0,2.5877092953088003,5.13027168068586,57574.63430000001,25574.634300000012
1564934400000.0,51219.344400000016,5658.4836,32000.0,2.552977672967244,6.403590743845655,56877.828000000016,24877.828000000016
1565020800000.0,53851.58800000002,5658.4836,32000.0,2.6841792574336574,1.593522357896282,59510.07160000002,27510.071600000017
1565107200000.0,53692.94830000002,5658.4836,32000.0,2.676272018149544,3.467192360731486,59351.43190000002,27351.431900000018
1565193600000.0,52722.680300000015,5825.5208999999995,32000.0,2.636235776620809,4.911294744899786,58548.20120000001,26548.20120000001
1565280000000.0,52742.99580000001,5825.5208999999995,32000.0,2.6372515908323626,4.8746544492885295,58568.51670000001,26568.516700000007
1565366400000.0,52832.88040000002,5825.5208999999995,32000.0,2.6417459943213153,4.712541859645148,58658.40130000001,26658.401300000012
1565452800000.0,52207.88340000001,5825.5208999999995,32000.0,2.610494937995928,5.83976367727953,58033.40430000001,26033.40430000001
1565539200000.0,52207.88340000001,5825.5208999999995,32000.0,2.610494937995928,5.83976367727953,58033.40430000001,26033.40430000001
1565625600000.0,52207.88340000001,5825.5208999999995,32000.0,2.610494937995928,5.83976367727953,58033.40430000001,26033.40430000001
1565712000000.0,52207.88340000001,5825.5208999999995,32000.0,2.610494937995928,5.83976367727953,58033.40430000001,26033.40430000001
1565798400000.0,52207.88340000001,5825.5208999999995,32000.0,2.610494937995928,5.83976367727953,58033.40430000001,26033.40430000001
1565884800000.0,52207.88340000001,5825.5208999999995,32000.0,2.610494937995928,5.83976367727953,58033.40430000001,26033.40430000001
1565971200000.0,52207.88340000001,5825.5208999999995,32000.0,2.610494937995928,5.83976367727953,58033.40430000001,26033.40430000001
1566057600000.0,52207.88340000001,5825.5208999999995,32000.0,2.610494937995928,5.83976367727953,58033.40430000001,26033.40430000001
1566144000000.0,52207.88340000001,5825.5208999999995,32000.0,2.610494937995928,5.83976367727953,58033.40430000001,26033.40430000001
1566230400000.0,52138.82700000002,5825.5208999999995,32000.0,2.607041984708107,5.964311284271684,57964.34790000002,25964.347900000022
1566316800000.0,52251.98020000002,5825.5208999999995,32000.0,2.61269986310848,5.7602322954523055,58077.50110000002,26077.501100000023
1566403200000.0,51573.49250000002,5825.5208999999995,32000.0,2.5787741685390944,6.983927990690142,57399.013400000025,25399.013400000025
1566489600000.0,51573.49250000002,5825.5208999999995,32000.0,2.5787741685390944,6.983927990690142,57399.013400000025,25399.013400000025
1566576000000.0,51573.49250000002,5825.5208999999995,32000.0,2.5787741685390944,6.983927990690142,57399.013400000025,25399.013400000025
1566662400000.0,50944.70990000002,5825.5208999999995,32000.0,2.5473338249070077,8.117977378557384,56770.23080000002,24770.23080000002
1566748800000.0,50944.70990000002,5825.5208999999995,32000.0,2.5473338249070077,8.117977378557384,56770.23080000002,24770.23080000002
1566835200000.0,50918.38340000002,5825.5208999999995,32000.0,2.5460174490934433,8.16545889475979,56743.904300000024,24743.904300000024
1566921600000.0,50690.94390000002,5825.5208999999995,32000.0,2.5346450351056675,8.575660490274405,56516.464800000016,24516.464800000016
1567008000000.0,50690.94390000002,5825.5208999999995,32000.0,2.5346450351056675,8.575660490274405,56516.464800000016,24516.464800000016
1567094400000.0,50690.94390000002,5825.5208999999995,32000.0,2.5346450351056675,8.575660490274405,56516.464800000016,24516.464800000016
1567180800000.0,50690.94390000002,5825.5208999999995,32000.0,2.5346450351056675,8.575660490274405,56516.464800000016,24516.464800000016
1567267200000.0,50690.94390000002,5825.5208999999995,32000.0,2.5346450351056675,8.575660490274405,56516.464800000016,24516.464800000016
1567353600000.0,51690.94390000002,5825.5208999999995,33000.0,2.5346450351056675,8.575660490274405,57516.464800000016,24516.464800000016
1567440000000.0,52326.02000000002,5825.5208999999995,33000.0,2.5657857410462155,7.452418997659449,58151.54090000002,25151.54090000002
1567526400000.0,57645.22810000002,5825.5208999999995,33000.0,2.8266110110865807,0.9151754115798605,63470.749000000025,30470.749000000025
1567612800000.0,56215.16530000002,6328.2121,33000.0,2.781137710653427,2.509209390504863,62543.37740000002,29543.37740000002
1567699200000.0,56173.40950000002,6328.2121,33000.0,2.779071922366605,2.5816241193917677,62501.62160000002,29501.62160000002
1567785600000.0,57256.79900000003,6328.2121,33000.0,2.8326705443344737,0.7027628133835617,63585.011100000025,30585.011100000025
1567872000000.0,56291.99480000002,6336.7486,33000.0,2.785361030117857,2.361163951400369,62628.74340000002,29628.74340000002
1567958400000.0,55299.56430000002,6336.7486,33000.0,2.7362549849400017,4.082541195596557,61636.31290000002,28636.31290000002
1568044800000.0,55299.56430000002,6336.7486,33000.0,2.7362549849400017,4.082541195596557,61636.31290000002,28636.31290000002
1568131200000.0,55299.56430000002,6336.7486,33000.0,2.7362549849400017,4.082541195596557,61636.31290000002,28636.31290000002
1568217600000.0,55299.56430000002,6336.7486,33000.0,2.7362549849400017,4.082541195596557,61636.31290000002,28636.31290000002
1568304000000.0,55299.56430000002,6336.7486,33000.0,2.7362549849400017,4.082541195596557,61636.31290000002,28636.31290000002
1568390400000.0,54852.237200000025,6336.7486,33000.0,2.7141209767833816,4.858432999256623,61188.985800000024,28188.985800000024
1568476800000.0,54911.75920000003,6336.7486,33000.0,2.7170661603716293,4.755191697896932,61248.50780000003,28248.50780000003
1568563200000.0,54486.029000000024,6336.7486,33000.0,2.696000779536621,5.493623536143632,60822.77760000002,27822.777600000023
1568649600000.0,54384.24740000002,6336.7486,33000.0,2.6909645660709183,5.670164392271982,60720.99600000002,27720.99600000002
1568736000000.0,54384.24740000002,6336.7486,33000.0,2.6909645660709183,5.670164392271982,60720.99600000002,27720.99600000002
1568822400000.0,54384.24740000002,6336.7486,33000.0,2.6909645660709183,5.670164392271982,60720.99600000002,27720.99600000002
1568908800000.0,54384.24740000002,6336.7486,33000.0,2.6909645660709183,5.670164392271982,60720.99600000002,27720.99600000002
1568995200000.0,54361.368600000016,6336.7486,33000.0,2.6898325095829168,5.709847821685454,60698.117200000015,27698.117200000015
1569081600000.0,54013.46840000002,6336.7486,33000.0,2.6726182029502765,6.313283011888993,60350.21700000002,27350.21700000002
1569168000000.0,54013.46840000002,6336.7486,33000.0,2.6726182029502765,6.313283011888993,60350.21700000002,27350.21700000002
1569254400000.0,54013.46840000002,6336.7486,33000.0,2.6726182029502765,6.313283011888993,60350.21700000002,27350.21700000002
1569340800000.0,54013.46840000002,6336.7486,33000.0,2.6726182029502765,6.313283011888993,60350.21700000002,27350.21700000002
1569427200000.0,54013.46840000002,6336.7486,33000.0,2.6726182029502765,6.313283011888993,60350.21700000002,27350.21700000002
1569513600000.0,54013.46840000002,6336.7486,33000.0,2.6726182029502765,6.313283011888993,60350.21700000002,27350.21700000002
1569600000000.0,54013.46840000002,6336.7486,33000.0,2.6726182029502765,6.313283011888993,60350.21700000002,27350.21700000002
1569686400000.0,54013.46840000002,6336.7486,33000.0,2.6726182029502765,6.313283011888993,60350.21700000002,27350.21700000002
1569772800000.0,54013.46840000002,6336.7486,33000.0,2.6726182029502765,6.313283011888993,60350.21700000002,27350.21700000002
1569859200000.0,54013.46840000002,6336.7486,33000.0,2.6726182029502765,6.313283011888993,60350.21700000002,27350.21700000002
1569945600000.0,54928.80210000002,6336.7486,34000.0,2.6685050157410797,6.457467843662479,61265.55070000002,27265.55070000002
1570032000000.0,54489.10690000002,6336.7486,34000.0,2.6471441121397015,7.206259020832295,60825.85550000002,26825.85550000002
1570118400000.0,53648.30000000002,6336.7486,34000.0,2.606296736188648,8.638134530102148,59985.04860000002,25985.048600000016
1570204800000.0,53648.30000000002,6336.7486,34000.0,2.606296736188648,8.638134530102148,59985.04860000002,25985.048600000016
1570291200000.0,53648.30000000002,6336.7486,34000.0,2.606296736188648,8.638134530102148,59985.04860000002,25985.048600000016
1570377600000.0,53648.30000000002,6336.7486,34000.0,2.606296736188648,8.638134530102148,59985.04860000002,25985.048600000016
1570464000000.0,53648.30000000002,6336.7486,34000.0,2.606296736188648,8.638134530102148,59985.04860000002,25985.048600000016
1570550400000.0,53448.44470000002,6336.7486,34000.0,2.596587533546626,8.978483675033978,59785.19330000002,25785.19330000002
1570636800000.0,55053.51820000002,6336.7486,34000.0,2.674563868759352,6.2450790904283515,61390.26680000002,27390.26680000002
1570723200000.0,54994.821100000016,6336.7486,34000.0,2.67171229545407,6.345038950361914,61331.569700000015,27331.569700000015
1570809600000.0,54012.36560000002,6432.1269999999995,34000.0,2.6286170594358236,7.855711584380643,60444.49260000002,26444.49260000002
1570896000000.0,54012.36560000002,6432.1269999999995,34000.0,2.6286170594358236,7.855711584380643,60444.49260000002,26444.49260000002
1570982400000.0,54012.36560000002,6432.1269999999995,34000.0,2.6286170594358236,7.855711584380643,60444.49260000002,26444.49260000002
1571068800000.0,53191.80250000002,6432.1269999999995,34000.0,2.5886827566323274,9.255579968401484,59623.92950000002,25623.92950000002
1571155200000.0,53191.80250000002,6432.1269999999995,34000.0,2.5886827566323274,9.255579968401484,59623.92950000002,25623.92950000002
1571241600000.0,53191.80250000002,6432.1269999999995,34000.0,2.5886827566323274,9.255579968401484,59623.92950000002,25623.92950000002
1571328000000.0,53191.80250000002,6432.1269999999995,34000.0,2.5886827566323274,9.255579968401484,59623.92950000002,25623.92950000002
1571414400000.0,53191.80250000002,6432.1269999999995,34000.0,2.5886827566323274,9.255579968401484,59623.92950000002,25623.92950000002
1571500800000.0,53191.80250000002,6432.1269999999995,34000.0,2.5886827566323274,9.255579968401484,59623.92950000002,25623.92950000002
1571587200000.0,53191.80250000002,6432.1269999999995,34000.0,2.5886827566323274,9.255579968401484,59623.92950000002,25623.92950000002
1571673600000.0,52991.485300000015,6432.1269999999995,34000.0,2.5789339296115306,9.597318117552456,59423.612300000015,25423.612300000015
1571760000000.0,53097.74610000002,6432.1269999999995,34000.0,2.584105318580084,9.416038780983737,59529.87310000002,25529.87310000002
1571846400000.0,52523.402300000016,6432.1269999999995,34000.0,2.556153757971874,10.395860719331196,58955.52930000002,24955.529300000017
1571932800000.0,52523.402300000016,6432.1269999999995,34000.0,2.556153757971874,10.395860719331196,58955.52930000002,24955.529300000017
1572019200000.0,52523.402300000016,6432.1269999999995,34000.0,2.556153757971874,10.395860719331196,58955.52930000002,24955.529300000017
1572105600000.0,53981.76230000002,6432.1269999999995,34000.0,2.6271276901856266,7.907920356767195,60413.88930000002,26413.889300000017
1572192000000.0,54744.38710000002,6432.1269999999995,34000.0,2.6642423126791996,6.606893846569239,61176.51410000002,27176.514100000022
1572278400000.0,54397.11320000002,6432.1269999999995,34000.0,2.6473415513869223,7.19933792942602,60829.24020000002,26829.240200000022
1572364800000.0,54313.54840000002,6432.1269999999995,34000.0,2.6432747075001894,7.341898229221389,60745.67540000002,26745.675400000022
1572451200000.0,53768.85260000002,6570.5103,34000.0,2.6235007176536493,8.035061281255373,60339.36290000002,26339.362900000022
1572537600000.0,53636.22210000002,6570.5103,34000.0,2.6170293835055825,8.261909265077438,60206.73240000002,26206.732400000023
1572624000000.0,54636.22210000002,6570.5103,35000.0,2.6170293835055825,8.261909265077438,61206.73240000002,26206.732400000023
1572710400000.0,55026.01810000002,6570.5103,35000.0,2.6357002861845023,7.60741414367867,61596.528400000025,26596.528400000025
1572796800000.0,54503.33950000002,6570.5103,35000.0,2.610664418004854,8.48502857214778,61073.84980000002,26073.849800000018
1572883200000.0,54449.28380000002,6570.5103,35000.0,2.608075195144843,8.575791925116505,61019.79410000002,26019.79410000002
1572969600000.0,54137.44280000002,6570.5103,35000.0,2.5931382718252167,9.099395074333305,60707.95310000002,25707.95310000002
1573056000000.0,53866.602200000016,6570.5103,35000.0,2.580165233404863,9.55415564493105,60437.11250000002,25437.112500000017
1573142400000.0,53647.03230000001,6570.5103,35000.0,2.56964801867172,9.922829075022733,60217.542600000015,25217.542600000015
1573228800000.0,53647.03230000001,6570.5103,35000.0,2.56964801867172,9.922829075022733,60217.542600000015,25217.542600000015
1573315200000.0,53647.03230000001,6570.5103,35000.0,2.56964801867172,9.922829075022733,60217.542600000015,25217.542600000015
1573401600000.0,53647.03230000001,6570.5103,35000.0,2.56964801867172,9.922829075022733,60217.542600000015,25217.542600000015
1573488000000.0,53647.03230000001,6570.5103,35000.0,2.56964801867172,9.922829075022733,60217.542600000015,25217.542600000015
1573574400000.0,53647.03230000001,6570.5103,35000.0,2.56964801867172,9.922829075022733,60217.542600000015,25217.542600000015
1573660800000.0,53647.03230000001,6570.5103,35000.0,2.56964801867172,9.922829075022733,60217.542600000015,25217.542600000015
1573747200000.0,53647.03230000001,6570.5103,35000.0,2.56964801867172,9.922829075022733,60217.542600000015,25217.542600000015
1573833600000.0,53647.03230000001,6570.5103,35000.0,2.56964801867172,9.922829075022733,60217.542600000015,25217.542600000015
1573920000000.0,53647.03230000001,6570.5103,35000.0,2.56964801867172,9.922829075022733,60217.542600000015,25217.542600000015
1574006400000.0,53647.03230000001,6570.5103,35000.0,2.56964801867172,9.922829075022733,60217.542600000015,25217.542600000015
1574092800000.0,53647.03230000001,6570.5103,35000.0,2.56964801867172,9.922829075022733,60217.542600000015,25217.542600000015
1574179200000.0,53647.03230000001,6570.5103,35000.0,2.56964801867172,9.922829075022733,60217.542600000015,25217.542600000015
1574265600000.0,53647.03230000001,6570.5103,35000.0,2.56964801867172,9.922829075022733,60217.542600000015,25217.542600000015
1574352000000.0,53647.03230000001,6570.5103,35000.0,2.56964801867172,9.922829075022733,60217.542600000015,25217.542600000015
1574438400000.0,53647.03230000001,6570.5103,35000.0,2.56964801867172,9.922829075022733,60217.542600000015,25217.542600000015
1574524800000.0,53647.03230000001,6570.5103,35000.0,2.56964801867172,9.922829075022733,60217.542600000015,25217.542600000015
1574611200000.0,53647.03230000001,6570.5103,35000.0,2.56964801867172,9.922829075022733,60217.542600000015,25217.542600000015
1574697600000.0,53647.03230000001,6570.5103,35000.0,2.56964801867172,9.922829075022733,60217.542600000015,25217.542600000015
1574784000000.0,53647.03230000001,6570.5103,35000.0,2.56964801867172,9.922829075022733,60217.542600000015,25217.542600000015
1574870400000.0,53647.03230000001,6570.5103,35000.0,2.56964801867172,9.922829075022733,60217.542600000015,25217.542600000015
1574956800000.0,53759.89690000001,6570.5103,35000.0,2.575054138699876,9.7333214092729,60330.40720000001,25330.40720000001
1575043200000.0,54300.40750000001,6570.5103,35000.0,2.60094414477876,8.825765788475548,60870.91780000001,25870.91780000001
1575129600000.0,53569.81650000001,6570.5103,35000.0,2.5659494463747365,10.052479877993791,60140.32680000001,25140.32680000001
1575216000000.0,54409.68440000001,6570.5103,36000.0,2.5584196434000037,10.316431728464348,60980.194700000015,24980.194700000015
1575302400000.0,54409.68440000001,6570.5103,36000.0,2.5584196434000037,10.316431728464348,60980.194700000015,24980.194700000015
1575388800000.0,54409.68440000001,6570.5103,36000.0,2.5584196434000037,10.316431728464348,60980.194700000015,24980.194700000015
1575475200000.0,54409.68440000001,6570.5103,36000.0,2.5584196434000037,10.316431728464348,60980.194700000015,24980.194700000015
1575561600000.0,54030.66460000001,6570.5103,36000.0,2.540597601014521,10.941170660226362,60601.17490000001,24601.174900000013
1575648000000.0,53697.16590000001,6570.5103,36000.0,2.5249160245720677,11.490877091346885,60267.67620000001,24267.67620000001
1575734400000.0,53679.9277,6570.5103,36000.0,2.5241054602399413,11.519290843487296,60250.438,24250.438000000002
1575820800000.0,53390.7163,6570.5103,36000.0,2.5105063347347176,11.995998448444588,59961.2266,23961.2266
1575907200000.0,52419.10800000001,6570.5103,36000.0,2.4648199502643373,13.597501935684797,58989.61830000001,22989.61830000001
1575993600000.0,52419.10800000001,6570.5103,36000.0,2.4648199502643373,13.597501935684797,58989.61830000001,22989.61830000001
1576080000000.0,52419.10800000001,6570.5103,36000.0,2.4648199502643373,13.597501935684797,58989.61830000001,22989.61830000001
1576166400000.0,52419.10800000001,6570.5103,36000.0,2.4648199502643373,13.597501935684797,58989.61830000001,22989.61830000001
1576252800000.0,52419.10800000001,6570.5103,36000.0,2.4648199502643373,13.597501935684797,58989.61830000001,22989.61830000001
1576339200000.0,52419.10800000001,6570.5103,36000.0,2.4648199502643373,13.597501935684797,58989.61830000001,22989.61830000001
1576425600000.0,52419.10800000001,6570.5103,36000.0,2.4648199502643373,13.597501935684797,58989.61830000001,22989.61830000001
1576512000000.0,52419.10800000001,6570.5103,36000.0,2.4648199502643373,13.597501935684797,58989.61830000001,22989.61830000001
1576598400000.0,52419.10800000001,6570.5103,36000.0,2.4648199502643373,13.597501935684797,58989.61830000001,22989.61830000001
1576684800000.0,52419.10800000001,6570.5103,36000.0,2.4648199502643373,13.597501935684797,58989.61830000001,22989.61830000001
1576771200000.0,52407.001800000005,6570.5103,36000.0,2.4642506997673257,13.61745660416307,58977.51210000001,22977.512100000007
1576857600000.0,52435.658800000005,6570.5103,36000.0,2.465598192084721,13.5702212260443,59006.16910000001,23006.169100000006
1576944000000.0,52387.018500000006,6570.5103,36000.0,2.463311056984543,13.65039510894588,58957.52880000001,22957.528800000007
1577030400000.0,52532.60220000001,6570.5103,36000.0,2.4701566066683203,13.410429267530844,59103.11250000001,23103.11250000001
1577116800000.0,53755.6586,6570.5103,36000.0,2.5276664333334073,11.394463482047657,60326.168900000004,24326.168900000004
1577203200000.0,52888.97890000001,6622.7181,36000.0,2.4893688226978026,12.736958794314123,59511.69700000001,23511.697000000007
1577289600000.0,52888.97890000001,6622.7181,36000.0,2.4893688226978026,12.736958794314123,59511.69700000001,23511.697000000007
1577376000000.0,52888.97890000001,6622.7181,36000.0,2.4893688226978026,12.736958794314123,59511.69700000001,23511.697000000007
1577462400000.0,52888.97890000001,6622.7181,36000.0,2.4893688226978026,12.736958794314123,59511.69700000001,23511.697000000007
1577548800000.0,52877.42930000001,6622.7181,36000.0,2.4888252082292954,12.756014810173566,59500.14740000001,23500.14740000001
1577635200000.0,53487.06590000001,6622.7181,36000.0,2.5175194726446644,11.750157921787064,60109.78400000001,24109.784000000007
1577721600000.0,52916.37960000001,6625.7626,36000.0,2.4908018118244053,12.68672638678099,59542.14220000001,23542.14220000001
1577808000000.0,52916.37960000001,6625.7626,36000.0,2.4908018118244053,12.68672638678099,59542.14220000001,23542.14220000001
1577894400000.0,53916.37960000001,6625.7626,37000.0,2.490801811824405,12.686726386781,60542.14220000001,23542.14220000001
1577980800000.0,53916.37960000001,6625.7626,37000.0,2.490801811824405,12.686726386781,60542.14220000001,23542.14220000001
1578067200000.0,53916.37960000001,6625.7626,37000.0,2.490801811824405,12.686726386781,60542.14220000001,23542.14220000001
1578153600000.0,53891.363900000004,6625.7626,37000.0,2.4896461490861737,12.727237316389594,60517.126500000006,23517.126500000006
1578240000000.0,54591.41530000001,6625.7626,37000.0,2.521986771888121,11.593559946265941,61217.17790000001,24217.17790000001
1578326400000.0,54833.011000000006,6625.7626,37000.0,2.5331478886350807,11.202314992239437,61458.77360000001,24458.773600000008
1578412800000.0,55978.9158,6625.7626,37000.0,2.586085822769261,9.34661362505973,62604.678400000004,25604.678400000004
1578499200000.0,58515.179000000004,6625.7626,37000.0,2.7032548356126895,5.239337795717159,65140.941600000006,28140.941600000006
1578585600000.0,57327.687000000005,7004.7967,37000.0,2.6659061037979193,6.548570840501721,64332.483700000004,27332.483700000004
1578672000000.0,56885.1964,7004.7967,37000.0,2.6453289890887,7.269886859402752,63889.9931,26889.9931
1578758400000.0,56969.2295,7004.7967,37000.0,2.6492367754644364,7.132902206739134,63974.0262,26974.0262
1578844800000.0,57159.9467,7004.7967,37000.0,2.6581056863552464,6.822008887333142,64164.7434,27164.7434
1578931200000.0,56915.7984,7004.7967,37000.0,2.646752072119914,7.220001702948775,63920.5951,26920.5951
1579017600000.0,59042.2034,7004.7967,37000.0,2.7456361605124284,3.753690804657994,66047.0001,29047.000100000005
1579104000000.0,59356.380900000004,7004.7967,37000.0,2.760246338573964,3.2415414764501715,66361.17760000001,29361.17760000001
1579190400000.0,59166.5638,7004.7967,37000.0,2.751419284981252,3.550967518249326,66171.36050000001,29171.36050000001
1579276800000.0,59673.5468,7004.7967,37000.0,2.7749954860273847,2.7245206757390172,66678.3435,29678.343500000003
1579363200000.0,59862.3198,7004.7967,37000.0,2.78377398589835,2.4167966498817472,66867.1165,29867.116500000004
1579449600000.0,58684.7664,7204.7489,37000.0,2.7383126539914797,4.01041108068968,65889.5153,28889.5153
1579536000000.0,58684.7664,7204.7489,37000.0,2.7383126539914797,4.01041108068968,65889.5153,28889.5153
1579622400000.0,58684.7664,7204.7489,37000.0,2.7383126539914797,4.01041108068968,65889.5153,28889.5153
1579708800000.0,58684.7664,7204.7489,37000.0,2.7383126539914797,4.01041108068968,65889.5153,28889.5153
1579795200000.0,58684.7664,7204.7489,37000.0,2.7383126539914797,4.01041108068968,65889.5153,28889.5153
1579881600000.0,58684.7664,7204.7489,37000.0,2.7383126539914797,4.01041108068968,65889.5153,28889.5153
1579968000000.0,58684.7664,7204.7489,37000.0,2.7383126539914797,4.01041108068968,65889.5153,28889.5153
1580054400000.0,58684.7664,7204.7489,37000.0,2.7383126539914797,4.01041108068968,65889.5153,28889.5153
1580140800000.0,60059.297300000006,7204.7489,37000.0,2.802450173618248,1.7621162651565991,67264.04620000001,30264.04620000001
1580227200000.0,61778.351800000004,7204.7489,37000.0,2.882663642615732,1.8078917770886105,68983.10070000001,31983.10070000001
1580313600000.0,63606.3431,7204.7489,37000.0,2.9679602539042165,1.6022727150375449,70811.092,33811.092000000004
1580400000000.0,64321.3817,7204.7489,37000.0,3.0013249474454073,0.6122440112182437,71526.1306,34526.130600000004
1580486400000.0,62952.401699999995,7678.9304999999995,37000.0,2.959572412131722,2.314190445677966,70631.33219999999,33631.33219999999
1580572800000.0,64158.49479999999,7678.9304999999995,38000.0,2.9691099343650853,1.9993880179051904,71837.42529999999,33837.42529999999
1580659200000.0,63962.2338,7678.9304999999995,38000.0,2.960027419467488,2.299172141085981,71641.1643,33641.164300000004
1580745600000.0,62991.6033,7678.9304999999995,38000.0,2.9151088366807274,3.781787705946249,70670.5338,32670.533800000005
1580832000000.0,62991.6033,7678.9304999999995,38000.0,2.9151088366807274,3.781787705946249,70670.5338,32670.533800000005
1580918400000.0,62991.6033,7678.9304999999995,38000.0,2.9151088366807274,3.781787705946249,70670.5338,32670.533800000005
1581004800000.0,64341.50229999999,7678.9304999999995,38000.0,2.977579107278308,1.7198483084213456,72020.4328,34020.432799999995
1581091200000.0,64435.2296,7678.9304999999995,38000.0,2.9819165945965307,1.5766820326528097,72114.1601,34114.160099999994
1581177600000.0,64605.1646,7678.9304999999995,38000.0,2.9897808017957357,1.3171102635661014,72284.09509999999,34284.09509999999
1581264000000.0,66261.9837,7678.9304999999995,38000.0,3.0664546399926977,0.6352646033528697,73940.9142,35940.9142
1581350400000.0,64704.4497,7869.2467,38000.0,3.003182894527422,2.88412400305601,72573.6964,34573.6964
1581436800000.0,64532.343,7869.2467,38000.0,2.9951947592466186,3.142441522375594,72401.5897,34401.5897
1581523200000.0,64996.8006,7869.2467,38000.0,3.016752026575534,2.4453301660999127,72866.0473,34866.047300000006
1581609600000.0,64041.4623,7869.2467,38000.0,2.9724110940067665,3.87921170451182,71910.709,33910.709
1581696000000.0,63585.3683,7869.2467,38000.0,2.951242013588846,4.563770008497359,71454.615,33454.615000000005
1581782400000.0,62707.7016,7869.2467,38000.0,2.9105061193380317,5.881073081145971,70576.9483,32576.948300000004
1581868800000.0,62707.7016,7869.2467,38000.0,2.9105061193380317,5.881073081145971,70576.9483,32576.948300000004
1581955200000.0,62707.7016,7869.2467,38000.0,2.9105061193380317,5.881073081145971,70576.9483,32576.948300000004
1582041600000.0,62707.7016,7869.2467,38000.0,2.9105061193380317,5.881073081145971,70576.9483,32576.948300000004
1582128000000.0,62670.5507,7869.2467,38000.0,2.9087818028819985,5.936833422425469,70539.7974,32539.797399999996
1582214400000.0,62035.6566,7869.2467,38000.0,2.879313920691566,6.889755469868386,69904.9033,31904.903300000005
1582300800000.0,62035.6566,7869.2467,38000.0,2.879313920691566,6.889755469868386,69904.9033,31904.903300000005
1582387200000.0,62035.6566,7869.2467,38000.0,2.879313920691566,6.889755469868386,69904.9033,31904.903300000005
1582473600000.0,62074.3447,7869.2467,38000.0,2.881109584524277,6.8316879221251074,69943.5914,31943.591400000005
1582560000000.0,60856.3501,7869.2467,38000.0,2.824577760742353,8.659794228368023,68725.5968,30725.5968
1582646400000.0,60856.3501,7869.2467,38000.0,2.824577760742353,8.659794228368023,68725.5968,30725.5968
1582732800000.0,60856.3501,7869.2467,38000.0,2.824577760742353,8.659794228368023,68725.5968,30725.5968
1582819200000.0,60856.3501,7869.2467,38000.0,2.824577760742353,8.659794228368023,68725.5968,30725.5968
1582905600000.0,60856.3501,7869.2467,38000.0,2.824577760742353,8.659794228368023,68725.5968,30725.5968
1582992000000.0,60856.3501,7869.2467,38000.0,2.824577760742353,8.659794228368023,68725.5968,30725.5968
1583078400000.0,61856.3501,7869.2467,39000.0,2.8245777607423523,8.659794228368046,69725.5968,30725.5968
1583164800000.0,61856.3501,7869.2467,39000.0,2.8245777607423523,8.659794228368046,69725.5968,30725.5968
1583251200000.0,61079.1888,7869.2467,39000.0,2.7890898517250755,9.80738979365745,68948.4355,29948.435500000007
1583337600000.0,60192.4068,7869.2467,39000.0,2.7485962773098818,11.116856812381204,68061.6535,29061.6535
1583424000000.0,61535.2631,7869.2467,39000.0,2.8099158028674163,9.13392748393813,69404.5098,30404.5098
1583510400000.0,61016.203299999994,7869.2467,39000.0,2.7862137130220703,9.90039735911078,68885.45,29885.449999999997
1583596800000.0,61708.921,7869.2467,39000.0,2.8178456312766946,8.87749547179666,69578.1677,30578.167700000005
1583683200000.0,60519.3413,7905.5727,39000.0,2.7651840250188457,10.58044804003907,68424.914,29424.914000000004
1583769600000.0,60519.3413,7905.5727,39000.0,2.7651840250188457,10.58044804003907,68424.914,29424.914000000004
1583856000000.0,60519.3413,7905.5727,39000.0,2.7651840250188457,10.58044804003907,68424.914,29424.914000000004
1583942400000.0,60519.3413,7905.5727,39000.0,2.7651840250188457,10.58044804003907,68424.914,29424.914000000004
1584028800000.0,60519.3413,7905.5727,39000.0,2.7651840250188457,10.58044804003907,68424.914,29424.914000000004
1584115200000.0,60519.3413,7905.5727,39000.0,2.7651840250188457,10.58044804003907,68424.914,29424.914000000004
1584201600000.0,60519.3413,7905.5727,39000.0,2.7651840250188457,10.58044804003907,68424.914,29424.914000000004
1584288000000.0,60519.3413,7905.5727,39000.0,2.7651840250188457,10.58044804003907,68424.914,29424.914000000004
1584374400000.0,60519.3413,7905.5727,39000.0,2.7651840250188457,10.58044804003907,68424.914,29424.914000000004
1584460800000.0,60519.3413,7905.5727,39000.0,2.7651840250188457,10.58044804003907,68424.914,29424.914000000004
1584547200000.0,60519.3413,7905.5727,39000.0,2.7651840250188457,10.58044804003907,68424.914,29424.914000000004
1584633600000.0,60665.5914,7905.5727,39000.0,2.7718663257757674,10.364358139931406,68571.1641,29571.164099999995
1584720000000.0,62917.5561,7905.5727,39000.0,2.8747606514505644,7.0369974949197385,70823.1288,31823.128800000006
1584806400000.0,61779.9751,8045.643099999999,39000.0,2.8291834803073126,8.510856083121388,69825.6182,30825.618199999997
1584892800000.0,61489.5849,8045.643099999999,39000.0,2.8158852043634766,8.940891070297209,69535.228,30535.228000000003
1584979200000.0,61489.5849,8045.643099999999,39000.0,2.8158852043634766,8.940891070297209,69535.228,30535.228000000003
1585065600000.0,61950.043999999994,8045.643099999999,39000.0,2.836971701678642,8.259003309747825,69995.6871,30995.687099999996
1585152000000.0,62022.2331,8045.643099999999,39000.0,2.840277565898362,8.152099431129544,70067.8762,31067.8762
1585238400000.0,62021.674999999996,8045.643099999999,39000.0,2.8402520079842026,8.152925914001019,70067.31809999999,31067.31809999999
1585324800000.0,62035.797399999996,8045.643099999999,39000.0,2.84089873632486,8.13201223956267,70081.4405,31081.440499999997
1585411200000.0,61355.9099,8045.643099999999,39000.0,2.8097636236875707,9.138848600925764,69401.553,30401.553
1585497600000.0,61355.9099,8045.643099999999,39000.0,2.8097636236875707,9.138848600925764,69401.553,30401.553
1585584000000.0,61355.9099,8045.643099999999,39000.0,2.8097636236875707,9.138848600925764,69401.553,30401.553
1585670400000.0,61384.578199999996,8045.643099999999,39000.0,2.8110764743424506,9.096394096528392,69430.22129999999,30430.22129999999
1585756800000.0,61584.9825,8045.643099999999,40000.0,2.775046341157141,10.261523916944649,69630.6256,29630.6256
1585843200000.0,62391.8275,8045.643099999999,40000.0,2.8114031309821756,9.085830788587689,70437.4706,30437.4706
1585929600000.0,62003.0123,8045.643099999999,40000.0,2.7938829474188163,9.652392344823069,70048.6554,30048.655400000003
1586016000000.0,62078.6454,8045.643099999999,40000.0,2.797291008100255,9.54218367283982,70124.2885,30124.288499999995
1586102400000.0,62307.2153,8045.643099999999,40000.0,2.807590468113801,9.209123344301828,70352.8584,30352.858399999997
1586188800000.0,63803.4234,8045.643099999999,40000.0,2.8750102617869526,7.028925683335963,71849.0665,31849.0665
1586275200000.0,64534.446200000006,8045.643099999999,40000.0,2.9079504700015524,5.963716773778039,72580.0893,32580.089300000007
1586361600000.0,63352.2994,8242.0116,40000.0,2.8635308671445228,7.400142324402259,71594.311,31594.311
1586448000000.0,62623.817500000005,8242.0116,40000.0,2.830603405528093,8.464939038935537,70865.8291,30865.829100000003
1586534400000.0,61854.7418,8242.0116,40000.0,2.7958410997084435,9.589070302303082,70096.7534,30096.7534
1586620800000.0,61854.7418,8242.0116,40000.0,2.7958410997084435,9.589070302303082,70096.7534,30096.7534
1586707200000.0,61854.7418,8242.0116,40000.0,2.7958410997084435,9.589070302303082,70096.7534,30096.7534
1586793600000.0,61854.7418,8242.0116,40000.0,2.7958410997084435,9.589070302303082,70096.7534,30096.7534
1586880000000.0,61854.7418,8242.0116,40000.0,2.7958410997084435,9.589070302303082,70096.7534,30096.7534
1586966400000.0,61854.7418,8242.0116,40000.0,2.7958410997084435,9.589070302303082,70096.7534,30096.7534
1587052800000.0,61854.7418,8242.0116,40000.0,2.7958410997084435,9.589070302303082,70096.7534,30096.7534
1587139200000.0,61719.733400000005,8242.0116,40000.0,2.789738705251017,9.78640739572214,69961.74500000001,29961.74500000001
1587225600000.0,62563.03430000001,8242.0116,40000.0,2.8278559982350306,8.553783733167219,70805.04590000001,30805.045900000012
1587312000000.0,61963.53250000001,8242.0116,40000.0,2.800758451256196,9.430054711206326,70205.54410000001,30205.544100000014
1587398400000.0,61855.00660000001,8242.041,40000.0,2.795854397580645,9.588640280371974,70097.0476,30097.047600000005
1587484800000.0,61855.00660000001,8242.041,40000.0,2.795854397580645,9.588640280371974,70097.0476,30097.047600000005
1587571200000.0,61855.00660000001,8242.041,40000.0,2.795854397580645,9.588640280371974,70097.0476,30097.047600000005
1587657600000.0,65051.35070000001,8242.041,40000.0,2.9403295694281892,4.9166528035682555,73293.39170000001,33293.39170000001
1587744000000.0,63904.63760000001,8469.777699999999,40000.0,2.898791715817923,6.259889356941284,72374.41530000001,32374.415300000008
1587830400000.0,63959.015000000014,8469.777699999999,40000.0,2.901258340503824,6.180124512261487,72428.79270000002,32428.79270000002
1587916800000.0,64055.08930000001,8469.777699999999,40000.0,2.9056163870463334,6.039195530419428,72524.867,32524.867
1588003200000.0,64830.87300000001,8469.777699999999,40000.0,2.9408068747368006,4.901217871766983,73300.6507,33300.6507
1588089600000.0,65076.43580000001,8469.777699999999,40000.0,2.9519459005898017,4.541007957333177,73546.21350000001,33546.21350000001
1588176000000.0,68879.8969,8469.777699999999,40000.0,3.12447550003965,0.2630004035966249,77349.6746,37349.6746
1588262400000.0,71374.67980000001,8469.777699999999,40000.0,3.237641872229268,5.3499539798471325,79844.45750000002,39844.45750000002
1588348800000.0,70681.4596,9111.6467,41000.0,3.1906102123071496,6.7248894889952116,79793.1063,38793.1063
1588435200000.0,71308.1572,9111.6467,41000.0,3.218899777546807,5.897865143038128,80419.8039,39419.8039
1588521600000.0,70921.193,9111.6467,41000.0,3.201431944605829,6.408524214357058,80032.8397,39032.8397
1588608000000.0,70786.4182,9111.6467,41000.0,3.1953481164608646,6.586380393831015,79898.0649,38898.0649
1588694400000.0,70762.7096,9111.6467,41000.0,3.1942778937785996,6.61766755594646,79874.3563,38874.3563
1588780800000.0,72568.28700000001,9111.6467,41000.0,3.275782912550892,4.234929105520147,81679.93370000001,40679.93370000001
1588867200000.0,73582.4765,9111.6467,41000.0,3.3215641314762956,2.8965493065325143,82694.1232,41694.1232
1588953600000.0,75365.6438,9111.6467,41000.0,3.4020575427588233,0.6558990435814538,84477.2905,43477.2905
1589040000000.0,73865.43070000001,9483.4839,41000.0,3.3511218703740773,2.1432808753331423,83348.91460000002,42348.91460000002
1589126400000.0,72900.88230000001,9483.4839,41000.0,3.3073623037183006,3.4211119387475786,82384.36620000002,41384.36620000002
1589212800000.0,72900.88230000001,9483.4839,41000.0,3.3073623037183006,3.4211119387475786,82384.36620000002,41384.36620000002
1589299200000.0,72900.88230000001,9483.4839,41000.0,3.3073623037183006,3.4211119387475786,82384.36620000002,41384.36620000002
1589385600000.0,72900.88230000001,9483.4839,41000.0,3.3073623037183006,3.4211119387475786,82384.36620000002,41384.36620000002
1589472000000.0,75671.14740000002,9483.4839,41000.0,3.43304350364318,1.0809948637696465,85154.63130000001,44154.63130000001
1589558400000.0,74190.75830000002,9626.803399999999,41000.0,3.3723834203496796,2.8288419517853436,83817.56170000002,42817.56170000002
1589644800000.0,73068.84030000001,9626.803399999999,41000.0,3.3213859949440425,4.298271214852168,82695.64370000002,41695.643700000015
1589731200000.0,73890.31960000002,9626.803399999999,41000.0,3.3587268071281993,3.222340779273414,83517.12300000002,42517.12300000002
1589817600000.0,72632.04370000001,9626.803399999999,41000.0,3.301531155262412,4.870364457003628,82258.84710000001,41258.84710000001
1589904000000.0,71902.04860000001,9626.803399999999,41000.0,3.2683488097980105,5.826473693004286,81528.85200000001,40528.85200000001
1589990400000.0,70641.86080000001,9626.803399999999,41000.0,3.211066251422449,7.477001476924128,80268.66420000001,39268.664200000014
1590076800000.0,70641.86080000001,9626.803399999999,41000.0,3.211066251422449,7.477001476924128,80268.66420000001,39268.664200000014
1590163200000.0,70641.86080000001,9626.803399999999,41000.0,3.211066251422449,7.477001476924128,80268.66420000001,39268.664200000014
1590249600000.0,70641.86080000001,9626.803399999999,41000.0,3.211066251422449,7.477001476924128,80268.66420000001,39268.664200000014
1590336000000.0,70641.86080000001,9626.803399999999,41000.0,3.211066251422449,7.477001476924128,80268.66420000001,39268.664200000014
1590422400000.0,70641.86080000001,9626.803399999999,41000.0,3.211066251422449,7.477001476924128,80268.66420000001,39268.664200000014
1590508800000.0,70641.86080000001,9626.803399999999,41000.0,3.211066251422449,7.477001476924128,80268.66420000001,39268.664200000014
1590595200000.0,70641.86080000001,9626.803399999999,41000.0,3.211066251422449,7.477001476924128,80268.66420000001,39268.664200000014
1590681600000.0,72861.26830000001,9626.803399999999,41000.0,3.3119506907718135,4.570138116883604,82488.07170000001,41488.071700000015
1590768000000.0,72281.5166,9626.803399999999,41000.0,3.2855977451246794,5.32946643971356,81908.32,40908.32000000001
1590854400000.0,73130.5779,9626.803399999999,41000.0,3.324192312919797,4.217410549392209,82757.38130000001,41757.38130000001
1590940800000.0,72730.47590000002,9626.803399999999,41000.0,3.3060054473024834,4.7414431319976575,82357.27930000002,41357.279300000024
1591027200000.0,74172.70090000001,9626.803399999999,42000.0,3.325836080738696,4.170047363592822,83799.50430000002,41799.504300000015
1591113600000.0,74123.49070000001,9902.539999999999,42000.0,3.3359933173664356,6.4792868795581775,84026.0307,42026.0307
1591200000000.0,74123.49070000001,9902.539999999999,42000.0,3.3359933173664356,6.4792868795581775,84026.0307,42026.0307
1591286400000.0,73012.3801,9902.539999999999,42000.0,3.2859868011938906,7.881161706099271,82914.92009999999,40914.92009999999
1591372800000.0,72195.31509999999,9902.539999999999,42000.0,3.2492140675555645,8.912042749937577,82097.85509999999,40097.855099999986
1591459200000.0,72195.31509999999,9902.539999999999,42000.0,3.2492140675555645,8.912042749937577,82097.85509999999,40097.855099999986
1591545600000.0,72195.31509999999,9902.539999999999,42000.0,3.2492140675555645,8.912042749937577,82097.85509999999,40097.855099999986
1591632000000.0,71955.17599999999,9902.539999999999,42000.0,3.238406394775006,9.215023352551055,81857.71599999999,39857.715999999986
1591718400000.0,70864.0829,9902.539999999999,42000.0,3.1893007839106136,10.591642341068185,80766.62289999999,38766.62289999999
1591804800000.0,71040.46389999999,9902.539999999999,42000.0,3.197238966958304,10.36910456329868,80943.00389999998,38943.00389999998
1591891200000.0,70616.4965,9902.539999999999,42000.0,3.178157938800773,10.904019112160036,80519.03649999999,38519.03649999999
1591977600000.0,70616.4965,9902.539999999999,42000.0,3.178157938800773,10.904019112160036,80519.03649999999,38519.03649999999
1592064000000.0,70616.4965,9902.539999999999,42000.0,3.178157938800773,10.904019112160036,80519.03649999999,38519.03649999999
1592150400000.0,70616.4965,9902.539999999999,42000.0,3.178157938800773,10.904019112160036,80519.03649999999,38519.03649999999
1592236800000.0,70616.4965,9902.539999999999,42000.0,3.178157938800773,10.904019112160036,80519.03649999999,38519.03649999999
1592323200000.0,70122.7,9902.539999999999,42000.0,3.155934190180972,11.527036193253581,80025.23999999999,38025.23999999999
1592409600000.0,69990.6948,9902.539999999999,42000.0,3.149993179296313,11.69358556003356,79893.23479999999,37893.23479999999
1592496000000.0,69990.6948,9902.539999999999,42000.0,3.149993179296313,11.69358556003356,79893.23479999999,37893.23479999999
1592582400000.0,69990.6948,9902.539999999999,42000.0,3.149993179296313,11.69358556003356,79893.23479999999,37893.23479999999
1592668800000.0,69990.6948,9902.539999999999,42000.0,3.149993179296313,11.69358556003356,79893.23479999999,37893.23479999999
1592755200000.0,69990.6948,9902.539999999999,42000.0,3.149993179296313,11.69358556003356,79893.23479999999,37893.23479999999
1592841600000.0,70802.8262,9902.539999999999,42000.0,3.1865438718991297,10.668929179738418,80705.36619999999,38705.36619999999
1592928000000.0,72931.7067,9902.539999999999,42000.0,3.282356023410118,7.982946360688548,82834.24669999999,40834.24669999999
1593014400000.0,71402.23030000001,10059.377199999999,42000.0,3.220579181074289,9.714788663699125,81461.60750000001,39461.60750000001
1593100800000.0,71402.23030000001,10059.377199999999,42000.0,3.220579181074289,9.714788663699125,81461.60750000001,39461.60750000001
1593187200000.0,71402.23030000001,10059.377199999999,42000.0,3.220579181074289,9.714788663699125,81461.60750000001,39461.60750000001
1593273600000.0,71402.23030000001,10059.377199999999,42000.0,3.220579181074289,9.714788663699125,81461.60750000001,39461.60750000001
1593360000000.0,71402.23030000001,10059.377199999999,42000.0,3.220579181074289,9.714788663699125,81461.60750000001,39461.60750000001
1593446400000.0,71402.23030000001,10059.377199999999,42000.0,3.220579181074289,9.714788663699125,81461.60750000001,39461.60750000001
1593532800000.0,71241.4912,10059.377199999999,42000.0,3.213329085427842,9.91803670724809,81300.8684,39300.86840000001
1593619200000.0,72454.34290000002,10059.377199999999,43000.0,3.222799325794017,9.652549475047689,82513.72010000002,39513.72010000002
1593705600000.0,71338.3429,10059.377199999999,43000.0,3.173159181344012,11.044153494216136,81397.7201,38397.720100000006
1593792000000.0,71338.3429,10059.377199999999,43000.0,3.173159181344012,11.044153494216136,81397.7201,38397.720100000006
1593878400000.0,71338.3429,10059.377199999999,43000.0,3.173159181344012,11.044153494216136,81397.7201,38397.720100000006
1593964800000.0,71338.3429,10059.377199999999,43000.0,3.173159181344012,11.044153494216136,81397.7201,38397.720100000006
1594051200000.0,71586.6482,10059.377199999999,43000.0,3.1842039044261816,10.73452746064909,81646.0254,38646.0254
1594137600000.0,71307.0974,10059.377199999999,43000.0,3.171769368500452,11.083115289360334,81366.4746,38366.4746
1594224000000.0,72602.591,10059.377199999999,43000.0,3.229393462978997,9.467690468063772,82661.9682,39661.9682
1594310400000.0,71374.06349999999,10063.346099999999,43000.0,3.174924586821743,10.99466239410971,81437.40959999998,38437.409599999984
1594396800000.0,71374.06349999999,10063.346099999999,43000.0,3.174924586821743,10.99466239410971,81437.40959999998,38437.409599999984
1594483200000.0,71374.06349999999,10063.346099999999,43000.0,3.174924586821743,10.99466239410971,81437.40959999998,38437.409599999984
1594569600000.0,71374.06349999999,10063.346099999999,43000.0,3.174924586821743,10.99466239410971,81437.40959999998,38437.409599999984
1594656000000.0,71230.1359,10063.346099999999,43000.0,3.168522271280857,11.174143903226884,81293.48199999999,38293.48199999999
1594742400000.0,70600.92859999998,10063.346099999999,43000.0,3.140533312420784,11.958781983425181,80664.27469999998,37664.27469999998
1594828800000.0,70600.92859999998,10063.346099999999,43000.0,3.140533312420784,11.958781983425181,80664.27469999998,37664.27469999998
1594915200000.0,70600.92859999998,10063.346099999999,43000.0,3.140533312420784,11.958781983425181,80664.27469999998,37664.27469999998
1595001600000.0,70600.92859999998,10063.346099999999,43000.0,3.140533312420784,11.958781983425181,80664.27469999998,37664.27469999998
1595088000000.0,70600.92859999998,10063.346099999999,43000.0,3.140533312420784,11.958781983425181,80664.27469999998,37664.27469999998
1595174400000.0,70600.92859999998,10063.346099999999,43000.0,3.140533312420784,11.958781983425181,80664.27469999998,37664.27469999998
1595260800000.0,69726.60289999998,10063.346099999999,43000.0,3.101640778835105,13.049089166313909,79789.94899999998,36789.94899999998
1595347200000.0,72221.41679999998,10063.346099999999,43000.0,3.212617310116032,9.937990504635962,82284.76289999997,39284.76289999997
1595433600000.0,72223.54489999998,10063.346099999999,43000.0,3.212711974153385,9.935336707869025,82286.89099999997,39286.890999999974
1595520000000.0,75063.87339999998,10063.346099999999,43000.0,3.3390579932405644,6.3933722370618895,85127.21949999998,42127.21949999998
1595606400000.0,75469.5912,10063.346099999999,43000.0,3.357105493345855,5.887431451418934,85532.93729999999,42532.93729999999
1595692800000.0,76100.58949999999,10063.346099999999,43000.0,3.385174121061197,5.1005599470349665,86163.93559999998,43163.93559999998
1595779200000.0,81704.3289,10063.346099999999,43000.0,3.6344446421266223,2.638152377194025,91767.67499999999,48767.67499999999
1595865600000.0,79441.9005,11142.8236,43000.0,3.5818235678422243,4.047799660534713,90584.7241,47584.72410000001
1595952000000.0,80965.195,11142.8236,43000.0,3.65050485701738,2.207920980391531,92108.01860000001,49108.01860000001
1596038400000.0,81008.62430000001,11142.8236,43000.0,3.652462968408168,2.15546582929399,92151.44790000001,49151.447900000014
1596124800000.0,80449.47700000001,11142.8236,43000.0,3.6272525068704895,2.8308199360209674,91592.30060000002,48592.30060000002
1596211200000.0,81691.9977,11142.8236,43000.0,3.683274453711902,1.3300678847488312,92834.82130000001,49834.82130000001
1596297600000.0,83749.0476,11142.8236,44000.0,3.730357645697861,0.47922891793874545,94891.87120000001,50891.87120000001
1596384000000.0,81939.5053,11309.2241,44000.0,3.657168675169249,3.9739404534758327,93248.72940000001,49248.72940000001
1596470400000.0,81821.0621,11309.2241,44000.0,3.6518822536898794,4.112745706624965,93130.2862,49130.2862
1596556800000.0,81290.02189999999,11309.2241,44000.0,3.6281805779525764,4.735079191310998,92599.24599999998,48599.245999999985
1596643200000.0,82695.4441,11309.2241,44000.0,3.6909081478397656,3.088045134037931,94004.66819999999,50004.668199999986
1596729600000.0,83843.66739999999,11309.2241,44000.0,3.742156276193543,1.7424260877083264,95152.8915,51152.8915
1596816000000.0,82626.66429999999,11457.739899999999,44000.0,3.6944669684650013,2.9946013933664695,94084.40419999999,50084.40419999999
1596902400000.0,83079.77179999999,11457.739899999999,44000.0,3.7147266595235178,2.4626438948818663,94537.51169999999,50537.51169999999
1596988800000.0,82372.25679999999,11462.420499999998,44000.0,3.6833009872287583,3.2877858960028483,93834.67729999998,49834.67729999998
1597075200000.0,80701.6803,11462.420499999998,44000.0,3.6086006413752854,5.249188416967954,92164.1008,48164.1008
1597161600000.0,80163.04060000001,11462.420499999998,44000.0,3.584515200283296,5.881598405658628,91625.4611,47625.4611
1597248000000.0,80163.04060000001,11462.420499999998,44000.0,3.584515200283296,5.881598405658628,91625.4611,47625.4611
1597334400000.0,80163.04060000001,11462.420499999998,44000.0,3.584515200283296,5.881598405658628,91625.4611,47625.4611
1597420800000.0,80250.6086,11462.420499999998,44000.0,3.5884308305377,5.778785935858011,91713.0291,47713.0291
1597507200000.0,80836.68650000001,11462.420499999998,44000.0,3.6146374854422065,5.090679362742712,92299.107,48299.107
1597593600000.0,80270.01120000002,11474.306099999998,44000.0,3.5898298920958713,5.7420508600584235,91744.31730000002,47744.317300000024
1597680000000.0,83739.22300000003,11474.306099999998,44000.0,3.74497974240076,1.6682905040852236,95213.52910000003,51213.52910000003
1597766400000.0,82242.58740000002,11693.481199999998,44000.0,3.687849242226222,3.168362636095645,93936.06860000001,49936.06860000001
1597852800000.0,81853.18820000002,11693.481199999998,44000.0,3.6703881482839917,3.626837537192862,93546.66940000001,49546.66940000001
1597939200000.0,81853.18820000002,11693.481199999998,44000.0,3.6703881482839917,3.626837537192862,93546.66940000001,49546.66940000001
1598025600000.0,81853.18820000002,11693.481199999998,44000.0,3.6703881482839917,3.626837537192862,93546.66940000001,49546.66940000001
1598112000000.0,81853.18820000002,11693.481199999998,44000.0,3.6703881482839917,3.626837537192862,93546.66940000001,49546.66940000001
1598198400000.0,81853.18820000002,11693.481199999998,44000.0,3.6703881482839917,3.626837537192862,93546.66940000001,49546.66940000001
1598284800000.0,81668.73420000002,11693.481199999998,44000.0,3.662117025431094,3.844011916100132,93362.21540000002,49362.215400000016
1598371200000.0,80819.70660000002,11693.481199999998,44000.0,3.624045681979062,4.843648908006671,92513.18780000001,48513.187800000014
1598457600000.0,80819.70660000002,11693.481199999998,44000.0,3.624045681979062,4.843648908006671,92513.18780000001,48513.187800000014
1598544000000.0,80819.70660000002,11693.481199999998,44000.0,3.624045681979062,4.843648908006671,92513.18780000001,48513.187800000014
1598630400000.0,80819.70660000002,11693.481199999998,44000.0,3.624045681979062,4.843648908006671,92513.18780000001,48513.187800000014
1598716800000.0,80482.76120000002,11693.481199999998,44000.0,3.608936674865533,5.240365205677955,92176.24240000002,48176.24240000002
1598803200000.0,81564.81010000002,11693.481199999998,44000.0,3.6574569530093686,3.9663711594399187,93258.29130000001,49258.29130000001
1598889600000.0,82848.60060000002,11693.481199999998,44000.0,3.715023549249533,2.4548484790721914,94542.08180000001,50542.081800000014
1598976000000.0,82444.77230000003,11800.371299999999,45000.0,3.6575609271057843,3.963641117798289,94245.14360000002,49245.143600000025
1599062400000.0,81501.12140000002,11800.371299999999,45000.0,3.6156970154909995,5.062859345512571,93301.49270000002,48301.49270000002
1599148800000.0,81501.12140000002,11800.371299999999,45000.0,3.6156970154909995,5.062859345512571,93301.49270000002,48301.49270000002
1599235200000.0,81501.12140000002,11800.371299999999,45000.0,3.6156970154909995,5.062859345512571,93301.49270000002,48301.49270000002
1599321600000.0,81501.12140000002,11800.371299999999,45000.0,3.6156970154909995,5.062859345512571,93301.49270000002,48301.49270000002
1599408000000.0,81501.12140000002,11800.371299999999,45000.0,3.6156970154909995,5.062859345512571,93301.49270000002,48301.49270000002
1599494400000.0,81501.12140000002,11800.371299999999,45000.0,3.6156970154909995,5.062859345512571,93301.49270000002,48301.49270000002
1599580800000.0,81501.12140000002,11800.371299999999,45000.0,3.6156970154909995,5.062859345512571,93301.49270000002,48301.49270000002
1599667200000.0,81501.12140000002,11800.371299999999,45000.0,3.6156970154909995,5.062859345512571,93301.49270000002,48301.49270000002
1599753600000.0,81657.68820000002,11800.371299999999,45000.0,3.622642909016889,4.880481433919526,93458.05950000002,48458.05950000002
1599840000000.0,80512.85230000003,11800.371299999999,45000.0,3.571853672307602,6.214051389738639,92313.22360000003,47313.22360000003
1599926400000.0,79873.35560000004,11800.371299999999,45000.0,3.5434831877070514,6.958973509987887,91673.72690000004,46673.72690000004
1600012800000.0,78965.59370000004,11800.371299999999,45000.0,3.5032114474386233,8.016386189724145,90765.96500000004,45765.96500000004
1600099200000.0,79058.36820000004,11800.371299999999,45000.0,3.507327274030964,7.9083171766314075,90858.73950000004,45858.73950000004
1600185600000.0,79629.35970000004,11800.371299999999,45000.0,3.532658609685699,7.243193808794935,91429.73100000004,46429.73100000004
1600272000000.0,81086.27010000004,11800.371299999999,45000.0,3.5972926477778153,5.546101729693975,92886.64140000004,47886.64140000004
1600358400000.0,79719.63980000005,11899.298599999998,45000.0,3.5410525632870393,7.022794270259636,91618.93840000004,46618.93840000004
1600444800000.0,80088.80410000005,11899.298599999998,45000.0,3.5574504069560353,6.59223706810359,91988.10270000005,46988.10270000005
1600531200000.0,81335.74620000005,11899.298599999998,45000.0,3.612838107283747,5.137925527614485,93235.04480000005,48235.04480000005
1600617600000.0,80070.26020000005,11938.256399999998,45000.0,3.5583571683651813,6.568428287923355,92008.51660000005,47008.516600000046
1600704000000.0,80332.09430000004,11967.348999999998,45000.0,3.571286077373695,6.228954696029021,92299.44330000004,47299.44330000004
1600790400000.0,80332.09430000004,11967.348999999998,45000.0,3.571286077373695,6.228954696029021,92299.44330000004,47299.44330000004
1600876800000.0,80332.09430000004,11967.348999999998,45000.0,3.571286077373695,6.228954696029021,92299.44330000004,47299.44330000004
1600963200000.0,80332.09430000004,11967.348999999998,45000.0,3.571286077373695,6.228954696029021,92299.44330000004,47299.44330000004
1601049600000.0,80121.34570000003,11967.348999999998,45000.0,3.5619169261326573,6.474959940764046,92088.69470000004,47088.69470000004
1601136000000.0,80632.28890000004,11967.348999999998,45000.0,3.584631687304878,5.878539812888006,92599.63790000005,47599.637900000045
1601222400000.0,80076.92790000004,11967.348999999998,45000.0,3.559942264920226,6.526808502318393,92044.27690000004,47044.27690000004
1601308800000.0,81707.07840000004,11967.348999999998,45000.0,3.632413097847008,4.623946169152616,93674.42740000004,48674.427400000044
1601395200000.0,80406.81050000004,12004.002599999998,45000.0,3.576237192113646,6.098953571916743,92410.81310000003,47410.81310000003
1601481600000.0,80077.13710000004,12004.002599999998,45000.0,3.5615743760288003,6.483954258388492,92081.13970000003,47081.13970000003
1601568000000.0,79875.12010000003,12004.002599999998,46000.0,3.5087719079116693,7.870385511080014,91879.12270000002,45879.12270000002
1601654400000.0,79875.12010000003,12004.002599999998,46000.0,3.5087719079116693,7.870385511080014,91879.12270000002,45879.12270000002
1601740800000.0,79875.12010000003,12004.002599999998,46000.0,3.5087719079116693,7.870385511080014,91879.12270000002,45879.12270000002
1601827200000.0,79875.12010000003,12004.002599999998,46000.0,3.5087719079116693,7.870385511080014,91879.12270000002,45879.12270000002
1601913600000.0,78838.59430000003,12004.002599999998,46000.0,3.463239173759753,9.065935793098545,90842.59690000002,44842.59690000002
1602000000000.0,77883.45120000002,12004.002599999998,46000.0,3.421281436818389,10.16761758681083,89887.45380000002,43887.45380000002
1602086400000.0,77883.45120000002,12004.002599999998,46000.0,3.421281436818389,10.16761758681083,89887.45380000002,43887.45380000002
1602172800000.0,77576.70070000003,12004.002599999998,46000.0,3.407806433140268,10.521429953839533,89580.70330000002,43580.70330000002
1602259200000.0,79131.37020000003,12004.002599999998,46000.0,3.4761002981242295,8.728242018555509,91135.37280000003,45135.37280000003
1602345600000.0,81284.55710000003,12004.002599999998,46000.0,3.570685967576054,6.2447117431551185,93288.55970000003,47288.55970000003
1602432000000.0,81745.90750000003,12004.002599999998,46000.0,3.590952269788773,5.712580655989363,93749.91010000002,47749.91010000002
1602518400000.0,79872.87080000003,12225.049199999998,46000.0,3.5183832840048233,7.618020182865404,92097.92000000003,46097.92000000003
1602604800000.0,78907.49970000004,12225.049199999998,46000.0,3.4758588885864317,8.734580694375705,91132.54890000004,45132.54890000004
1602691200000.0,77887.86430000004,12225.049199999998,46000.0,3.4309441620815773,9.913903986504524,90112.91350000004,44112.91350000004
1602777600000.0,77510.78940000004,12225.049199999998,46000.0,3.4143340914569738,10.350033619162591,89735.83860000003,43735.83860000003
1602864000000.0,76526.07030000004,12225.049199999998,46000.0,3.3709574206777853,11.488972273934806,88751.11950000003,42751.11950000003
1602950400000.0,76526.07030000004,12225.049199999998,46000.0,3.3709574206777853,11.488972273934806,88751.11950000003,42751.11950000003
1603036800000.0,76671.34770000004,12225.049199999998,46000.0,3.377356859818812,11.320942582498116,88896.39690000004,42896.396900000036
1603123200000.0,80692.00210000004,12225.049199999998,46000.0,3.5544658467631054,6.670602486891175,92917.05130000004,46917.051300000036
1603209600000.0,79103.14670000004,12511.390999999998,46000.0,3.497090394603585,8.177106308546023,91614.53770000004,45614.537700000044
1603296000000.0,83441.19320000004,12511.390999999998,46000.0,3.688872155246157,3.1415040700059516,95952.58420000004,49952.58420000004
1603382400000.0,84551.77410000004,12511.390999999998,46000.0,3.7379700983728648,1.8883583681681748,97063.16510000004,51063.16510000004
1603468800000.0,84501.02910000004,12511.390999999998,46000.0,3.7357267002341388,1.9472415235791907,97012.42010000005,51012.42010000005
1603555200000.0,85519.97270000004,12511.390999999998,46000.0,3.7807734275118388,0.7648863289026919,98031.36370000005,52031.363700000045
1603641600000.0,84612.94140000004,12511.390999999998,46000.0,3.7406742585260013,2.6664638082814274,97124.33240000004,51124.33240000004
1603728000000.0,84827.48290000005,12511.390999999998,46000.0,3.750158976267247,2.419668430300681,97338.87390000005,51338.87390000005
1603814400000.0,86500.44000000005,13002.700899999998,46000.0,3.846613358242214,0.09583867167252125,99503.14090000004,53503.14090000004
1603900800000.0,85061.95140000005,13173.480299999997,46000.0,3.7902392271616487,2.8669958894784853,98235.43170000004,52235.431700000045
1603987200000.0,84608.58920000005,13173.480299999997,46000.0,3.7700380541780683,3.384694245927844,97782.06950000004,51782.06950000004
1604073600000.0,83527.86400000005,13173.480299999997,46000.0,3.7218824807471242,4.6187840306814,96701.34430000004,50701.34430000004
1604160000000.0,84762.07080000004,13173.480299999997,46000.0,3.776876975357198,3.209432232321019,97935.55110000004,51935.55110000004
1604246400000.0,85568.26390000005,13173.480299999997,47000.0,3.7683418913774513,3.428162053211292,98741.74420000004,51741.744200000045
1604332800000.0,84247.05330000004,13173.480299999997,47000.0,3.7101570805095996,4.919272543730191,97420.53360000004,50420.53360000004
1604419200000.0,84247.05330000004,13173.480299999997,47000.0,3.7101570805095996,4.919272543730191,97420.53360000004,50420.53360000004
1604505600000.0,83487.46780000004,13173.480299999997,47000.0,3.676705684755234,5.776536258913856,96660.94810000004,49660.94810000004
1604592000000.0,87182.16080000004,13173.480299999997,47000.0,3.8394163180333623,1.6067275308074391,100355.64110000004,53355.64110000004
1604678400000.0,85671.30310000005,13416.128599999998,47000.0,3.7835656277044842,3.0380211796130485,99087.43170000004,52087.431700000045
1604764800000.0,85315.03710000005,13416.128599999998,47000.0,3.7678315867462606,3.4412397031611586,98731.16570000004,51731.16570000004
1604851200000.0,84006.36950000003,13416.128599999998,47000.0,3.710035923901364,4.922377441500614,97422.49810000003,50422.498100000026
1604937600000.0,82961.04110000003,13416.128599999998,47000.0,3.663870306468339,6.1054703385800435,96377.16970000003,49377.16970000003
1605024000000.0,82467.45050000004,13416.128599999998,47000.0,3.6420714968233154,6.664111558817787,95883.57910000003,48883.57910000003
1605110400000.0,83374.61980000004,13416.128599999998,47000.0,3.682135490923911,5.637385837715669,96790.74840000004,49790.74840000004
1605196800000.0,85076.62200000005,13416.128599999998,47000.0,3.75730228294388,3.7110756813728663,98492.75060000004,51492.75060000004
1605283200000.0,84984.26010000004,13416.128599999998,47000.0,3.753223235497367,3.8156100151293892,98400.38870000004,51400.38870000004
1605369600000.0,83574.05300000004,13549.377399999998,47000.0,3.696822502549047,5.260999685007328,97123.43040000004,50123.43040000004
1605456000000.0,83688.96630000004,13549.377399999998,47000.0,3.7019055882441028,5.13073471909864,97238.34370000004,50238.34370000004
1605542400000.0,84641.27000000005,13549.377399999998,47000.0,3.744029879469045,4.051209468190087,98190.64740000005,51190.647400000045
1605628800000.0,88693.57490000005,13549.377399999998,47000.0,3.923279914662501,0.2589950991726431,102242.95230000005,55242.95230000005
1605715200000.0,91256.79640000005,13549.377399999998,47000.0,4.036661695012648,2.959607770955608,104806.17380000005,57806.17380000005
1605801600000.0,89227.44660000005,14229.027499999998,47000.0,3.9769589518341673,4.394847593591155,103456.47410000005,56456.47410000005
1605888000000.0,90717.24150000005,14229.027499999998,47000.0,4.043360640885211,2.7985666968923795,104946.26900000004,57946.269000000044
1605974400000.0,90990.59640000005,14229.027499999998,47000.0,4.055544349575837,2.505673222167093,105219.62390000005,58219.62390000005
1606060800000.0,89558.35700000005,14265.795299999998,47000.0,3.993346746897264,4.000888876996966,103824.15230000005,56824.152300000045
1606147200000.0,88073.66740000006,14265.795299999998,47000.0,3.9271454388014475,5.592352662934497,102339.46270000006,55339.46270000006
1606233600000.0,88642.07880000006,14265.795299999998,47000.0,3.9524905198315663,4.983062910642799,102907.87410000006,55907.87410000006
1606320000000.0,87330.54140000006,14265.795299999998,47000.0,3.8940099515723237,6.388921937339498,101596.33670000006,54596.33670000006
1606406400000.0,86131.06570000006,14265.795299999998,47000.0,3.8405261389497083,7.674660140572065,100396.86100000006,53396.86100000006
1606492800000.0,86131.06570000006,14265.795299999998,47000.0,3.8405261389497083,7.674660140572065,100396.86100000006,53396.86100000006
1606579200000.0,86131.06570000006,14265.795299999998,47000.0,3.8405261389497083,7.674660140572065,100396.86100000006,53396.86100000006
1606665600000.0,87042.02870000007,14265.795299999998,47000.0,3.8811453648315966,6.698183559319637,101307.82400000007,54307.824000000066
1606752000000.0,90623.85140000007,14265.795299999998,47000.0,4.04085642370026,2.858767485617031,104889.64670000007,57889.64670000007
1606838400000.0,89810.91220000008,14563.555999999999,48000.0,3.9740330072947634,4.465186608152361,104374.46820000008,56374.468200000076
1606924800000.0,89202.17430000009,14563.555999999999,48000.0,3.947097032053758,5.112721080929328,103765.73030000008,55765.73030000008
1607011200000.0,90425.94920000009,14563.555999999999,48000.0,4.001247710707024,3.8109515760747947,104989.50520000009,56989.50520000009
1607097600000.0,89384.14100000009,14583.7745,48000.0,3.956043502351234,4.8976500513691406,103967.91550000009,55967.91550000009
1607184000000.0,89086.2364000001,14583.7745,48000.0,3.942858573302685,5.21461262664864,103670.0109000001,55670.010900000096
1607270400000.0,88456.4350000001,14583.7745,48000.0,3.9149842579222676,5.8847045744018445,103040.2095000001,55040.2095000001
1607356800000.0,88314.8878000001,14583.7745,48000.0,3.908719534957195,6.035307032489445,102898.6623000001,54898.6623000001
1607443200000.0,86947.6563000001,14583.7745,48000.0,3.8482073766338867,7.490005003730127,101531.4308000001,53531.430800000104
1607529600000.0,86947.6563000001,14583.7745,48000.0,3.8482073766338867,7.490005003730127,101531.4308000001,53531.430800000104
1607616000000.0,86947.6563000001,14583.7745,48000.0,3.8482073766338867,7.490005003730127,101531.4308000001,53531.430800000104
1607702400000.0,86947.6563000001,14583.7745,48000.0,3.8482073766338867,7.490005003730127,101531.4308000001,53531.430800000104
1607788800000.0,86947.6563000001,14583.7745,48000.0,3.8482073766338867,7.490005003730127,101531.4308000001,53531.430800000104
1607875200000.0,88373.4978000001,14583.7745,48000.0,3.911313548918495,5.972947550503827,102957.2723000001,54957.2723000001
1607961600000.0,88331.5404000001,14583.7745,48000.0,3.909456560667687,6.017589108761179,102915.3149000001,54915.3149000001
1608048000000.0,89088.1895000001,14583.7745,48000.0,3.9429450153546868,5.212534580167382,103671.9640000001,55671.964000000095
1608134400000.0,93771.86410000011,14583.7745,48000.0,4.150239287707291,0.5408970008375258,108355.63860000011,60355.63860000011
1608220800000.0,103721.1452000001,14583.7745,48000.0,4.590583496516333,1.6262707007809296,118304.9197000001,70304.9197000001
1608307200000.0,100080.9910000001,16043.0338,48000.0,4.494059493466889,3.6947280448350828,116124.0248000001,68124.0248000001
1608393600000.0,101487.9823000001,16043.0338,48000.0,4.557239349559544,2.3408177924370888,117531.01610000011,69531.01610000011
1608480000000.0,102025.1376000001,16043.0338,48000.0,4.581359892844643,1.823927554523086,118068.17140000011,70068.17140000011
1608566400000.0,100294.9819000001,16066.8105,48000.0,4.504736263644143,3.465930616359092,116361.7924000001,68361.7924000001
1608652800000.0,100092.11440000011,16066.8105,48000.0,4.4956244958701985,3.6611908871093446,116158.9249000001,68158.9249000001
1608739200000.0,99462.0868000001,16066.8105,48000.0,4.467326886926548,4.267593390004743,115528.8973000001,67528.8973000001
1608825600000.0,98853.5554000001,16066.8105,48000.0,4.439994777052104,4.853305768399673,114920.36590000009,66920.36590000009
1608912000000.0,99574.3511000001,16066.8105,48000.0,4.472369223579311,4.159538834131649,115641.16160000011,67641.16160000011
1608998400000.0,103046.55640000009,16066.8105,48000.0,4.628322879818291,0.8175360639567253,119113.36690000008,71113.36690000008
1609084800000.0,106788.7086000001,16066.8105,48000.0,4.79640116648894,2.096639255658639,122855.51910000009,74855.51910000009
1609171200000.0,104519.33190000009,16696.3412,48000.0,4.72274769347314,3.600041971244672,121215.67310000009,73215.67310000009
1609257600000.0,103189.5026000001,16696.3412,48000.0,4.662658826226104,4.826566159402146,119885.84380000009,71885.84380000009
1609344000000.0,105938.4303000001,16696.3412,48000.0,4.786870220603563,2.291183373396377,122634.77150000009,74634.77150000009
1609430400000.0,107072.71170000009,16696.3412,48000.0,4.838123178005977,1.2450163403214587,123769.05290000008,75769.05290000008
1609516800000.0,108843.33610000009,16696.3412,49000.0,4.872631256010568,0.6907946083334671,125539.67730000008,76539.67730000008
1609603200000.0,113449.78050000008,16696.3412,49000.0,5.078849714271466,0.1711816325051463,130146.12170000008,81146.12170000008
1609689600000.0,110901.49330000009,17442.117899999997,49000.0,4.9981560373198715,4.081895476338849,128343.61120000009,79343.61120000009
1609776000000.0,109526.96970000009,17442.117899999997,49000.0,4.936208418533583,5.2707135383138315,126969.08760000009,77969.08760000009
1609862400000.0,109445.61170000008,17442.117899999997,49000.0,4.932541741315951,5.341079634527956,126887.72960000008,77887.72960000008
1609948800000.0,111160.35550000009,17442.117899999997,49000.0,5.009822549909238,3.8580069531278904,128602.47340000009,79602.47340000009
1610035200000.0,114827.88320000008,17442.117899999997,49000.0,5.1751122603571025,0.6859819893123564,132270.00110000008,83270.00110000008
1610121600000.0,112576.96270000008,17790.0457,49000.0,5.089347369646829,2.6391713568687303,130367.00840000008,81367.00840000008
1610208000000.0,111386.90650000008,17790.0457,49000.0,5.035547646808847,3.668377110737364,129176.95220000009,80176.95220000009
1610294400000.0,110789.85790000008,17790.0457,49000.0,5.008556443199466,4.184727392731801,128579.90360000008,79579.90360000008
1610380800000.0,109738.92540000008,17790.0457,49000.0,4.961046185094489,5.093613692326371,127528.97110000008,78528.97110000008
1610467200000.0,109738.92540000008,17790.0457,49000.0,4.961046185094489,5.093613692326371,127528.97110000008,78528.97110000008
1610553600000.0,109738.92540000008,17790.0457,49000.0,4.961046185094489,5.093613692326371,127528.97110000008,78528.97110000008
1610640000000.0,111419.96750000009,17790.0457,49000.0,5.037042259110977,3.6397847035647968,129210.01320000009,80210.01320000009
1610726400000.0,109658.98050000008,17790.0457,49000.0,4.957432058751287,5.162753075048343,127449.02620000008,78449.02620000008
1610812800000.0,108871.78660000008,17790.0457,49000.0,4.921844820400905,5.843548226815376,126661.83230000008,77661.83230000008
1610899200000.0,108871.78660000008,17790.0457,49000.0,4.921844820400905,5.843548226815376,126661.83230000008,77661.83230000008
1610985600000.0,108871.78660000008,17790.0457,49000.0,4.921844820400905,5.843548226815376,126661.83230000008,77661.83230000008
1611072000000.0,109714.91560000008,17790.0457,49000.0,4.959960756872364,5.114378278325937,127504.96130000008,78504.96130000008
1611158400000.0,108372.30120000009,17790.0457,49000.0,4.89926422623937,6.275522151789136,126162.34690000009,77162.34690000009
1611244800000.0,108372.30120000009,17790.0457,49000.0,4.89926422623937,6.275522151789136,126162.34690000009,77162.34690000009
1611331200000.0,108372.30120000009,17790.0457,49000.0,4.89926422623937,6.275522151789136,126162.34690000009,77162.34690000009
1611417600000.0,108372.30120000009,17790.0457,49000.0,4.89926422623937,6.275522151789136,126162.34690000009,77162.34690000009
1611504000000.0,108372.30120000009,17790.0457,49000.0,4.89926422623937,6.275522151789136,126162.34690000009,77162.34690000009
1611590400000.0,108297.3139000001,17790.0457,49000.0,4.895874221669528,6.340374013934036,126087.3596000001,77087.3596000001
1611676800000.0,107018.52290000008,17790.0457,49000.0,4.838063001184557,7.44632098954362,124808.56860000009,75808.56860000009
1611763200000.0,107018.52290000008,17790.0457,49000.0,4.838063001184557,7.44632098954362,124808.56860000009,75808.56860000009
1611849600000.0,107018.52290000008,17790.0457,49000.0,4.838063001184557,7.44632098954362,124808.56860000009,75808.56860000009
1611936000000.0,105363.76100000009,17790.0457,49000.0,4.763254994988839,8.877421864244006,123153.80670000009,74153.80670000009
1612022400000.0,104271.96410000008,17790.0457,49000.0,4.713897350689882,9.821649247401155,122062.00980000009,73062.00980000009
1612108800000.0,103879.21080000009,17790.0457,49000.0,4.696141871004382,10.161317202755615,121669.25650000009,72669.25650000009
1612195200000.0,104879.21080000009,17790.0457,50000.0,4.696141871004382,10.161317202755615,122669.25650000009,72669.25650000009
1612281600000.0,105195.9489000001,17790.0457,50000.0,4.710324348563152,9.89000191082453,122985.99460000011,72985.99460000011
1612368000000.0,108277.0622000001,17790.0457,50000.0,4.848286343767624,7.250745204851395,126067.1079000001,76067.1079000001
1612454400000.0,107865.9123000001,17790.0457,50000.0,4.8298764201429005,7.6029328802397655,125655.9580000001,75655.9580000001
1612540800000.0,109875.1614000001,17790.0457,50000.0,4.9198439051746226,5.881826369438792,127665.2071000001,77665.2071000001
1612627200000.0,114053.2306000001,17790.0457,50000.0,5.1069239333366365,2.3029261212331065,131843.27630000009,81843.27630000009
1612713600000.0,111540.5281000001,18555.0052,50000.0,5.028665820795092,3.800028624106866,130095.5333000001,80095.5333000001
1612800000000.0,117392.42110000011,18555.0052,50000.0,5.292491130010658,1.1469168220720194,135947.4263000001,85947.42630000011
1612886400000.0,121179.2066000001,18555.0052,50000.0,5.4632136390296235,1.3795390270754826,139734.2118000001,89734.2118000001
1612972800000.0,118440.4058000001,19362.0228,50000.0,5.376121598885103,2.9517010755745976,137802.4286000001,87802.4286000001
1613059200000.0,121027.1406000001,19362.0228,50000.0,5.493535928352621,0.8321692282038495,140389.1634000001,90389.1634000001
1613145600000.0,120269.5463000001,19362.0228,50000.0,5.4591480093657525,1.4529306785993623,139631.5691000001,89631.56910000011
1613232000000.0,120313.8508000001,19362.0228,50000.0,5.461159032358869,1.416628233241668,139675.8736000001,89675.87360000011
1613318400000.0,121494.9579000001,19362.0228,50000.0,5.5147705963181215,0.7657909708954636,140856.9807000001,90856.9807000001
1613404800000.0,119401.9461000001,19468.8606,50000.0,5.424616287335301,2.388050933703101,138870.8067000001,88870.8067000001
1613491200000.0,117528.7884000001,19468.8606,50000.0,5.339515817032601,3.9193708156454843,136997.6490000001,86997.64900000009
1613577600000.0,119611.0500000001,19468.8606,50000.0,5.434116203029601,2.2171069926448017,139079.91060000012,89079.91060000012
1613664000000.0,120034.3889000001,19468.8606,50000.0,5.453349148278912,1.871024399401544,139503.2495000001,89503.24950000009
1613750400000.0,122356.2703000001,19468.8606,50000.0,5.55883583481208,0.007297091038771519,141825.1309000001,91825.1309000001
1613836800000.0,124683.1259000001,19468.8606,50000.0,5.664548506994709,1.1637051746528182,144151.98650000012,94151.98650000012
1613923200000.0,122226.56550000011,19990.8358,50000.0,5.576657289741277,2.697250566715781,142217.4013000001,92217.40130000011
1614009600000.0,120695.23920000013,19990.8358,50000.0,5.506789647310733,3.9163166401177674,140686.07500000013,90686.07500000013
1614096000000.0,120695.23920000013,19990.8358,50000.0,5.506789647310733,3.9163166401177674,140686.07500000013,90686.07500000013
1614182400000.0,120695.23920000013,19990.8358,50000.0,5.506789647310733,3.9163166401177674,140686.07500000013,90686.07500000013
1614268800000.0,120695.23920000013,19990.8358,50000.0,5.506789647310733,3.9163166401177674,140686.07500000013,90686.07500000013
1614355200000.0,120695.23920000013,19990.8358,50000.0,5.506789647310733,3.9163166401177674,140686.07500000013,90686.07500000013
1614441600000.0,120695.23920000013,19990.8358,50000.0,5.506789647310733,3.9163166401177674,140686.07500000013,90686.07500000013
1614528000000.0,120695.23920000013,19990.8358,50000.0,5.506789647310733,3.9163166401177674,140686.07500000013,90686.07500000013
1614614400000.0,121695.23920000013,19990.8358,51000.0,5.506789647310733,3.9163166401177674,141686.07500000013,90686.07500000013
1614700800000.0,122092.51180000014,19990.8358,51000.0,5.524766493859717,3.602652646711868,142083.34760000015,91083.34760000015
1614787200000.0,122710.32900000013,19990.8358,51000.0,5.552723128673501,3.114859101053691,142701.16480000014,91701.16480000014
1614873600000.0,120867.54750000013,19990.8358,51000.0,5.469336053277903,4.569815230080698,140858.38330000013,89858.38330000013
1614960000000.0,119766.05490000013,19990.8358,51000.0,5.419492788363483,5.439491537037277,139756.89070000013,88756.89070000013
1615046400000.0,119766.05490000013,19990.8358,51000.0,5.419492788363483,5.439491537037277,139756.89070000013,88756.89070000013
1615132800000.0,121248.16220000014,19990.8358,51000.0,5.486559118891257,4.269303373106448,141238.99800000014,90238.99800000014
1615219200000.0,121869.38750000013,19990.8358,51000.0,5.514669972472515,3.7788189842944186,141860.22330000013,90860.22330000013
1615305600000.0,125892.26350000013,19990.8358,51000.0,5.696707758460241,0.7390747770639527,145883.09930000012,94883.09930000012
1615392000000.0,128843.65270000012,19990.8358,51000.0,5.830260061726881,0.1515210409646195,148834.48850000012,97834.48850000012
1615478400000.0,126228.79400000013,20708.9179,51000.0,5.744429672528376,2.528787341521399,146937.7119000001,95937.71190000011
1615564800000.0,124574.61330000011,20708.9179,51000.0,5.6691510899190565,3.806110792660855,145283.5312000001,94283.53120000011
1615651200000.0,127781.31940000011,20708.9179,51000.0,5.8150821179214125,1.3299599692097597,148490.2373000001,97490.2373000001
1615737600000.0,127769.6490000001,20708.9179,51000.0,5.814551020460002,1.647056312094497,148478.5669000001,97478.56690000009
1615824000000.0,125652.47120000012,20828.6798,51000.0,5.723652463952048,3.1846024748301227,146481.15100000013,95481.15100000013
1615910400000.0,125652.47120000012,20828.6798,51000.0,5.723652463952048,3.1846024748301227,146481.15100000013,95481.15100000013
1615996800000.0,125652.47120000012,20828.6798,51000.0,5.723652463952048,3.1846024748301227,146481.15100000013,95481.15100000013
1616083200000.0,126344.57180000012,20828.6798,51000.0,5.755178650955465,2.651338034612649,147173.25160000013,96173.25160000013
1616169600000.0,124474.97090000013,20828.6798,51000.0,5.67001561599327,4.091868034685686,145303.65070000014,94303.65070000014
1616256000000.0,124840.35620000014,20828.6798,51000.0,5.686659446812229,3.810338171154015,145669.03600000014,94669.03600000014
1616342400000.0,123569.73460000014,20828.6798,51000.0,5.628780788460855,4.789353817509778,144398.41440000015,93398.41440000015
1616428800000.0,123569.73460000014,20828.6798,51000.0,5.628780788460855,4.789353817509778,144398.41440000015,93398.41440000015
1616515200000.0,123569.73460000014,20828.6798,51000.0,5.628780788460855,4.789353817509778,144398.41440000015,93398.41440000015
1616601600000.0,123569.73460000014,20828.6798,51000.0,5.628780788460855,4.789353817509778,144398.41440000015,93398.41440000015
1616688000000.0,123569.73460000014,20828.6798,51000.0,5.628780788460855,4.789353817509778,144398.41440000015,93398.41440000015
1616774400000.0,123569.73460000014,20828.6798,51000.0,5.628780788460855,4.789353817509778,144398.41440000015,93398.41440000015
1616860800000.0,123524.15750000015,20828.6798,51000.0,5.626704685394807,4.8244710341662,144352.83730000016,93352.83730000016
1616947200000.0,125329.79740000014,20828.6798,51000.0,5.70895420395935,3.4332230703473354,146158.47720000014,95158.47720000014
1617033600000.0,123457.79290000015,20828.6798,51000.0,5.623681681528018,4.875605047442955,144286.47270000016,93286.47270000016
1617120000000.0,124565.67780000015,20828.6798,51000.0,5.674147446961053,4.021978246622549,145394.35760000016,94394.35760000016
1617206400000.0,122537.75970000014,20828.6798,51000.0,5.581772833720991,5.584491861555641,143366.43950000015,92366.43950000015
1617292800000.0,123489.94570000013,20828.6798,52000.0,5.579612466826531,5.621034398162217,144318.62550000014,92318.62550000014
1617379200000.0,124061.55110000013,20828.6798,52000.0,5.605439157395279,5.184176757010761,144890.23090000014,92890.23090000014
1617465600000.0,123326.33910000013,20828.6798,52000.0,5.572220274532328,5.7460730933054265,144155.01890000014,92155.01890000014
1617552000000.0,122537.43980000014,20828.6798,52000.0,5.536575653066188,6.34900072013338,143366.11960000015,91366.11960000015
1617638400000.0,122537.43980000014,20828.6798,52000.0,5.536575653066188,6.34900072013338,143366.11960000015,91366.11960000015
1617724800000.0,120907.93920000014,20828.6798,52000.0,5.462950372798037,7.594369970267989,141736.61900000015,89736.61900000015
1617811200000.0,120907.93920000014,20828.6798,52000.0,5.462950372798037,7.594369970267989,141736.61900000015,89736.61900000015
1617897600000.0,120907.93920000014,20828.6798,52000.0,5.462950372798037,7.594369970267989,141736.61900000015,89736.61900000015
1617984000000.0,121373.67730000013,20828.6798,52000.0,5.483993690084361,7.23842293449758,142202.35710000014,90202.35710000014
1618070400000.0,124852.32750000013,20828.6798,52000.0,5.641168591357709,4.5798145295331105,145681.00730000014,93681.00730000014
1618156800000.0,122781.24060000014,21036.8243,52000.0,5.556995774039677,6.003595029971098,143818.06490000014,91818.06490000014
1618243200000.0,123353.05820000013,21036.8243,52000.0,5.582875851250116,5.56583435549075,144389.88250000012,92389.88250000012
1618329600000.0,128574.93360000013,21036.8243,52000.0,5.819214394406698,1.5681754916216706,149611.75790000014,97611.75790000014
1618416000000.0,128127.19480000013,21036.8243,52000.0,5.798950039629738,2.141745250450877,149164.01910000012,97164.01910000012
1618502400000.0,125893.63070000013,21382.6454,52000.0,5.71351207026072,3.583525316611169,147276.27610000013,95276.27610000013
1618588800000.0,124403.14380000012,21382.6454,52000.0,5.645868339228698,4.725024625676477,145785.78920000012,93785.78920000012
1618675200000.0,124403.14380000012,21382.6454,52000.0,5.645868339228698,4.725024625676477,145785.78920000012,93785.78920000012
1618761600000.0,124403.14380000012,21382.6454,52000.0,5.645868339228698,4.725024625676477,145785.78920000012,93785.78920000012
1618848000000.0,124403.14380000012,21382.6454,52000.0,5.645868339228698,4.725024625676477,145785.78920000012,93785.78920000012
1618934400000.0,124403.14380000012,21382.6454,52000.0,5.645868339228698,4.725024625676477,145785.78920000012,93785.78920000012
1619020800000.0,124403.14380000012,21382.6454,52000.0,5.645868339228698,4.725024625676477,145785.78920000012,93785.78920000012
1619107200000.0,124403.14380000012,21382.6454,52000.0,5.645868339228698,4.725024625676477,145785.78920000012,93785.78920000012
1619193600000.0,124403.14380000012,21382.6454,52000.0,5.645868339228698,4.725024625676477,145785.78920000012,93785.78920000012
1619280000000.0,124403.14380000012,21382.6454,52000.0,5.645868339228698,4.725024625676477,145785.78920000012,93785.78920000012
1619366400000.0,124403.14380000012,21382.6454,52000.0,5.645868339228698,4.725024625676477,145785.78920000012,93785.78920000012
1619452800000.0,124282.88250000012,21382.6454,52000.0,5.640410442865595,4.817127542419531,145665.52790000013,93665.52790000013
1619539200000.0,125759.01600000012,21382.6454,52000.0,5.707402764261615,3.6866208802421196,147141.66140000013,95141.66140000013
1619625600000.0,125085.45130000012,21382.6454,52000.0,5.676833941818784,4.202474887184948,146468.0967000001,94468.09670000011
1619712000000.0,124218.94030000012,21382.6454,52000.0,5.637508512645077,4.866098101718053,145601.5857000001,93601.58570000011
1619798400000.0,125648.19460000012,21382.6454,52000.0,5.702373284985955,3.771494186763391,147030.8400000001,95030.84000000011
1619884800000.0,126886.74350000013,21382.6454,53000.0,5.713114016545421,3.590242539834254,148269.38890000014,95269.38890000014
1619971200000.0,125857.81550000011,21382.6454,53000.0,5.666786222036169,4.3720318441202055,147240.46090000012,94240.46090000012
1620057600000.0,127218.17410000012,21382.6454,53000.0,5.728036779587031,3.33841841006709,148600.81950000013,95600.81950000013
1620144000000.0,125963.52310000012,21465.376800000002,53000.0,5.675270745024687,4.22885409532695,147428.89990000013,94428.89990000013
1620230400000.0,125963.52310000012,21465.376800000002,53000.0,5.675270745024687,4.22885409532695,147428.89990000013,94428.89990000013
1620316800000.0,126118.43570000012,21465.376800000002,53000.0,5.682250312800968,4.111072718211184,147583.81250000012,94583.81250000012
1620403200000.0,124687.77840000011,21474.228600000002,53000.0,5.618191044207319,5.192083622300181,146162.0070000001,93162.0070000001
1620489600000.0,122782.69930000011,21474.228600000002,53000.0,5.532351850699589,6.640634413110524,144256.92790000013,91256.92790000013
1620576000000.0,120987.73310000011,21474.228600000002,53000.0,5.4514741322984825,8.005459479160425,142461.9617000001,89461.9617000001
1620662400000.0,119426.95680000012,21474.228600000002,53000.0,5.381148559550359,9.192215317090223,140901.18540000013,87901.18540000013
1620748800000.0,119426.95680000012,21474.228600000002,53000.0,5.381148559550359,9.192215317090223,140901.18540000013,87901.18540000013
1620835200000.0,119426.95680000012,21474.228600000002,53000.0,5.381148559550359,9.192215317090223,140901.18540000013,87901.18540000013
1620921600000.0,119426.95680000012,21474.228600000002,53000.0,5.381148559550359,9.192215317090223,140901.18540000013,87901.18540000013
1621008000000.0,119426.95680000012,21474.228600000002,53000.0,5.381148559550359,9.192215317090223,140901.18540000013,87901.18540000013
1621094400000.0,119426.95680000012,21474.228600000002,53000.0,5.381148559550359,9.192215317090223,140901.18540000013,87901.18540000013
1621180800000.0,119426.95680000012,21474.228600000002,53000.0,5.381148559550359,9.192215317090223,140901.18540000013,87901.18540000013
1621267200000.0,119426.95680000012,21474.228600000002,53000.0,5.381148559550359,9.192215317090223,140901.18540000013,87901.18540000013
1621353600000.0,119426.95680000012,21474.228600000002,53000.0,5.381148559550359,9.192215317090223,140901.18540000013,87901.18540000013
1621440000000.0,119426.95680000012,21474.228600000002,53000.0,5.381148559550359,9.192215317090223,140901.18540000013,87901.18540000013
1621526400000.0,119426.95680000012,21474.228600000002,53000.0,5.381148559550359,9.192215317090223,140901.18540000013,87901.18540000013
1621612800000.0,119426.95680000012,21474.228600000002,53000.0,5.381148559550359,9.192215317090223,140901.18540000013,87901.18540000013
1621699200000.0,119426.95680000012,21474.228600000002,53000.0,5.381148559550359,9.192215317090223,140901.18540000013,87901.18540000013
1621785600000.0,119426.95680000012,21474.228600000002,53000.0,5.381148559550359,9.192215317090223,140901.18540000013,87901.18540000013
1621872000000.0,119426.95680000012,21474.228600000002,53000.0,5.381148559550359,9.192215317090223,140901.18540000013,87901.18540000013
1621958400000.0,118316.99120000012,21474.228600000002,53000.0,5.331135648314641,10.036191584349808,139791.21980000014,86791.21980000014
1622044800000.0,118658.86940000011,21474.228600000002,53000.0,5.346540021270007,9.776240206493213,140133.09800000011,87133.09800000011
1622131200000.0,117376.28260000012,21474.228600000002,53000.0,5.288749131371704,10.751471168516192,138850.51120000012,85850.51120000012
1622217600000.0,116244.16250000012,21474.228600000002,53000.0,5.237737981053646,11.612292887754649,137718.39110000012,84718.39110000012
1622304000000.0,116244.16250000012,21474.228600000002,53000.0,5.237737981053646,11.612292887754649,137718.39110000012,84718.39110000012
1622390400000.0,116244.16250000012,21474.228600000002,53000.0,5.237737981053646,11.612292887754649,137718.39110000012,84718.39110000012
1622476800000.0,116244.16250000012,21474.228600000002,53000.0,5.237737981053646,11.612292887754649,137718.39110000012,84718.39110000012
1622563200000.0,115780.53490000012,21474.228600000002,54000.0,5.172352227876908,12.715688441714102,137254.76350000012,83254.76350000012
1622649600000.0,116589.42880000013,21474.228600000002,54000.0,5.20848856261914,12.10588173071404,138063.65740000014,84063.65740000014
1622736000000.0,117260.08740000012,21474.228600000002,54000.0,5.238449406269162,11.600287467894276,138734.3160000001,84734.31600000011
1622822400000.0,115497.84520000013,21474.228600000002,54000.0,5.1597234150902365,12.928801776096499,136972.07380000013,82972.07380000013
1622908800000.0,115497.84520000013,21474.228600000002,54000.0,5.1597234150902365,12.928801776096499,136972.07380000013,82972.07380000013
1622995200000.0,115497.84520000013,21474.228600000002,54000.0,5.1597234150902365,12.928801776096499,136972.07380000013,82972.07380000013
1623081600000.0,115497.84520000013,21474.228600000002,54000.0,5.1597234150902365,12.928801776096499,136972.07380000013,82972.07380000013
1623168000000.0,115497.84520000013,21474.228600000002,54000.0,5.1597234150902365,12.928801776096499,136972.07380000013,82972.07380000013
1623254400000.0,115497.84520000013,21474.228600000002,54000.0,5.1597234150902365,12.928801776096499,136972.07380000013,82972.07380000013
1623340800000.0,114949.74770000012,21474.228600000002,54000.0,5.135237837029405,13.342000013569134,136423.97630000013,82423.97630000013
1623427200000.0,113678.31880000012,21474.228600000002,54000.0,5.078438323111266,14.300501339613781,135152.54740000013,81152.54740000013
1623513600000.0,112927.55860000012,21474.228600000002,54000.0,5.044899039531127,14.866482376572709,134401.78720000014,80401.78720000014
1623600000000.0,112927.55860000012,21474.228600000002,54000.0,5.044899039531127,14.866482376572709,134401.78720000014,80401.78720000014
1623686400000.0,114624.58280000012,21474.228600000002,54000.0,5.120711497205573,13.58713443503241,136098.81140000012,82098.81140000012
1623772800000.0,113868.88970000013,21474.228600000002,54000.0,5.086951842417727,14.156834273090823,135343.11830000015,81343.11830000015
1623859200000.0,112308.67990000012,21474.228600000002,54000.0,5.0172513988850085,15.333040950639088,133782.90850000014,79782.90850000014
1623945600000.0,112652.14910000011,21512.3918,54000.0,5.034300354446277,15.045336965413025,134164.5409000001,80164.54090000011
1624032000000.0,112652.14910000011,21512.3918,54000.0,5.034300354446277,15.045336965413025,134164.5409000001,80164.54090000011
1624118400000.0,112652.14910000011,21512.3918,54000.0,5.034300354446277,15.045336965413025,134164.5409000001,80164.54090000011
1624204800000.0,112652.14910000011,21512.3918,54000.0,5.034300354446277,15.045336965413025,134164.5409000001,80164.54090000011
1624291200000.0,112652.14910000011,21512.3918,54000.0,5.034300354446277,15.045336965413025,134164.5409000001,80164.54090000011
1624377600000.0,112652.14910000011,21512.3918,54000.0,5.034300354446277,15.045336965413025,134164.5409000001,80164.54090000011
1624464000000.0,112652.14910000011,21512.3918,54000.0,5.034300354446277,15.045336965413025,134164.5409000001,80164.54090000011
1624550400000.0,112652.14910000011,21512.3918,54000.0,5.034300354446277,15.045336965413025,134164.5409000001,80164.54090000011
1624636800000.0,111227.3435000001,21512.3918,54000.0,4.9706273629019275,16.11982937949332,132739.73530000012,78739.73530000012
1624723200000.0,111227.3435000001,21512.3918,54000.0,4.9706273629019275,16.11982937949332,132739.73530000012,78739.73530000012
1624809600000.0,111227.3435000001,21512.3918,54000.0,4.9706273629019275,16.11982937949332,132739.73530000012,78739.73530000012
1624896000000.0,114003.25780000011,21512.3918,54000.0,5.0946799127738105,14.026421789372234,135515.64960000012,81515.64960000012
1624982400000.0,115672.47410000011,21512.3918,54000.0,5.169275349060409,12.767611287919145,137184.86590000012,83184.86590000012
1625068800000.0,113606.6222000001,21776.756,54000.0,5.088768849725097,14.126171969958124,135383.3782000001,81383.3782000001
1625155200000.0,113908.56040000009,21776.756,55000.0,5.057773475506459,14.649224109675952,135685.3164000001,80685.3164000001
1625241600000.0,113908.56040000009,21776.756,55000.0,5.057773475506459,14.649224109675952,135685.3164000001,80685.3164000001
1625328000000.0,113724.44490000009,21776.756,55000.0,5.04959837006171,14.78718038551029,135501.20090000008,80501.20090000008
1625414400000.0,115674.74040000008,21776.756,55000.0,5.136195486333399,13.325839520909156,137451.4964000001,82451.49640000009
1625500800000.0,113921.46560000008,21778.1899,55000.0,5.058410160926658,14.638479936399861,135699.65550000008,80699.65550000008
1625587200000.0,113921.46560000008,21778.1899,55000.0,5.058410160926658,14.638479936399861,135699.65550000008,80699.65550000008
1625673600000.0,113297.55450000007,21778.1899,55000.0,5.030706881029994,15.105977432153228,135075.74440000008,80075.74440000008
1625760000000.0,112697.64390000008,21778.1899,55000.0,5.004069285922655,15.555491318307668,134475.83380000008,79475.83380000008
1625846400000.0,112697.64390000008,21778.1899,55000.0,5.004069285922655,15.555491318307668,134475.83380000008,79475.83380000008
1625932800000.0,112987.87300000008,21778.1899,55000.0,5.016956214832009,15.338022231053483,134766.06290000008,79766.06290000008
1626019200000.0,111305.47570000007,21778.1899,55000.0,4.9422533872989005,16.598644977807353,133083.66560000007,78083.66560000007
1626105600000.0,110513.04630000006,21778.1899,55000.0,4.907067455414462,17.192413481142744,132291.23620000007,77291.23620000007
1626192000000.0,110513.04630000006,21778.1899,55000.0,4.907067455414462,17.192413481142744,132291.23620000007,77291.23620000007
1626278400000.0,110513.04630000006,21778.1899,55000.0,4.907067455414462,17.192413481142744,132291.23620000007,77291.23620000007
1626364800000.0,110513.04630000006,21778.1899,55000.0,4.907067455414462,17.192413481142744,132291.23620000007,77291.23620000007
1626451200000.0,110513.04630000006,21778.1899,55000.0,4.907067455414462,17.192413481142744,132291.23620000007,77291.23620000007
1626537600000.0,110513.04630000006,21778.1899,55000.0,4.907067455414462,17.192413481142744,132291.23620000007,77291.23620000007
1626624000000.0,110513.04630000006,21778.1899,55000.0,4.907067455414462,17.192413481142744,132291.23620000007,77291.23620000007
1626710400000.0,110513.04630000006,21778.1899,55000.0,4.907067455414462,17.192413481142744,132291.23620000007,77291.23620000007
1626796800000.0,110513.04630000006,21778.1899,55000.0,4.907067455414462,17.192413481142744,132291.23620000007,77291.23620000007
1626883200000.0,110513.04630000006,21778.1899,55000.0,4.907067455414462,17.192413481142744,132291.23620000007,77291.23620000007
1626969600000.0,111620.87200000006,21778.1899,55000.0,4.956257805520138,16.36231807094535,133399.06190000006,78399.06190000006
1627056000000.0,111296.33780000007,21778.1899,55000.0,4.941847640708773,16.605492019583735,133074.52770000006,78074.52770000006
1627142400000.0,113916.46090000006,21778.1899,55000.0,5.05818793919523,14.64222996539759,135694.65080000006,80694.65080000006
1627228800000.0,114474.79570000006,21778.1899,55000.0,5.0829794603597795,14.223868886724766,136252.98560000007,81252.98560000007
1627315200000.0,121977.15500000006,21778.1899,55000.0,5.416103778188452,8.602340138491327,143755.34490000005,88755.34490000005
1627401600000.0,119022.20430000007,22723.6518,55000.0,5.326877235054967,10.108053022497431,141745.85610000006,86745.85610000006
1627488000000.0,121334.65410000007,22723.6518,55000.0,5.430371673502596,8.361567011485638,144058.30590000006,89058.30590000006
1627574400000.0,121622.75370000006,22723.6518,55000.0,5.443265664247383,8.143978754573844,144346.40550000005,89346.40550000005
1627660800000.0,120450.45090000005,22841.037,55000.0,5.396068751875228,8.94043456859932,143291.48790000007,88291.48790000007
1627747200000.0,124711.45200000005,22841.037,55000.0,5.5869576586050576,5.7191522440454,147552.48900000006,92552.48900000006
1627833600000.0,125277.65290000006,22841.037,56000.0,5.5676771487878405,6.0445140817057315,148118.68990000006,92118.68990000006
1627920000000.0,123098.23070000006,23065.4324,56000.0,5.480790479157172,7.510741207815053,146163.66310000006,90163.66310000006
1628006400000.0,123098.23070000006,23065.4324,56000.0,5.480790479157172,7.510741207815053,146163.66310000006,90163.66310000006
1628092800000.0,123098.23070000006,23065.4324,56000.0,5.480790479157172,7.510741207815053,146163.66310000006,90163.66310000006
1628179200000.0,123098.23070000006,23065.4324,56000.0,5.480790479157172,7.510741207815053,146163.66310000006,90163.66310000006
1628265600000.0,124770.64370000006,23065.4324,56000.0,5.555252518095467,6.254181808993309,147836.07610000006,91836.07610000006
1628352000000.0,126291.09030000005,23065.4324,56000.0,5.622948448426551,5.111801627999379,149356.52270000006,93356.52270000006
1628438400000.0,127089.24510000006,23065.4324,56000.0,5.658485264868655,4.512111888889059,150154.67750000005,94154.67750000005
1628524800000.0,129539.88920000006,23065.4324,56000.0,5.767597043118468,2.6708323263515132,152605.32160000005,96605.32160000005
1628611200000.0,128623.89240000006,23065.4324,56000.0,5.726813463112241,3.3590620808025107,151689.32480000006,95689.32480000006
1628697600000.0,130300.30080000006,23065.4324,56000.0,5.80145339209945,2.0995007575625335,153365.73320000005,97365.73320000005
1628784000000.0,127821.94450000006,23590.2894,56000.0,5.714476346990058,3.567252985036684,151412.23390000005,95412.23390000005
1628870400000.0,127385.78600000005,23590.2894,56000.0,5.6949772113640265,3.896304169897402,150976.07540000006,94976.07540000006
1628956800000.0,128565.72590000005,23590.2894,56000.0,5.747728236829921,3.006121765658043,152156.01530000006,96156.01530000006
1629043200000.0,126404.09650000006,23590.2894,56000.0,5.651089274517326,4.636920466817718,149994.38590000005,93994.38590000005
1629129600000.0,126400.43720000006,23590.2894,56000.0,5.65092567989061,4.639681153588171,149990.72660000005,93990.72660000005
1629216000000.0,126318.12580000007,23590.2894,56000.0,5.647245822333854,4.701779367190639,149908.41520000008,93908.41520000008
1629302400000.0,126318.12580000007,23590.2894,56000.0,5.647245822333854,4.701779367190639,149908.41520000008,93908.41520000008
1629388800000.0,126318.12580000007,23590.2894,56000.0,5.647245822333854,4.701779367190639,149908.41520000008,93908.41520000008
1629475200000.0,129074.07670000006,23590.2894,56000.0,5.770454840105571,2.622606522770654,152664.36610000007,96664.36610000007
1629561600000.0,129873.25830000007,23590.2894,56000.0,5.806183480974039,2.0196797142850054,153463.54770000008,97463.54770000008
1629648000000.0,128742.77750000007,23590.2894,56000.0,5.755643600536479,2.8725486752299134,152333.06690000006,96333.06690000006
1629734400000.0,130489.98940000008,23590.2894,56000.0,5.833755392019432,1.5543990899352433,154080.2788000001,98080.27880000009
1629820800000.0,128385.36390000007,23819.982500000002,56000.0,5.749933659421666,2.9689048894410597,152205.34640000007,96205.34640000007
1629907200000.0,128385.36390000007,23819.982500000002,56000.0,5.749933659421666,2.9689048894410597,152205.34640000007,96205.34640000007
1629993600000.0,128385.36390000007,23819.982500000002,56000.0,5.749933659421666,2.9689048894410597,152205.34640000007,96205.34640000007
1630080000000.0,128385.36390000007,23819.982500000002,56000.0,5.749933659421666,2.9689048894410597,152205.34640000007,96205.34640000007
1630166400000.0,127764.65840000007,23819.982500000002,56000.0,5.722134420173351,3.438021715351669,151584.6409000001,95584.64090000009
1630252800000.0,126821.65530000007,23819.982500000002,56000.0,5.679900593038255,4.15072463339553,150641.63780000008,94641.63780000008
1630339200000.0,126549.07900000007,23819.982500000002,56000.0,5.667692849145023,4.356732359562687,150369.06150000007,94369.06150000007
1630425600000.0,126549.07900000007,23819.982500000002,56000.0,5.667692849145023,4.356732359562687,150369.06150000007,94369.06150000007
1630512000000.0,127549.07900000007,23819.982500000002,57000.0,5.667692849145023,4.356732359562687,151369.06150000007,94369.06150000007
1630598400000.0,127181.65140000006,23819.982500000002,57000.0,5.651366061077047,4.632249647188768,151001.63390000007,94001.63390000007
1630684800000.0,125437.97270000007,23819.982500000002,57000.0,5.573885021020329,5.939755196350982,149257.95520000008,92257.95520000008
1630771200000.0,124476.53320000006,23819.982500000002,57000.0,5.53116308353746,6.660695058398813,148296.51570000008,91296.51570000008
1630857600000.0,124996.60350000008,23819.982500000002,57000.0,5.554272609246875,6.270717935202629,148816.5860000001,91816.5860000001
1630944000000.0,127956.35370000008,23819.982500000002,57000.0,5.685790258573027,4.051335539447032,151776.33620000008,94776.33620000008
1631030400000.0,125540.66970000007,24007.0246,57000.0,5.586759690426509,5.722492990269523,149547.69430000006,92547.69430000006
1631116800000.0,125540.66970000007,24007.0246,57000.0,5.586759690426509,5.722492990269523,149547.69430000006,92547.69430000006
1631203200000.0,125540.66970000007,24007.0246,57000.0,5.586759690426509,5.722492990269523,149547.69430000006,92547.69430000006
1631289600000.0,125540.66970000007,24007.0246,57000.0,5.586759690426509,5.722492990269523,149547.69430000006,92547.69430000006
1631376000000.0,125540.66970000007,24007.0246,57000.0,5.586759690426509,5.722492990269523,149547.69430000006,92547.69430000006
1631462400000.0,125540.66970000007,24007.0246,57000.0,5.586759690426509,5.722492990269523,149547.69430000006,92547.69430000006
1631548800000.0,125540.66970000007,24007.0246,57000.0,5.586759690426509,5.722492990269523,149547.69430000006,92547.69430000006
1631635200000.0,125540.66970000007,24007.0246,57000.0,5.586759690426509,5.722492990269523,149547.69430000006,92547.69430000006
1631721600000.0,128188.37200000008,24007.0246,57000.0,5.704586658509742,3.734143137234358,152195.39660000007,95195.39660000007
1631808000000.0,127731.56210000007,24007.0246,57000.0,5.684257890616386,4.0771945057851315,151738.58670000007,94738.58670000007
1631894400000.0,126890.96070000008,24007.0246,57000.0,5.64684978989127,4.708462481097575,150897.9853000001,93897.98530000009
1631980800000.0,128110.40120000008,24078.7475,57000.0,5.70435728880769,3.7380137894355125,152189.14870000008,95189.14870000008
1632067200000.0,126047.24120000008,24078.7475,57000.0,5.612491197735168,5.28826948772293,150125.98870000007,93125.98870000007
1632153600000.0,126047.24120000008,24078.7475,57000.0,5.612491197735168,5.28826948772293,150125.98870000007,93125.98870000007
1632240000000.0,126047.24120000008,24078.7475,57000.0,5.612491197735168,5.28826948772293,150125.98870000007,93125.98870000007
1632326400000.0,126047.24120000008,24078.7475,57000.0,5.612491197735168,5.28826948772293,150125.98870000007,93125.98870000007
1632412800000.0,126047.24120000008,24078.7475,57000.0,5.612491197735168,5.28826948772293,150125.98870000007,93125.98870000007
1632499200000.0,124453.82000000007,24078.7475,57000.0,5.5415411128769465,6.485564072278671,148532.56750000006,91532.56750000006
1632585600000.0,124453.82000000007,24078.7475,57000.0,5.5415411128769465,6.485564072278671,148532.56750000006,91532.56750000006
1632672000000.0,124453.82000000007,24078.7475,57000.0,5.5415411128769465,6.485564072278671,148532.56750000006,91532.56750000006
1632758400000.0,123183.32040000007,24078.7475,57000.0,5.484969721437988,7.440215793217375,147262.06790000008,90262.06790000008
1632844800000.0,123183.32040000007,24078.7475,57000.0,5.484969721437988,7.440215793217375,147262.06790000008,90262.06790000008
1632931200000.0,123183.32040000007,24078.7475,57000.0,5.484969721437988,7.440215793217375,147262.06790000008,90262.06790000008
1633017600000.0,123280.98110000008,24078.7475,57000.0,5.489318248338668,7.36683367226032,147359.7286000001,90359.72860000009
1633104000000.0,130986.31830000007,24078.7475,58000.0,5.785483675481599,2.3689924045655064,155065.06580000007,97065.06580000007
1633190400000.0,131725.85810000007,24078.7475,58000.0,5.818148120866419,1.8177744089152958,155804.60560000007,97804.60560000007
1633276800000.0,131807.47410000008,24078.7475,58000.0,5.821752986182021,1.7569417019629552,155886.22160000008,97886.22160000008
1633363200000.0,131614.02980000008,24078.7475,58000.0,5.813208820239424,1.9011259356119914,155692.77730000007,97692.77730000007
1633449600000.0,134852.16550000006,24078.7475,58000.0,5.956232774759902,0.65697957894717,158930.91300000006,100930.91300000006
1633536000000.0,143110.21180000008,24078.7475,58000.0,6.320979205380216,0.5041139909782277,167188.95930000008,109188.95930000008
1633622400000.0,139191.05410000007,25746.273400000002,58000.0,6.221527757388069,2.39310129825685,164937.32750000007,106937.32750000007
1633708800000.0,139693.08570000005,25746.273400000002,58000.0,6.2439674432908845,2.04105462512032,165439.35910000006,107439.35910000006
1633795200000.0,140547.69920000006,25746.273400000002,58000.0,6.282166748888992,1.4417619919622093,166293.97260000007,108293.97260000007
1633881600000.0,141066.03410000005,25746.273400000002,58000.0,6.30533515571531,1.0782827266817674,166812.30750000005,108812.30750000005
1633968000000.0,143839.21510000006,25746.273400000002,58000.0,6.429290123075251,0.14940317319070973,169585.48850000006,111585.48850000006
1634054400000.0,142284.44610000006,25746.273400000002,58000.0,6.359795437857357,1.3744940974808384,168030.71950000006,110030.71950000006
1634140800000.0,139977.36300000004,25956.447500000002,58000.0,6.265994715073803,2.829123232795716,165933.81050000005,107933.81050000005
1634227200000.0,140352.19480000003,25956.447500000002,58000.0,6.282773814404611,2.5689187692623627,166308.64230000004,108308.64230000004
1634313600000.0,143755.28590000005,25956.447500000002,58000.0,6.435110952285361,0.2693926784464007,169711.73340000006,111711.73340000006
1634400000000.0,144890.06450000004,25956.447500000002,58000.0,6.4859085709715965,1.6989379443053343,170846.51200000005,112846.51200000005
1634486400000.0,144667.65450000003,25956.447500000002,58000.0,6.475952533404439,1.8498326194319903,170624.10200000004,112624.10200000004
1634572800000.0,142284.28060000003,26212.771600000004,58000.0,6.380736546191573,3.292935396057184,168497.05220000003,110497.05220000003
1634659200000.0,142916.87190000003,26212.771600000004,58000.0,6.409105094071154,2.862978921181547,169129.64350000003,111129.64350000003
1634745600000.0,147886.37630000003,26212.771600000004,58000.0,6.631962448431209,0.07681179432619256,174099.14790000004,116099.14790000004
1634832000000.0,145362.945,26554.845400000002,58000.0,6.534139502271131,1.5507014214152681,171917.7904,113917.7904
1634918400000.0,145558.50070000003,26576.5737,58000.0,6.543906530364926,1.4035424780383665,172135.07440000004,114135.07440000004
1635004800000.0,145558.50070000003,26576.5737,58000.0,6.543906530364926,1.4035424780383665,172135.07440000004,114135.07440000004
1635091200000.0,145558.50070000003,26576.5737,58000.0,6.543906530364926,1.4035424780383665,172135.07440000004,114135.07440000004
1635177600000.0,145980.80830000003,26576.5737,58000.0,6.5628923089225,1.1174854415591517,172557.38200000004,114557.38200000004
1635264000000.0,143803.43210000003,26576.5737,58000.0,6.465003513244343,2.5923672174788748,170380.00580000004,112380.00580000004
1635350400000.0,142775.39930000005,26576.5737,58000.0,6.418786009484707,3.288722234938757,169351.97300000006,111351.97300000006
1635436800000.0,142775.39930000005,26576.5737,58000.0,6.418786009484707,3.288722234938757,169351.97300000006,111351.97300000006
1635523200000.0,141715.46000000005,26576.5737,58000.0,6.371134077967797,4.006689647805272,168292.03370000006,110292.03370000006
1635609600000.0,139603.82810000004,26576.5737,58000.0,6.276200963696327,5.437038434919228,166180.40180000005,108180.40180000005
1635696000000.0,138713.52370000005,26576.5737,58000.0,6.236175346853926,6.040100843051155,165290.09740000006,107290.09740000006
1635782400000.0,139770.08220000006,26576.5737,59000.0,6.238699860687766,6.002064217707126,166346.65590000007,107346.65590000007
1635868800000.0,142266.90160000007,26576.5737,59000.0,6.350146506477479,4.322907520314967,168843.47530000008,109843.47530000008
1635955200000.0,140018.68950000007,26683.616,59000.0,6.254574438959807,5.762883359145709,166702.30550000007,107702.30550000007
1636041600000.0,137465.32430000007,26683.616,59000.0,6.140516717306517,7.481380904283053,164148.94030000007,105148.94030000007
1636128000000.0,137465.32430000007,26683.616,59000.0,6.140516717306517,7.481380904283053,164148.94030000007,105148.94030000007
1636214400000.0,137465.32430000007,26683.616,59000.0,6.140516717306517,7.481380904283053,164148.94030000007,105148.94030000007
1636300800000.0,137651.75570000007,26683.616,59000.0,6.148844527495452,7.355906529040334,164335.37170000008,105335.37170000008
1636387200000.0,147245.35260000007,26683.616,59000.0,6.577386361179905,0.8991048456433504,173928.96860000008,114928.96860000008
1636473600000.0,148091.41830000008,26683.616,59000.0,6.615179750903787,2.485135636303226,174775.0343000001,115775.03430000009
1636560000000.0,151498.94450000007,26683.616,59000.0,6.767392475838666,0.920163468612123,178182.56050000008,119182.56050000008
1636646400000.0,148071.41430000006,27862.0704,59000.0,6.666927230376108,2.3910520173485272,175933.48470000006,116933.48470000006
1636732800000.0,148071.41430000006,27862.0704,59000.0,6.666927230376108,2.3910520173485272,175933.48470000006,116933.48470000006
1636819200000.0,148071.41430000006,27862.0704,59000.0,6.666927230376108,2.3910520173485272,175933.48470000006,116933.48470000006
1636905600000.0,148071.41430000006,27862.0704,59000.0,6.666927230376108,2.3910520173485272,175933.48470000006,116933.48470000006
1636992000000.0,146246.30380000005,27862.0704,59000.0,6.584751484649504,3.5941682075954606,174108.37420000005,115108.37420000005
1637078400000.0,146246.30380000005,27862.0704,59000.0,6.584751484649504,3.5941682075954606,174108.37420000005,115108.37420000005
1637164800000.0,146246.30380000005,27862.0704,59000.0,6.584751484649504,3.5941682075954606,174108.37420000005,115108.37420000005
1637251200000.0,146246.30380000005,27862.0704,59000.0,6.584751484649504,3.5941682075954606,174108.37420000005,115108.37420000005
1637337600000.0,146246.30380000005,27862.0704,59000.0,6.584751484649504,3.5941682075954606,174108.37420000005,115108.37420000005
1637424000000.0,146246.30380000005,27862.0704,59000.0,6.584751484649504,3.5941682075954606,174108.37420000005,115108.37420000005
1637510400000.0,146246.30380000005,27862.0704,59000.0,6.584751484649504,3.5941682075954606,174108.37420000005,115108.37420000005
1637596800000.0,144465.55100000004,27862.0704,59000.0,6.504572947900777,4.768043720616499,172327.62140000003,113327.62140000003
1637683200000.0,144465.55100000004,27862.0704,59000.0,6.504572947900777,4.768043720616499,172327.62140000003,113327.62140000003
1637769600000.0,144465.55100000004,27862.0704,59000.0,6.504572947900777,4.768043720616499,172327.62140000003,113327.62140000003
1637856000000.0,144958.12970000005,27862.0704,59000.0,6.526751343127555,4.4433349378108495,172820.20010000005,113820.20010000005
1637942400000.0,142814.91050000006,27862.0704,59000.0,6.430252727829701,5.8561489667521505,170676.98090000005,111676.98090000005
1638028800000.0,142814.91050000006,27862.0704,59000.0,6.430252727829701,5.8561489667521505,170676.98090000005,111676.98090000005
1638115200000.0,142814.91050000006,27862.0704,59000.0,6.430252727829701,5.8561489667521505,170676.98090000005,111676.98090000005
1638201600000.0,142149.21770000007,27862.0704,59000.0,6.400279856452965,6.294974881901294,170011.28810000006,111011.28810000006
1638288000000.0,141032.47430000006,27862.0704,59000.0,6.349998395861805,7.031134180141807,168894.54470000006,109894.54470000006
1638374400000.0,143347.84850000008,27862.0704,60000.0,6.408806243159569,6.170142015459767,171209.91890000008,111209.91890000008
1638460800000.0,141255.26800000007,27862.0704,60000.0,6.3152509989543235,7.539862825299615,169117.33840000007,109117.33840000007
1638547200000.0,141255.26800000007,27862.0704,60000.0,6.3152509989543235,7.539862825299615,169117.33840000007,109117.33840000007
1638633600000.0,141255.26800000007,27862.0704,60000.0,6.3152509989543235,7.539862825299615,169117.33840000007,109117.33840000007
1638720000000.0,141255.26800000007,27862.0704,60000.0,6.3152509989543235,7.539862825299615,169117.33840000007,109117.33840000007
1638806400000.0,141255.26800000007,27862.0704,60000.0,6.3152509989543235,7.539862825299615,169117.33840000007,109117.33840000007
1638892800000.0,141255.26800000007,27862.0704,60000.0,6.3152509989543235,7.539862825299615,169117.33840000007,109117.33840000007
1638979200000.0,139475.33750000008,27862.0704,60000.0,6.235673734139009,8.704935254254487,167337.40790000008,107337.40790000008
1639065600000.0,139475.33750000008,27862.0704,60000.0,6.235673734139009,8.704935254254487,167337.40790000008,107337.40790000008
1639152000000.0,139475.33750000008,27862.0704,60000.0,6.235673734139009,8.704935254254487,167337.40790000008,107337.40790000008
1639238400000.0,139475.33750000008,27862.0704,60000.0,6.235673734139009,8.704935254254487,167337.40790000008,107337.40790000008
1639324800000.0,139045.51140000008,27862.0704,60000.0,6.216457036979073,8.986282496944686,166907.58180000007,106907.58180000007
1639411200000.0,137677.38940000007,27862.0704,60000.0,6.15529093712649,9.881801294811577,165539.45980000007,105539.45980000007
1639497600000.0,137677.38940000007,27862.0704,60000.0,6.15529093712649,9.881801294811577,165539.45980000007,105539.45980000007
1639584000000.0,137677.38940000007,27862.0704,60000.0,6.15529093712649,9.881801294811577,165539.45980000007,105539.45980000007
1639670400000.0,137096.46670000008,27862.0704,60000.0,6.12931900196659,10.262050423147794,164958.53710000007,104958.53710000007
1639756800000.0,136411.07240000006,27862.0704,60000.0,6.098676342765004,10.710682547768869,164273.14280000006,104273.14280000006
1639843200000.0,136411.07240000006,27862.0704,60000.0,6.098676342765004,10.710682547768869,164273.14280000006,104273.14280000006
1639929600000.0,136411.07240000006,27862.0704,60000.0,6.098676342765004,10.710682547768869,164273.14280000006,104273.14280000006
1640016000000.0,136411.07240000006,27862.0704,60000.0,6.098676342765004,10.710682547768869,164273.14280000006,104273.14280000006
1640102400000.0,136021.58960000006,27862.0704,60000.0,6.081263316853819,10.9656226546057,163883.66000000006,103883.66000000006
1640188800000.0,136827.59220000007,27862.0704,60000.0,6.117298140877584,10.43804508518601,164689.66260000007,104689.66260000007
1640275200000.0,135516.28780000005,27862.0704,60000.0,6.058672246500085,11.296373319017194,163378.35820000005,103378.35820000005
1640361600000.0,139671.66880000004,27862.0704,60000.0,6.244451328461727,8.57642451489088,167533.73920000004,107533.73920000004
1640448000000.0,138994.09990000006,27862.0704,60000.0,6.21415852782377,9.019934440760036,166856.17030000006,106856.17030000006
1640534400000.0,136668.78380000003,28059.1846,60000.0,6.118970823598939,10.413555722230871,164727.96840000004,104727.96840000004
1640620800000.0,139540.03020000004,28059.1846,60000.0,6.247523024478066,8.531452520099748,167599.21480000005,107599.21480000005
1640707200000.0,137359.40690000003,28135.9204,60000.0,6.153327218598402,9.910551646065969,165495.32730000003,105495.32730000003
1640793600000.0,137359.40690000003,28135.9204,60000.0,6.153327218598402,9.910551646065969,165495.32730000003,105495.32730000003
1640880000000.0,137359.40690000003,28135.9204,60000.0,6.153327218598402,9.910551646065969,165495.32730000003,105495.32730000003
1640966400000.0,137359.40690000003,28135.9204,60000.0,6.153327218598402,9.910551646065969,165495.32730000003,105495.32730000003
1641052800000.0,138359.40690000003,28135.9204,61000.0,6.153327218598402,9.910551646065969,166495.32730000003,105495.32730000003
1641139200000.0,138359.40690000003,28135.9204,61000.0,6.153327218598402,9.910551646065969,166495.32730000003,105495.32730000003
1641225600000.0,138359.40690000003,28135.9204,61000.0,6.153327218598402,9.910551646065969,166495.32730000003,105495.32730000003
1641312000000.0,138359.40690000003,28135.9204,61000.0,6.153327218598402,9.910551646065969,166495.32730000003,105495.32730000003
1641398400000.0,138359.40690000003,28135.9204,61000.0,6.153327218598402,9.910551646065969,166495.32730000003,105495.32730000003
1641484800000.0,138359.40690000003,28135.9204,61000.0,6.153327218598402,9.910551646065969,166495.32730000003,105495.32730000003
1641571200000.0,138359.40690000003,28135.9204,61000.0,6.153327218598402,9.910551646065969,166495.32730000003,105495.32730000003
1641657600000.0,138359.40690000003,28135.9204,61000.0,6.153327218598402,9.910551646065969,166495.32730000003,105495.32730000003
1641744000000.0,138359.40690000003,28135.9204,61000.0,6.153327218598402,9.910551646065969,166495.32730000003,105495.32730000003
1641830400000.0,138359.40690000003,28135.9204,61000.0,6.153327218598402,9.910551646065969,166495.32730000003,105495.32730000003
1641916800000.0,138359.40690000003,28135.9204,61000.0,6.153327218598402,9.910551646065969,166495.32730000003,105495.32730000003
1642003200000.0,139860.37740000003,28135.9204,61000.0,6.220080631603695,8.93323028158326,167996.29780000003,106996.29780000003
1642089600000.0,139215.20450000005,28135.9204,61000.0,6.191387534002162,9.353319323276777,167351.12490000005,106351.12490000005
1642176000000.0,138317.70070000004,28153.8276,61000.0,6.15226762738008,9.926064877355012,166471.52830000003,105471.52830000003
1642262400000.0,137210.67590000003,28153.8276,61000.0,6.103027994236387,10.646971019589346,165364.50350000002,104364.50350000002
1642348800000.0,135198.4488,28153.8276,61000.0,6.013525641438334,11.957354378625551,163352.2764,102352.2764
1642435200000.0,135198.4488,28153.8276,61000.0,6.013525641438334,11.957354378625551,163352.2764,102352.2764
1642521600000.0,135198.4488,28153.8276,61000.0,6.013525641438334,11.957354378625551,163352.2764,102352.2764
1642608000000.0,135198.4488,28153.8276,61000.0,6.013525641438334,11.957354378625551,163352.2764,102352.2764
1642694400000.0,135198.4488,28153.8276,61000.0,6.013525641438334,11.957354378625551,163352.2764,102352.2764
1642780800000.0,133552.1449,28153.8276,61000.0,5.940299278235786,13.029444717969628,161705.9725,100705.9725
1642867200000.0,133552.1449,28153.8276,61000.0,5.940299278235786,13.029444717969628,161705.9725,100705.9725
1642953600000.0,133552.1449,28153.8276,61000.0,5.940299278235786,13.029444717969628,161705.9725,100705.9725
1643040000000.0,133552.1449,28153.8276,61000.0,5.940299278235786,13.029444717969628,161705.9725,100705.9725
1643126400000.0,133552.1449,28153.8276,61000.0,5.940299278235786,13.029444717969628,161705.9725,100705.9725
1643212800000.0,133404.79690000002,28153.8276,61000.0,5.9337453496657515,13.12539927855937,161558.6245,100558.6245
1643299200000.0,131389.285,28153.8276,61000.0,5.844096891426383,14.437921733753145,159543.1126,98543.1126
1643385600000.0,131389.285,28153.8276,61000.0,5.844096891426383,14.437921733753145,159543.1126,98543.1126
1643472000000.0,132556.23739999998,28153.8276,61000.0,5.896002059289063,13.677990110852656,160710.06499999997,99710.06499999997
1643558400000.0,133234.466,28153.8276,61000.0,5.92616915893449,13.236320544300051,161388.29359999998,100388.29359999998
1643644800000.0,131325.9993,28153.8276,61000.0,5.841281990937033,14.479134044304454,159479.8269,98479.82689999999
1643731200000.0,132716.7248,28153.8276,62000.0,5.858529832167202,14.226612368384862,160870.5524,98870.55239999999
1643817600000.0,130693.2974,28153.8276,62000.0,5.769209440905373,15.534331670425916,158847.125,96847.125
1643904000000.0,130693.2974,28153.8276,62000.0,5.769209440905373,15.534331670425916,158847.125,96847.125
1643990400000.0,130693.2974,28153.8276,62000.0,5.769209440905373,15.534331670425916,158847.125,96847.125
1644076800000.0,132850.76179999998,28153.8276,62000.0,5.864446643061212,14.139985701133229,161004.58939999997,99004.58939999997
1644163200000.0,132492.02519999997,28153.8276,62000.0,5.848610891567515,14.371833296045,160645.85279999996,98645.85279999996
1644249600000.0,135920.2718,28153.8276,62000.0,5.99994438030748,12.156194498736706,164074.09939999998,102074.09939999998
1644336000000.0,135318.90399999998,28153.8276,62000.0,5.973398131507911,12.544852020961606,163472.73159999997,101472.73159999997
1644422400000.0,135967.69679999998,28153.8276,62000.0,6.00203786760314,12.125544232807083,164121.52439999997,102121.52439999997
1644508800000.0,137565.50749999998,28153.8276,62000.0,6.072570211331578,11.092896412876529,165719.33509999997,103719.33509999997
1644595200000.0,135026.52719999998,28635.2975,62000.0,5.9817452902332064,12.422643190166493,163661.8247,101661.8247
1644681600000.0,134749.7253,28635.2975,62000.0,5.969482822287185,12.60217516262131,163385.02279999998,101385.02279999998
1644768000000.0,134749.7253,28635.2975,62000.0,5.969482822287185,12.60217516262131,163385.02279999998,101385.02279999998
1644854400000.0,134749.7253,28635.2975,62000.0,5.969482822287185,12.60217516262131,163385.02279999998,101385.02279999998
1644940800000.0,136140.6469,28635.2975,62000.0,6.031101371637566,11.700032155734396,164775.94439999998,102775.94439999998
1645027200000.0,134779.70799999998,28635.2975,62000.0,5.970811071470754,12.582728571862633,163415.00549999997,101415.00549999997
1645113600000.0,134476.9069,28635.2975,62000.0,5.957396825460268,12.779123462015074,163112.2044,101112.20439999999
1645200000000.0,134476.9069,28635.2975,62000.0,5.957396825460268,12.779123462015074,163112.2044,101112.20439999999
1645286400000.0,134476.9069,28635.2975,62000.0,5.957396825460268,12.779123462015074,163112.2044,101112.20439999999
1645372800000.0,134476.9069,28635.2975,62000.0,5.957396825460268,12.779123462015074,163112.2044,101112.20439999999
1645459200000.0,134476.9069,28635.2975,62000.0,5.957396825460268,12.779123462015074,163112.2044,101112.20439999999
1645545600000.0,134476.9069,28635.2975,62000.0,5.957396825460268,12.779123462015074,163112.2044,101112.20439999999
1645632000000.0,134476.9069,28635.2975,62000.0,5.957396825460268,12.779123462015074,163112.2044,101112.20439999999
1645718400000.0,134476.9069,28635.2975,62000.0,5.957396825460268,12.779123462015074,163112.2044,101112.20439999999
1645804800000.0,135367.9581,28635.2975,62000.0,5.996870856448726,12.201193254548182,164003.25559999997,102003.25559999997
1645891200000.0,135095.53399999999,28635.2975,62000.0,5.984802327316614,12.377885813440404,163730.83149999997,101730.83149999997
1645977600000.0,132975.66119999997,28635.2975,62000.0,5.890890861175511,13.752821986701191,161610.95869999996,99610.95869999996
1646064000000.0,132975.66119999997,28635.2975,62000.0,5.890890861175511,13.752821986701191,161610.95869999996,99610.95869999996
1646150400000.0,137134.73189999996,28635.2975,63000.0,6.0297947527462075,11.719162062360445,165770.02939999994,102770.02939999994
1646236800000.0,137764.05859999996,28635.2975,63000.0,6.057466158675599,11.314031373418388,166399.35609999998,103399.35609999998
1646323200000.0,135512.71549999996,28806.0813,63000.0,5.965984260719465,12.653396797758065,164318.79679999995,101318.79679999995
1646409600000.0,135399.88249999998,28806.0813,63000.0,5.961016757119483,12.726124875287558,164205.96379999997,101205.96379999997
1646496000000.0,135399.88249999998,28806.0813,63000.0,5.961016757119483,12.726124875287558,164205.96379999997,101205.96379999997
1646582400000.0,135399.88249999998,28806.0813,63000.0,5.961016757119483,12.726124875287558,164205.96379999997,101205.96379999997
1646668800000.0,135399.88249999998,28806.0813,63000.0,5.961016757119483,12.726124875287558,164205.96379999997,101205.96379999997
1646755200000.0,135399.88249999998,28806.0813,63000.0,5.961016757119483,12.726124875287558,164205.96379999997,101205.96379999997
1646841600000.0,136754.0611,28806.0813,63000.0,6.020634839334087,11.853270247566904,165560.14239999998,102560.14239999998
1646928000000.0,134667.58959999998,28806.0813,63000.0,5.928777362465506,13.198134436369081,163473.67089999997,100473.67089999997
1647014400000.0,134667.58959999998,28806.0813,63000.0,5.928777362465506,13.198134436369081,163473.67089999997,100473.67089999997
1647100800000.0,134667.58959999998,28806.0813,63000.0,5.928777362465506,13.198134436369081,163473.67089999997,100473.67089999997
1647187200000.0,134667.58959999998,28806.0813,63000.0,5.928777362465506,13.198134436369081,163473.67089999997,100473.67089999997
1647273600000.0,134667.58959999998,28806.0813,63000.0,5.928777362465506,13.198134436369081,163473.67089999997,100473.67089999997
1647360000000.0,134667.58959999998,28806.0813,63000.0,5.928777362465506,13.198134436369081,163473.67089999997,100473.67089999997
1647446400000.0,137132.77799999996,28806.0813,63000.0,6.03730795415089,11.609163008860722,165938.85929999995,102938.85929999995
1647532800000.0,135088.01519999997,28852.7952,63000.0,5.949343306364404,12.897033182541772,163940.81039999996,100940.81039999996
1647619200000.0,135329.02859999996,28852.7952,63000.0,5.959957656245193,12.741630927562442,164181.82379999995,101181.82379999995
1647705600000.0,137321.56759999998,28852.7952,63000.0,6.0477100637757175,11.456868114647168,166174.36279999997,103174.36279999997
1647792000000.0,136139.06909999996,28852.7952,63000.0,5.995632242324677,12.219327519019219,164991.86429999996,101991.86429999996
1647878400000.0,134919.46839999995,28892.5007,63000.0,5.943662281978708,12.980207753763295,163811.96909999996,100811.96909999996
1647964800000.0,132868.96199999997,28892.5007,63000.0,5.853330488552847,14.302734762234493,161761.46269999997,98761.46269999997
1648051200000.0,134147.46909999996,28892.5007,63000.0,5.909653082449991,13.478128620906581,163039.96979999996,100039.96979999996
1648137600000.0,137403.00249999997,28892.5007,63000.0,6.053070421005871,11.37838835748669,166295.50319999998,103295.50319999998
1648224000000.0,138152.66829999996,28892.5007,63000.0,6.0860957537646625,10.894872057402406,167045.16899999997,104045.16899999997
1648310400000.0,137886.68059999996,28892.5007,63000.0,6.074378089303718,11.066427687353686,166779.18129999997,103779.18129999997
1648396800000.0,139423.25989999995,28892.5007,63000.0,6.142069642917037,10.075371222029917,168315.76059999995,105315.76059999995
1648483200000.0,145466.26839999997,28892.5007,63000.0,6.408284757140885,6.177776972301574,174358.76909999998,111358.76909999998
1648569600000.0,145507.47409999996,28892.5007,63000.0,6.410100008622357,6.151200292924742,174399.97479999997,111399.97479999997
1648656000000.0,144849.71419999996,28892.5007,63000.0,6.381123443901264,6.575439511509629,173742.21489999996,110742.21489999996
1648742400000.0,141719.43789999996,29875.8868,63000.0,6.286545615685557,7.9601317386210235,171595.32469999997,108595.32469999997
1648828800000.0,142719.43789999996,29875.8868,64000.0,6.286545615685557,7.9601317386210235,172595.32469999997,108595.32469999997
1648915200000.0,141707.74129999997,29875.8868,64000.0,6.241982121611328,8.612575604394435,171583.62809999997,107583.62809999997
1649001600000.0,141835.35289999997,29890.7772,64000.0,6.248259089461735,8.52067596199132,171726.13009999998,107726.13009999998
1649088000000.0,140136.69989999995,29890.7772,64000.0,6.173428493068926,9.616253510451301,170027.47709999996,106027.47709999996
1649174400000.0,138350.87399999995,29890.7772,64000.0,6.0947576773398024,10.768054826846274,168241.65119999996,104241.65119999996
1649260800000.0,138350.87399999995,29890.7772,64000.0,6.0947576773398024,10.768054826846274,168241.65119999996,104241.65119999996
1649347200000.0,138350.87399999995,29890.7772,64000.0,6.0947576773398024,10.768054826846274,168241.65119999996,104241.65119999996
1649433600000.0,138350.87399999995,29890.7772,64000.0,6.0947576773398024,10.768054826846274,168241.65119999996,104241.65119999996
1649520000000.0,138350.87399999995,29890.7772,64000.0,6.0947576773398024,10.768054826846274,168241.65119999996,104241.65119999996
1649606400000.0,138350.87399999995,29890.7772,64000.0,6.0947576773398024,10.768054826846274,168241.65119999996,104241.65119999996
1649692800000.0,138350.87399999995,29890.7772,64000.0,6.0947576773398024,10.768054826846274,168241.65119999996,104241.65119999996
1649779200000.0,138350.87399999995,29890.7772,64000.0,6.0947576773398024,10.768054826846274,168241.65119999996,104241.65119999996
1649865600000.0,138350.87399999995,29890.7772,64000.0,6.0947576773398024,10.768054826846274,168241.65119999996,104241.65119999996
1649952000000.0,136519.94639999996,29890.7772,64000.0,6.014100000780756,11.948945315613368,166410.72359999997,102410.72359999997
1650038400000.0,136519.94639999996,29890.7772,64000.0,6.014100000780756,11.948945315613368,166410.72359999997,102410.72359999997
1650124800000.0,136519.94639999996,29890.7772,64000.0,6.014100000780756,11.948945315613368,166410.72359999997,102410.72359999997
1650211200000.0,136519.94639999996,29890.7772,64000.0,6.014100000780756,11.948945315613368,166410.72359999997,102410.72359999997
1650297600000.0,136519.94639999996,29890.7772,64000.0,6.014100000780756,11.948945315613368,166410.72359999997,102410.72359999997
1650384000000.0,138527.76979999995,29890.7772,64000.0,6.102550450915913,10.65396262149484,168418.54699999996,104418.54699999996
1650470400000.0,138004.06699999995,29890.7772,64000.0,6.079479822096147,10.991734391094399,167894.84419999996,103894.84419999996
1650556800000.0,140488.62649999995,29890.7772,64000.0,6.188931881556448,9.38927196585928,170379.40369999997,106379.40369999997
1650643200000.0,138149.60429999995,30071.8502,64000.0,6.093867954067205,10.781081060616792,168221.45449999993,104221.45449999993
1650729600000.0,138149.60429999995,30071.8502,64000.0,6.093867954067205,10.781081060616792,168221.45449999993,104221.45449999993
1650816000000.0,138149.60429999995,30071.8502,64000.0,6.093867954067205,10.781081060616792,168221.45449999993,104221.45449999993
1650902400000.0,138149.60429999995,30071.8502,64000.0,6.093867954067205,10.781081060616792,168221.45449999993,104221.45449999993
1650988800000.0,136420.61749999993,30071.8502,64000.0,6.017601233602011,11.897684571268075,166492.46769999992,102492.46769999992
1651075200000.0,136420.61749999993,30071.8502,64000.0,6.017601233602011,11.897684571268075,166492.46769999992,102492.46769999992
1651161600000.0,136420.61749999993,30071.8502,64000.0,6.017601233602011,11.897684571268075,166492.46769999992,102492.46769999992
1651248000000.0,134697.69519999993,30071.8502,64000.0,5.941602022134723,13.010371544216259,164769.54539999994,100769.54539999994
1651334400000.0,134697.69519999993,30071.8502,64000.0,5.941602022134723,13.010371544216259,164769.54539999994,100769.54539999994
1651420800000.0,135697.69519999993,30071.8502,65000.0,5.941602022134724,13.010371544216248,165769.54539999994,100769.54539999994
1651507200000.0,135697.69519999993,30071.8502,65000.0,5.941602022134724,13.010371544216248,165769.54539999994,100769.54539999994
1651593600000.0,135523.63389999993,30071.8502,65000.0,5.9339806475009755,13.121954337079556,165595.48409999994,100595.48409999994
1651680000000.0,135523.63389999993,30071.8502,65000.0,5.9339806475009755,13.121954337079556,165595.48409999994,100595.48409999994
1651766400000.0,133832.26549999992,30071.8502,65000.0,5.859923104439516,14.206213789541167,163904.1156999999,98904.11569999991
1651852800000.0,133832.26549999992,30071.8502,65000.0,5.859923104439516,14.206213789541167,163904.1156999999,98904.11569999991
1651939200000.0,133832.26549999992,30071.8502,65000.0,5.859923104439516,14.206213789541167,163904.1156999999,98904.11569999991
1652025600000.0,133832.26549999992,30071.8502,65000.0,5.859923104439516,14.206213789541167,163904.1156999999,98904.11569999991
1652112000000.0,133832.26549999992,30071.8502,65000.0,5.859923104439516,14.206213789541167,163904.1156999999,98904.11569999991
1652198400000.0,133832.26549999992,30071.8502,65000.0,5.859923104439516,14.206213789541167,163904.1156999999,98904.11569999991
1652284800000.0,133832.26549999992,30071.8502,65000.0,5.859923104439516,14.206213789541167,163904.1156999999,98904.11569999991
1652371200000.0,133832.26549999992,30071.8502,65000.0,5.859923104439516,14.206213789541167,163904.1156999999,98904.11569999991
1652457600000.0,133832.26549999992,30071.8502,65000.0,5.859923104439516,14.206213789541167,163904.1156999999,98904.11569999991
1652544000000.0,133832.26549999992,30071.8502,65000.0,5.859923104439516,14.206213789541167,163904.1156999999,98904.11569999991
1652630400000.0,133832.26549999992,30071.8502,65000.0,5.859923104439516,14.206213789541167,163904.1156999999,98904.11569999991
1652716800000.0,132196.01249999992,30071.8502,65000.0,5.7882788210255995,15.25514126262667,162267.86269999994,97267.86269999994
1652803200000.0,131044.25789999991,30071.8502,65000.0,5.73784858011195,15.99347881934472,161116.1080999999,96116.1080999999
1652889600000.0,131044.25789999991,30071.8502,65000.0,5.73784858011195,15.99347881934472,161116.1080999999,96116.1080999999
1652976000000.0,131044.25789999991,30071.8502,65000.0,5.73784858011195,15.99347881934472,161116.1080999999,96116.1080999999
1653062400000.0,129367.41649999992,30071.8502,65000.0,5.664427110142582,17.06842567198129,159439.26669999992,94439.26669999992
1653148800000.0,129367.41649999992,30071.8502,65000.0,5.664427110142582,17.06842567198129,159439.26669999992,94439.26669999992
1653235200000.0,129367.41649999992,30071.8502,65000.0,5.664427110142582,17.06842567198129,159439.26669999992,94439.26669999992
1653321600000.0,130887.98429999992,30071.8502,65000.0,5.731006050204587,16.093658725727156,160959.83449999994,95959.83449999994
1653408000000.0,129047.66619999992,30071.8502,65000.0,5.650426658430723,17.273403064962288,159119.5163999999,94119.5163999999
1653494400000.0,128565.07979999992,30071.8502,65000.0,5.629296333955656,17.582767284980484,158636.92999999993,93636.92999999993
1653580800000.0,128193.03179999992,30071.8502,65000.0,5.613005997219479,17.821270357858886,158264.88199999993,93264.88199999993
1653667200000.0,128193.03179999992,30071.8502,65000.0,5.613005997219479,17.821270357858886,158264.88199999993,93264.88199999993
1653753600000.0,128193.03179999992,30071.8502,65000.0,5.613005997219479,17.821270357858886,158264.88199999993,93264.88199999993
1653840000000.0,128193.03179999992,30071.8502,65000.0,5.613005997219479,17.821270357858886,158264.88199999993,93264.88199999993
1653926400000.0,134037.2333999999,30071.8502,65000.0,5.868897742419311,14.074818179320358,164109.0835999999,99109.0835999999
1654012800000.0,141249.96209999992,30071.8502,65000.0,6.1847112377470435,9.45106544099552,171321.81229999993,106321.81229999993
1654099200000.0,139036.86709999992,31165.6096,66000.0,6.0925672350990485,10.800124587824412,170202.4766999999,104202.47669999991
1654185600000.0,139036.86709999992,31165.6096,66000.0,6.0925672350990485,10.800124587824412,170202.4766999999,104202.47669999991
1654272000000.0,139036.86709999992,31165.6096,66000.0,6.0925672350990485,10.800124587824412,170202.4766999999,104202.47669999991
1654358400000.0,139036.86709999992,31165.6096,66000.0,6.0925672350990485,10.800124587824412,170202.4766999999,104202.47669999991
1654444800000.0,139036.86709999992,31165.6096,66000.0,6.0925672350990485,10.800124587824412,170202.4766999999,104202.47669999991
1654531200000.0,139988.09899999993,31165.6096,66000.0,6.134250023468789,10.18985647161994,171153.70859999993,105153.70859999993
1654617600000.0,137659.34479999993,31165.6096,66000.0,6.032204488112223,11.683881681179486,168824.95439999993,102824.95439999993
1654704000000.0,137368.70759999994,31165.6096,66000.0,6.01946882512618,11.870341593365918,168534.31719999993,102534.31719999993
1654790400000.0,137368.70759999994,31165.6096,66000.0,6.01946882512618,11.870341593365918,168534.31719999993,102534.31719999993
1654876800000.0,137368.70759999994,31165.6096,66000.0,6.01946882512618,11.870341593365918,168534.31719999993,102534.31719999993
1654963200000.0,137368.70759999994,31165.6096,66000.0,6.01946882512618,11.870341593365918,168534.31719999993,102534.31719999993
1655049600000.0,137368.70759999994,31165.6096,66000.0,6.01946882512618,11.870341593365918,168534.31719999993,102534.31719999993
1655136000000.0,137368.70759999994,31165.6096,66000.0,6.01946882512618,11.870341593365918,168534.31719999993,102534.31719999993
1655222400000.0,137368.70759999994,31165.6096,66000.0,6.01946882512618,11.870341593365918,168534.31719999993,102534.31719999993
1655308800000.0,137368.70759999994,31165.6096,66000.0,6.01946882512618,11.870341593365918,168534.31719999993,102534.31719999993
1655395200000.0,137368.70759999994,31165.6096,66000.0,6.01946882512618,11.870341593365918,168534.31719999993,102534.31719999993
1655481600000.0,137368.70759999994,31165.6096,66000.0,6.01946882512618,11.870341593365918,168534.31719999993,102534.31719999993
1655568000000.0,137368.70759999994,31165.6096,66000.0,6.01946882512618,11.870341593365918,168534.31719999993,102534.31719999993
1655654400000.0,137368.70759999994,31165.6096,66000.0,6.01946882512618,11.870341593365918,168534.31719999993,102534.31719999993
1655740800000.0,137368.70759999994,31165.6096,66000.0,6.01946882512618,11.870341593365918,168534.31719999993,102534.31719999993
1655827200000.0,137367.74169999993,31165.6096,66000.0,6.019426499584651,11.870961271883274,168533.35129999992,102533.35129999992
1655913600000.0,135336.51779999994,31165.6096,66000.0,5.930418681454016,13.174104262611896,166502.12739999994,100502.12739999994
1656000000000.0,135336.51779999994,31165.6096,66000.0,5.930418681454016,13.174104262611896,166502.12739999994,100502.12739999994
1656086400000.0,135055.22059999994,31165.6096,66000.0,5.918092295368141,13.354572045849178,166220.83019999994,100220.83019999994
1656172800000.0,135273.53099999996,31165.6096,66000.0,5.927658612690041,13.214513794484983,166439.14059999996,100439.14059999996
1656259200000.0,136296.60099999994,31165.6096,66000.0,5.972489331989331,12.55815754566143,167462.21059999993,101462.21059999993
1656345600000.0,134209.38179999994,31180.4734,66000.0,5.881673077553583,13.887777436337522,165389.85519999993,99389.85519999993
1656432000000.0,134209.38179999994,31180.4734,66000.0,5.881673077553583,13.887777436337522,165389.85519999993,99389.85519999993
1656518400000.0,134209.38179999994,31180.4734,66000.0,5.881673077553583,13.887777436337522,165389.85519999993,99389.85519999993
1656604800000.0,134209.38179999994,31180.4734,66000.0,5.881673077553583,13.887777436337522,165389.85519999993,99389.85519999993
1656691200000.0,135209.38179999994,31180.4734,67000.0,5.881673077553583,13.887777436337522,166389.85519999993,99389.85519999993
1656777600000.0,135209.38179999994,31180.4734,67000.0,5.881673077553583,13.887777436337522,166389.85519999993,99389.85519999993
1656864000000.0,135209.38179999994,31180.4734,67000.0,5.881673077553583,13.887777436337522,166389.85519999993,99389.85519999993
1656950400000.0,135209.38179999994,31180.4734,67000.0,5.881673077553583,13.887777436337522,166389.85519999993,99389.85519999993
1657036800000.0,133835.07049999994,31180.4734,67000.0,5.8218898756353585,14.763049543656315,165015.54389999993,98015.54389999993
1657123200000.0,131804.01949999994,31180.4734,67000.0,5.733538181198144,16.056586378318105,162984.49289999992,95984.49289999992
1657209600000.0,133538.96559999994,31180.4734,67000.0,5.809009170204445,14.951632988913898,164719.43899999993,97719.43899999993
1657296000000.0,137258.57969999994,31180.4734,67000.0,5.970814170860537,12.582683194409771,168439.05309999993,101439.05309999993
1657382400000.0,134908.42449999994,31525.407199999998,67000.0,5.883586076434663,13.859769659767906,166433.83169999992,99433.83169999992
1657468800000.0,133025.33499999993,31525.407199999998,67000.0,5.801461337346332,15.06213907355699,164550.74219999992,97550.74219999992
1657555200000.0,133025.33499999993,31525.407199999998,67000.0,5.801461337346332,15.06213907355699,164550.74219999992,97550.74219999992
1657641600000.0,133025.33499999993,31525.407199999998,67000.0,5.801461337346332,15.06213907355699,164550.74219999992,97550.74219999992
1657728000000.0,133025.33499999993,31525.407199999998,67000.0,5.801461337346332,15.06213907355699,164550.74219999992,97550.74219999992
1657814400000.0,133025.33499999993,31525.407199999998,67000.0,5.801461337346332,15.06213907355699,164550.74219999992,97550.74219999992
1657900800000.0,133325.37969999993,31525.407199999998,67000.0,5.8145467975447644,14.870557860848022,164850.78689999992,97850.78689999992
1657987200000.0,133773.26339999994,31525.407199999998,67000.0,5.834079768231722,14.584580130201296,165298.67059999992,98298.67059999992
1658073600000.0,134447.53869999992,31525.407199999998,67000.0,5.8634860620303995,14.154049347042319,165972.9458999999,98972.9458999999
1658160000000.0,138510.10179999992,31557.181399999998,67000.0,6.042101122156211,11.538987338670148,170067.28319999992,103067.28319999992
1658246400000.0,136070.11289999992,31863.715699999997,67000.0,5.949035358250106,12.901541780045712,167933.82859999992,100933.82859999992
1658332800000.0,138058.24949999992,31863.715699999997,67000.0,6.035957421283326,11.628935849910837,169921.96519999992,102921.96519999992
1658419200000.0,135851.07559999992,31863.715699999997,67000.0,5.939458966971346,13.041747521894997,167714.79129999992,100714.79129999992
1658505600000.0,136438.0716999999,31863.715699999997,67000.0,5.965122652255572,12.666011409081612,168301.7873999999,101301.78739999991
1658592000000.0,134639.20199999993,31863.715699999997,67000.0,5.886475407668883,13.817467625802294,166502.91769999993,99502.91769999993
1658678400000.0,134639.20199999993,31863.715699999997,67000.0,5.886475407668883,13.817467625802294,166502.91769999993,99502.91769999993
1658764800000.0,134639.20199999993,31863.715699999997,67000.0,5.886475407668883,13.817467625802294,166502.91769999993,99502.91769999993
1658851200000.0,134639.20199999993,31863.715699999997,67000.0,5.886475407668883,13.817467625802294,166502.91769999993,99502.91769999993
1658937600000.0,134639.20199999993,31863.715699999997,67000.0,5.886475407668883,13.817467625802294,166502.91769999993,99502.91769999993
1659024000000.0,137579.6635999999,31863.715699999997,67000.0,6.01503346979699,11.935278610473132,169443.3792999999,102443.37929999991
1659110400000.0,138403.65889999992,31863.715699999997,67000.0,6.051058847231155,11.407839346398784,170267.37459999992,103267.37459999992
1659196800000.0,140014.42239999992,31863.715699999997,67000.0,6.121482019602012,10.376789879201809,171878.13809999992,104878.13809999992
1659283200000.0,137585.08599999992,32191.036099999998,67000.0,6.029581107336307,11.722289995661805,169776.12209999992,102776.12209999992
1659369600000.0,136997.72079999992,32191.036099999998,68000.0,5.960517779552514,12.733430291065439,169188.75689999992,101188.75689999992
1659456000000.0,136997.72079999992,32191.036099999998,68000.0,5.960517779552514,12.733430291065439,169188.75689999992,101188.75689999992
1659542400000.0,136997.72079999992,32191.036099999998,68000.0,5.960517779552514,12.733430291065439,169188.75689999992,101188.75689999992
1659628800000.0,136997.72079999992,32191.036099999998,68000.0,5.960517779552514,12.733430291065439,169188.75689999992,101188.75689999992
1659715200000.0,136997.72079999992,32191.036099999998,68000.0,5.960517779552514,12.733430291065439,169188.75689999992,101188.75689999992
1659801600000.0,136509.03689999992,32191.036099999998,68000.0,5.93925604572569,13.044718445174542,168700.07299999992,100700.07299999992
1659888000000.0,135513.77289999992,32191.036099999998,68000.0,5.895953947466633,13.678694504977662,167704.80899999992,99704.80899999992
1659974400000.0,140256.89489999993,32191.036099999998,68000.0,6.102318424528697,10.6573596664569,172447.93099999992,104447.93099999992
1660060800000.0,137657.27029999992,32429.2024,68000.0,5.999575735813675,12.161591737970989,170086.47269999993,102086.47269999993
1660147200000.0,137657.27029999992,32429.2024,68000.0,5.999575735813675,12.161591737970989,170086.47269999993,102086.47269999993
1660233600000.0,138950.5788999999,32429.2024,68000.0,6.055942558129482,11.33633805853933,171379.78129999992,103379.78129999992
1660320000000.0,136884.08589999992,32429.2024,68000.0,5.965877709146139,12.654956794833016,169313.28829999993,101313.28829999993
1660406400000.0,138087.42779999992,32429.2024,68000.0,6.018323474265513,11.887110411851198,170516.63019999993,102516.63019999993
1660492800000.0,138139.03389999992,32429.2024,68000.0,6.020572645011854,11.854180820332116,170568.23629999993,102568.23629999993
1660579200000.0,136001.47369999991,32429.2024,68000.0,5.927410443830526,13.218147177670703,168430.67609999992,100430.67609999992
1660665600000.0,136001.47369999991,32429.2024,68000.0,5.927410443830526,13.218147177670703,168430.67609999992,100430.67609999992
1660752000000.0,136001.47369999991,32429.2024,68000.0,5.927410443830526,13.218147177670703,168430.67609999992,100430.67609999992
1660838400000.0,136001.47369999991,32429.2024,68000.0,5.927410443830526,13.218147177670703,168430.67609999992,100430.67609999992
1660924800000.0,136001.47369999991,32429.2024,68000.0,5.927410443830526,13.218147177670703,168430.67609999992,100430.67609999992
1661011200000.0,136001.47369999991,32429.2024,68000.0,5.927410443830526,13.218147177670703,168430.67609999992,100430.67609999992
1661097600000.0,136001.47369999991,32429.2024,68000.0,5.927410443830526,13.218147177670703,168430.67609999992,100430.67609999992
1661184000000.0,136001.47369999991,32429.2024,68000.0,5.927410443830526,13.218147177670703,168430.67609999992,100430.67609999992
1661270400000.0,136001.47369999991,32429.2024,68000.0,5.927410443830526,13.218147177670703,168430.67609999992,100430.67609999992
1661356800000.0,136001.47369999991,32429.2024,68000.0,5.927410443830526,13.218147177670703,168430.67609999992,100430.67609999992
1661443200000.0,135250.73369999992,32429.2024,68000.0,5.894690621055537,13.697190576358775,167679.93609999993,99679.93609999993
1661529600000.0,134600.0753999999,32429.2024,68000.0,5.866332701851717,14.112372348232682,167029.27779999992,99029.27779999992
1661616000000.0,134600.0753999999,32429.2024,68000.0,5.866332701851717,14.112372348232682,167029.27779999992,99029.27779999992
1661702400000.0,134600.0753999999,32429.2024,68000.0,5.866332701851717,14.112372348232682,167029.27779999992,99029.27779999992
1661788800000.0,134600.0753999999,32429.2024,68000.0,5.866332701851717,14.112372348232682,167029.27779999992,99029.27779999992
1661875200000.0,134600.0753999999,32429.2024,68000.0,5.866332701851717,14.112372348232682,167029.27779999992,99029.27779999992
1661961600000.0,134600.0753999999,32429.2024,68000.0,5.866332701851717,14.112372348232682,167029.27779999992,99029.27779999992
1662048000000.0,135600.0753999999,32429.2024,69000.0,5.866332701851717,14.112372348232682,168029.27779999992,99029.27779999992
1662134400000.0,135600.0753999999,32429.2024,69000.0,5.866332701851717,14.112372348232682,168029.27779999992,99029.27779999992
1662220800000.0,135600.0753999999,32429.2024,69000.0,5.866332701851717,14.112372348232682,168029.27779999992,99029.27779999992
1662307200000.0,135600.0753999999,32429.2024,69000.0,5.866332701851717,14.112372348232682,168029.27779999992,99029.27779999992
1662393600000.0,135600.0753999999,32429.2024,69000.0,5.866332701851717,14.112372348232682,168029.27779999992,99029.27779999992
1662480000000.0,135600.0753999999,32429.2024,69000.0,5.866332701851717,14.112372348232682,168029.27779999992,99029.27779999992
1662566400000.0,135600.0753999999,32429.2024,69000.0,5.866332701851717,14.112372348232682,168029.27779999992,99029.27779999992
1662652800000.0,135600.0753999999,32429.2024,69000.0,5.866332701851717,14.112372348232682,168029.27779999992,99029.27779999992
1662739200000.0,138575.29679999992,32429.2024,69000.0,5.995046779204428,12.227899149888355,171004.49919999993,102004.49919999993
1662825600000.0,138380.1800999999,32429.2024,69000.0,5.9866056373060115,12.351483966702116,170809.38249999992,101809.38249999992
1662912000000.0,140123.6010999999,32429.2024,69000.0,6.062029545406546,11.247219878009195,172552.80349999992,103552.80349999992
1662998400000.0,142062.5912999999,32429.2024,69000.0,6.14591417146797,10.019084363874919,174491.79369999992,105491.79369999992
1663084800000.0,139642.5549999999,32878.3667,69000.0,6.060650274448308,11.26741346683422,172520.9216999999,103520.92169999989
1663171200000.0,139642.5549999999,32878.3667,69000.0,6.060650274448308,11.26741346683422,172520.9216999999,103520.92169999989
1663257600000.0,139642.5549999999,32878.3667,69000.0,6.060650274448308,11.26741346683422,172520.9216999999,103520.92169999989
1663344000000.0,139642.5549999999,32878.3667,69000.0,6.060650274448308,11.26741346683422,172520.9216999999,103520.92169999989
1663430400000.0,139642.5549999999,32878.3667,69000.0,6.060650274448308,11.26741346683422,172520.9216999999,103520.92169999989
1663516800000.0,139642.5549999999,32878.3667,69000.0,6.060650274448308,11.26741346683422,172520.9216999999,103520.92169999989
1663603200000.0,139642.5549999999,32878.3667,69000.0,6.060650274448308,11.26741346683422,172520.9216999999,103520.92169999989
1663689600000.0,139642.5549999999,32878.3667,69000.0,6.060650274448308,11.26741346683422,172520.9216999999,103520.92169999989
1663776000000.0,139642.5549999999,32878.3667,69000.0,6.060650274448308,11.26741346683422,172520.9216999999,103520.92169999989
1663862400000.0,139642.5549999999,32878.3667,69000.0,6.060650274448308,11.26741346683422,172520.9216999999,103520.92169999989
1663948800000.0,138377.0309999999,32878.3667,69000.0,6.0057250521339425,12.071561012256893,171255.3976999999,102255.39769999991
1664035200000.0,138377.0309999999,32878.3667,69000.0,6.0057250521339425,12.071561012256893,171255.3976999999,102255.39769999991
1664121600000.0,138377.0309999999,32878.3667,69000.0,6.0057250521339425,12.071561012256893,171255.3976999999,102255.39769999991
1664208000000.0,138377.0309999999,32878.3667,69000.0,6.0057250521339425,12.071561012256893,171255.3976999999,102255.39769999991
1664294400000.0,141112.3887999999,32878.3667,69000.0,6.124442781133419,10.333442050686248,173990.7554999999,104990.75549999991
1664380800000.0,138866.9491999999,32932.801999999996,69000.0,6.029350630949597,11.725664347423015,171799.75119999988,102799.75119999988
1664467200000.0,137683.09779999987,32932.801999999996,69000.0,5.977949954066715,12.478209833936626,170615.89979999987,101615.89979999987
1664553600000.0,136885.50539999988,32932.801999999996,69000.0,5.943319941181111,12.985219886632049,169818.30739999987,100818.30739999987
1664640000000.0,137390.51259999987,32932.801999999996,70000.0,5.921984119330608,13.297592746453313,170323.31459999987,100323.31459999987
1664726400000.0,137390.51259999987,32932.801999999996,70000.0,5.921984119330608,13.297592746453313,170323.31459999987,100323.31459999987
1664812800000.0,137390.51259999987,32932.801999999996,70000.0,5.921984119330608,13.297592746453313,170323.31459999987,100323.31459999987
1664899200000.0,141049.40109999987,32932.801999999996,70000.0,6.079694278360915,10.98859458625343,173982.20309999987,103982.20309999987
1664985600000.0,138763.54279999988,33085.360799999995,70000.0,5.987742035649973,12.334846219954576,171848.90359999987,101848.90359999987
1665072000000.0,137020.3566999999,33085.360799999995,70000.0,5.912522359960555,13.436120188896062,170105.71749999988,100105.71749999988
1665158400000.0,135943.9051999999,33085.360799999995,70000.0,5.866072739506727,14.116178397126388,169029.2659999999,99029.26599999989
1665244800000.0,135943.9051999999,33085.360799999995,70000.0,5.866072739506727,14.116178397126388,169029.2659999999,99029.26599999989
1665331200000.0,135943.9051999999,33085.360799999995,70000.0,5.866072739506727,14.116178397126388,169029.2659999999,99029.26599999989
1665417600000.0,135943.9051999999,33085.360799999995,70000.0,5.866072739506727,14.116178397126388,169029.2659999999,99029.26599999989
1665504000000.0,135943.9051999999,33085.360799999995,70000.0,5.866072739506727,14.116178397126388,169029.2659999999,99029.26599999989
1665590400000.0,135943.9051999999,33085.360799999995,70000.0,5.866072739506727,14.116178397126388,169029.2659999999,99029.26599999989
1665676800000.0,135943.9051999999,33085.360799999995,70000.0,5.866072739506727,14.116178397126388,169029.2659999999,99029.26599999989
1665763200000.0,134221.3959999999,33085.360799999995,70000.0,5.791745286232495,15.20438954292559,167306.7567999999,97306.75679999989
1665849600000.0,134221.3959999999,33085.360799999995,70000.0,5.791745286232495,15.20438954292559,167306.7567999999,97306.75679999989
1665936000000.0,134221.3959999999,33085.360799999995,70000.0,5.791745286232495,15.20438954292559,167306.7567999999,97306.75679999989
1666022400000.0,135878.79209999988,33085.360799999995,70000.0,5.86326306458726,14.157314201311088,168964.15289999987,98964.15289999987
1666108800000.0,133902.0718999999,33085.360799999995,70000.0,5.777966232325506,15.406125501573753,166987.4326999999,96987.43269999989
1666195200000.0,133902.0718999999,33085.360799999995,70000.0,5.777966232325506,15.406125501573753,166987.4326999999,96987.43269999989
1666281600000.0,133902.0718999999,33085.360799999995,70000.0,5.777966232325506,15.406125501573753,166987.4326999999,96987.43269999989
1666368000000.0,133902.0718999999,33085.360799999995,70000.0,5.777966232325506,15.406125501573753,166987.4326999999,96987.43269999989
1666454400000.0,133902.0718999999,33085.360799999995,70000.0,5.777966232325506,15.406125501573753,166987.4326999999,96987.43269999989
1666540800000.0,132950.07799999992,33085.360799999995,70000.0,5.736887042664515,16.007556467929586,166035.43879999992,96035.43879999992
1666627200000.0,130959.12009999991,33085.360799999995,70000.0,5.650975843883566,17.26536256707667,164044.4808999999,94044.48089999991
1666713600000.0,132873.2035999999,33085.360799999995,70000.0,5.733569859584165,16.05612258235537,165958.5643999999,95958.56439999989
1666800000000.0,143652.71539999993,33085.360799999995,70000.0,6.198713186327226,9.246066132709728,176738.07619999992,106738.07619999992
1666886400000.0,140401.3409999999,34191.98359999999,70000.0,6.106165683919787,10.601032826699342,174593.32459999988,104593.32459999988
1666972800000.0,138273.0922999999,34191.98359999999,70000.0,6.013606459868026,11.956171134587146,172465.07589999988,102465.07589999988
1667059200000.0,139256.1900999999,34191.98359999999,70000.0,6.0563621629655975,11.330194720655717,173448.17369999987,103448.17369999987
1667145600000.0,138074.62009999988,34191.98359999999,70000.0,6.004974746465429,12.082546064956334,172266.60369999986,102266.60369999986
1667232000000.0,137391.7306999999,34191.98359999999,70000.0,5.9752753448037845,12.517368172913223,171583.71429999988,101583.71429999988
1667318400000.0,138391.7306999999,34191.98359999999,71000.0,5.975275344803785,12.517368172913201,172583.71429999988,101583.71429999988
1667404800000.0,138391.7306999999,34191.98359999999,71000.0,5.975275344803785,12.517368172913201,172583.71429999988,101583.71429999988
1667491200000.0,138391.7306999999,34191.98359999999,71000.0,5.975275344803785,12.517368172913201,172583.71429999988,101583.71429999988
1667577600000.0,138756.2850999999,34191.98359999999,71000.0,5.991015540458118,12.286919589064805,172948.2686999999,101948.2686999999
1667664000000.0,141673.0983999999,34191.98359999999,71000.0,6.116953430740502,10.443091907009162,175865.08199999988,104865.08199999988
1667750400000.0,141304.98149999988,34191.98359999999,71000.0,6.1010594186817615,10.675792481452007,175496.96509999986,104496.96509999986
1667836800000.0,139088.30129999988,34269.38029999999,71000.0,6.00869257068847,12.028114255720135,173357.68159999987,102357.68159999987
1667923200000.0,139088.30129999988,34269.38029999999,71000.0,6.00869257068847,12.028114255720135,173357.68159999987,102357.68159999987
1668009600000.0,139088.30129999988,34269.38029999999,71000.0,6.00869257068847,12.028114255720135,173357.68159999987,102357.68159999987
1668096000000.0,139088.30129999988,34269.38029999999,71000.0,6.00869257068847,12.028114255720135,173357.68159999987,102357.68159999987
1668182400000.0,139088.30129999988,34269.38029999999,71000.0,6.00869257068847,12.028114255720135,173357.68159999987,102357.68159999987
1668268800000.0,139088.30129999988,34269.38029999999,71000.0,6.00869257068847,12.028114255720135,173357.68159999987,102357.68159999987
1668355200000.0,139088.30129999988,34269.38029999999,71000.0,6.00869257068847,12.028114255720135,173357.68159999987,102357.68159999987
1668441600000.0,139088.30129999988,34269.38029999999,71000.0,6.00869257068847,12.028114255720135,173357.68159999987,102357.68159999987
1668528000000.0,139088.30129999988,34269.38029999999,71000.0,6.00869257068847,12.028114255720135,173357.68159999987,102357.68159999987
1668614400000.0,138662.28639999987,34269.38029999999,71000.0,5.990288488240791,12.29756419333442,172931.66669999986,101931.66669999986
1668700800000.0,138662.28639999987,34269.38029999999,71000.0,5.990288488240791,12.29756419333442,172931.66669999986,101931.66669999986
1668787200000.0,138172.39879999988,34269.38029999999,71000.0,5.969125069354517,12.607412941014385,172441.77909999987,101441.77909999987
1668873600000.0,138172.39879999988,34269.38029999999,71000.0,5.969125069354517,12.607412941014385,172441.77909999987,101441.77909999987
1668960000000.0,138172.39879999988,34269.38029999999,71000.0,5.969125069354517,12.607412941014385,172441.77909999987,101441.77909999987
1669046400000.0,138172.39879999988,34269.38029999999,71000.0,5.969125069354517,12.607412941014385,172441.77909999987,101441.77909999987
1669132800000.0,138172.39879999988,34269.38029999999,71000.0,5.969125069354517,12.607412941014385,172441.77909999987,101441.77909999987
1669219200000.0,137015.19399999987,34269.38029999999,71000.0,5.919133173418369,13.339332789749603,171284.57429999986,100284.57429999986
1669305600000.0,134933.80629999988,34269.38029999999,71000.0,5.829216058227371,14.655788589572849,169203.18659999987,98203.18659999987
1669392000000.0,133607.36029999988,34269.38029999999,71000.0,5.7719128475969645,15.494751714920586,167876.74059999987,96876.74059999987
1669478400000.0,133604.6583999999,34269.38029999999,71000.0,5.771796124002637,15.496460638215137,167874.0386999999,96874.03869999989
1669564800000.0,133297.4979999999,34269.38029999999,71000.0,5.758526622569092,15.690736356312263,167566.8782999999,96566.8782999999
1669651200000.0,131471.3863999999,34269.38029999999,71000.0,5.679637577972154,16.845732711361606,165740.7666999999,94740.76669999989
1669737600000.0,131471.3863999999,34269.38029999999,71000.0,5.679637577972154,16.845732711361606,165740.7666999999,94740.76669999989
1669824000000.0,135171.3319999999,34269.38029999999,71000.0,5.839477301592903,14.505556085858085,169440.7122999999,98440.7122999999
1669910400000.0,137218.98229999992,34269.38029999999,72000.0,5.884404013089395,13.847794437356441,171488.3625999999,99488.3625999999
1669996800000.0,136856.7980999999,34269.38029999999,72000.0,5.8688723561405185,14.075189853988546,171126.1783999999,99126.17839999989
1670083200000.0,137067.67479999992,34269.38029999999,72000.0,5.877915446818995,13.942792043552565,171337.0550999999,99337.05509999991
1670169600000.0,134506.48829999994,34656.93699999999,72000.0,5.784525404610987,15.310094168952372,169163.42529999994,97163.42529999994
1670256000000.0,134325.63349999994,34656.93699999999,72000.0,5.776747644605741,15.42396656406636,168982.5704999999,96982.57049999991
1670342400000.0,132250.97149999993,34656.93699999999,72000.0,5.687525665824952,16.73024503161039,166907.9084999999,94907.9084999999
1670428800000.0,132250.97149999993,34656.93699999999,72000.0,5.687525665824952,16.73024503161039,166907.9084999999,94907.9084999999
1670515200000.0,132250.97149999993,34656.93699999999,72000.0,5.687525665824952,16.73024503161039,166907.9084999999,94907.9084999999
1670601600000.0,131783.06259999992,34656.93699999999,72000.0,5.667402986589903,17.024856549458722,166439.99959999992,94439.99959999992
1670688000000.0,132038.61309999993,34656.93699999999,72000.0,5.67839307619892,16.86395317555004,166695.55009999993,94695.55009999993
1670774400000.0,131510.15039999993,34656.93699999999,72000.0,5.655666247536786,17.196691446126255,166167.0873999999,94167.0873999999
1670860800000.0,130966.47169999992,34656.93699999999,72000.0,5.632285046437539,17.539010233028563,165623.4086999999,93623.40869999991
1670947200000.0,138940.50279999993,34656.93699999999,72000.0,5.975212633486201,12.518286314888439,173597.43979999993,101597.43979999993
1671033600000.0,143186.70549999992,34656.93699999999,72000.0,6.157822912750162,9.844731222137282,177843.6424999999,105843.6424999999
1671120000000.0,139398.36129999993,35593.813599999994,72000.0,6.03519398249487,11.640113181598345,174992.17489999993,102992.17489999993
1671206400000.0,139398.36129999993,35593.813599999994,72000.0,6.03519398249487,11.640113181598345,174992.17489999993,102992.17489999993
1671292800000.0,139398.36129999993,35593.813599999994,72000.0,6.03519398249487,11.640113181598345,174992.17489999993,102992.17489999993
1671379200000.0,139398.36129999993,35593.813599999994,72000.0,6.03519398249487,11.640113181598345,174992.17489999993,102992.17489999993
1671465600000.0,139398.36129999993,35593.813599999994,72000.0,6.03519398249487,11.640113181598345,174992.17489999993,102992.17489999993
1671552000000.0,139398.36129999993,35593.813599999994,72000.0,6.03519398249487,11.640113181598345,174992.17489999993,102992.17489999993
1671638400000.0,139125.61489999993,35593.813599999994,72000.0,6.023385540726428,11.812997861227126,174719.42849999992,102719.42849999992
1671724800000.0,139125.61489999993,35593.813599999994,72000.0,6.023385540726428,11.812997861227126,174719.42849999992,102719.42849999992
1671811200000.0,139125.61489999993,35593.813599999994,72000.0,6.023385540726428,11.812997861227126,174719.42849999992,102719.42849999992
1671897600000.0,138606.32619999995,35593.813599999994,72000.0,6.000903152783053,12.14215733146885,174200.13979999995,102200.13979999995
1671984000000.0,138337.42169999995,35593.813599999994,72000.0,5.989261044474669,12.312606761170708,173931.23529999994,101931.23529999994
1672070400000.0,136934.77219999995,35593.813599999994,72000.0,5.928533918682055,13.201698640803073,172528.58579999994,100528.58579999994
1672156800000.0,136099.00209999993,35593.813599999994,72000.0,5.89234960036418,13.731464921794545,171692.81569999992,99692.81569999992
1672243200000.0,136099.00209999993,35593.813599999994,72000.0,5.89234960036418,13.731464921794545,171692.81569999992,99692.81569999992
1672329600000.0,136099.00209999993,35593.813599999994,72000.0,5.89234960036418,13.731464921794545,171692.81569999992,99692.81569999992
1672416000000.0,136099.00209999993,35593.813599999994,72000.0,5.89234960036418,13.731464921794545,171692.81569999992,99692.81569999992
1672502400000.0,136099.00209999993,35593.813599999994,72000.0,5.89234960036418,13.731464921794545,171692.81569999992,99692.81569999992
1672588800000.0,137099.00209999993,35593.813599999994,73000.0,5.89234960036418,13.731464921794545,172692.81569999992,99692.81569999992
1672675200000.0,137159.7649999999,35593.813599999994,73000.0,5.894961116451443,13.693230315489547,172753.5785999999,99753.57859999989
1672761600000.0,135639.38839999994,35593.813599999994,73000.0,5.829617165626196,14.649916068413626,171233.20199999993,98233.20199999993
1672848000000.0,137358.14399999994,35593.813599999994,73000.0,5.903487206382559,13.568401794069674,172951.95759999994,99951.95759999994
1672934400000.0,137178.18709999992,35593.813599999994,73000.0,5.89575287606975,13.681638345046853,172772.00069999992,99772.00069999992
1673020800000.0,135896.70149999994,35622.4039,73000.0,5.841904948607315,14.470013464353181,171519.10539999994,98519.10539999994
1673107200000.0,137260.08789999993,35622.4039,73000.0,5.900513977885511,13.611932148561412,172882.49179999993,99882.49179999993
1673193600000.0,138196.54159999994,35622.4039,73000.0,5.940770094802166,13.022551600923482,173818.94549999994,100818.94549999994
1673280000000.0,142379.60749999993,35622.4039,73000.0,6.12059104050452,10.389834499215734,178002.01139999993,105002.01139999993
1673366400000.0,139819.16299999994,36058.232899999995,73000.0,6.02925842046048,11.727014379982936,175877.39589999994,102877.39589999994
1673452800000.0,140176.62659999996,36058.232899999995,73000.0,6.044672905671697,11.50133444780882,176234.85949999996,103234.85949999996
1673539200000.0,150800.16689999995,36058.232899999995,73000.0,6.5027794229369755,4.794302307045884,186858.39979999996,113858.39979999996
1673625600000.0,167345.19099999993,36058.232899999995,73000.0,7.2162311682577975,0.33163432311633656,203403.42389999994,130403.42389999994
1673712000000.0,162449.72339999993,38572.739499999996,73000.0,7.113559768644012,1.7497001198824913,201022.46289999993,128022.46289999993
1673798400000.0,162773.15189999994,38572.739499999996,73000.0,7.127722476449724,1.5540891551501512,201345.89139999993,128345.89139999993
1673884800000.0,163074.17269999994,38572.739499999996,73000.0,7.140903966744616,1.3720304649218584,201646.91219999993,128646.91219999993
1673971200000.0,163711.64689999993,38572.739499999996,73000.0,7.168818516106468,0.986483293741891,202284.38639999993,129284.38639999993
1674057600000.0,163244.3620999999,38572.739499999996,73000.0,7.148356441538362,1.269099174942101,201817.1015999999,128817.1015999999
1674144000000.0,162749.8302999999,38606.084599999995,73000.0,7.128161398504181,1.5480268987163814,201355.91489999992,128355.91489999992
1674230400000.0,163225.86869999993,38606.084599999995,73000.0,7.149011058014308,1.2600578134915885,201831.95329999994,128831.95329999994
1674316800000.0,175453.98439999993,38606.084599999995,73000.0,7.6845814002291775,1.225445798791358,214060.06899999993,141060.06899999993
1674403200000.0,174106.01819999993,38606.084599999995,73000.0,7.625542809432389,1.9843043732410304,212712.10279999994,139712.10279999994
1674489600000.0,170547.26559999993,39472.466199999995,73000.0,7.507621611006094,3.500016576521514,210019.73179999992,137019.73179999992
1674576000000.0,170636.12179999994,39472.466199999995,73000.0,7.511533129171132,3.4497394771091705,210108.58799999993,137108.58799999993
1674662400000.0,168052.69189999995,39472.466199999995,73000.0,7.397808560914206,4.911509864624064,207525.15809999994,134525.15809999994
1674748800000.0,165338.64879999997,39472.466199999995,73000.0,7.278334299283113,6.447184524896111,204811.11499999996,131811.11499999996
1674835200000.0,162875.03539999994,39472.466199999995,73000.0,7.169884145374551,7.841159687297427,202347.50159999993,129347.50159999993
1674921600000.0,162342.54469999994,39472.466199999995,73000.0,7.146443495810835,8.142456477617566,201815.01089999994,128815.01089999994
1675008000000.0,165538.08049999992,39472.466199999995,73000.0,7.287113435879481,6.33434099336011,205010.54669999992,132010.54669999992
1675094400000.0,163172.09299999994,39505.472499999996,73000.0,7.18441381173968,7.654401132320698,202677.56549999994,129677.56549999994
1675180800000.0,163172.09299999994,39505.472499999996,73000.0,7.18441381173968,7.654401132320698,202677.56549999994,129677.56549999994
1675267200000.0,164172.09299999994,39505.472499999996,74000.0,7.184413811739679,7.654401132320709,203677.56549999994,129677.56549999994
1675353600000.0,164900.14319999993,39505.472499999996,74000.0,7.216274366216011,7.244878231709739,204405.61569999994,130405.61569999994
1675440000000.0,162371.43469999993,39505.472499999996,74000.0,7.105614339037923,8.667258226550212,201876.90719999993,127876.90719999993
1675526400000.0,162169.94699999993,39505.472499999996,74000.0,7.0967969390259995,8.780593580817598,201675.41949999993,127675.41949999993
1675612800000.0,162169.94699999993,39505.472499999996,74000.0,7.0967969390259995,8.780593580817598,201675.41949999993,127675.41949999993
1675699200000.0,162169.94699999993,39505.472499999996,74000.0,7.0967969390259995,8.780593580817598,201675.41949999993,127675.41949999993
1675785600000.0,162169.94699999993,39505.472499999996,74000.0,7.0967969390259995,8.780593580817598,201675.41949999993,127675.41949999993
1675872000000.0,161493.73529999994,39505.472499999996,74000.0,7.067204914045604,9.160957705174777,200999.20779999995,126999.20779999995
1675958400000.0,161493.73529999994,39505.472499999996,74000.0,7.067204914045604,9.160957705174777,200999.20779999995,126999.20779999995
1676044800000.0,161493.73529999994,39505.472499999996,74000.0,7.067204914045604,9.160957705174777,200999.20779999995,126999.20779999995
1676131200000.0,161493.73529999994,39505.472499999996,74000.0,7.067204914045604,9.160957705174777,200999.20779999995,126999.20779999995
1676217600000.0,161493.73529999994,39505.472499999996,74000.0,7.067204914045604,9.160957705174777,200999.20779999995,126999.20779999995
1676304000000.0,161493.73529999994,39505.472499999996,74000.0,7.067204914045604,9.160957705174777,200999.20779999995,126999.20779999995
1676390400000.0,161493.73529999994,39505.472499999996,74000.0,7.067204914045604,9.160957705174777,200999.20779999995,126999.20779999995
1676476800000.0,164755.70359999992,39505.472499999996,74000.0,7.209953475507733,7.326124447911708,204261.17609999992,130261.17609999992
1676563200000.0,177992.20919999992,39505.472499999996,74000.0,7.789202554410624,0.0,217497.68169999993,143497.68169999993
1676649600000.0,173794.78439999992,40872.255699999994,74000.0,7.665329487828442,2.1402365024837278,214667.04009999993,140667.04009999993
1676736000000.0,176046.4047999999,40872.255699999994,74000.0,7.764638637450518,0.8724019089953128,216918.66049999988,142918.66049999988
1676822400000.0,177081.0096999999,40872.255699999994,74000.0,7.810270544504582,0.28984017575970356,217953.26539999992,143953.26539999992
1676908800000.0,174354.21819999992,40934.41499999999,74000.0,7.692745246795606,2.088340541794409,215288.63319999992,141288.63319999992
1676995200000.0,172227.72539999994,40934.41499999999,74000.0,7.598921492208951,3.2825097510250645,213162.14039999992,139162.14039999992
1677081600000.0,172227.72539999994,40934.41499999999,74000.0,7.598921492208951,3.2825097510250645,213162.14039999992,139162.14039999992
1677168000000.0,172227.72539999994,40934.41499999999,74000.0,7.598921492208951,3.2825097510250645,213162.14039999992,139162.14039999992
1677254400000.0,172227.72539999994,40934.41499999999,74000.0,7.598921492208951,3.2825097510250645,213162.14039999992,139162.14039999992
1677340800000.0,172227.72539999994,40934.41499999999,74000.0,7.598921492208951,3.2825097510250645,213162.14039999992,139162.14039999992
1677427200000.0,172227.72539999994,40934.41499999999,74000.0,7.598921492208951,3.2825097510250645,213162.14039999992,139162.14039999992
1677513600000.0,172227.72539999994,40934.41499999999,74000.0,7.598921492208951,3.2825097510250645,213162.14039999992,139162.14039999992
1677600000000.0,170070.58699999994,40934.41499999999,74000.0,7.5037456120691015,4.493888532711566,211005.00199999992,137005.00199999992
1677686400000.0,170736.63189999992,40934.41499999999,75000.0,7.489097190267326,4.6803305948158735,211671.0468999999,136671.0468999999
1677772800000.0,168904.56459999993,40934.41499999999,75000.0,7.408736403503964,5.703145953305122,209838.9795999999,134838.9795999999
1677859200000.0,168904.56459999993,40934.41499999999,75000.0,7.408736403503964,5.703145953305122,209838.9795999999,134838.9795999999
1677945600000.0,168904.56459999993,40934.41499999999,75000.0,7.408736403503964,5.703145953305122,209838.9795999999,134838.9795999999
1678032000000.0,168904.56459999993,40934.41499999999,75000.0,7.408736403503964,5.703145953305122,209838.9795999999,134838.9795999999
1678118400000.0,168904.56459999993,40934.41499999999,75000.0,7.408736403503964,5.703145953305122,209838.9795999999,134838.9795999999
1678204800000.0,168904.56459999993,40934.41499999999,75000.0,7.408736403503964,5.703145953305122,209838.9795999999,134838.9795999999
1678291200000.0,168904.56459999993,40934.41499999999,75000.0,7.408736403503964,5.703145953305122,209838.9795999999,134838.9795999999
1678377600000.0,168904.56459999993,40934.41499999999,75000.0,7.408736403503964,5.703145953305122,209838.9795999999,134838.9795999999
1678464000000.0,168904.56459999993,40934.41499999999,75000.0,7.408736403503964,5.703145953305122,209838.9795999999,134838.9795999999
1678550400000.0,168904.56459999993,40934.41499999999,75000.0,7.408736403503964,5.703145953305122,209838.9795999999,134838.9795999999
1678636800000.0,168904.56459999993,40934.41499999999,75000.0,7.408736403503964,5.703145953305122,209838.9795999999,134838.9795999999
1678723200000.0,173803.23379999993,40934.41499999999,75000.0,7.62360891992596,2.9682933122922472,214737.6487999999,139737.6487999999
1678809600000.0,180009.37539999993,40934.41499999999,75000.0,7.895831682561828,0.8133155067777786,220943.79039999994,145943.79039999994
1678896000000.0,176301.42479999992,41756.28829999999,75000.0,7.769238384112648,2.403568447448512,218057.7130999999,143057.7130999999
1678982400000.0,178414.2137999999,41756.28829999999,75000.0,7.862344616322354,1.2339768388872074,220170.5020999999,145170.5020999999
1679068800000.0,182499.44209999993,41756.28829999999,75000.0,8.042372160355132,0.7766686239112919,224255.7303999999,149255.7303999999
1679155200000.0,184644.50009999992,41756.28829999999,75000.0,8.136900420513287,0.7344892992704577,226400.7883999999,151400.7883999999
1679241600000.0,185498.3498999999,41756.28829999999,75000.0,8.174527811488444,0.29025673082944126,227254.6381999999,152254.6381999999
1679328000000.0,185892.34829999993,41756.28829999999,75000.0,8.191890504365325,1.089327429980802,227648.6365999999,152648.6365999999
1679414400000.0,186816.04849999992,41756.28829999999,75000.0,8.232596057694765,0.5978397013540304,228572.3367999999,153572.3367999999
1679500800000.0,188292.50319999992,41756.28829999999,75000.0,8.29766035618615,0.1990707636700173,230048.7914999999,155048.7914999999
1679587200000.0,184556.39909999992,42673.50759999999,75000.0,8.173437945542581,1.8650575870925445,227229.9066999999,152229.9066999999
1679673600000.0,183500.9215999999,42673.50759999999,75000.0,8.126694078132749,2.42629103218428,226174.4291999999,151174.4291999999
1679760000000.0,182972.3170999999,42673.50759999999,75000.0,8.103283803010596,2.707368103581842,225645.82469999988,150645.82469999988
1679846400000.0,182972.3170999999,42673.50759999999,75000.0,8.103283803010596,2.707368103581842,225645.82469999988,150645.82469999988
1679932800000.0,182377.1818999999,42673.50759999999,75000.0,8.076927086851585,3.0238218210617007,225050.6894999999,150050.6894999999
1680019200000.0,182377.1818999999,42673.50759999999,75000.0,8.076927086851585,3.0238218210617007,225050.6894999999,150050.6894999999
1680105600000.0,182591.2982999999,42673.50759999999,75000.0,8.086409646746866,2.90996881631016,225264.8058999999,150264.8058999999
1680192000000.0,181959.27069999994,42673.50759999999,75000.0,8.058419079128178,3.2460394832273143,224632.77829999992,149632.77829999992
1680278400000.0,179252.58809999994,42673.50759999999,75000.0,7.938548392566978,4.685275090208874,221926.09569999992,146926.09569999992
1680364800000.0,179912.42399999994,42673.50759999999,76000.0,7.923567142102124,4.865148499836158,222585.93159999992,146585.93159999992
1680451200000.0,178651.87079999995,42673.50759999999,76000.0,7.8680508097981825,5.531709145420338,221325.37839999993,145325.37839999993
1680537600000.0,178620.86759999994,42673.50759999999,76000.0,7.866685390271513,5.548103148471684,221294.37519999992,145294.37519999992
1680624000000.0,178620.86759999994,42673.50759999999,76000.0,7.866685390271513,5.548103148471684,221294.37519999992,145294.37519999992
1680710400000.0,176400.09639999995,42673.50759999999,76000.0,7.768879861785906,6.722411923989258,219073.60399999993,143073.60399999993
1680796800000.0,176400.09639999995,42673.50759999999,76000.0,7.768879861785906,6.722411923989258,219073.60399999993,143073.60399999993
1680883200000.0,176400.09639999995,42673.50759999999,76000.0,7.768879861785906,6.722411923989258,219073.60399999993,143073.60399999993
1680969600000.0,176400.09639999995,42673.50759999999,76000.0,7.768879861785906,6.722411923989258,219073.60399999993,143073.60399999993
1681056000000.0,176400.09639999995,42673.50759999999,76000.0,7.768879861785906,6.722411923989258,219073.60399999993,143073.60399999993
1681142400000.0,177318.85949999996,42673.50759999999,76000.0,7.809343332560642,6.236584491180441,219992.36709999994,143992.36709999994
1681228800000.0,193424.88559999995,42673.50759999999,76000.0,8.518672773843692,0.941899517953837,236098.39319999993,160098.39319999993
1681315200000.0,189125.71339999995,44087.46499999999,76000.0,8.391604321988545,3.062221237616314,233213.17839999995,157213.17839999995
1681401600000.0,191738.22649999993,44087.46499999999,76000.0,8.50752286012431,1.7231583870455869,235825.69149999993,159825.69149999993
1681488000000.0,190633.76229999994,44087.46499999999,76000.0,8.458517220501953,2.289259655592446,234721.22729999994,158721.22729999994
1681574400000.0,191107.91029999993,44087.46499999999,76000.0,8.479555408987972,2.0462316024614013,235195.37529999993,159195.37529999993
1681660800000.0,191149.74689999994,44087.46499999999,76000.0,8.481411720258745,2.0247879446844474,235237.21189999994,159237.21189999994
1681747200000.0,188257.65039999993,44087.46499999999,76000.0,8.353087924130197,3.507153328197987,232345.11539999992,156345.11539999992
1681833600000.0,188257.65039999993,44087.46499999999,76000.0,8.353087924130197,3.507153328197987,232345.11539999992,156345.11539999992
1681920000000.0,185763.84429999994,44087.46499999999,76000.0,8.242436476102604,4.785372030732615,229851.30929999994,153851.30929999994
1682006400000.0,185763.84429999994,44087.46499999999,76000.0,8.242436476102604,4.785372030732615,229851.30929999994,153851.30929999994
1682092800000.0,185763.84429999994,44087.46499999999,76000.0,8.242436476102604,4.785372030732615,229851.30929999994,153851.30929999994
1682179200000.0,185763.84429999994,44087.46499999999,76000.0,8.242436476102604,4.785372030732615,229851.30929999994,153851.30929999994
1682265600000.0,185763.84429999994,44087.46499999999,76000.0,8.242436476102604,4.785372030732615,229851.30929999994,153851.30929999994
1682352000000.0,185763.84429999994,44087.46499999999,76000.0,8.242436476102604,4.785372030732615,229851.30929999994,153851.30929999994
1682438400000.0,185763.84429999994,44087.46499999999,76000.0,8.242436476102604,4.785372030732615,229851.30929999994,153851.30929999994
1682524800000.0,194891.80179999996,44087.46499999999,76000.0,8.647448603913713,0.5877872671279039,238979.26679999995,162979.26679999995
1682611200000.0,191274.87889999995,44699.802099999986,76000.0,8.514133600195846,2.120394180117935,235974.68099999992,159974.68099999992
1682697600000.0,191246.46919999996,44699.802099999986,76000.0,8.512869011857155,2.134932054895078,235946.27129999996,159946.27129999996
1682784000000.0,191650.93439999997,44699.802099999986,76000.0,8.53087279138761,1.9279582245022242,236350.73649999994,160350.73649999994
1682870400000.0,192900.15009999997,44699.802099999986,76000.0,8.586478574156516,1.2887067922013218,237599.95219999994,161599.95219999994
1682956800000.0,191341.62799999997,44699.802099999986,77000.0,8.473179563393368,2.591207203167911,236041.43009999994,159041.43009999994
1683043200000.0,191341.62799999997,44699.802099999986,77000.0,8.473179563393368,2.591207203167911,236041.43009999994,159041.43009999994
1683129600000.0,191341.62799999997,44699.802099999986,77000.0,8.473179563393368,2.591207203167911,236041.43009999994,159041.43009999994
1683216000000.0,190304.7075,44699.802099999986,77000.0,8.427261622371859,3.1190859255716186,235004.5096,158004.5096
1683302400000.0,192652.32619999998,44699.802099999986,77000.0,8.53122119980098,1.9239528753068447,237352.12829999998,160352.12829999998
1683388800000.0,190558.83419999998,44699.802099999986,77000.0,8.43851511270462,2.989714312487801,235258.63629999995,158258.63629999995
1683475200000.0,190558.83419999998,44699.802099999986,77000.0,8.43851511270462,2.989714312487801,235258.63629999995,158258.63629999995
1683561600000.0,190558.83419999998,44699.802099999986,77000.0,8.43851511270462,2.989714312487801,235258.63629999995,158258.63629999995
1683648000000.0,190558.83419999998,44699.802099999986,77000.0,8.43851511270462,2.989714312487801,235258.63629999995,158258.63629999995
1683734400000.0,190558.83419999998,44699.802099999986,77000.0,8.43851511270462,2.989714312487801,235258.63629999995,158258.63629999995
1683820800000.0,190558.83419999998,44699.802099999986,77000.0,8.43851511270462,2.989714312487801,235258.63629999995,158258.63629999995
1683907200000.0,190558.83419999998,44699.802099999986,77000.0,8.43851511270462,2.989714312487801,235258.63629999995,158258.63629999995
1683993600000.0,190558.83419999998,44699.802099999986,77000.0,8.43851511270462,2.989714312487801,235258.63629999995,158258.63629999995
1684080000000.0,190558.83419999998,44699.802099999986,77000.0,8.43851511270462,2.989714312487801,235258.63629999995,158258.63629999995
1684166400000.0,190355.96849999996,44699.802099999986,77000.0,8.429531612766207,3.0929898158032043,235055.77059999993,158055.77059999993
1684252800000.0,188154.65399999998,44699.802099999986,77000.0,8.332050822888108,4.213641867593831,232854.45609999995,155854.45609999995
1684339200000.0,188154.65399999998,44699.802099999986,77000.0,8.332050822888108,4.213641867593831,232854.45609999995,155854.45609999995
1684425600000.0,186977.65519999998,44699.802099999986,77000.0,8.279929795788357,4.812832087880448,231677.45729999995,154677.45729999995
1684512000000.0,186922.43199999997,44699.802099999986,77000.0,8.277484347327633,4.840945286783393,231622.23409999994,154622.23409999994
1684598400000.0,186922.43199999997,44699.802099999986,77000.0,8.277484347327633,4.840945286783393,231622.23409999994,154622.23409999994
1684684800000.0,184518.7497,44699.802099999986,77000.0,8.171042106012269,6.064619369404422,229218.55179999996,152218.55179999996
1684771200000.0,184518.7497,44699.802099999986,77000.0,8.171042106012269,6.064619369404422,229218.55179999996,152218.55179999996
1684857600000.0,183813.4551,44699.802099999986,77000.0,8.139809551688588,6.423672944260195,228513.2572,151513.2572
1684944000000.0,182170.74469999998,44699.802099999986,77000.0,8.06706542206378,7.259949078478101,226870.54679999995,149870.54679999995
1685030400000.0,182170.74469999998,44699.802099999986,77000.0,8.06706542206378,7.259949078478101,226870.54679999995,149870.54679999995
1685116800000.0,182170.74469999998,44699.802099999986,77000.0,8.06706542206378,7.259949078478101,226870.54679999995,149870.54679999995
1685203200000.0,180309.9669,44699.802099999986,77000.0,7.984664615758443,8.207239644863073,225009.76899999997,148009.76899999997
1685289600000.0,185587.61800000002,44699.802099999986,77000.0,8.2183747911691,5.520476561328136,230287.4201,153287.4201
1685376000000.0,190253.6226,44699.802099999986,77000.0,8.424999430212202,5.168355559843341,234953.42469999997,157953.42469999997
1685462400000.0,190807.9336,44699.802099999986,77000.0,8.449545979157442,4.892060039459045,235507.73569999996,158507.73569999996
1685548800000.0,186217.4606,45356.19019999998,77000.0,8.275332933497904,6.852998997339299,231573.65079999997,154573.65079999997
1685635200000.0,187217.4606,45356.19019999998,78000.0,8.275332933497904,6.852998997339299,232573.65079999997,154573.65079999997
1685721600000.0,187217.4606,45356.19019999998,78000.0,8.275332933497904,6.852998997339299,232573.65079999997,154573.65079999997
1685808000000.0,189031.9364,45356.19019999998,78000.0,8.355535876624327,5.950236089327154,234388.1266,156388.1266
1685894400000.0,186857.55109999998,45356.19019999998,78000.0,8.259424316166573,7.032066112393254,232213.74129999997,154213.74129999997
1685980800000.0,184810.74099999998,45356.19019999998,78000.0,8.16895179840641,8.050423170682276,230166.93119999996,152166.93119999996
1686067200000.0,184810.74099999998,45356.19019999998,78000.0,8.16895179840641,8.050423170682276,230166.93119999996,152166.93119999996
1686153600000.0,182679.9551,45356.19019999998,78000.0,8.074767406224225,9.110561021754881,228036.14529999997,150036.14529999997
1686240000000.0,182679.9551,45356.19019999998,78000.0,8.074767406224225,9.110561021754881,228036.14529999997,150036.14529999997
1686326400000.0,181104.63929999998,45356.19019999998,78000.0,8.005135745381159,9.894333763527163,226460.82949999996,148460.82949999996
1686412800000.0,181085.15099999998,45356.19019999998,78000.0,8.004274329088624,9.904029850066431,226441.34119999997,148441.34119999997
1686499200000.0,181085.15099999998,45356.19019999998,78000.0,8.004274329088624,9.904029850066431,226441.34119999997,148441.34119999997
1686585600000.0,181085.15099999998,45356.19019999998,78000.0,8.004274329088624,9.904029850066431,226441.34119999997,148441.34119999997
1686672000000.0,181085.15099999998,45356.19019999998,78000.0,8.004274329088624,9.904029850066431,226441.34119999997,148441.34119999997
1686758400000.0,181085.15099999998,45356.19019999998,78000.0,8.004274329088624,9.904029850066431,226441.34119999997,148441.34119999997
1686844800000.0,181085.15099999998,45356.19019999998,78000.0,8.004274329088624,9.904029850066431,226441.34119999997,148441.34119999997
1686931200000.0,181085.15099999998,45356.19019999998,78000.0,8.004274329088624,9.904029850066431,226441.34119999997,148441.34119999997
1687017600000.0,181300.6959,45356.19019999998,78000.0,8.013801783439842,9.796788992551997,226656.88609999997,148656.88609999997
1687104000000.0,182178.82719999997,45356.19019999998,78000.0,8.052616693350148,9.359889053735259,227535.01739999995,149535.01739999995
1687190400000.0,181493.30769999998,45356.19019999998,78000.0,8.022315555428907,9.700958125760916,226849.49789999996,148849.49789999996
1687276800000.0,185138.47869999998,45356.19019999998,78000.0,8.183438366986428,7.887362611198812,230494.66889999996,152494.66889999996
1687363200000.0,201274.51229999997,45356.19019999998,78000.0,8.8966787337672,0.40490365155199104,246630.70249999996,168630.70249999996
1687449600000.0,201269.11349999998,45356.19019999998,78000.0,8.89644009754546,2.662432947307991,246625.30369999996,168625.30369999996
1687536000000.0,209322.76279999997,45356.19019999998,78000.0,9.252425212788136,0.4197932032124596,254678.95299999995,176678.95299999995
1687622400000.0,203850.20529999997,47885.640599999984,78000.0,9.122334830014076,1.881820163543535,251735.84589999996,173735.84589999996
1687708800000.0,204229.91079999995,47885.640599999984,78000.0,9.139326722186567,1.69905845143703,252115.55139999994,174115.55139999994
1687795200000.0,201070.84739999994,47885.640599999984,78000.0,8.997958043937594,3.219594328944775,248956.48799999992,170956.48799999992
1687881600000.0,201107.85629999993,47885.640599999984,78000.0,8.999614199137406,3.2017810238249456,248993.4968999999,170993.4968999999
1687968000000.0,198947.36549999993,47885.640599999984,78000.0,8.902931831583444,4.241679043733448,246833.0060999999,168833.0060999999
1688054400000.0,198947.36549999993,47885.640599999984,78000.0,8.902931831583444,4.241679043733448,246833.0060999999,168833.0060999999
1688140800000.0,195859.69509999992,47885.640599999984,78000.0,8.764758003442966,5.727851692601038,243745.3356999999,165745.3356999999
1688227200000.0,196962.94949999993,47920.303599999985,79000.0,8.770898481486734,5.661805823839683,244883.2530999999,165883.2530999999
1688313600000.0,193931.66749999992,47920.303599999985,79000.0,8.63591336495466,7.113681268661365,241851.9710999999,162851.9710999999
1688400000000.0,196705.02089999992,47920.303599999985,79000.0,8.759412739768228,5.785344379756696,244625.3244999999,165625.3244999999
1688486400000.0,195715.80299999993,47920.303599999985,79000.0,8.71536217188734,6.259144302887599,243636.1065999999,164636.1065999999
1688572800000.0,192820.1559999999,47920.303599999985,79000.0,8.5864169771708,7.646055443511113,240740.4595999999,161740.4595999999
1688659200000.0,192820.1559999999,47920.303599999985,79000.0,8.5864169771708,7.646055443511113,240740.4595999999,161740.4595999999
1688745600000.0,192820.1559999999,47920.303599999985,79000.0,8.5864169771708,7.646055443511113,240740.4595999999,161740.4595999999
1688832000000.0,192820.1559999999,47920.303599999985,79000.0,8.5864169771708,7.646055443511113,240740.4595999999,161740.4595999999
1688918400000.0,192820.1559999999,47920.303599999985,79000.0,8.5864169771708,7.646055443511113,240740.4595999999,161740.4595999999
1689004800000.0,192820.1559999999,47920.303599999985,79000.0,8.5864169771708,7.646055443511113,240740.4595999999,161740.4595999999
1689091200000.0,192806.48769999988,47920.303599999985,79000.0,8.585808318171637,7.652602069375192,240726.79129999987,161726.79129999987
1689177600000.0,192327.4912999999,47920.303599999985,79000.0,8.564478272048433,7.882024179003366,240247.7948999999,161247.7948999999
1689264000000.0,191639.8080999999,47920.303599999985,79000.0,8.53385525614653,8.211399787045249,239560.1116999999,160560.1116999999
1689350400000.0,194324.2951999999,47920.303599999985,79000.0,8.653397352204353,6.925626671106,242244.5987999999,163244.5987999999
1689436800000.0,191368.75189999992,47920.303599999985,79000.0,8.521784933179635,8.341225992903567,239289.0554999999,160289.0554999999
1689523200000.0,191368.75189999992,47920.303599999985,79000.0,8.521784933179635,8.341225992903567,239289.0554999999,160289.0554999999
1689609600000.0,191368.75189999992,47920.303599999985,79000.0,8.521784933179635,8.341225992903567,239289.0554999999,160289.0554999999
1689696000000.0,191368.75189999992,47920.303599999985,79000.0,8.521784933179635,8.341225992903567,239289.0554999999,160289.0554999999
1689782400000.0,191368.75189999992,47920.303599999985,79000.0,8.521784933179635,8.341225992903567,239289.0554999999,160289.0554999999
1689868800000.0,191368.75189999992,47920.303599999985,79000.0,8.521784933179635,8.341225992903567,239289.0554999999,160289.0554999999
1689955200000.0,191368.75189999992,47920.303599999985,79000.0,8.521784933179635,8.341225992903567,239289.0554999999,160289.0554999999
1690041600000.0,191368.75189999992,47920.303599999985,79000.0,8.521784933179635,8.341225992903567,239289.0554999999,160289.0554999999
1690128000000.0,191368.75189999992,47920.303599999985,79000.0,8.521784933179635,8.341225992903567,239289.0554999999,160289.0554999999
1690214400000.0,190626.7750999999,47920.303599999985,79000.0,8.488744185135706,8.696606289605558,238547.0786999999,159547.0786999999
1690300800000.0,190626.7750999999,47920.303599999985,79000.0,8.488744185135706,8.696606289605558,238547.0786999999,159547.0786999999
1690387200000.0,190626.7750999999,47920.303599999985,79000.0,8.488744185135706,8.696606289605558,238547.0786999999,159547.0786999999
1690473600000.0,190626.7750999999,47920.303599999985,79000.0,8.488744185135706,8.696606289605558,238547.0786999999,159547.0786999999
1690560000000.0,190626.7750999999,47920.303599999985,79000.0,8.488744185135706,8.696606289605558,238547.0786999999,159547.0786999999
1690646400000.0,190626.7750999999,47920.303599999985,79000.0,8.488744185135706,8.696606289605558,238547.0786999999,159547.0786999999
1690732800000.0,190626.7750999999,47920.303599999985,79000.0,8.488744185135706,8.696606289605558,238547.0786999999,159547.0786999999
1690819200000.0,188997.0372999999,47920.303599999985,79000.0,8.416170816227858,9.477192290287007,236917.3408999999,157917.3408999999
1690905600000.0,189997.0372999999,47920.303599999985,80000.0,8.416170816227858,9.477192290287007,237917.3408999999,157917.3408999999
1690992000000.0,187647.39319999993,47920.303599999985,80000.0,8.312090213793422,10.596664383500343,235567.69679999992,155567.69679999992
1691078400000.0,187647.39319999993,47920.303599999985,80000.0,8.312090213793422,10.596664383500343,235567.69679999992,155567.69679999992
1691164800000.0,187647.39319999993,47920.303599999985,80000.0,8.312090213793422,10.596664383500343,235567.69679999992,155567.69679999992
1691251200000.0,187647.39319999993,47920.303599999985,80000.0,8.312090213793422,10.596664383500343,235567.69679999992,155567.69679999992
1691337600000.0,187647.39319999993,47920.303599999985,80000.0,8.312090213793422,10.596664383500343,235567.69679999992,155567.69679999992
1691424000000.0,187647.39319999993,47920.303599999985,80000.0,8.312090213793422,10.596664383500343,235567.69679999992,155567.69679999992
1691510400000.0,191434.22379999992,47920.303599999985,80000.0,8.479832898809061,8.792454469996303,239354.5273999999,159354.5273999999
1691596800000.0,194332.48109999992,47920.303599999985,80000.0,8.60821505072475,7.41159931567662,242252.7846999999,162252.7846999999
1691683200000.0,191431.28589999993,48340.73609999999,80000.0,8.498326375962103,8.593541982029585,239772.0219999999,159772.0219999999
1691769600000.0,190875.10879999993,48340.73609999999,80000.0,8.473635665159975,8.859110791760427,239215.8448999999,159215.8448999999
1691856000000.0,190875.10879999993,48340.73609999999,80000.0,8.473635665159975,8.859110791760427,239215.8448999999,159215.8448999999
1691942400000.0,190875.10879999993,48340.73609999999,80000.0,8.473635665159975,8.859110791760427,239215.8448999999,159215.8448999999
1692028800000.0,190875.10879999993,48340.73609999999,80000.0,8.473635665159975,8.859110791760427,239215.8448999999,159215.8448999999
1692115200000.0,188467.52189999993,48340.73609999999,80000.0,8.366754184640753,10.008708621941764,236808.2579999999,156808.2579999999
1692201600000.0,188467.52189999993,48340.73609999999,80000.0,8.366754184640753,10.008708621941764,236808.2579999999,156808.2579999999
1692288000000.0,188467.52189999993,48340.73609999999,80000.0,8.366754184640753,10.008708621941764,236808.2579999999,156808.2579999999
1692374400000.0,188467.52189999993,48340.73609999999,80000.0,8.366754184640753,10.008708621941764,236808.2579999999,156808.2579999999
1692460800000.0,188467.52189999993,48340.73609999999,80000.0,8.366754184640753,10.008708621941764,236808.2579999999,156808.2579999999
1692547200000.0,188467.52189999993,48340.73609999999,80000.0,8.366754184640753,10.008708621941764,236808.2579999999,156808.2579999999
1692633600000.0,188467.52189999993,48340.73609999999,80000.0,8.366754184640753,10.008708621941764,236808.2579999999,156808.2579999999
1692720000000.0,188467.52189999993,48340.73609999999,80000.0,8.366754184640753,10.008708621941764,236808.2579999999,156808.2579999999
1692806400000.0,188467.52189999993,48340.73609999999,80000.0,8.366754184640753,10.008708621941764,236808.2579999999,156808.2579999999
1692892800000.0,186094.66479999994,48340.73609999999,80000.0,8.261414485413882,11.141723332019493,234435.40089999992,154435.40089999992
1692979200000.0,186094.66479999994,48340.73609999999,80000.0,8.261414485413882,11.141723332019493,234435.40089999992,154435.40089999992
1693065600000.0,186094.66479999994,48340.73609999999,80000.0,8.261414485413882,11.141723332019493,234435.40089999992,154435.40089999992
1693152000000.0,186094.66479999994,48340.73609999999,80000.0,8.261414485413882,11.141723332019493,234435.40089999992,154435.40089999992
1693238400000.0,186094.66479999994,48340.73609999999,80000.0,8.261414485413882,11.141723332019493,234435.40089999992,154435.40089999992
1693324800000.0,185420.67429999993,48340.73609999999,80000.0,8.231493612154482,11.463546821075198,233761.4103999999,153761.4103999999
1693411200000.0,183388.62909999993,48340.73609999999,80000.0,8.141283784439445,12.433827375746109,231729.3651999999,151729.3651999999
1693497600000.0,180495.84099999993,48340.73609999999,80000.0,8.012862469737826,13.815103757892256,228836.5770999999,148836.5770999999
1693584000000.0,181495.84099999993,48340.73609999999,81000.0,8.012862469737826,13.815103757892256,229836.5770999999,148836.5770999999
1693670400000.0,181495.84099999993,48340.73609999999,81000.0,8.012862469737826,13.815103757892256,229836.5770999999,148836.5770999999
1693756800000.0,181495.84099999993,48340.73609999999,81000.0,8.012862469737826,13.815103757892256,229836.5770999999,148836.5770999999
1693843200000.0,181495.84099999993,48340.73609999999,81000.0,8.012862469737826,13.815103757892256,229836.5770999999,148836.5770999999
1693929600000.0,181495.84099999993,48340.73609999999,81000.0,8.012862469737826,13.815103757892256,229836.5770999999,148836.5770999999
1694016000000.0,181495.84099999993,48340.73609999999,81000.0,8.012862469737826,13.815103757892256,229836.5770999999,148836.5770999999
1694102400000.0,181495.84099999993,48340.73609999999,81000.0,8.012862469737826,13.815103757892256,229836.5770999999,148836.5770999999
1694188800000.0,179307.0961999999,48340.73609999999,81000.0,7.916231544383708,14.85444847482411,227647.8322999999,146647.8322999999
1694275200000.0,178774.41759999993,48340.73609999999,81000.0,7.892714309284241,15.107395592611738,227115.1536999999,146115.1536999999
1694361600000.0,178774.41759999993,48340.73609999999,81000.0,7.892714309284241,15.107395592611738,227115.1536999999,146115.1536999999
1694448000000.0,178774.41759999993,48340.73609999999,81000.0,7.892714309284241,15.107395592611738,227115.1536999999,146115.1536999999
1694534400000.0,178774.41759999993,48340.73609999999,81000.0,7.892714309284241,15.107395592611738,227115.1536999999,146115.1536999999
1694620800000.0,179608.79349999994,48340.73609999999,81000.0,7.929551182779121,14.711184858678628,227949.52959999992,146949.52959999992
1694707200000.0,181836.76499999993,48340.73609999999,81000.0,8.027913928270326,13.653212998277308,230177.5010999999,149177.5010999999
1694793600000.0,180002.05759999994,48340.73609999999,81000.0,7.946913405132112,14.524439942279987,228342.79369999992,147342.79369999992
1694880000000.0,180917.09799999994,48340.73609999999,81000.0,7.987311536786566,14.089924961127686,229257.83409999992,148257.83409999992
1694966400000.0,181128.05289999992,48340.73609999999,81000.0,7.996624987671742,13.989751171645292,229468.7889999999,148468.7889999999
1695052800000.0,184669.10319999992,48340.73609999999,81000.0,8.152958867809106,12.308252295351007,233009.8392999999,152009.8392999999
1695139200000.0,181638.30629999994,48658.945899999984,81000.0,8.033200821290094,13.596348135305725,230297.25219999993,149297.25219999993
1695225600000.0,180985.95389999996,48658.945899999984,81000.0,8.00434965028878,13.906666100777166,229644.89979999996,148644.89979999996
1695312000000.0,178576.18729999996,48658.945899999984,81000.0,7.897774449140049,15.052969645568414,227235.13319999995,146235.13319999995
1695398400000.0,178576.18729999996,48658.945899999984,81000.0,7.897774449140049,15.052969645568414,227235.13319999995,146235.13319999995
1695484800000.0,178576.18729999996,48658.945899999984,81000.0,7.897774449140049,15.052969645568414,227235.13319999995,146235.13319999995
1695571200000.0,178576.18729999996,48658.945899999984,81000.0,7.897774449140049,15.052969645568414,227235.13319999995,146235.13319999995
1695657600000.0,178576.18729999996,48658.945899999984,81000.0,7.897774449140049,15.052969645568414,227235.13319999995,146235.13319999995
1695744000000.0,178576.18729999996,48658.945899999984,81000.0,7.897774449140049,15.052969645568414,227235.13319999995,146235.13319999995
1695830400000.0,178576.18729999996,48658.945899999984,81000.0,7.897774449140049,15.052969645568414,227235.13319999995,146235.13319999995
1695916800000.0,183609.12949999995,48658.945899999984,81000.0,8.120363154342844,12.658845880806524,232268.07539999994,151268.07539999994
1696003200000.0,180646.20249999998,48888.94749999999,81000.0,7.999495816307087,13.958873059235344,229535.14999999997,148535.14999999997
1696089600000.0,181063.7853,48888.94749999999,81000.0,8.0179874968148,13.759979895660102,229952.73279999997,148952.73279999997
1696176000000.0,183196.96879999997,48888.94749999999,82000.0,8.067892265737546,13.223213247307285,232085.91629999995,150085.91629999995
1696262400000.0,189503.40379999997,48888.94749999999,82000.0,8.345624143585496,10.235979513313787,238392.35129999995,156392.35129999995
1696348800000.0,185653.9277,49334.25019999999,82000.0,8.195706246881253,11.848469234819392,234988.17789999998,152988.17789999998
1696435200000.0,184426.4095,49334.25019999999,82000.0,8.141517365964297,12.431315015205847,233760.6597,151760.6597
1696521600000.0,182147.9886,49334.25019999999,82000.0,8.040936308323927,13.513146638972684,231482.2388,149482.2388
1696608000000.0,179424.02740000002,49334.25019999999,82000.0,7.920686841481636,14.806528106845384,228758.2776,146758.2776
1696694400000.0,179516.57840000003,49334.25019999999,82000.0,7.924772512160691,14.762583373626315,228850.8286,146850.8286
1696780800000.0,179239.52040000004,49334.25019999999,82000.0,7.912541766442144,14.894135057521751,228573.77060000002,146573.77060000002
1696867200000.0,178775.83390000003,49334.25019999999,82000.0,7.892072291911093,15.114301015099551,228110.0841,146110.0841
1696953600000.0,178775.83390000003,49334.25019999999,82000.0,7.892072291911093,15.114301015099551,228110.0841,146110.0841
1697040000000.0,178775.83390000003,49334.25019999999,82000.0,7.892072291911093,15.114301015099551,228110.0841,146110.0841
1697126400000.0,178775.83390000003,49334.25019999999,82000.0,7.892072291911093,15.114301015099551,228110.0841,146110.0841
1697212800000.0,178775.83390000003,49334.25019999999,82000.0,7.892072291911093,15.114301015099551,228110.0841,146110.0841
1697299200000.0,178775.83390000003,49334.25019999999,82000.0,7.892072291911093,15.114301015099551,228110.0841,146110.0841
1697385600000.0,178775.83390000003,49334.25019999999,82000.0,7.892072291911093,15.114301015099551,228110.0841,146110.0841
1697472000000.0,189726.9279,49334.25019999999,82000.0,8.375509139264059,10.834439400762296,239061.1781,157061.1781
1697558400000.0,194517.34990000003,49334.25019999999,82000.0,8.586982669595395,8.583094966607652,243851.6001,161851.6001
1697644800000.0,190430.28730000005,50629.18939999999,82000.0,8.463724177437769,9.895303259752353,241059.47670000006,159059.47670000006
1697731200000.0,193098.29940000005,50629.18939999999,82000.0,8.582304676562325,8.63289681916818,243727.48880000005,161727.48880000005
1697817600000.0,199273.20290000003,50629.18939999999,82000.0,8.856749885816047,5.711156715970889,249902.3923,167902.3923
1697904000000.0,202012.76730000007,50629.18939999999,82000.0,8.978510545723049,4.414894325348639,252641.95670000004,170641.95670000004
1697990400000.0,201220.35120000003,50629.18939999999,82000.0,8.943291403856213,4.789836848383899,251849.5406,169849.5406
1698076800000.0,208720.01330000005,50629.18939999999,82000.0,9.276615857326087,1.2412690824262773,259349.20270000002,177349.20270000002
1698163200000.0,228470.64310000004,50629.18939999999,82000.0,10.15443779063303,4.644405510656546,279099.8325,197099.83250000002
1698249600000.0,236772.71860000005,50629.18939999999,82000.0,10.523425718596231,1.1794117851763986,287401.90800000005,205401.90800000005
1698336000000.0,228732.00830000007,54884.93609999999,82000.0,10.355202016441254,2.7591221991771775,283616.94440000004,201616.94440000004
1698422400000.0,229801.97830000008,54884.93609999999,82000.0,10.403641915972061,2.3042456701166447,284686.91440000007,202686.91440000007
1698508800000.0,230707.1005000001,54884.93609999999,82000.0,10.44461879236215,1.9194509144584315,285592.0366000001,203592.0366000001
1698595200000.0,231909.29930000007,54884.93609999999,82000.0,10.499044981029174,1.4083599330433239,286794.23540000006,204794.23540000006
1698681600000.0,232874.43550000008,54884.93609999999,82000.0,10.542738823437414,0.9980514153029585,287759.3716000001,205759.37160000007
1698768000000.0,229168.39590000006,55060.10489999999,82000.0,10.382849263724255,2.499499780386416,284228.50080000004,202228.50080000004
1698854400000.0,227329.71800000005,55060.10489999999,83000.0,10.254797084237499,3.7019781403286434,282389.8229,199389.82290000003
1698940800000.0,223863.48530000006,55060.10489999999,83000.0,10.098436036073753,5.170291897332935,278923.59020000004,195923.59020000004
1699027200000.0,223863.48530000006,55060.10489999999,83000.0,10.098436036073753,5.170291897332935,278923.59020000004,195923.59020000004
1699113600000.0,223591.96590000007,55060.10489999999,83000.0,10.086187851472417,5.2853088926759,278652.07080000004,195652.07080000004
1699200000000.0,224976.14310000004,55060.10489999999,83000.0,10.148627801864771,4.698964408391371,280036.248,197036.24800000002
1699286400000.0,221482.55600000007,55060.10489999999,83000.0,9.9910328023117,6.178865628013108,276542.6609000001,193542.66090000008
1699372800000.0,220366.69590000005,55060.10489999999,83000.0,9.940696581422635,6.6515496274809465,275426.8008,192426.80080000003
1699459200000.0,218983.62920000002,55060.10489999999,83000.0,9.878306725458152,7.23742369833158,274043.7341,191043.7341
1699545600000.0,230928.28810000006,55060.10489999999,83000.0,10.417127845448862,2.353588691883113,285988.39300000004,202988.39300000004
1699632000000.0,226756.12680000006,55770.04159999999,83000.0,10.260947601856357,3.817566146157947,282526.1684,199526.16840000002
1699718400000.0,225195.05100000004,55770.04159999999,83000.0,10.190307318780548,4.479722763459693,280965.09260000003,197965.09260000003
1699804800000.0,224278.57050000003,55770.04159999999,83000.0,10.148835634988217,4.86846341763102,280048.6121,197048.61210000003
1699891200000.0,221117.81120000005,55770.04159999999,83000.0,10.00580803076394,6.209152759040981,276887.85280000005,193887.85280000005
1699977600000.0,220590.78080000007,55770.04159999999,83000.0,9.981959363937158,6.432701587918577,276360.82240000006,193360.82240000006
1700064000000.0,220590.78080000007,55770.04159999999,83000.0,9.981959363937158,6.432701587918577,276360.82240000006,193360.82240000006
1700150400000.0,217819.89410000006,55770.04159999999,83000.0,9.856573895237307,7.608019893537299,273589.93570000003,190589.93570000003
1700236800000.0,217819.89410000006,55770.04159999999,83000.0,9.856573895237307,7.608019893537299,273589.93570000003,190589.93570000003
1700323200000.0,217819.89410000006,55770.04159999999,83000.0,9.856573895237307,7.608019893537299,273589.93570000003,190589.93570000003
1700409600000.0,216875.44250000006,55770.04159999999,83000.0,9.813836490445432,8.008624961312494,272645.48410000006,189645.48410000006
1700496000000.0,222817.87490000005,55770.04159999999,83000.0,10.082737659046506,5.488042080885879,278587.91650000005,195587.91650000005
1700582400000.0,217240.9622000001,55810.65479999999,83000.0,9.832214421243155,7.836356845158909,273051.6170000001,190051.6170000001
1700668800000.0,215840.24260000009,55810.65479999999,83000.0,9.768818571253506,8.430606751194325,271650.8974000001,188650.89740000007
1700755200000.0,213979.11620000008,55810.65479999999,83000.0,9.68458494586112,9.220182472359372,269789.77100000007,186789.77100000007
1700841600000.0,220532.28570000007,55810.65479999999,83000.0,9.981178033141925,6.440025501892843,276342.9405,193342.94050000003
1700928000000.0,216491.41970000003,56091.03129999999,83000.0,9.810980208945242,8.035398717218845,272582.451,189582.451
1701014400000.0,213243.35220000002,56091.03129999999,83000.0,9.66378395514462,9.41516348106487,269334.3835,186334.3835
1701100800000.0,213243.35220000002,56091.03129999999,83000.0,9.66378395514462,9.41516348106487,269334.3835,186334.3835
1701187200000.0,213243.35220000002,56091.03129999999,83000.0,9.66378395514462,9.41516348106487,269334.3835,186334.3835
1701273600000.0,210076.66270000002,56091.03129999999,83000.0,9.520275597836847,10.760359229041526,266167.694,183167.69400000002
1701360000000.0,209220.0193,56091.03129999999,83000.0,9.481454144981255,11.124257571209984,265311.0506,182311.05060000002
1701446400000.0,213498.49220000004,56091.03129999999,84000.0,9.629321558229627,9.738201599992735,269589.5235,185589.5235
1701532800000.0,216429.03240000003,56091.03129999999,84000.0,9.761496327401689,8.49924283260377,272520.0637,188520.0637
1701619200000.0,223409.86250000002,56091.03129999999,84000.0,10.07634940708198,5.547923258128096,279500.8938,195500.89380000002
1701705600000.0,234520.602,56091.03129999999,84000.0,10.577471837937363,2.6649579222651987,290611.6333,206611.6333
1701792000000.0,241864.1348,56091.03129999999,84000.0,10.908683726021163,0.653805043013922,297955.1661,213955.16609999997
1701878400000.0,253026.38410000002,56091.03129999999,84000.0,11.412129379033713,2.0029254274083974,309117.4154,225117.4154
1701964800000.0,243972.3777,59841.29329999999,84000.0,11.172917102806405,4.057064711457747,303813.671,219813.67099999997
1702051200000.0,244260.407,59841.29329999999,84000.0,11.186107643155347,3.9437962474143218,304101.7003,220101.70030000003
1702137600000.0,245601.93080000003,59841.29329999999,84000.0,11.247543836670964,3.416237626455554,305443.2241,221443.2241
1702224000000.0,244934.5208,59841.29329999999,84000.0,11.21697924294981,3.6786987912996616,304775.81409999996,220775.81409999996
1702310400000.0,241705.8653,59841.29329999999,84000.0,11.069120290247477,4.948378123959197,301547.15859999997,217547.15859999997
1702396800000.0,241705.8653,59841.29329999999,84000.0,11.069120290247477,4.948378123959197,301547.15859999997,217547.15859999997
1702483200000.0,241705.8653,59841.29329999999,84000.0,11.069120290247477,4.948378123959197,301547.15859999997,217547.15859999997
1702569600000.0,238803.1092,59841.29329999999,84000.0,10.936186170488863,6.089896451919985,298644.40249999997,214644.40249999997
1702656000000.0,235798.1667,59841.29329999999,84000.0,10.798572339908075,7.27159991581704,295639.45999999996,211639.45999999996
1702742400000.0,235798.1667,59841.29329999999,84000.0,10.798572339908075,7.27159991581704,295639.45999999996,211639.45999999996
1702828800000.0,235798.1667,59841.29329999999,84000.0,10.798572339908075,7.27159991581704,295639.45999999996,211639.45999999996
1702915200000.0,235798.1667,59841.29329999999,84000.0,10.798572339908075,7.27159991581704,295639.45999999996,211639.45999999996
1703001600000.0,232911.05070000002,59841.29329999999,84000.0,10.666354471482613,8.40696772331172,292752.34400000004,208752.34400000004
1703088000000.0,240168.32640000002,59841.29329999999,84000.0,10.998707422881141,5.553020323936875,300009.61970000004,216009.61970000004
1703174400000.0,236239.20620000002,60211.08829999999,84000.0,10.835705177395669,6.952736597368425,296450.2945,212450.29450000002
1703260800000.0,236212.7278,60211.08829999999,84000.0,10.83449067900404,6.963165614206545,296423.8161,212423.8161
1703347200000.0,236566.0215,60211.08829999999,84000.0,10.850695382854045,6.824014232472885,296777.1098,212777.10979999998
1703433600000.0,235469.4169,60211.08829999999,84000.0,10.800396855641267,7.25593262022074,295680.5052,211680.5052
1703520000000.0,233781.5811,60211.08829999999,84000.0,10.722980022885867,7.920718558123174,293992.6694,209992.6694
1703606400000.0,233781.5811,60211.08829999999,84000.0,10.722980022885867,7.920718558123174,293992.6694,209992.6694
1703692800000.0,233781.5811,60211.08829999999,84000.0,10.722980022885867,7.920718558123174,293992.6694,209992.6694
1703779200000.0,231697.4116,60211.08829999999,84000.0,10.627384348463387,8.741607992868627,291908.4999,207908.4999
1703865600000.0,231697.4116,60211.08829999999,84000.0,10.627384348463387,8.741607992868627,291908.4999,207908.4999
1703952000000.0,231697.4116,60211.08829999999,84000.0,10.627384348463387,8.741607992868627,291908.4999,207908.4999
1704038400000.0,231697.4116,60211.08829999999,84000.0,10.627384348463387,8.741607992868627,291908.4999,207908.4999
1704124800000.0,231580.1771,60211.08829999999,85000.0,10.576359799641708,9.179760799398961,291791.2654,206791.26539999997
1704211200000.0,247486.14380000002,60211.08829999999,85000.0,11.302791694145686,2.941818854190925,307697.2321,222697.23210000002
1704297600000.0,242239.3043,61448.40589999999,85000.0,11.119675216863472,4.514258009381688,303687.7102,218687.71019999997
1704384000000.0,242239.3043,61448.40589999999,85000.0,11.119675216863472,4.514258009381688,303687.7102,218687.71019999997
1704470400000.0,242071.2967,61448.40589999999,85000.0,11.111963049957431,4.580483143211311,303519.7026,218519.70260000002
1704556800000.0,240525.9978,61448.40589999999,85000.0,11.041028145604768,5.1896081260053855,301974.4037,216974.40370000002
1704643200000.0,240707.075,61448.40589999999,85000.0,11.049340255231229,5.118231225177716,302155.4809,217155.48090000002
1704729600000.0,237081.0922,61448.40589999999,85000.0,10.882894305452577,6.547518925221773,298529.4981,213529.49810000003
1704816000000.0,232704.96420000005,61448.40589999999,85000.0,10.682013931361187,8.272498405052286,294153.37010000006,209153.37010000006
1704902400000.0,231467.11050000004,61448.40589999999,85000.0,10.625191892717343,8.76043482545229,292915.5164,207915.51640000002
1704988800000.0,233010.49210000006,61448.40589999999,85000.0,10.696038785946648,8.15206560280889,294458.89800000004,209458.89800000004
1705075200000.0,231255.35050000006,61448.40589999999,85000.0,10.615471329695056,8.843906253767209,292703.7564000001,207703.75640000007
1705161600000.0,231255.35050000006,61448.40589999999,85000.0,10.615471329695056,8.843906253767209,292703.7564000001,207703.75640000007
1705248000000.0,231255.35050000006,61448.40589999999,85000.0,10.615471329695056,8.843906253767209,292703.7564000001,207703.75640000007
1705334400000.0,231255.35050000006,61448.40589999999,85000.0,10.615471329695056,8.843906253767209,292703.7564000001,207703.75640000007
1705420800000.0,231255.35050000006,61448.40589999999,85000.0,10.615471329695056,8.843906253767209,292703.7564000001,207703.75640000007
1705507200000.0,231255.35050000006,61448.40589999999,85000.0,10.615471329695056,8.843906253767209,292703.7564000001,207703.75640000007
1705593600000.0,231255.35050000006,61448.40589999999,85000.0,10.615471329695056,8.843906253767209,292703.7564000001,207703.75640000007
1705680000000.0,231255.35050000006,61448.40589999999,85000.0,10.615471329695056,8.843906253767209,292703.7564000001,207703.75640000007
1705766400000.0,231255.35050000006,61448.40589999999,85000.0,10.615471329695056,8.843906253767209,292703.7564000001,207703.75640000007
1705852800000.0,231255.35050000006,61448.40589999999,85000.0,10.615471329695056,8.843906253767209,292703.7564000001,207703.75640000007
1705939200000.0,231255.35050000006,61448.40589999999,85000.0,10.615471329695056,8.843906253767209,292703.7564000001,207703.75640000007
1706025600000.0,231255.35050000006,61448.40589999999,85000.0,10.615471329695056,8.843906253767209,292703.7564000001,207703.75640000007
1706112000000.0,231255.35050000006,61448.40589999999,85000.0,10.615471329695056,8.843906253767209,292703.7564000001,207703.75640000007
1706198400000.0,231255.35050000006,61448.40589999999,85000.0,10.615471329695056,8.843906253767209,292703.7564000001,207703.75640000007
1706284800000.0,230591.44340000005,61448.40589999999,85000.0,10.584995551424875,9.105604751620522,292039.84930000006,207039.84930000006
1706371200000.0,232388.97660000005,61448.40589999999,85000.0,10.667508938066604,8.397054205495246,293837.38250000007,208837.38250000007
1706457600000.0,234430.15900000004,61448.40589999999,85000.0,10.761206719324548,7.592462165547786,295878.56490000006,210878.56490000006
1706544000000.0,236194.27080000006,61448.40589999999,85000.0,10.842185940755694,6.897085646596124,297642.67670000007,212642.67670000007
1706630400000.0,239567.43260000006,61448.40589999999,85000.0,10.997026476556929,5.567454774933289,301015.83850000007,216015.83850000007
1706716800000.0,235439.05820000006,61913.26229999999,85000.0,10.828857523013856,7.011538077338908,297352.32050000003,212352.32050000003
1706803200000.0,233267.57590000005,61913.26229999999,86000.0,10.683604322358617,8.25884156153095,295180.83820000006,209180.83820000006
1706889600000.0,231354.70770000006,61913.26229999999,86000.0,10.595995374176367,9.011148194508255,293267.97000000003,207267.97000000003
1706976000000.0,230647.47920000006,61913.26229999999,86000.0,10.563604462450451,9.289292131231441,292560.74150000006,206560.74150000006
1707062400000.0,229464.74740000005,61913.26229999999,86000.0,10.509435602839684,9.754445442982462,291378.00970000005,205378.00970000005
1707148800000.0,229464.74740000005,61913.26229999999,86000.0,10.509435602839684,9.754445442982462,291378.00970000005,205378.00970000005
1707235200000.0,229464.74740000005,61913.26229999999,86000.0,10.509435602839684,9.754445442982462,291378.00970000005,205378.00970000005
1707321600000.0,226573.52700000003,61913.26229999999,86000.0,10.377018336345804,10.89152550125273,288486.7893,202486.7893
1707408000000.0,241831.0087,61913.26229999999,86000.0,11.075807685056258,4.890952808664717,303744.271,217744.271
1707494400000.0,253076.9488,61913.26229999999,86000.0,11.590869299589656,1.389911652614506,314990.2111,228990.21110000001
1707580800000.0,254336.42070000002,61913.26229999999,86000.0,11.648552839116373,2.0693841624219167,316249.683,230249.68300000002
1707667200000.0,259523.9555,61913.26229999999,86000.0,11.886140806487479,1.096321835511116,321437.2178,235437.21779999998
1707753600000.0,271028.18200000003,61913.26229999999,86000.0,12.413031882054199,0.06765759565617868,332941.44430000003,246941.44430000003
1707840000000.0,262377.6206,65891.49489999999,86000.0,12.199040237606535,2.756605181899796,328269.1155,242269.1155
1707926400000.0,272506.0271,65891.49489999999,86000.0,12.669952498163623,0.555002589939313,338397.522,252397.522
1708012800000.0,273834.84750000003,65891.49489999999,86000.0,12.731734953127132,1.159189507660252,339726.3424,253726.34240000002
1708099200000.0,273611.4671,65891.49489999999,86000.0,12.721349057860374,1.2398187627958857,339502.962,253502.962
1708185600000.0,270177.8647,66758.1886,86000.0,12.602002665260446,2.166345604372688,336936.05329999997,250936.05329999997
1708272000000.0,269223.5814,66758.1886,86000.0,12.55749168837725,2.511899532972217,335981.77,249981.77000000002
1708358400000.0,271440.0082,66758.1886,86000.0,12.660873275436458,1.7093129340101654,338198.1968,252198.19679999998
1708444800000.0,267339.7587,66758.1886,86000.0,12.469623873178405,3.1940474179556144,334097.9473,248097.9473
1708531200000.0,265439.0347,66758.1886,86000.0,12.380967724605608,3.882315404394676,332197.2233,246197.2233
1708617600000.0,265439.0347,66758.1886,86000.0,12.380967724605608,3.882315404394676,332197.2233,246197.2233
1708704000000.0,265439.0347,66758.1886,86000.0,12.380967724605608,3.882315404394676,332197.2233,246197.2233
1708790400000.0,265439.0347,66758.1886,86000.0,12.380967724605608,3.882315404394676,332197.2233,246197.2233
1708876800000.0,264554.2444,66758.1886,86000.0,12.339698134548044,4.2027053390731535,331312.433,245312.43300000002
1708963200000.0,260742.3177,66758.1886,86000.0,12.161897075654792,5.583035736470309,327500.5063,241500.5063
1709049600000.0,281522.1468,66758.1886,86000.0,13.131138068038194,1.2223822244624039,348280.3354,262280.3354
1709136000000.0,303993.4182,66758.1886,86000.0,14.179273607894622,0.6832102514819804,370751.6068,284751.6068
1709222400000.0,289703.29689999996,69976.07509999999,86000.0,13.66282740452069,8.469485322229954,359679.372,273679.372
1709308800000.0,288926.59329999995,69976.07509999999,87000.0,13.57932372604627,9.028896229061855,358902.66839999997,271902.66839999997
1709395200000.0,289895.6808,69976.07509999999,87000.0,13.624870079987119,8.723770423511358,359871.7559,272871.7559
1709481600000.0,290647.37759999995,69976.07509999999,87000.0,13.660199241191862,8.487092010437502,360623.4526999999,273623.4526999999
1709568000000.0,298838.26019999996,69976.07509999999,87000.0,14.045164311928533,5.908119883055363,368814.3352999999,281814.3352999999
1709654400000.0,299452.33469999995,69976.07509999999,87000.0,14.07402533275797,5.714773073318891,369428.4097999999,282428.4097999999
1709740800000.0,294381.4602,70384.75989999999,87000.0,13.854906066215404,7.182704903872528,364766.2201,277766.2201
1709827200000.0,294535.5797,70384.75989999999,87000.0,13.862159618100165,7.13411164293194,364920.3396,277920.3396
1709913600000.0,295022.6411,70384.75989999999,87000.0,13.885082902538304,6.980543134701089,365407.401,278407.401
1710000000000.0,295936.043,70384.75989999999,87000.0,13.928071674713715,6.692551174758831,366320.8029,279320.8029
1710086400000.0,297170.9334,70384.75989999999,87000.0,13.986191131293783,6.30319517866349,367555.6933,280555.6933
1710172800000.0,301005.3825,70384.75989999999,87000.0,14.166657428526262,5.0942087384033385,371390.1424,284390.1424
1710259200000.0,300587.7865,70384.75989999999,87000.0,14.147003496007223,5.225875084295595,370972.5464,283972.5464
1710345600000.0,301856.606,70384.75989999999,87000.0,14.206719807542397,4.825821378891693,372241.36590000003,285241.36590000003
1710432000000.0,299417.2265,70384.75989999999,87000.0,14.091911715316105,5.594947962981333,369801.9864,282801.9864
1710518400000.0,298583.8549,70885.26229999999,87000.0,14.076221593015884,5.7000598060118035,369469.1172,282469.1172
1710604800000.0,298583.8549,70885.26229999999,87000.0,14.076221593015884,5.7000598060118035,369469.1172,282469.1172
1710691200000.0,298583.8549,70885.26229999999,87000.0,14.076221593015884,5.7000598060118035,369469.1172,282469.1172
1710777600000.0,298583.8549,70885.26229999999,87000.0,14.076221593015884,5.7000598060118035,369469.1172,282469.1172
1710864000000.0,298583.8549,70885.26229999999,87000.0,14.076221593015884,5.7000598060118035,369469.1172,282469.1172
1710950400000.0,298583.8549,70885.26229999999,87000.0,14.076221593015884,5.7000598060118035,369469.1172,282469.1172
1711036800000.0,297046.6626,70885.26229999999,87000.0,14.003753309514337,6.1855419899202735,367931.9249,280931.9249
1711123200000.0,293645.2694,70885.26229999999,87000.0,13.84340048526598,7.259783513942586,364530.5317,277530.5317
1711209600000.0,293645.2694,70885.26229999999,87000.0,13.84340048526598,7.259783513942586,364530.5317,277530.5317
1711296000000.0,293645.2694,70885.26229999999,87000.0,13.84340048526598,7.259783513942586,364530.5317,277530.5317
1711382400000.0,303827.2024,70885.26229999999,87000.0,14.323410180369025,4.044084951537852,374712.4647,287712.4647
1711468800000.0,305280.9633,70885.26229999999,87000.0,14.39194523421015,3.5849524040922676,376166.2256,289166.2256
1711555200000.0,299281.26999999996,71511.48449999999,87000.0,14.138622193844824,5.282023411276615,370792.7544999999,283792.7544999999
1711641600000.0,305810.78339999996,71511.48449999999,87000.0,14.447088951795454,3.215531587859277,377322.2679,290322.2679
1711728000000.0,300803.22709999996,71680.59079999999,87000.0,14.218511277844094,4.746827528382768,372483.81789999997,285483.81789999997
1711814400000.0,300709.20689999993,71680.59079999999,87000.0,14.214067085915259,4.776600222022919,372389.79769999994,285389.79769999994
1711900800000.0,299794.2893999999,71680.59079999999,87000.0,14.170820326505584,5.066320499511267,371474.8801999999,284474.8801999999
1711987200000.0,295836.6539999999,71680.59079999999,88000.0,13.937259507788383,6.630999706296336,367517.2447999999,279517.2447999999
1712073600000.0,295836.6539999999,71680.59079999999,88000.0,13.937259507788383,6.630999706296336,367517.2447999999,279517.2447999999
1712160000000.0,295836.6539999999,71680.59079999999,88000.0,13.937259507788383,6.630999706296336,367517.2447999999,279517.2447999999
1712246400000.0,295836.6539999999,71680.59079999999,88000.0,13.937259507788383,6.630999706296336,367517.2447999999,279517.2447999999
1712332800000.0,291867.1166999999,71680.59079999999,88000.0,13.750249308991496,7.88382529203181,363547.7074999999,275547.7074999999
1712419200000.0,293397.6636999999,71680.59079999999,88000.0,13.822355420385884,7.400769384792771,365078.2544999999,277078.2544999999
1712505600000.0,296969.0340999999,71680.59079999999,88000.0,13.990607445245635,6.273609246189659,368649.6248999999,280649.6248999999
1712592000000.0,302501.2920999999,71680.59079999999,88000.0,14.251239501373604,4.527573412418895,374181.8828999999,286181.8828999999
1712678400000.0,297242.92209999985,72277.9025,88000.0,14.031650825563231,5.998649926763433,369520.8245999998,281520.8245999998
1712764800000.0,297242.92209999985,72277.9025,88000.0,14.031650825563231,5.998649926763433,369520.8245999998,281520.8245999998
1712851200000.0,293930.7189999998,72277.9025,88000.0,13.875294949923866,7.0461149460045664,366208.6214999998,278208.6214999998
1712937600000.0,290383.37049999984,72277.9025,88000.0,13.707838799389055,8.16794333412707,362661.2729999998,274661.2729999998
1713024000000.0,290383.37049999984,72277.9025,88000.0,13.707838799389055,8.16794333412707,362661.2729999998,274661.2729999998
1713110400000.0,290383.37049999984,72277.9025,88000.0,13.707838799389055,8.16794333412707,362661.2729999998,274661.2729999998
1713196800000.0,290383.37049999984,72277.9025,88000.0,13.707838799389055,8.16794333412707,362661.2729999998,274661.2729999998
1713283200000.0,290383.37049999984,72277.9025,88000.0,13.707838799389055,8.16794333412707,362661.2729999998,274661.2729999998
1713369600000.0,290383.37049999984,72277.9025,88000.0,13.707838799389055,8.16794333412707,362661.2729999998,274661.2729999998
1713456000000.0,290383.37049999984,72277.9025,88000.0,13.707838799389055,8.16794333412707,362661.2729999998,274661.2729999998
1713542400000.0,289518.30359999987,72277.9025,88000.0,13.667002447102528,8.441515723771086,361796.20609999984,273796.20609999984
1713628800000.0,290644.36959999986,72277.9025,88000.0,13.720159524172383,8.085403882574893,362922.2720999998,274922.2720999998
1713715200000.0,291417.07629999984,72277.9025,88000.0,13.756635920408742,7.841039870481792,363694.9787999998,275694.9787999998
1713801600000.0,294538.53699999984,72277.9025,88000.0,13.903987609386498,6.853896028914264,366816.43949999986,278816.43949999986
1713888000000.0,295934.5573999998,72277.9025,88000.0,13.969888155175012,6.412412674482604,368212.4598999998,280212.4598999998
1713974400000.0,291199.62779999984,72665.2322,88000.0,13.764655333161741,7.787315926311011,363864.85999999987,275864.85999999987
1714060800000.0,291199.62779999984,72665.2322,88000.0,13.764655333161741,7.787315926311011,363864.85999999987,275864.85999999987
1714147200000.0,291199.62779999984,72665.2322,88000.0,13.764655333161741,7.787315926311011,363864.85999999987,275864.85999999987
1714233600000.0,291199.62779999984,72665.2322,88000.0,13.764655333161741,7.787315926311011,363864.85999999987,275864.85999999987
1714320000000.0,291199.62779999984,72665.2322,88000.0,13.764655333161741,7.787315926311011,363864.85999999987,275864.85999999987
1714406400000.0,291199.62779999984,72665.2322,88000.0,13.764655333161741,7.787315926311011,363864.85999999987,275864.85999999987
1714492800000.0,291199.62779999984,72665.2322,88000.0,13.764655333161741,7.787315926311011,363864.85999999987,275864.85999999987
1714579200000.0,292199.62779999984,72665.2322,89000.0,13.76465533316174,7.787315926311022,364864.85999999987,275864.85999999987
1714665600000.0,292199.62779999984,72665.2322,89000.0,13.76465533316174,7.787315926311022,364864.85999999987,275864.85999999987
1714752000000.0,292199.62779999984,72665.2322,89000.0,13.76465533316174,7.787315926311022,364864.85999999987,275864.85999999987
1714838400000.0,297587.70299999986,72665.2322,89000.0,14.018471529286124,6.086941151970249,370252.93519999983,281252.93519999983
1714924800000.0,300056.5672999999,72665.2322,89000.0,14.134772382951509,5.307814205674022,372721.79949999985,283721.79949999985
1715011200000.0,295338.73069999984,73014.0213,89000.0,13.928959550729576,6.68660308317458,368352.75199999986,279352.75199999986
1715097600000.0,296951.99809999985,73014.0213,89000.0,14.005045529381448,6.17688510317117,369966.0193999999,280966.0193999999
1715184000000.0,295185.7644999998,73014.0213,89000.0,13.92174525815312,6.734933336716442,368199.78579999984,279199.78579999984
1715270400000.0,295185.7644999998,73014.0213,89000.0,13.92174525815312,6.734933336716442,368199.78579999984,279199.78579999984
1715356800000.0,291406.02869999985,73014.0213,89000.0,13.743482871280053,7.929155259828846,364420.0499999998,275420.0499999998
1715443200000.0,291406.02869999985,73014.0213,89000.0,13.743482871280053,7.929155259828846,364420.0499999998,275420.0499999998
1715529600000.0,291406.02869999985,73014.0213,89000.0,13.743482871280053,7.929155259828846,364420.0499999998,275420.0499999998
1715616000000.0,292336.42329999985,73014.0213,89000.0,13.787362753606699,7.635193542063967,365350.4445999998,276350.4445999998
1715702400000.0,287596.93099999987,73014.0213,89000.0,13.563835699158997,9.13265418708643,360610.9522999999,271610.9522999999
1715788800000.0,290705.3333999998,73014.0213,89000.0,13.710436218482588,8.150542608828705,363719.3546999998,274719.3546999998
1715875200000.0,294484.73949999985,73014.0213,89000.0,13.888683055827315,6.956424855687116,367498.7607999998,278498.7607999998
1715961600000.0,299240.12159999984,73014.0213,89000.0,14.112959515478137,5.453943767830028,372254.14289999986,283254.14289999986
1716048000000.0,297956.5464999998,73014.0213,89000.0,14.052422702017036,5.8594942098427305,370970.56779999984,281970.56779999984
1716134400000.0,298185.46629999985,73014.0213,89000.0,14.063219168254308,5.787166127071841,371199.4875999999,282199.4875999999
1716220800000.0,292810.7905999999,73772.29699999999,89000.0,13.845301837461324,7.247045905549321,366583.08759999985,277583.08759999985
1716307200000.0,299468.8008999999,73772.29699999999,89000.0,14.160120024494445,5.138004355369907,373241.09789999994,284241.09789999994
1716393600000.0,302106.4231999999,73772.29699999999,89000.0,14.284837685349387,4.302491225511929,375878.72019999987,286878.72019999987
1716480000000.0,296942.6690999999,74231.3945,89000.0,14.062382117591344,5.7927737275870195,371174.0635999999,282174.0635999999
1716566400000.0,296942.6690999999,74231.3945,89000.0,14.062382117591344,5.7927737275870195,371174.0635999999,282174.0635999999
1716652800000.0,295894.6438999999,74231.3945,89000.0,14.012750547713114,6.125267361643838,370126.0383999999,281126.0383999999
1716739200000.0,295446.0249999999,74231.3945,89000.0,13.991505199524878,6.26759497778091,369677.4194999999,280677.4194999999
1716825600000.0,295065.72499999986,74231.3945,89000.0,13.973495245160525,6.388247924896895,369297.11949999986,280297.11949999986
1716912000000.0,291176.42169999983,74231.3945,89000.0,13.789308616335582,7.622157747071201,365407.8161999998,276407.8161999998
1716998400000.0,291176.42169999983,74231.3945,89000.0,13.789308616335582,7.622157747071201,365407.8161999998,276407.8161999998
1717084800000.0,291176.42169999983,74231.3945,89000.0,13.789308616335582,7.622157747071201,365407.8161999998,276407.8161999998
1717171200000.0,289832.46009999985,74231.3945,89000.0,13.725662318456429,8.048539361193473,364063.85459999985,275063.85459999985
1717257600000.0,290832.46009999985,74231.3945,90000.0,13.725662318456427,8.048539361193486,365063.85459999985,275063.85459999985
1717344000000.0,290832.46009999985,74231.3945,90000.0,13.725662318456427,8.048539361193486,365063.85459999985,275063.85459999985
1717430400000.0,296728.34989999986,74231.3945,90000.0,14.00391527699416,6.184456931436378,370959.74439999985,280959.74439999985
1717516800000.0,292089.97839999985,74371.11869999999,90000.0,13.79160433443842,7.60677818812,366461.09709999984,276461.09709999984
1717603200000.0,294875.49459999986,74371.11869999999,90000.0,13.923127974886498,6.725670190040245,369246.61329999985,279246.61329999985
1717689600000.0,293809.5023999999,74371.11869999999,90000.0,13.872795051016498,7.06286236049346,368180.6210999999,278180.6210999999
1717776000000.0,289347.5256999999,74371.11869999999,90000.0,13.662114022064484,8.474264440156675,363718.6443999999,273718.6443999999
1717862400000.0,285616.1337999999,74371.11869999999,90000.0,13.485928995164814,9.654569637110843,359987.2524999999,269987.2524999999
1717948800000.0,285616.1337999999,74371.11869999999,90000.0,13.485928995164814,9.654569637110843,359987.2524999999,269987.2524999999
1718035200000.0,285616.1337999999,74371.11869999999,90000.0,13.485928995164814,9.654569637110843,359987.2524999999,269987.2524999999
1718121600000.0,285616.1337999999,74371.11869999999,90000.0,13.485928995164814,9.654569637110843,359987.2524999999,269987.2524999999
1718208000000.0,285616.1337999999,74371.11869999999,90000.0,13.485928995164814,9.654569637110843,359987.2524999999,269987.2524999999
1718294400000.0,285616.1337999999,74371.11869999999,90000.0,13.485928995164814,9.654569637110843,359987.2524999999,269987.2524999999
1718380800000.0,285616.1337999999,74371.11869999999,90000.0,13.485928995164814,9.654569637110843,359987.2524999999,269987.2524999999
1718467200000.0,285616.1337999999,74371.11869999999,90000.0,13.485928995164814,9.654569637110843,359987.2524999999,269987.2524999999
1718553600000.0,285616.1337999999,74371.11869999999,90000.0,13.485928995164814,9.654569637110843,359987.2524999999,269987.2524999999
1718640000000.0,285616.1337999999,74371.11869999999,90000.0,13.485928995164814,9.654569637110843,359987.2524999999,269987.2524999999
1718726400000.0,285616.1337999999,74371.11869999999,90000.0,13.485928995164814,9.654569637110843,359987.2524999999,269987.2524999999
1718812800000.0,285616.1337999999,74371.11869999999,90000.0,13.485928995164814,9.654569637110843,359987.2524999999,269987.2524999999
1718899200000.0,285616.1337999999,74371.11869999999,90000.0,13.485928995164814,9.654569637110843,359987.2524999999,269987.2524999999
1718985600000.0,285616.1337999999,74371.11869999999,90000.0,13.485928995164814,9.654569637110843,359987.2524999999,269987.2524999999
1719072000000.0,285616.1337999999,74371.11869999999,90000.0,13.485928995164814,9.654569637110843,359987.2524999999,269987.2524999999
1719158400000.0,285616.1337999999,74371.11869999999,90000.0,13.485928995164814,9.654569637110843,359987.2524999999,269987.2524999999
1719244800000.0,285616.1337999999,74371.11869999999,90000.0,13.485928995164814,9.654569637110843,359987.2524999999,269987.2524999999
1719331200000.0,285616.1337999999,74371.11869999999,90000.0,13.485928995164814,9.654569637110843,359987.2524999999,269987.2524999999
1719417600000.0,285616.1337999999,74371.11869999999,90000.0,13.485928995164814,9.654569637110843,359987.2524999999,269987.2524999999
1719504000000.0,285616.1337999999,74371.11869999999,90000.0,13.485928995164814,9.654569637110843,359987.2524999999,269987.2524999999
1719590400000.0,285616.1337999999,74371.11869999999,90000.0,13.485928995164814,9.654569637110843,359987.2524999999,269987.2524999999
1719676800000.0,285616.1337999999,74371.11869999999,90000.0,13.485928995164814,9.654569637110843,359987.2524999999,269987.2524999999
1719763200000.0,285616.1337999999,74371.11869999999,90000.0,13.485928995164814,9.654569637110843,359987.2524999999,269987.2524999999
1719849600000.0,294348.23739999987,74371.11869999999,91000.0,13.849741732258046,7.217301999414294,368719.35609999986,277719.35609999986
1719936000000.0,289432.7905999999,74684.0805,91000.0,13.633184537488884,8.668069904733589,364116.8710999999,273116.8710999999
1720022400000.0,287402.5849999999,74684.0805,91000.0,13.537555540040232,9.30871119335135,362086.6654999999,271086.6654999999
1720108800000.0,287402.5849999999,74684.0805,91000.0,13.537555540040232,9.30871119335135,362086.6654999999,271086.6654999999
1720195200000.0,287402.5849999999,74684.0805,91000.0,13.537555540040232,9.30871119335135,362086.6654999999,271086.6654999999
1720281600000.0,287402.5849999999,74684.0805,91000.0,13.537555540040232,9.30871119335135,362086.6654999999,271086.6654999999
1720368000000.0,287402.5849999999,74684.0805,91000.0,13.537555540040232,9.30871119335135,362086.6654999999,271086.6654999999
1720454400000.0,287402.5849999999,74684.0805,91000.0,13.537555540040232,9.30871119335135,362086.6654999999,271086.6654999999
1720540800000.0,287402.5849999999,74684.0805,91000.0,13.537555540040232,9.30871119335135,362086.6654999999,271086.6654999999
1720627200000.0,286662.6083999999,74684.0805,91000.0,13.502700340944408,9.54221442207408,361346.6888999999,270346.6888999999
1720713600000.0,282196.63609999995,74684.0805,91000.0,13.29233915699218,10.951473784378674,356880.7165999999,265880.7165999999
1720800000000.0,280815.47319999995,74684.0805,91000.0,13.227282089156157,11.387306480361314,355499.55369999993,264499.55369999993
1720886400000.0,285446.83719999995,74684.0805,91000.0,13.445433736526146,9.925856959673396,360130.91769999993,269130.91769999993
1720972800000.0,291289.6564999999,74684.0805,91000.0,13.72064869600248,8.08212680470155,365973.7369999999,274973.7369999999
1721059200000.0,305004.3415,74684.0805,91000.0,14.366653010478835,3.754390997359325,379688.42199999996,288688.42199999996
1721145600000.0,313638.90569999994,74684.0805,91000.0,14.77336783672698,1.0297121097921025,388322.9861999999,297322.9861999999
1721232000000.0,312919.93359999993,74684.0805,91000.0,14.739502014902554,2.020131951431303,387604.0140999999,296604.0140999999
1721318400000.0,305634.58989999996,77441.7601,91000.0,14.526234955316447,3.437810671935282,383076.35,292076.35
1721404800000.0,314367.09439999994,77441.7601,91000.0,14.941274405389366,0.6788632860616151,391808.85449999996,300808.85449999996
1721491200000.0,318216.05449999997,77441.7601,91000.0,15.124208211293116,0.6710978502514342,395657.8146,304657.8146
1721577600000.0,319536.39229999995,77441.7601,91000.0,15.186961373850602,0.5015564727464561,396978.15239999996,305978.15239999996
1721664000000.0,313673.42159999994,78334.9636,91000.0,14.950757722804278,2.2096785101586414,392008.38519999996,301008.38519999996
1721750400000.0,311058.5277999999,78334.9636,91000.0,14.826122860611468,3.024893596153022,389393.49139999994,298393.49139999994
1721836800000.0,311058.5277999999,78334.9636,91000.0,14.826122860611468,3.024893596153022,389393.49139999994,298393.49139999994
1721923200000.0,311058.5277999999,78334.9636,91000.0,14.826122860611468,3.024893596153022,389393.49139999994,298393.49139999994
1722009600000.0,312019.0985999999,78334.9636,91000.0,14.871906979754064,2.72542758826938,390354.0621999999,299354.0621999999
1722096000000.0,317403.1399999999,78334.9636,91000.0,15.12852897255904,1.0469074996530714,395738.1035999999,304738.1035999999
1722182400000.0,311958.8935999999,78435.0042,91000.0,14.87380568191794,2.7130085056742748,390393.8977999999,299393.8977999999
1722268800000.0,313849.0628999999,78435.0042,91000.0,14.963926564671729,2.8549508714693195,392284.06709999987,301284.06709999987
1722355200000.0,309042.2903999999,78435.0042,91000.0,14.734745728385459,4.3427811882065015,387477.2945999999,296477.2945999999
1722441600000.0,309042.2903999999,78435.0042,91000.0,14.734745728385459,4.3427811882065015,387477.2945999999,296477.2945999999
1722528000000.0,310042.2903999999,78435.0042,92000.0,14.734745728385459,4.3427811882065015,388477.2945999999,296477.2945999999
1722614400000.0,310042.2903999999,78435.0042,92000.0,14.734745728385459,4.3427811882065015,388477.2945999999,296477.2945999999
1722700800000.0,310042.2903999999,78435.0042,92000.0,14.734745728385459,4.3427811882065015,388477.2945999999,296477.2945999999
1722787200000.0,310042.2903999999,78435.0042,92000.0,14.734745728385459,4.3427811882065015,388477.2945999999,296477.2945999999
1722873600000.0,310042.2903999999,78435.0042,92000.0,14.734745728385459,4.3427811882065015,388477.2945999999,296477.2945999999
1722960000000.0,310042.2903999999,78435.0042,92000.0,14.734745728385459,4.3427811882065015,388477.2945999999,296477.2945999999
1723046400000.0,310042.2903999999,78435.0042,92000.0,14.734745728385459,4.3427811882065015,388477.2945999999,296477.2945999999
1723132800000.0,310042.2903999999,78435.0042,92000.0,14.734745728385459,4.3427811882065015,388477.2945999999,296477.2945999999
1723219200000.0,311261.11119999987,78435.0042,92000.0,14.792670131386409,3.966738914078194,389696.1153999999,297696.1153999999
1723305600000.0,313039.7043999999,78435.0042,92000.0,14.877197692198918,3.4179902943654805,391474.7085999999,299474.7085999999
1723392000000.0,312060.25069999986,78435.0042,92000.0,14.830649199721949,3.7201807367597928,390495.2548999998,298495.2548999998
1723478400000.0,310710.20279999985,78509.2166,92000.0,14.7700151757006,4.113813732548532,389219.41939999984,297219.41939999984
1723564800000.0,310710.20279999985,78509.2166,92000.0,14.7700151757006,4.113813732548532,389219.41939999984,297219.41939999984
1723651200000.0,306809.17839999986,78509.2166,92000.0,14.584574887388387,5.317682639592592,385318.39499999984,293318.39499999984
1723737600000.0,306809.17839999986,78509.2166,92000.0,14.584574887388387,5.317682639592592,385318.39499999984,293318.39499999984
1723824000000.0,306809.17839999986,78509.2166,92000.0,14.584574887388387,5.317682639592592,385318.39499999984,293318.39499999984
1723910400000.0,308094.6885999999,78509.2166,92000.0,14.645683293200022,4.920969981382095,386603.90519999986,294603.90519999986
1723996800000.0,310684.9862999999,78509.2166,92000.0,14.768816476448622,4.121595627041296,389194.20289999986,297194.20289999986
1724083200000.0,305878.2279999999,78509.2166,92000.0,14.540320944608544,5.604976982217114,384387.4445999999,292387.4445999999
1724169600000.0,301958.7913999999,78509.2166,92000.0,14.354005408329037,6.814527954487493,380468.00799999986,288468.00799999986
1724256000000.0,300159.59279999987,78509.2166,92000.0,14.268478153714856,7.369766535445155,378668.80939999985,286668.80939999985
1724342400000.0,295631.45799999987,78509.2166,92000.0,14.053227353738171,8.76716376593265,374140.67459999985,282140.67459999985
1724428800000.0,300001.3259999999,78509.2166,92000.0,14.260954734732332,7.418608188303654,378510.54259999987,286510.54259999987
1724515200000.0,311661.98609999986,78509.2166,92000.0,14.815259437582876,3.820090288749056,390171.20269999985,298171.20269999985
1724601600000.0,312407.36709999986,78509.2166,92000.0,14.850692096640955,3.5900632707684954,390916.58369999984,298916.58369999984
1724688000000.0,306350.30929999985,79700.2,92000.0,14.619376896540006,5.091749768685072,386050.50929999986,294050.50929999986
1724774400000.0,305455.71489999985,79700.2,92000.0,14.576685858515535,5.368897813238183,385155.91489999986,293155.91489999986
1724860800000.0,305455.71489999985,79700.2,92000.0,14.576685858515535,5.368897813238183,385155.91489999986,293155.91489999986
1724947200000.0,305455.71489999985,79700.2,92000.0,14.576685858515535,5.368897813238183,385155.91489999986,293155.91489999986
1725033600000.0,305455.71489999985,79700.2,92000.0,14.576685858515535,5.368897813238183,385155.91489999986,293155.91489999986
1725120000000.0,305455.71489999985,79700.2,92000.0,14.576685858515535,5.368897813238183,385155.91489999986,293155.91489999986
1725206400000.0,306455.71489999985,79700.2,93000.0,14.576685858515537,5.3688978132381715,386155.91489999986,293155.91489999986
1725292800000.0,306455.71489999985,79700.2,93000.0,14.576685858515537,5.3688978132381715,386155.91489999986,293155.91489999986
1725379200000.0,303232.49049999984,79700.2,93000.0,14.423371930120911,6.364204027928267,382932.69049999985,289932.69049999985
1725465600000.0,303232.49049999984,79700.2,93000.0,14.423371930120911,6.364204027928267,382932.69049999985,289932.69049999985
1725552000000.0,303232.49049999984,79700.2,93000.0,14.423371930120911,6.364204027928267,382932.69049999985,289932.69049999985
1725638400000.0,303232.49049999984,79700.2,93000.0,14.423371930120911,6.364204027928267,382932.69049999985,289932.69049999985
1725724800000.0,303232.49049999984,79700.2,93000.0,14.423371930120911,6.364204027928267,382932.69049999985,289932.69049999985
1725811200000.0,303232.49049999984,79700.2,93000.0,14.423371930120911,6.364204027928267,382932.69049999985,289932.69049999985
1725897600000.0,303232.49049999984,79700.2,93000.0,14.423371930120911,6.364204027928267,382932.69049999985,289932.69049999985
1725984000000.0,303486.61299999984,79700.2,93000.0,14.435459366158087,6.285733008801397,383186.81299999985,290186.81299999985
1726070400000.0,300047.39619999984,79700.2,93000.0,14.27187167483607,7.347735969162006,379747.59619999985,286747.59619999985
1726156800000.0,297115.09229999984,79700.2,93000.0,14.132395493731249,8.253208233218457,376815.29229999986,283815.29229999986
1726243200000.0,304810.25669999985,79700.2,93000.0,14.498418996099396,5.877002297825951,384510.45669999986,291510.45669999986
1726329600000.0,305555.08469999983,79700.2,93000.0,14.533847031038047,5.647005299393204,385255.28469999984,292255.28469999984
1726416000000.0,307195.2987999999,79700.2,93000.0,14.611864455788014,5.140520151430083,386895.4987999999,293895.4987999999
1726502400000.0,302292.37699999986,79949.6422,93000.0,14.390519879785098,6.5774778655171335,382242.01919999986,289242.01919999986
1726588800000.0,302292.37699999986,79949.6422,93000.0,14.390519879785098,6.5774778655171335,382242.01919999986,289242.01919999986
1726675200000.0,298562.4352999999,79949.6422,93000.0,14.212957346726949,7.730204786674588,378512.0774999999,285512.0774999999
1726761600000.0,306308.9720999999,79949.6422,93000.0,14.581728444847915,5.33616159959287,386258.6142999999,293258.6142999999
1726848000000.0,306308.81199999986,79949.6422,93000.0,14.581720823344996,5.33621107800164,386258.45419999986,293258.45419999986
1726934400000.0,306353.5989999999,79949.6422,93000.0,14.58385289237119,5.322369794472226,386303.2411999999,293303.2411999999
1727020800000.0,304702.14669999987,79949.6422,93000.0,14.505236099617376,5.832746008989842,384651.78889999987,291651.78889999987
1727107200000.0,307794.27379999985,79949.6422,93000.0,14.652435698049102,4.877133713009318,387743.91599999985,294743.91599999985
1727193600000.0,302329.3270999999,80642.3315,93000.0,14.424987168348231,6.3537179836223645,382971.65859999985,289971.65859999985
1727280000000.0,298378.22739999986,80642.3315,93000.0,14.236469028146395,7.577568148375457,379020.5588999998,286020.5588999998
1727366400000.0,306922.05579999986,80642.3315,93000.0,14.644119242635194,4.931123717990138,387564.3872999998,294564.3872999998
1727452800000.0,310851.80479999987,80642.3315,93000.0,14.831618680561304,3.7138869165274313,391494.1362999999,298494.1362999999
1727539200000.0,308895.07319999987,80642.3315,93000.0,14.738257482384968,4.319983060099197,389537.40469999984,296537.40469999984
1727625600000.0,309563.7546999998,80642.3315,93000.0,14.770162167748227,4.112859467661812,390206.0861999998,297206.0861999998
1727712000000.0,304233.1005999999,81292.8729,93000.0,14.54686075570363,5.562520861667619,385525.9734999999,292525.9734999999
1727798400000.0,305233.1005999999,81292.8729,94000.0,14.546860755703632,5.562520861667608,386525.9734999999,292525.9734999999
1727884800000.0,305233.1005999999,81292.8729,94000.0,14.546860755703632,5.562520861667608,386525.9734999999,292525.9734999999
1727971200000.0,305233.1005999999,81292.8729,94000.0,14.546860755703632,5.562520861667608,386525.9734999999,292525.9734999999
1728057600000.0,305233.1005999999,81292.8729,94000.0,14.546860755703632,5.562520861667608,386525.9734999999,292525.9734999999
1728144000000.0,304760.9482999999,81292.8729,94000.0,14.524358826030591,5.708602243056838,386053.8211999999,292053.8211999999
1728230400000.0,310491.11849999987,81292.8729,94000.0,14.797448434733017,3.9357184121162847,391783.9913999999,297783.9913999999
1728316800000.0,319611.8222999998,81292.8729,94000.0,15.23212477852342,2.41064723501897,400904.69519999984,306904.69519999984
1728403200000.0,313851.8099999999,82435.6017,94000.0,15.01207334893706,3.8204752728394076,396287.4116999999,302287.4116999999
1728489600000.0,313851.8099999999,82435.6017,94000.0,15.01207334893706,3.8204752728394076,396287.4116999999,302287.4116999999
1728576000000.0,313851.8099999999,82435.6017,94000.0,15.01207334893706,3.8204752728394076,396287.4116999999,302287.4116999999
1728662400000.0,313851.8099999999,82435.6017,94000.0,15.01207334893706,3.8204752728394076,396287.4116999999,302287.4116999999
1728748800000.0,317386.2240999999,82435.6017,94000.0,15.181130470878518,2.737358153562719,399821.8257999999,305821.8257999999
1728835200000.0,312910.7815999999,82435.6017,94000.0,14.967062337644077,4.108852339286029,395346.38329999987,301346.38329999987
1728921600000.0,320195.8885999999,82435.6017,94000.0,15.315521569530793,1.8763397122391612,402631.4902999999,308631.4902999999
1729008000000.0,315197.85709999985,82689.7211,94000.0,15.088612072319,4.432007748430378,397887.5781999999,303887.5781999999
1729094400000.0,317198.9423999998,82689.7211,94000.0,15.184404601155071,3.8252786729073396,399888.6634999998,305888.6634999998
1729180800000.0,316768.7767999998,82689.7211,94000.0,15.163812450164663,3.9557048855279664,399458.49789999984,305458.49789999984
1729267200000.0,319859.2572999998,82689.7211,94000.0,15.31175464054184,3.018671178525556,402548.9783999998,308548.9783999998
1729353600000.0,318486.60439999984,82689.7211,94000.0,15.24604535143499,3.434859546423241,401176.3254999998,307176.3254999998
1729440000000.0,319564.00279999984,82689.7211,94000.0,15.297620722709738,3.1081923447791926,402253.72389999987,308253.72389999987
1729526400000.0,315905.17979999987,82768.3124,94000.0,15.126234001532948,4.193718618696318,398673.49219999986,304673.49219999986
1729612800000.0,315905.17979999987,82768.3124,94000.0,15.126234001532948,4.193718618696318,398673.49219999986,304673.49219999986
1729699200000.0,315905.17979999987,82768.3124,94000.0,15.126234001532948,4.193718618696318,398673.49219999986,304673.49219999986
1729785600000.0,315905.17979999987,82768.3124,94000.0,15.126234001532948,4.193718618696318,398673.49219999986,304673.49219999986
1729872000000.0,311865.2496999998,82768.3124,94000.0,14.932793273270356,5.418930184288396,394633.5620999998,300633.5620999998
1729958400000.0,311865.2496999998,82768.3124,94000.0,14.932793273270356,5.418930184288396,394633.5620999998,300633.5620999998
1730044800000.0,311865.2496999998,82768.3124,94000.0,14.932793273270356,5.418930184288396,394633.5620999998,300633.5620999998
1730131200000.0,319743.81389999983,82768.3124,94000.0,15.310036235100704,3.0295551854240377,402512.1262999998,308512.1262999998
1730217600000.0,353459.3472999998,82768.3124,94000.0,16.924410041879607,0.02435466203525305,436227.6596999998,342227.6596999998
1730304000000.0,344330.20919999987,86375.53009999999,94000.0,16.66000836235945,4.4046200107924705,430705.73929999984,336705.73929999984
1730390400000.0,339706.40859999985,86375.53009999999,94000.0,16.436291259985953,5.6883121282464755,426081.9386999998,332081.9386999998
1730476800000.0,340706.40859999985,86375.53009999999,95000.0,16.436291259985953,5.6883121282464755,427081.9386999998,332081.9386999998
1730563200000.0,340706.40859999985,86375.53009999999,95000.0,16.436291259985953,5.6883121282464755,427081.9386999998,332081.9386999998
1730649600000.0,340706.40859999985,86375.53009999999,95000.0,16.436291259985953,5.6883121282464755,427081.9386999998,332081.9386999998
1730736000000.0,340706.40859999985,86375.53009999999,95000.0,16.436291259985953,5.6883121282464755,427081.9386999998,332081.9386999998
1730822400000.0,340706.40859999985,86375.53009999999,95000.0,16.436291259985953,5.6883121282464755,427081.9386999998,332081.9386999998
1730908800000.0,356779.9156999999,86375.53009999999,95000.0,17.211706214317555,1.2389693910531907,443155.44579999987,348155.44579999987
1730995200000.0,362581.01859999984,86375.53009999999,95000.0,17.491561874460096,0.30630813148160296,448956.5486999998,353956.5486999998
1731081600000.0,363792.9116999999,86375.53009999999,95000.0,17.550025781990975,0.36819028254673203,450168.44179999985,355168.44179999985
1731168000000.0,363437.8690999999,86375.53009999999,95000.0,17.532897887017466,0.7795006767619461,449813.39919999987,354813.39919999987
1731254400000.0,374548.60679999983,86375.53009999999,95000.0,18.06889990030776,0.3381856840949271,460924.1368999998,365924.1368999998
1731340800000.0,388923.87879999983,86375.53009999999,95000.0,18.76238893241727,0.15048126423233832,475299.4088999998,380299.4088999998
1731427200000.0,397394.7817999999,86375.53009999999,95000.0,19.171040561587386,2.658544664303719,483770.31189999986,388770.31189999986
1731513600000.0,416849.38179999986,86375.53009999999,95000.0,20.109565531694223,0.10418110502088407,503224.91189999983,408224.91189999983
1731600000000.0,403461.93839999987,93348.36669999998,95000.0,19.80011333760043,2.0910947148804815,496810.3050999999,401810.3050999999
1731686400000.0,402068.7989999999,93348.36669999998,95000.0,19.73174426634561,2.429170604032471,495417.1656999999,400417.1656999999
1731772800000.0,406014.7908999999,93348.36669999998,95000.0,19.925395957900697,1.4715889577312624,499363.1575999999,404363.1575999999
1731859200000.0,405518.2792999999,93348.36669999998,95000.0,19.90102938197926,1.5920784081367878,498866.64599999983,403866.64599999983
1731945600000.0,399378.1671999999,93348.36669999998,95000.0,19.59970005220977,3.0821115359777163,492726.5338999999,397726.5338999999
1732032000000.0,404142.19819999987,93348.36669999998,95000.0,19.833497456043986,1.9260147259437366,497490.5648999999,402490.5648999999
1732118400000.0,409965.0935999999,93348.36669999998,95000.0,20.1192592043026,0.5129612010817519,503313.4602999999,408313.4602999999
1732204800000.0,414756.4497999999,93348.36669999998,95000.0,20.354397607139397,1.0085989293417086,508104.81649999984,413104.81649999984
1732291200000.0,419696.5290999999,93348.36669999998,95000.0,20.596834676729245,0.442913287171276,513044.89579999994,418044.89579999994
1732377600000.0,419041.8197999999,93348.36669999998,95000.0,20.56470446292372,0.6981754090557235,512390.18649999984,417390.18649999984
1732464000000.0,413554.50979999994,94923.51579999998,95000.0,20.372713046032917,1.6252540372669988,508478.02559999994,413478.02559999994
1732550400000.0,408171.1258,94923.51579999998,95000.0,20.10751429991927,2.9058325846414435,503094.6416,408094.6416
1732636800000.0,408171.1258,94923.51579999998,95000.0,20.10751429991927,2.9058325846414435,503094.6416,408094.6416
1732723200000.0,408171.1258,94923.51579999998,95000.0,20.10751429991927,2.9058325846414435,503094.6416,408094.6416
1732809600000.0,405474.36559999996,94923.51579999998,95000.0,19.97466525485594,3.547327462126193,500397.88139999995,405397.88139999995
1732896000000.0,414997.8287999999,94923.51579999998,95000.0,20.443814492454347,1.2819229004917165,509921.3445999999,414921.3445999999
1732982400000.0,408472.09699999995,95256.59699999998,95000.0,20.13874928175418,2.755006654083403,503728.6939999999,408728.6939999999
1733068800000.0,404355.1135,95256.59699999998,96000.0,19.88708464198906,3.970232380217975,499611.7104999999,403611.7104999999
1733155200000.0,401168.70339999994,95256.59699999998,96000.0,19.730369899805417,4.726968751858617,496425.30039999995,400425.30039999995
1733241600000.0,401168.70339999994,95256.59699999998,96000.0,19.730369899805417,4.726968751858617,496425.30039999995,400425.30039999995
1733328000000.0,401168.70339999994,95256.59699999998,96000.0,19.730369899805417,4.726968751858617,496425.30039999995,400425.30039999995
1733414400000.0,419387.8071999999,95256.59699999998,96000.0,20.626425983369163,2.286231382386872,514644.4041999999,418644.4041999999
1733500800000.0,411378.62259999994,96391.03239999998,96000.0,20.288310513406532,3.887989089931687,507769.6549999999,411769.6549999999
1733587200000.0,413016.5105,96391.03239999998,96000.0,20.3690876283945,3.505322876701311,509407.54289999994,413407.54289999994
1733673600000.0,411216.56769999996,96391.03239999998,96000.0,20.280318313640198,3.925850615692039,507607.6000999999,411607.6000999999
1733760000000.0,406967.23299999995,96391.03239999998,96000.0,20.07075024876576,4.918639449651585,503358.2653999999,407358.2653999999
1733846400000.0,406967.23299999995,96391.03239999998,96000.0,20.07075024876576,4.918639449651585,503358.2653999999,407358.2653999999
1733932800000.0,406967.23299999995,96391.03239999998,96000.0,20.07075024876576,4.918639449651585,503358.2653999999,407358.2653999999
1734019200000.0,408686.44369999995,96391.03239999998,96000.0,20.155538029664832,4.516973469755059,505077.4760999999,409077.4760999999
1734105600000.0,402632.2312,96391.03239999998,96000.0,19.856957266430623,5.931443026228955,499023.26359999995,403023.26359999995
1734192000000.0,404797.956,96391.03239999998,96000.0,19.96376616415915,5.425456195191791,501188.9884,405188.9884
1734278400000.0,408343.042,96391.03239999998,96000.0,20.138602195040278,4.597203763999158,504734.0744,408734.0744
1734364800000.0,420264.1571,96391.03239999998,96000.0,20.726525999360145,1.8120266021186548,516655.1895,420655.1895
1734451200000.0,420745.4047,96391.03239999998,96000.0,20.75026009784325,1.6995908263136017,517136.4371,421136.4371
1734537600000.0,413198.5064,97565.06289999998,96000.0,20.43596393930657,3.1885090779496195,510763.5693,414763.5693
1734624000000.0,407921.9042,97565.06289999998,96000.0,20.174993847181216,4.424805236024443,505486.96709999995,409486.96709999995
1734710400000.0,407921.9042,97565.06289999998,96000.0,20.174993847181216,4.424805236024443,505486.96709999995,409486.96709999995
1734796800000.0,407921.9042,97565.06289999998,96000.0,20.174993847181216,4.424805236024443,505486.96709999995,409486.96709999995
1734883200000.0,407921.9042,97565.06289999998,96000.0,20.174993847181216,4.424805236024443,505486.96709999995,409486.96709999995
1734969600000.0,407921.9042,97565.06289999998,96000.0,20.174993847181216,4.424805236024443,505486.96709999995,409486.96709999995
1735056000000.0,407921.9042,97565.06289999998,96000.0,20.174993847181216,4.424805236024443,505486.96709999995,409486.96709999995
1735142400000.0,409031.0779,97565.06289999998,96000.0,20.229851339124046,4.164928305383809,506596.14079999994,410596.14079999994
1735228800000.0,402977.3684,97565.06289999998,96000.0,19.93044708880646,5.583298975234763,500542.43129999994,404542.43129999994
1735315200000.0,402977.3684,97565.06289999998,96000.0,19.93044708880646,5.583298975234763,500542.43129999994,404542.43129999994
1735401600000.0,402977.3684,97565.06289999998,96000.0,19.93044708880646,5.583298975234763,500542.43129999994,404542.43129999994
1735488000000.0,402977.3684,97565.06289999998,96000.0,19.93044708880646,5.583298975234763,500542.43129999994,404542.43129999994
1735574400000.0,402977.3684,97565.06289999998,96000.0,19.93044708880646,5.583298975234763,500542.43129999994,404542.43129999994
1735660800000.0,402977.3684,97565.06289999998,96000.0,19.93044708880646,5.583298975234763,500542.43129999994,404542.43129999994
1735747200000.0,403977.3684,97565.06289999998,97000.0,19.930447088806464,5.583298975234752,501542.43129999994,404542.43129999994
1735833600000.0,409070.85770000005,97565.06289999998,97000.0,20.18173720288666,4.392859871391764,506635.9206,409635.9206
1735920000000.0,413733.3005,97565.06289999998,97000.0,20.411761399286632,3.3031640064075884,511298.3634,414298.3634
1736006400000.0,414330.5238,97565.06289999998,97000.0,20.441225741380833,3.1635822917574385,511895.5867,414895.5867
1736092800000.0,415952.85140000004,97565.06289999998,97000.0,20.521264171554712,2.7844154572882363,513517.9143,416517.9143
1736179200000.0,433962.55020000006,97565.06289999998,97000.0,21.409782630993096,0.30883391026848006,531527.6131000001,434527.6131000001
1736265600000.0,425203.1426,99923.48219999997,97000.0,21.093986329991154,2.013716802991994,525126.6248,428126.6248
1736352000000.0,425203.1426,99923.48219999997,97000.0,21.093986329991154,2.013716802991994,525126.6248,428126.6248
1736438400000.0,425203.1426,99923.48219999997,97000.0,21.093986329991154,2.013716802991994,525126.6248,428126.6248
1736524800000.0,425203.1426,99923.48219999997,97000.0,21.093986329991154,2.013716802991994,525126.6248,428126.6248
1736611200000.0,425203.1426,99923.48219999997,97000.0,21.093986329991154,2.013716802991994,525126.6248,428126.6248
1736697600000.0,425203.1426,99923.48219999997,97000.0,21.093986329991154,2.013716802991994,525126.6248,428126.6248
1736784000000.0,425203.1426,99923.48219999997,97000.0,21.093986329991154,2.013716802991994,525126.6248,428126.6248
1736870400000.0,426706.7032,99923.48219999997,97000.0,21.16857676351612,1.6672275605687403,526630.1854,429630.18539999996
1736956800000.0,435257.5035,99923.48219999997,97000.0,21.592775097366076,0.6053368150203742,535180.9857,438180.98569999996
1737043200000.0,436287.8654,99923.48219999997,97000.0,21.643890523514255,1.20203837254248,536211.3476,439211.3476
1737129600000.0,452243.907,99923.48219999997,97000.0,22.435456929475173,0.1871660963981281,552167.3892,455167.3892
1737216000000.0,454173.8979,99923.48219999997,97000.0,22.531202227622945,0.9485594396785646,554097.3801,457097.38009999995
1737302400000.0,455420.13560000004,99923.48219999997,97000.0,22.593027078791675,0.6767656619287687,555343.6178,458343.6178
1737388800000.0,446235.2536,102260.38339999996,97000.0,22.253304252426933,2.581948789686761,548495.637,451495.637
1737475200000.0,439420.78,102260.38339999996,97000.0,21.913473293044994,4.069623133612965,541681.1634,444681.16339999996
1737561600000.0,433893.9146,102260.38339999996,97000.0,21.637854062345085,5.276198481988148,536154.298,439154.29799999995
1737648000000.0,433893.9146,102260.38339999996,97000.0,21.637854062345085,5.276198481988148,536154.298,439154.29799999995
1737734400000.0,434650.52930000005,102260.38339999996,97000.0,21.67558567809065,5.111021192662757,536910.9127,439910.9127
1737820800000.0,431062.73530000006,102260.38339999996,97000.0,21.49666599204406,5.894275982158503,533323.1187,436323.1187
1737907200000.0,431209.58680000005,102260.38339999996,97000.0,21.503989328967936,5.862216688698629,533469.9702,436469.9702
1737993600000.0,429116.0199000001,102260.38339999996,97000.0,21.39958524878231,6.319265310095156,531376.4033,434376.4033
1738080000000.0,429116.0199000001,102260.38339999996,97000.0,21.39958524878231,6.319265310095156,531376.4033,434376.4033
1738166400000.0,429116.0199000001,102260.38339999996,97000.0,21.39958524878231,6.319265310095156,531376.4033,434376.4033
1738252800000.0,433717.0077000001,102260.38339999996,97000.0,21.629031892787005,5.314819198985776,535977.3911,438977.3911
1738339200000.0,433412.06190000003,102260.38339999996,97000.0,21.61382455178659,5.381392212482849,535672.4453,438672.4453
1738425600000.0,427704.6572,102260.38339999996,98000.0,21.280102994316298,6.842321493224635,529965.0406,431965.04059999995
1738512000000.0,427704.6572,102260.38339999996,98000.0,21.280102994316298,6.842321493224635,529965.0406,431965.04059999995
1738598400000.0,427704.6572,102260.38339999996,98000.0,21.280102994316298,6.842321493224635,529965.0406,431965.04059999995
1738684800000.0,425709.2943,102260.38339999996,98000.0,21.18082530980144,7.27692834730812,527969.6777,429969.6777
1738771200000.0,425926.89710000006,102260.38339999996,98000.0,21.191651963002194,7.2295326237794555,528187.2805,430187.2805
1738857600000.0,425926.89710000006,102260.38339999996,98000.0,21.191651963002194,7.2295326237794555,528187.2805,430187.2805
1738944000000.0,425926.89710000006,102260.38339999996,98000.0,21.191651963002194,7.2295326237794555,528187.2805,430187.2805
1739030400000.0,425926.89710000006,102260.38339999996,98000.0,21.191651963002194,7.2295326237794555,528187.2805,430187.2805
1739116800000.0,425926.89710000006,102260.38339999996,98000.0,21.191651963002194,7.2295326237794555,528187.2805,430187.2805
1739203200000.0,425926.89710000006,102260.38339999996,98000.0,21.191651963002194,7.2295326237794555,528187.2805,430187.2805
1739289600000.0,422952.39790000004,102260.38339999996,98000.0,21.04365813532939,7.877403614958977,525212.7813,427212.78130000003
1739376000000.0,422952.39790000004,102260.38339999996,98000.0,21.04365813532939,7.877403614958977,525212.7813,427212.78130000003
1739462400000.0,422952.39790000004,102260.38339999996,98000.0,21.04365813532939,7.877403614958977,525212.7813,427212.78130000003
1739548800000.0,422952.39790000004,102260.38339999996,98000.0,21.04365813532939,7.877403614958977,525212.7813,427212.78130000003
1739635200000.0,422861.8517,102260.38339999996,98000.0,21.03915308159825,7.897125340330957,525122.2350999999,427122.23509999993
1739721600000.0,420661.4573,102260.38339999996,98000.0,20.929674218855308,8.376389782867655,522921.84069999994,424921.84069999994
1739808000000.0,415129.15530000004,102260.38339999996,98000.0,20.654418959475212,9.581371777902103,517389.53870000003,419389.53870000003
1739894400000.0,415129.15530000004,102260.38339999996,98000.0,20.654418959475212,9.581371777902103,517389.53870000003,419389.53870000003
1739980800000.0,415129.15530000004,102260.38339999996,98000.0,20.654418959475212,9.581371777902103,517389.53870000003,419389.53870000003
1740067200000.0,413583.04170000006,102260.38339999996,98000.0,20.577493314418398,9.918128348725242,515843.4251,417843.4251
1740153600000.0,419609.2982000001,102260.38339999996,98000.0,20.877324884712014,8.60555890114998,521869.6816,423869.6816
1740240000000.0,413424.43620000005,102260.38339999996,98000.0,20.5696020246729,9.952673963157244,515684.81960000005,417684.81960000005
1740326400000.0,413424.43620000005,102260.38339999996,98000.0,20.5696020246729,9.952673963157244,515684.81960000005,417684.81960000005
1740412800000.0,413424.43620000005,102260.38339999996,98000.0,20.5696020246729,9.952673963157244,515684.81960000005,417684.81960000005
1740499200000.0,413424.43620000005,102260.38339999996,98000.0,20.5696020246729,9.952673963157244,515684.81960000005,417684.81960000005
1740585600000.0,413424.43620000005,102260.38339999996,98000.0,20.5696020246729,9.952673963157244,515684.81960000005,417684.81960000005
1740672000000.0,413424.43620000005,102260.38339999996,98000.0,20.5696020246729,9.952673963157244,515684.81960000005,417684.81960000005
1740758400000.0,413424.43620000005,102260.38339999996,98000.0,20.5696020246729,9.952673963157244,515684.81960000005,417684.81960000005
1740844800000.0,414424.43620000005,102260.38339999996,99000.0,20.569602024672896,9.952673963157254,516684.81960000005,417684.81960000005
1740931200000.0,414424.43620000005,102260.38339999996,99000.0,20.569602024672896,9.952673963157254,516684.81960000005,417684.81960000005
1741017600000.0,423031.36160000006,102260.38339999996,99000.0,20.99679939690654,8.0825366112793,525291.745,426291.745
1741104000000.0,416814.7742000001,102525.97639999996,99000.0,20.70142688561963,9.375585684094133,519340.7506,420340.7506
1741190400000.0,414287.35980000015,102525.97639999996,99000.0,20.57590090225764,9.925099434352113,516813.33620000014,417813.33620000014
1741276800000.0,419805.09000000014,102525.97639999996,99000.0,20.84994322364394,8.725427304956224,522331.0664000001,423331.0664000001
1741363200000.0,413560.59960000013,102525.97639999996,99000.0,20.53980579700962,10.083112589234933,516086.5760000001,417086.5760000001
1741449600000.0,413560.59960000013,102525.97639999996,99000.0,20.53980579700962,10.083112589234933,516086.5760000001,417086.5760000001
1741536000000.0,413560.59960000013,102525.97639999996,99000.0,20.53980579700962,10.083112589234933,516086.5760000001,417086.5760000001
1741622400000.0,413560.59960000013,102525.97639999996,99000.0,20.53980579700962,10.083112589234933,516086.5760000001,417086.5760000001
1741708800000.0,413560.59960000013,102525.97639999996,99000.0,20.53980579700962,10.083112589234933,516086.5760000001,417086.5760000001
1741795200000.0,413560.59960000013,102525.97639999996,99000.0,20.53980579700962,10.083112589234933,516086.5760000001,417086.5760000001
1741881600000.0,411387.53290000017,102525.97639999996,99000.0,20.43187876516684,10.555583598293762,513913.50930000015,414913.50930000015
1741968000000.0,411387.53290000017,102525.97639999996,99000.0,20.43187876516684,10.555583598293762,513913.50930000015,414913.50930000015
1742054400000.0,410792.5810000002,102525.97639999996,99000.0,20.402330020686875,10.684938819895763,513318.55740000017,414318.55740000017
1742140800000.0,406240.5576000002,102525.97639999996,99000.0,20.176250271528286,11.67464571156981,508766.5340000001,409766.5340000001
1742227200000.0,406240.5576000002,102525.97639999996,99000.0,20.176250271528286,11.67464571156981,508766.5340000001,409766.5340000001
1742313600000.0,402400.1080000002,102525.97639999996,99000.0,19.985511383361718,12.509641295346208,504926.08440000017,405926.08440000017
1742400000000.0,402400.1080000002,102525.97639999996,99000.0,19.985511383361718,12.509641295346208,504926.08440000017,405926.08440000017
1742486400000.0,402663.6166000002,102525.97639999996,99000.0,19.99859874099462,12.452348910286105,505189.5930000001,406189.5930000001
1742572800000.0,396497.53730000014,102525.97639999996,99000.0,19.692355662051753,13.79298595046886,499023.5137000001,400023.5137000001
1742659200000.0,395792.64120000013,102525.97639999996,99000.0,19.657346454174906,13.946245384083412,498318.6176000001,399318.6176000001
1742745600000.0,400049.11600000015,102525.97639999996,99000.0,19.868747554416142,13.02079705624818,502575.0924000001,403575.0924000001
1742832000000.0,429575.52620000014,102525.97639999996,99000.0,21.335199464915895,6.601126265158963,532101.5026000001,433101.5026000001
1742918400000.0,420428.04100000014,105263.24299999996,99000.0,21.016831019547247,7.994844391818212,525691.2840000001,426691.2840000001
1743004800000.0,415041.4364000001,105263.24299999996,99000.0,20.74755935446505,9.173632070308823,520304.6794000001,421304.6794000001
1743091200000.0,412066.2916000001,105263.24299999996,99000.0,20.59883446120731,9.824703439453963,517329.5346000001,418329.5346000001
1743177600000.0,409472.31570000015,105263.24299999996,99000.0,20.469163868757278,10.392361000438022,514735.5587000001,415735.5587000001
1743264000000.0,409472.31570000015,105263.24299999996,99000.0,20.469163868757278,10.392361000438022,514735.5587000001,415735.5587000001
1743350400000.0,409472.31570000015,105263.24299999996,99000.0,20.469163868757278,10.392361000438022,514735.5587000001,415735.5587000001
1743436800000.0,409472.31570000015,105263.24299999996,99000.0,20.469163868757278,10.392361000438022,514735.5587000001,415735.5587000001
1743523200000.0,410472.31570000015,105263.24299999996,100000.0,20.469163868757278,10.392361000438022,515735.5587000001,415735.5587000001
1743609600000.0,416819.45890000014,105263.24299999996,100000.0,20.785679037478726,9.006755943068434,522082.7019000001,422082.7019000001
1743696000000.0,410413.57090000017,105263.24299999996,100000.0,20.46623442165051,10.40518520959941,515676.8139000001,415676.8139000001
1743782400000.0,410413.57090000017,105263.24299999996,100000.0,20.46623442165051,10.40518520959941,515676.8139000001,415676.8139000001
1743868800000.0,409709.50470000017,105263.24299999996,100000.0,20.431124510772168,10.558885489662885,514972.7477000001,414972.7477000001
1743955200000.0,409709.50470000017,105263.24299999996,100000.0,20.431124510772168,10.558885489662885,514972.7477000001,414972.7477000001
1744041600000.0,409709.50470000017,105263.24299999996,100000.0,20.431124510772168,10.558885489662885,514972.7477000001,414972.7477000001
1744128000000.0,409709.50470000017,105263.24299999996,100000.0,20.431124510772168,10.558885489662885,514972.7477000001,414972.7477000001
1744214400000.0,409709.50470000017,105263.24299999996,100000.0,20.431124510772168,10.558885489662885,514972.7477000001,414972.7477000001
1744300800000.0,404592.1863000002,105263.24299999996,100000.0,20.175937437511024,11.676015201689937,509855.42930000013,409855.42930000013
1744387200000.0,409580.8661000002,105263.24299999996,100000.0,20.42470964554854,10.58696777631003,514844.1091000002,414844.1091000002
1744473600000.0,417029.6737000002,105263.24299999996,100000.0,20.796161891070206,8.96086526739973,522292.9167000002,422292.9167000002
1744560000000.0,413558.6599000002,105263.24299999996,100000.0,20.623071654419885,9.71860053883329,518821.90290000016,418821.90290000016
1744646400000.0,414312.0299000002,105263.24299999996,100000.0,20.66064021481721,9.55413705515602,519575.27290000016,419575.27290000016
1744732800000.0,416759.2992000002,105263.24299999996,100000.0,20.782679033067964,9.019889030182316,522022.54220000014,422022.54220000014
1744819200000.0,413536.2034000002,106257.02259999995,100000.0,20.67150895687109,9.5065570797067,519793.22600000014,419793.22600000014
1744905600000.0,412058.3977000002,106257.02259999995,100000.0,20.59763761619305,9.829942855028717,518315.4203000002,418315.4203000002
1744992000000.0,408786.5560000002,106257.02259999995,100000.0,20.43408747366395,10.545914558809121,515043.5786000002,415043.5786000002
1745078400000.0,411262.5171000002,106257.02259999995,100000.0,20.557853788764557,10.004104089414778,517519.53970000014,417519.53970000014
1745164800000.0,405883.32450000016,106257.02259999995,100000.0,20.288963115838204,11.181223902633452,512140.34710000013,412140.34710000013
1745251200000.0,430860.24240000016,106257.02259999995,100000.0,21.537488826138528,5.715566299441111,537117.2650000001,437117.26500000013
1745337600000.0,422688.0036000002,108124.20909999995,100000.0,21.222317037014854,7.095290458362258,530812.2127000001,430812.21270000015
1745424000000.0,432710.4870000002,108124.20909999995,100000.0,21.725525830265354,4.8923987244297145,540834.6961000002,440834.6961000002
1745510400000.0,432739.9543000002,108124.20909999995,100000.0,21.727005324307054,4.885921959240836,540864.1634000002,440864.1634000002
1745596800000.0,440315.49010000017,108124.20909999995,100000.0,22.10735778546892,3.22085707183678,548439.6992000001,448439.69920000015
1745683200000.0,437511.49320000014,108124.20909999995,100000.0,21.96657472402457,3.837161569081704,545635.7023000001,445635.7023000001
1745769600000.0,435587.1128000002,108124.20909999995,100000.0,21.86995544313468,4.260130758145342,543711.3219000001,443711.3219000001
1745856000000.0,427950.7649000002,109211.17479999995,100000.0,21.54055371712247,5.702149159072167,537161.9397000001,437161.9397000001
1745942400000.0,428676.7668000002,109211.17479999995,100000.0,21.577096432332567,5.542176506861973,537887.9416000001,437887.94160000014
1746028800000.0,421997.6111000002,109211.17479999995,100000.0,21.24090656204575,7.013911294131503,531208.7859000001,431208.78590000013
1746115200000.0,434630.3372000002,109211.17479999995,101000.0,21.825046145031617,4.456729710498497,543841.5120000001,442841.5120000001
1746201600000.0,436926.38740000024,109211.17479999995,101000.0,21.94034274832245,3.9519970075994837,546137.5622000002,445137.56220000016
1746288000000.0,429468.17690000025,109930.12649999995,101000.0,21.60192956888158,5.433464751492856,539398.3034000002,438398.3034000002
1746374400000.0,426336.6529000002,109930.12649999995,101000.0,21.444416243029234,6.12300914769267,536266.7794000001,435266.7794000001
1746460800000.0,426336.6529000002,109930.12649999995,101000.0,21.444416243029234,6.12300914769267,536266.7794000001,435266.7794000001
1746547200000.0,426336.6529000002,109930.12649999995,101000.0,21.444416243029234,6.12300914769267,536266.7794000001,435266.7794000001
1746633600000.0,427753.2853000002,109930.12649999995,101000.0,21.515671798098968,5.811074468956345,537683.4118000001,436683.4118000001
1746720000000.0,445315.7283000002,109930.12649999995,101000.0,22.39904960616374,1.9439209187269268,555245.8548000001,454245.8548000001
1746806400000.0,455108.4404000002,109930.12649999995,101000.0,22.891615734344622,1.4533494634253685,565038.5669000002,464038.5669000002
1746892800000.0,456220.4959000002,109930.12649999995,101000.0,22.947551298094858,1.2125511503036535,566150.6224000002,465150.6224000002
1746979200000.0,460852.4421000002,109930.12649999995,101000.0,23.180534743577354,0.822672252125134,570782.5686000001,469782.5686000001
1747065600000.0,451093.58740000025,112680.89689999995,101000.0,22.82803332064507,3.1058411936087826,563774.4843000002,462774.48430000024
1747152000000.0,448798.99910000025,112680.89689999995,101000.0,22.71191342971185,3.5987149771111393,561479.8960000002,460479.8960000002
1747238400000.0,447934.88620000024,112680.89689999995,101000.0,22.668184149081426,3.7843250032740805,560615.7831000002,459615.78310000023
1747324800000.0,445751.38980000024,112680.89689999995,101000.0,22.557686172681443,4.253336429825749,558432.2867000002,457432.2867000002
1747411200000.0,446470.2264000002,112680.89689999995,101000.0,22.594063603696323,4.098931513369952,559151.1233000002,458151.1233000002
1747497600000.0,442226.2142000002,112680.89689999995,101000.0,22.379291204750835,5.0105383363648,554907.1111000002,453907.1111000002
1747584000000.0,456505.2027000002,112680.89689999995,101000.0,23.101893419386325,1.9434351498883506,569186.0996000002,468186.0996000002
1747670400000.0,448589.6807000002,113387.94869999995,101000.0,22.737101716482865,3.49180266345841,561977.6294000002,460977.6294000002
1747756800000.0,448291.31700000016,113387.94869999995,101000.0,22.721978930366113,3.555991707648498,561679.2657000001,460679.2657000001
1747843200000.0,460723.6577000002,113387.94869999995,101000.0,23.352121368392712,0.8813363572212074,574111.6064000002,473111.60640000016
1747929600000.0,453111.72420000023,113890.39789999995,101000.0,22.99177186719912,2.4108488344471324,567002.1221000002,466002.12210000015
1748016000000.0,446983.14710000023,113890.39789999995,101000.0,22.68079592235346,3.7307940159530872,560873.5450000002,459873.54500000016
1748102400000.0,446983.14710000023,113890.39789999995,101000.0,22.68079592235346,3.7307940159530872,560873.5450000002,459873.54500000016
1748188800000.0,446983.14710000023,113890.39789999995,101000.0,22.68079592235346,3.7307940159530872,560873.5450000002,459873.54500000016
1748275200000.0,448351.50780000025,113890.39789999995,101000.0,22.75022921080343,3.4360826852386284,562241.9057000002,461241.90570000024
1748361600000.0,441604.02100000024,113890.39789999995,101000.0,22.407848581707057,4.889325835093938,555494.4189000002,454494.41890000016
1748448000000.0,436012.0721000002,113890.39789999995,101000.0,22.124102197459703,6.093694465094934,549902.4700000002,448902.4700000002
1748534400000.0,436012.0721000002,113890.39789999995,101000.0,22.124102197459703,6.093694465094934,549902.4700000002,448902.4700000002
1748620800000.0,436012.0721000002,113890.39789999995,101000.0,22.124102197459703,6.093694465094934,549902.4700000002,448902.4700000002
1748707200000.0,436012.0721000002,113890.39789999995,101000.0,22.124102197459703,6.093694465094934,549902.4700000002,448902.4700000002
1748793600000.0,437012.0721000002,113890.39789999995,102000.0,22.1241021974597,6.093694465094945,550902.4700000002,448902.4700000002
1748880000000.0,437012.0721000002,113890.39789999995,102000.0,22.1241021974597,6.093694465094945,550902.4700000002,448902.4700000002
1748966400000.0,436768.7812000002,113890.39789999995,102000.0,22.111785391863354,6.145973454733555,550659.1791000002,448659.1791000002
1749052800000.0,429940.6431000002,113890.39789999995,102000.0,21.766105181207298,7.6132217611061925,543831.0410000002,441831.0410000002
1749139200000.0,429940.6431000002,113890.39789999995,102000.0,21.766105181207298,7.6132217611061925,543831.0410000002,441831.0410000002
1749225600000.0,429940.6431000002,113890.39789999995,102000.0,21.766105181207298,7.6132217611061925,543831.0410000002,441831.0410000002
1749312000000.0,431111.2683000002,113890.39789999995,102000.0,21.825369062489266,7.361674733652679,545001.6662000002,443001.6662000002
1749398400000.0,433527.7265000002,113890.39789999995,102000.0,21.947704282923304,6.8424198285167765,547418.1244000002,445418.1244000002
1749484800000.0,442886.1258000002,113890.39789999995,102000.0,22.421481086211376,4.831462328508995,556776.5237000001,454776.52370000014
1749571200000.0,450703.78570000024,113890.39789999995,102000.0,22.817256666829675,3.151582970463729,564594.1836000002,462594.1836000002
1749657600000.0,454785.6003000002,113890.39789999995,102000.0,23.023901949939425,2.2744718940522657,568675.9982000001,466675.99820000015
1749744000000.0,446383.34620000026,115717.36479999995,102000.0,22.691022527887302,3.687386932796688,562100.7110000002,460100.71100000024
1749830400000.0,446383.34620000026,115717.36479999995,102000.0,22.691022527887302,3.687386932796688,562100.7110000002,460100.71100000024
1749916800000.0,446383.34620000026,115717.36479999995,102000.0,22.691022527887302,3.687386932796688,562100.7110000002,460100.71100000024
1750003200000.0,446383.34620000026,115717.36479999995,102000.0,22.691022527887302,3.687386932796688,562100.7110000002,460100.71100000024
1750089600000.0,449485.6860000002,115717.36479999995,102000.0,22.848723891278716,3.01801954867722,565203.0508000002,463203.0508000002
1750176000000.0,442391.25800000026,115717.36479999995,102000.0,22.488092548418653,4.548728309910876,558108.6228000002,456108.62280000024
1750262400000.0,442391.25800000026,115717.36479999995,102000.0,22.488092548418653,4.548728309910876,558108.6228000002,456108.62280000024
1750348800000.0,442391.25800000026,115717.36479999995,102000.0,22.488092548418653,4.548728309910876,558108.6228000002,456108.62280000024
1750435200000.0,442391.25800000026,115717.36479999995,102000.0,22.488092548418653,4.548728309910876,558108.6228000002,456108.62280000024
1750521600000.0,442391.25800000026,115717.36479999995,102000.0,22.488092548418653,4.548728309910876,558108.6228000002,456108.62280000024
1750608000000.0,442391.25800000026,115717.36479999995,102000.0,22.488092548418653,4.548728309910876,558108.6228000002,456108.62280000024
1750694400000.0,442391.25800000026,115717.36479999995,102000.0,22.488092548418653,4.548728309910876,558108.6228000002,456108.62280000024
1750780800000.0,443302.6307000002,115717.36479999995,102000.0,22.534420393404464,4.35208861230042,559019.9955000002,457019.9955000002
1750867200000.0,448951.90470000025,115717.36479999995,102000.0,22.82159016506251,3.1331893287486645,564669.2695000002,462669.26950000017
1750953600000.0,449856.66540000023,115717.36479999995,102000.0,22.867581901987318,2.9379762502157902,565574.0302000002,463574.03020000015
1751040000000.0,449839.71700000024,115717.36479999995,102000.0,22.86672036329085,2.941633072776939,565557.0818000002,463557.08180000016
1751126400000.0,450286.4901000002,115717.36479999995,102000.0,22.88943119818927,2.8452363656071067,566003.8549000002,464003.85490000015
1751212800000.0,451241.43080000026,115717.36479999995,102000.0,22.93797373706524,2.639196344346939,566958.7956000002,464958.7956000002
1751299200000.0,447775.27950000024,116315.58939999995,102000.0,22.792188304181117,3.257986263177026,564090.8689000002,462090.86890000023
1751385600000.0,444406.62160000025,116315.58939999995,103000.0,22.570314956780418,4.199733239624037,560722.2110000002,457722.21100000024
1751472000000.0,444406.62160000025,116315.58939999995,103000.0,22.570314956780418,4.199733239624037,560722.2110000002,457722.21100000024
1751558400000.0,442199.21750000026,116315.58939999995,103000.0,22.45820635319005,4.6755810135986735,558514.8069000002,455514.8069000002
1751644800000.0,438673.8309000003,116315.58939999995,103000.0,22.279160672862563,5.435544885193355,554989.4203000002,451989.42030000023
1751731200000.0,438673.8309000003,116315.58939999995,103000.0,22.279160672862563,5.435544885193355,554989.4203000002,451989.42030000023
1751817600000.0,438673.8309000003,116315.58939999995,103000.0,22.279160672862563,5.435544885193355,554989.4203000002,451989.42030000023
1751904000000.0,432223.9857000003,116315.58939999995,103000.0,21.95158896148175,6.825931213143443,548539.5751000002,445539.57510000025
1751990400000.0,432223.9857000003,116315.58939999995,103000.0,21.95158896148175,6.825931213143443,548539.5751000002,445539.57510000025
1752076800000.0,429344.0191000003,116315.58939999995,103000.0,21.80532256924623,7.446762575978772,545659.6085000003,442659.6085000003
1752163200000.0,444718.95710000035,116315.58939999995,103000.0,22.586177705588717,4.1324034052686915,561034.5465000003,458034.5465000003
1752249600000.0,481614.8339000003,116315.58939999995,103000.0,24.460028182848497,2.6636738783622937,597930.4233000003,494930.42330000026
1752336000000.0,482940.59510000027,116315.58939999995,103000.0,24.527360320551004,2.3957321219225336,599256.1845000002,496256.1845000002
1752422400000.0,493498.80380000034,116315.58939999995,103000.0,25.06358566949036,0.9272126597806962,609814.3932000003,506814.3932000003
1752508800000.0,501597.55140000035,116315.58939999995,103000.0,25.47490106220293,4.241056918973241,617913.1408000003,514913.1408000003
1752595200000.0,487732.80190000025,122803.23189999996,103000.0,25.100236013648058,5.649405040577838,610536.0338000002,507536.0338000002
1752681600000.0,487591.9668000002,122803.23189999996,103000.0,25.09298820452955,5.676649210796459,610395.1987000002,507395.1987000002
1752768000000.0,484043.18680000026,122803.23189999996,103000.0,24.91035702775917,6.363151129625244,606846.4187000003,503846.4187000003
1752854400000.0,480758.76670000027,122803.23189999996,103000.0,24.741330627736822,6.998513338860501,603561.9986000003,500561.9986000003
1752940800000.0,480758.76670000027,122803.23189999996,103000.0,24.741330627736822,6.998513338860501,603561.9986000003,500561.9986000003
1753027200000.0,480758.76670000027,122803.23189999996,103000.0,24.741330627736822,6.998513338860501,603561.9986000003,500561.9986000003
1753113600000.0,477399.71690000023,122803.23189999996,103000.0,24.568463552909886,7.648312462261087,600202.9488000001,497202.94880000013
1753200000000.0,477399.71690000023,122803.23189999996,103000.0,24.568463552909886,7.648312462261087,600202.9488000001,497202.94880000013
1753286400000.0,474088.52480000025,122803.23189999996,103000.0,24.3980593831006,8.288853642683879,596891.7567000003,493891.75670000026
1753372800000.0,466843.81880000024,122803.23189999996,103000.0,24.025224442040443,9.69032247714262,589647.0507000003,486647.05070000025
1753459200000.0,465564.3685000002,122803.23189999996,103000.0,23.959379978898678,9.937828686599426,588367.6004000001,485367.6004000001
1753545600000.0,465564.3685000002,122803.23189999996,103000.0,23.959379978898678,9.937828686599426,588367.6004000001,485367.6004000001
1753632000000.0,467975.7124000002,122803.23189999996,103000.0,24.08347518177265,9.471360713294196,590778.9443000001,487778.9443000001
1753718400000.0,463222.9024000002,122803.23189999996,103000.0,23.838880903382314,10.390778987976967,586026.1343000002,483026.13430000015
1753804800000.0,457517.7662000002,122803.23189999996,103000.0,23.545276978134392,11.494422197327692,580320.9981000002,477320.9981000002
1753891200000.0,457517.7662000002,122803.23189999996,103000.0,23.545276978134392,11.494422197327692,580320.9981000002,477320.9981000002
1753977600000.0,453252.3928000002,122803.23189999996,103000.0,23.325767692293315,12.319547176509648,576055.6247000002,473055.62470000016
1754064000000.0,454252.3928000002,122803.23189999996,104000.0,23.32576769229331,12.31954717650966,577055.6247000002,473055.62470000016
1754150400000.0,454252.3928000002,122803.23189999996,104000.0,23.32576769229331,12.31954717650966,577055.6247000002,473055.62470000016
1754236800000.0,454252.3928000002,122803.23189999996,104000.0,23.32576769229331,12.31954717650966,577055.6247000002,473055.62470000016
1754323200000.0,454252.3928000002,122803.23189999996,104000.0,23.32576769229331,12.31954717650966,577055.6247000002,473055.62470000016
1754409600000.0,454252.3928000002,122803.23189999996,104000.0,23.32576769229331,12.31954717650966,577055.6247000002,473055.62470000016
1754496000000.0,454252.3928000002,122803.23189999996,104000.0,23.32576769229331,12.31954717650966,577055.6247000002,473055.62470000016
1754582400000.0,451362.8467000002,122803.23189999996,104000.0,23.1773900895925,12.877291537393843,574166.0786000001,470166.0786000001
1754668800000.0,448543.6015000002,122803.23189999996,104000.0,23.032622423763677,13.421466317041709,571346.8334000001,467346.8334000001
1754755200000.0,452547.9214000002,122803.23189999996,104000.0,23.238243433654873,12.648546707487329,575351.1533000001,471351.1533000001
1754841600000.0,463790.1089000002,122803.23189999996,104000.0,23.815527468113796,10.478563441905331,586593.3408000001,482593.3408000001
1754928000000.0,472558.0012000002,122803.23189999996,104000.0,24.265756948866123,8.786172208844578,595361.2331000001,491361.23310000007
1755014400000.0,463811.7556000002,124361.84079999996,104000.0,23.89667327076513,10.17354022401804,588173.5964000002,484173.59640000015
1755100800000.0,469415.8054000002,124361.84079999996,104000.0,24.18540710609118,9.088203451363164,593777.6462000002,489777.6462000002
1755187200000.0,461921.59900000016,124361.84079999996,104000.0,23.799287954081315,10.53960700380584,586283.4398000002,482283.43980000017
1755273600000.0,461921.59900000016,124361.84079999996,104000.0,23.799287954081315,10.53960700380584,586283.4398000002,482283.43980000017
1755360000000.0,461921.59900000016,124361.84079999996,104000.0,23.799287954081315,10.53960700380584,586283.4398000002,482283.43980000017
1755446400000.0,461921.59900000016,124361.84079999996,104000.0,23.799287954081315,10.53960700380584,586283.4398000002,482283.43980000017
1755532800000.0,461921.59900000016,124361.84079999996,104000.0,23.799287954081315,10.53960700380584,586283.4398000002,482283.43980000017
1755619200000.0,461921.59900000016,124361.84079999996,104000.0,23.799287954081315,10.53960700380584,586283.4398000002,482283.43980000017
1755705600000.0,461921.59900000016,124361.84079999996,104000.0,23.799287954081315,10.53960700380584,586283.4398000002,482283.43980000017
1755792000000.0,461921.59900000016,124361.84079999996,104000.0,23.799287954081315,10.53960700380584,586283.4398000002,482283.43980000017
1755878400000.0,461921.59900000016,124361.84079999996,104000.0,23.799287954081315,10.53960700380584,586283.4398000002,482283.43980000017
1755964800000.0,456057.1429000002,124361.84079999996,104000.0,23.49713737328986,11.675376685394001,580418.9837000002,476418.9837000002
1756051200000.0,451604.1162000002,124361.84079999996,104000.0,23.267706957111137,12.537794722279383,575965.9570000002,471965.95700000017
1756137600000.0,451604.1162000002,124361.84079999996,104000.0,23.267706957111137,12.537794722279383,575965.9570000002,471965.95700000017
1756224000000.0,451604.1162000002,124361.84079999996,104000.0,23.267706957111137,12.537794722279383,575965.9570000002,471965.95700000017
1756310400000.0,451604.1162000002,124361.84079999996,104000.0,23.267706957111137,12.537794722279383,575965.9570000002,471965.95700000017
1756396800000.0,450523.68680000026,124361.84079999996,104000.0,23.21204069153637,12.74704157052785,574885.5276000003,470885.52760000026
1756483200000.0,446770.1564000002,124361.84079999996,104000.0,23.01864997106045,13.473988103086864,571131.9972000002,467131.9972000002
1756569600000.0,446770.1564000002,124361.84079999996,104000.0,23.01864997106045,13.473988103086864,571131.9972000002,467131.9972000002
1756656000000.0,446770.1564000002,124361.84079999996,104000.0,23.01864997106045,13.473988103086864,571131.9972000002,467131.9972000002
1756742400000.0,447770.1564000002,124361.84079999996,105000.0,23.01864997106045,13.473988103086864,572131.9972000002,467131.9972000002
1756828800000.0,442106.2390000002,124361.84079999996,105000.0,22.72748333069344,14.568469674336882,566468.0798000002,461468.0798000002
1756915200000.0,445597.08730000025,124361.84079999996,105000.0,22.90693837916253,13.893906670932276,569958.9281000003,464958.92810000025
1757001600000.0,438858.4936000002,124361.84079999996,105000.0,22.560525543334922,15.196056066824159,563220.3344000002,458220.33440000017
1757088000000.0,432836.02980000025,124361.84079999996,105000.0,22.250927004454763,16.359822269103198,557197.8706000003,452197.87060000026
1757174400000.0,431127.6564000003,124361.84079999996,105000.0,22.163104158844344,16.6899441743262,555489.4972000003,450489.49720000033
1757260800000.0,431127.6564000003,124361.84079999996,105000.0,22.163104158844344,16.6899441743262,555489.4972000003,450489.49720000033
1757347200000.0,424626.11840000027,124361.84079999996,105000.0,21.828877713967437,17.946285505465966,548987.9592000003,443987.9592000003
1757433600000.0,418187.3038000002,124361.84079999996,105000.0,21.497875709060363,19.190506319914192,542549.1446000002,437549.14460000023
1757520000000.0,421562.63120000024,124361.84079999996,105000.0,21.671392141202666,18.538266293208437,545924.4720000002,440924.4720000002
1757606400000.0,423299.0428000003,124361.84079999996,105000.0,21.760656354672008,18.20272635466611,547660.8836000003,442660.8836000003
1757692800000.0,428305.59310000023,124361.84079999996,105000.0,22.0180295343514,17.235272797012513,552667.4339000002,447667.4339000002
1757779200000.0,431751.06520000024,124361.84079999996,105000.0,22.19515191537964,16.569478179720587,556112.9060000002,451112.9060000002
1757865600000.0,428852.77130000025,124361.84079999996,105000.0,22.046158482378797,17.129537417451758,553214.6121000003,448214.61210000026
1757952000000.0,421441.2351000003,125654.97499999996,105000.0,21.730812160978562,18.314909261214474,547096.2101000003,442096.21010000026
1758038400000.0,415089.7916000003,125654.97499999996,105000.0,21.403312110783382,19.545966394237226,540744.7666000002,435744.7666000002
1758124800000.0,409712.1398000003,125654.97499999996,105000.0,21.12602376925406,20.588280099350488,535367.1148000002,430367.1148000002
1758211200000.0,412116.61580000026,125654.97499999996,105000.0,21.25000598065106,20.122236855640296,537771.5908000002,432771.59080000024
1758297600000.0,407043.03980000026,125654.97499999996,105000.0,20.98839672683828,21.10561361475545,532698.0148000002,427698.01480000024
1758384000000.0,407043.03980000026,125654.97499999996,105000.0,20.98839672683828,21.10561361475545,532698.0148000002,427698.01480000024
1758470400000.0,407043.03980000026,125654.97499999996,105000.0,20.98839672683828,21.10561361475545,532698.0148000002,427698.01480000024
1758556800000.0,407043.03980000026,125654.97499999996,105000.0,20.98839672683828,21.10561361475545,532698.0148000002,427698.01480000024
1758643200000.0,407043.03980000026,125654.97499999996,105000.0,20.98839672683828,21.10561361475545,532698.0148000002,427698.01480000024
1758729600000.0,407043.03980000026,125654.97499999996,105000.0,20.98839672683828,21.10561361475545,532698.0148000002,427698.01480000024
1758816000000.0,407043.03980000026,125654.97499999996,105000.0,20.98839672683828,21.10561361475545,532698.0148000002,427698.01480000024
1758902400000.0,407043.03980000026,125654.97499999996,105000.0,20.98839672683828,21.10561361475545,532698.0148000002,427698.01480000024
1758988800000.0,407043.03980000026,125654.97499999996,105000.0,20.98839672683828,21.10561361475545,532698.0148000002,427698.01480000024
1759075200000.0,407043.03980000026,125654.97499999996,105000.0,20.98839672683828,21.10561361475545,532698.0148000002,427698.01480000024
1759161600000.0,419875.2400000002,125654.97499999996,105000.0,21.65006461534497,18.61843544988856,545530.2150000002,440530.2150000002
1759248000000.0,412815.5441000003,126296.36429999996,105000.0,21.31911689713445,19.862452203222958,539111.9084000003,434111.9084000003
1759334400000.0,437881.2166000003,126296.36429999996,106000.0,22.558941965454434,15.202008660859823,564177.5809000002,458177.5809000002
1759420800000.0,451061.4670000003,126296.36429999996,106000.0,23.237967446776615,12.649584129053826,577357.8313000002,471357.8313000002
1759507200000.0,463500.9460000003,126296.36429999996,106000.0,23.87882956692057,10.240613859226045,589797.3103000002,483797.31030000024
1759593600000.0,461027.4332000003,126296.36429999996,106000.0,23.7513981321144,10.719622569899412,587323.7975000003,481323.79750000034
1759680000000.0,466389.83770000027,126296.36429999996,106000.0,24.027660660226665,9.681164848696577,592686.2020000003,486686.2020000003
1759766400000.0,478032.05220000027,126296.36429999996,106000.0,24.627448984773107,7.426589025588726,604328.4165000003,498328.4165000003
1759852800000.0,465111.15830000024,131995.87689999994,106000.0,24.255414936539584,8.82504734195313,597107.0352000002,491107.03520000016
1759939200000.0,465111.15830000024,131995.87689999994,106000.0,24.255414936539584,8.82504734195313,597107.0352000002,491107.03520000016
1760025600000.0,465111.15830000024,131995.87689999994,106000.0,24.255414936539584,8.82504734195313,597107.0352000002,491107.03520000016
1760112000000.0,465111.15830000024,131995.87689999994,106000.0,24.255414936539584,8.82504734195313,597107.0352000002,491107.03520000016
1760198400000.0,465111.15830000024,131995.87689999994,106000.0,24.255414936539584,8.82504734195313,597107.0352000002,491107.03520000016
1760284800000.0,465111.15830000024,131995.87689999994,106000.0,24.255414936539584,8.82504734195313,597107.0352000002,491107.03520000016
1760371200000.0,465111.15830000024,131995.87689999994,106000.0,24.255414936539584,8.82504734195313,597107.0352000002,491107.03520000016
1760457600000.0,465111.15830000024,131995.87689999994,106000.0,24.255414936539584,8.82504734195313,597107.0352000002,491107.03520000016
1760544000000.0,465111.15830000024,131995.87689999994,106000.0,24.255414936539584,8.82504734195313,597107.0352000002,491107.03520000016
1760630400000.0,465111.15830000024,131995.87689999994,106000.0,24.255414936539584,8.82504734195313,597107.0352000002,491107.03520000016
1760716800000.0,465111.15830000024,131995.87689999994,106000.0,24.255414936539584,8.82504734195313,597107.0352000002,491107.03520000016
1760803200000.0,465111.15830000024,131995.87689999994,106000.0,24.255414936539584,8.82504734195313,597107.0352000002,491107.03520000016
1760889600000.0,465111.15830000024,131995.87689999994,106000.0,24.255414936539584,8.82504734195313,597107.0352000002,491107.03520000016
1760976000000.0,465398.6001000003,131995.87689999994,106000.0,24.270404944851983,8.76870061270515,597394.4770000002,491394.4770000002
1761062400000.0,457890.5950000003,131995.87689999994,106000.0,23.878864609178734,10.24048213704204,589886.4719000002,483886.47190000024
1761148800000.0,451899.3706000004,131995.87689999994,106000.0,23.566423956645117,11.414931709549169,583895.2475000003,477895.2475000003
1761235200000.0,451899.3706000004,131995.87689999994,106000.0,23.566423956645117,11.414931709549169,583895.2475000003,477895.2475000003
1761321600000.0,450001.5369000004,131995.87689999994,106000.0,23.46745246767397,11.786960835624727,581997.4138000003,475997.41380000033
1761408000000.0,454400.7803000004,131995.87689999994,106000.0,23.696871762759997,10.924584602398546,586396.6572000004,480396.65720000037
1761494400000.0,461993.6641000004,131995.87689999994,106000.0,24.092838498555096,9.436164450249617,593989.5410000003,487989.5410000003
1761580800000.0,466183.9692000004,131995.87689999994,106000.0,24.311361720579455,8.61474603811846,598179.8461000003,492179.8461000003
1761667200000.0,465104.7612000004,131995.87689999994,106000.0,24.25508132958968,8.826301354632093,597100.6381000003,491100.63810000033
1761753600000.0,457586.7711000004,132627.81019999995,106000.0,23.895975421292274,10.176163407039917,590214.5813000004,484214.5813000004
1761840000000.0,457586.7711000004,132627.81019999995,106000.0,23.895975421292274,10.176163407039917,590214.5813000004,484214.5813000004
1761926400000.0,457586.7711000004,132627.81019999995,106000.0,23.895975421292274,10.176163407039917,590214.5813000004,484214.5813000004
1762012800000.0,458586.7711000004,132627.81019999995,107000.0,23.895975421292274,10.176163407039917,591214.5813000004,484214.5813000004
1762099200000.0,458586.7711000004,132627.81019999995,107000.0,23.895975421292274,10.176163407039917,591214.5813000004,484214.5813000004
1762185600000.0,458586.7711000004,132627.81019999995,107000.0,23.895975421292274,10.176163407039917,591214.5813000004,484214.5813000004
1762272000000.0,458586.7711000004,132627.81019999995,107000.0,23.895975421292274,10.176163407039917,591214.5813000004,484214.5813000004
1762358400000.0,458586.7711000004,132627.81019999995,107000.0,23.895975421292274,10.176163407039917,591214.5813000004,484214.5813000004
1762444800000.0,458586.7711000004,132627.81019999995,107000.0,23.895975421292274,10.176163407039917,591214.5813000004,484214.5813000004
1762531200000.0,458586.7711000004,132627.81019999995,107000.0,23.895975421292274,10.176163407039917,591214.5813000004,484214.5813000004
1762617600000.0,458586.7711000004,132627.81019999995,107000.0,23.895975421292274,10.176163407039917,591214.5813000004,484214.5813000004
1762704000000.0,458586.7711000004,132627.81019999995,107000.0,23.895975421292274,10.176163407039917,591214.5813000004,484214.5813000004
1762790400000.0,459328.34040000045,132627.81019999995,107000.0,23.934617010807557,10.030911507457684,591956.1506000004,484956.1506000004
1762876800000.0,456356.84660000046,132627.81019999995,107000.0,23.77977882688219,10.612940886299038,588984.6568000005,481984.65680000046
1762963200000.0,456356.84660000046,132627.81019999995,107000.0,23.77977882688219,10.612940886299038,588984.6568000005,481984.65680000046
1763049600000.0,456356.84660000046,132627.81019999995,107000.0,23.77977882688219,10.612940886299038,588984.6568000005,481984.65680000046
1763136000000.0,456356.84660000046,132627.81019999995,107000.0,23.77977882688219,10.612940886299038,588984.6568000005,481984.65680000046
1763222400000.0,456356.84660000046,132627.81019999995,107000.0,23.77977882688219,10.612940886299038,588984.6568000005,481984.65680000046
1763308800000.0,456356.84660000046,132627.81019999995,107000.0,23.77977882688219,10.612940886299038,588984.6568000005,481984.65680000046
1763395200000.0,456356.84660000046,132627.81019999995,107000.0,23.77977882688219,10.612940886299038,588984.6568000005,481984.65680000046
1763481600000.0,456356.84660000046,132627.81019999995,107000.0,23.77977882688219,10.612940886299038,588984.6568000005,481984.65680000046
1763568000000.0,456356.84660000046,132627.81019999995,107000.0,23.77977882688219,10.612940886299038,588984.6568000005,481984.65680000046
1763654400000.0,456356.84660000046,132627.81019999995,107000.0,23.77977882688219,10.612940886299038,588984.6568000005,481984.65680000046
1763740800000.0,456356.84660000046,132627.81019999995,107000.0,23.77977882688219,10.612940886299038,588984.6568000005,481984.65680000046
1763827200000.0,456356.84660000046,132627.81019999995,107000.0,23.77977882688219,10.612940886299038,588984.6568000005,481984.65680000046
1763913600000.0,456356.84660000046,132627.81019999995,107000.0,23.77977882688219,10.612940886299038,588984.6568000005,481984.65680000046
1764000000000.0,456356.84660000046,132627.81019999995,107000.0,23.77977882688219,10.612940886299038,588984.6568000005,481984.65680000046
1764086400000.0,451444.6401000004,132627.81019999995,107000.0,23.523814256629212,11.575099548025158,584072.4503000004,477072.4503000004
1764172800000.0,449310.63810000045,132627.81019999995,107000.0,23.41261597845239,11.993088593974432,581938.4483000004,474938.4483000004
1764259200000.0,462123.78760000045,132627.81019999995,107000.0,24.080281783087162,9.483364547272277,594751.5978000003,487751.59780000034
1764345600000.0,467959.4660000005,132627.81019999995,107000.0,24.384366498131325,8.340324546896072,600587.2762000004,493587.27620000043
1764432000000.0,459903.31740000047,133804.77449999994,107000.0,24.025906923388177,9.68775706217312,593708.0919000003,486708.09190000035
1764518400000.0,458299.73890000046,133804.77449999994,107000.0,23.942134038245367,10.002655358364187,592104.5134000004,485104.5134000004
1764604800000.0,452384.5036000005,133804.77449999994,108000.0,23.581660307397787,11.357658990769027,586189.2781000005,478189.27810000046
1764691200000.0,452384.5036000005,133804.77449999994,108000.0,23.581660307397787,11.357658990769027,586189.2781000005,478189.27810000046
1764777600000.0,455930.7081000005,133804.77449999994,108000.0,23.766514981318064,10.66279905176588,589735.4826000005,481735.48260000045
1764864000000.0,457948.6123000005,133804.77449999994,108000.0,23.871703224943992,10.26740144022762,591753.3868000004,483753.38680000044
1764950400000.0,451250.35350000055,133804.77449999994,108000.0,23.522539930411025,11.57988967975112,585055.1280000005,477055.1280000005
1765036800000.0,451250.35350000055,133804.77449999994,108000.0,23.522539930411025,11.57988967975112,585055.1280000005,477055.1280000005
1765123200000.0,451250.35350000055,133804.77449999994,108000.0,23.522539930411025,11.57988967975112,585055.1280000005,477055.1280000005
1765209600000.0,445770.49660000054,133804.77449999994,108000.0,23.23688884616608,12.653638537517242,579575.2711000005,471575.2711000005
1765296000000.0,444188.7347000005,133804.77449999994,108000.0,23.154435597842692,12.963576381584474,577993.5092000004,469993.50920000044
1765382400000.0,437417.7713000005,133804.77449999994,108000.0,22.80148239634708,14.290310701366826,571222.5458000004,463222.54580000043
1765468800000.0,433254.9188000005,133804.77449999994,108000.0,22.584483421396335,15.105999541147252,567059.6933000004,459059.6933000004
1765555200000.0,427466.86690000055,133804.77449999994,108000.0,22.282766911079985,16.240137572437053,561271.6414000005,453271.64140000055
1765641600000.0,427466.86690000055,133804.77449999994,108000.0,22.282766911079985,16.240137572437053,561271.6414000005,453271.64140000055
1765728000000.0,427466.86690000055,133804.77449999994,108000.0,22.282766911079985,16.240137572437053,561271.6414000005,453271.64140000055
1765814400000.0,427466.86690000055,133804.77449999994,108000.0,22.282766911079985,16.240137572437053,561271.6414000005,453271.64140000055
1765900800000.0,427466.86690000055,133804.77449999994,108000.0,22.282766911079985,16.240137572437053,561271.6414000005,453271.64140000055
1765987200000.0,427466.86690000055,133804.77449999994,108000.0,22.282766911079985,16.240137572437053,561271.6414000005,453271.64140000055
1766073600000.0,427466.86690000055,133804.77449999994,108000.0,22.282766911079985,16.240137572437053,561271.6414000005,453271.64140000055
1766160000000.0,427466.86690000055,133804.77449999994,108000.0,22.282766911079985,16.240137572437053,561271.6414000005,453271.64140000055
1766246400000.0,426881.43110000057,133804.77449999994,108000.0,22.252249623114707,16.354850608382463,560686.2056000005,452686.20560000045
1766332800000.0,425130.96650000056,133804.77449999994,108000.0,22.161002329609218,16.697844850587952,558935.7410000005,450935.7410000005
1766419200000.0,431296.75710000057,133804.77449999994,108000.0,22.48240940323504,15.489690927084043,565101.5316000006,457101.53160000057
1766505600000.0,424747.91150000057,133804.77449999994,108000.0,22.141034641023143,16.77290244355385,558552.6860000005,450552.68600000045
1766592000000.0,424747.91150000057,133804.77449999994,108000.0,22.141034641023143,16.77290244355385,558552.6860000005,450552.68600000045
1766678400000.0,424747.91150000057,133804.77449999994,108000.0,22.141034641023143,16.77290244355385,558552.6860000005,450552.68600000045
1766764800000.0,417408.5982000006,133804.77449999994,108000.0,21.758454796327143,18.211001907914415,551213.3727000005,443213.37270000053
1766851200000.0,417408.5982000006,133804.77449999994,108000.0,21.758454796327143,18.211001907914415,551213.3727000005,443213.37270000053
1766937600000.0,417408.5982000006,133804.77449999994,108000.0,21.758454796327143,18.211001907914415,551213.3727000005,443213.37270000053
1767024000000.0,414524.2047000006,133804.77449999994,108000.0,21.60809865643158,18.776183496136735,548328.9792000005,440328.9792000005
1767110400000.0,414524.2047000006,133804.77449999994,108000.0,21.60809865643158,18.776183496136735,548328.9792000005,440328.9792000005
1767196800000.0,411960.51050000056,133804.77449999994,108000.0,21.474459760149,19.278525759656716,545765.2850000005,437765.2850000005
1767283200000.0,412913.1314000006,133804.77449999994,109000.0,21.471995988067768,19.287786961885345,546717.9059000006,437717.9059000006
1767369600000.0,417779.7482000006,133804.77449999994,109000.0,21.725066109743885,18.33650839487857,551584.5227000006,442584.52270000055
1767456000000.0,422871.1603000006,133804.77449999994,109000.0,21.989825866388426,17.341289045262045,556675.9348000006,447675.9348000006
1767542400000.0,435485.4293000006,133804.77449999994,109000.0,22.64578353099954,14.8755753407933,569290.2038000005,460290.2038000005
1767628800000.0,459712.03430000064,133804.77449999994,109000.0,23.905597099051406,10.139995977355664,593516.8088000006,484516.8088000006
1767715200000.0,449032.21230000065,137818.00569999995,109000.0,23.558926092425025,11.44311582501748,586850.2180000006,477850.2180000006
1767801600000.0,442181.8660000006,137818.00569999995,109000.0,23.199515792298506,12.794122071852886,579999.8717000006,470999.8717000006
1767888000000.0,442181.8660000006,137818.00569999995,109000.0,23.199515792298506,12.794122071852886,579999.8717000006,470999.8717000006
1767974400000.0,442181.8660000006,137818.00569999995,109000.0,23.199515792298506,12.794122071852886,579999.8717000006,470999.8717000006
1768060800000.0,442181.8660000006,137818.00569999995,109000.0,23.199515792298506,12.794122071852886,579999.8717000006,470999.8717000006
1768147200000.0,442181.8660000006,137818.00569999995,109000.0,23.199515792298506,12.794122071852886,579999.8717000006,470999.8717000006
1768233600000.0,436430.66840000066,137818.00569999995,109000.0,22.897773432864373,13.928357268748659,574248.6741000006,465248.67410000064
1768320000000.0,440264.62710000074,137818.00569999995,109000.0,23.098925927452814,13.172234595970922,578082.6328000007,469082.6328000007
1768406400000.0,458017.3777000007,137818.00569999995,109000.0,24.03034182115985,9.671086492099034,595835.3834000006,486835.38340000063
1768492800000.0,449272.9488000007,139482.01909999995,109000.0,23.658860709339933,11.067466346748168,588754.9679000006,479754.9679000006
1768579200000.0,445539.8044000007,139482.01909999995,109000.0,23.462272101894598,11.806433584531362,585021.8235000006,476021.82350000064
1768665600000.0,446767.6121000007,139482.01909999995,109000.0,23.526928857725864,11.563391910440767,586249.6312000006,477249.63120000064
1768752000000.0,442478.68630000076,139482.01909999995,109000.0,23.301072619628464,12.412374781685465,581960.7054000007,472960.7054000007
1768838400000.0,438168.4378000007,139482.01909999995,109000.0,23.07409352116167,13.265578431724878,577650.4569000007,468650.4569000007
1768924800000.0,438168.4378000007,139482.01909999995,109000.0,23.07409352116167,13.265578431724878,577650.4569000007,468650.4569000007
1769011200000.0,438168.4378000007,139482.01909999995,109000.0,23.07409352116167,13.265578431724878,577650.4569000007,468650.4569000007
1769097600000.0,438168.4378000007,139482.01909999995,109000.0,23.07409352116167,13.265578431724878,577650.4569000007,468650.4569000007
1769184000000.0,438168.4378000007,139482.01909999995,109000.0,23.07409352116167,13.265578431724878,577650.4569000007,468650.4569000007
1769270400000.0,438168.4378000007,139482.01909999995,109000.0,23.07409352116167,13.265578431724878,577650.4569000007,468650.4569000007
1769356800000.0,438168.4378000007,139482.01909999995,109000.0,23.07409352116167,13.265578431724878,577650.4569000007,468650.4569000007
1769443200000.0,438168.4378000007,139482.01909999995,109000.0,23.07409352116167,13.265578431724878,577650.4569000007,468650.4569000007
1769529600000.0,438168.4378000007,139482.01909999995,109000.0,23.07409352116167,13.265578431724878,577650.4569000007,468650.4569000007
1769616000000.0,440128.79370000074,139482.01909999995,109000.0,23.177326505259007,12.877530547883309,579610.8128000007,470610.81280000065
1769702400000.0,434964.29480000073,139482.01909999995,109000.0,22.905362300792664,13.899831074663727,574446.3139000006,465446.31390000065
1769788800000.0,434964.29480000073,139482.01909999995,109000.0,22.905362300792664,13.899831074663727,574446.3139000006,465446.31390000065
1769875200000.0,434964.29480000073,139482.01909999995,109000.0,22.905362300792664,13.899831074663727,574446.3139000006,465446.31390000065
1769961600000.0,435964.29480000073,139482.01909999995,110000.0,22.90536230079266,13.899831074663737,575446.3139000006,465446.31390000065
1770048000000.0,435964.29480000073,139482.01909999995,110000.0,22.90536230079266,13.899831074663737,575446.3139000006,465446.31390000065
1770134400000.0,435964.29480000073,139482.01909999995,110000.0,22.90536230079266,13.899831074663737,575446.3139000006,465446.31390000065
1770220800000.0,435964.29480000073,139482.01909999995,110000.0,22.90536230079266,13.899831074663737,575446.3139000006,465446.31390000065
1770307200000.0,435964.29480000073,139482.01909999995,110000.0,22.90536230079266,13.899831074663737,575446.3139000006,465446.31390000065
1770393600000.0,435964.29480000073,139482.01909999995,110000.0,22.90536230079266,13.899831074663737,575446.3139000006,465446.31390000065
1770480000000.0,435964.29480000073,139482.01909999995,110000.0,22.90536230079266,13.899831074663737,575446.3139000006,465446.31390000065
1770566400000.0,435964.29480000073,139482.01909999995,110000.0,22.90536230079266,13.899831074663737,575446.3139000006,465446.31390000065
1770652800000.0,434992.5911000007,139482.01909999995,110000.0,22.854309438062856,14.0917363607463,574474.6102000007,464474.6102000007
1770739200000.0,434992.5911000007,139482.01909999995,110000.0,22.854309438062856,14.0917363607463,574474.6102000007,464474.6102000007
1770825600000.0,434992.5911000007,139482.01909999995,110000.0,22.854309438062856,14.0917363607463,574474.6102000007,464474.6102000007
1770912000000.0,434992.5911000007,139482.01909999995,110000.0,22.854309438062856,14.0917363607463,574474.6102000007,464474.6102000007
1770998400000.0,434992.5911000007,139482.01909999995,110000.0,22.854309438062856,14.0917363607463,574474.6102000007,464474.6102000007
1771084800000.0,439683.6238000007,139482.01909999995,110000.0,23.100774125286055,13.165287308101837,579165.6429000007,469165.6429000007
1771171200000.0,435137.17830000067,139498.08429999996,110000.0,22.862750040814916,14.060008535914692,574635.2626000006,464635.2626000006
1771257600000.0,434162.28210000065,139498.08429999996,110000.0,22.811527554555713,14.252551428787442,573660.3664000006,463660.36640000064
1771344000000.0,434162.28210000065,139498.08429999996,110000.0,22.811527554555713,14.252551428787442,573660.3664000006,463660.36640000064
1771430400000.0,434162.28210000065,139498.08429999996,110000.0,22.811527554555713,14.252551428787442,573660.3664000006,463660.36640000064
1771516800000.0,434162.28210000065,139498.08429999996,110000.0,22.811527554555713,14.252551428787442,573660.3664000006,463660.36640000064
1771603200000.0,434162.28210000065,139498.08429999996,110000.0,22.811527554555713,14.252551428787442,573660.3664000006,463660.36640000064
1771689600000.0,438140.32870000065,139498.08429999996,110000.0,23.02053999845176,13.466883579895816,577638.4130000006,467638.41300000064
1771776000000.0,433627.0597000007,139498.08429999996,110000.0,22.783406179141984,14.358258343253105,573125.1440000007,463125.14400000067
1771862400000.0,433627.0597000007,139498.08429999996,110000.0,22.783406179141984,14.358258343253105,573125.1440000007,463125.14400000067
1771948800000.0,433627.0597000007,139498.08429999996,110000.0,22.783406179141984,14.358258343253105,573125.1440000007,463125.14400000067
1772035200000.0,433627.0597000007,139498.08429999996,110000.0,22.783406179141984,14.358258343253105,573125.1440000007,463125.14400000067
1772121600000.0,427080.2193000007,139498.08429999996,110000.0,22.43942551491312,15.65126532162907,566578.3036000007,456578.3036000007
1772208000000.0,423853.3505000007,139498.08429999996,110000.0,22.269881062110603,16.28857486665841,563351.4348000006,453351.4348000006
1772294400000.0,423853.3505000007,139498.08429999996,110000.0,22.269881062110603,16.28857486665841,563351.4348000006,453351.4348000006
1772380800000.0,424164.62440000067,139498.08429999996,111000.0,22.233779550110473,16.424278735510267,563662.7087000007,452662.70870000066
1772467200000.0,422809.50660000066,139498.08429999996,111000.0,22.162747246385827,16.691285791305067,562307.5909000007,451307.59090000065
1772553600000.0,417576.9886000007,139498.08429999996,111000.0,21.88847012610841,17.722280458759997,557075.0729000006,446075.0729000006
1772640000000.0,433862.76500000065,139498.08429999996,111000.0,22.74213481536011,14.513395439393918,573360.8493000006,462360.8493000006
1772726400000.0,426440.35910000064,140482.90319999997,111000.0,22.404690620443755,15.781832140094643,566923.2623000006,455923.26230000064
1772812800000.0,423757.77580000064,140482.90319999997,111000.0,22.263750750148844,16.311618418143915,564240.6790000006,453240.6790000006
1772899200000.0,423757.77580000064,140482.90319999997,111000.0,22.263750750148844,16.311618418143915,564240.6790000006,453240.6790000006
1772985600000.0,423757.77580000064,140482.90319999997,111000.0,22.263750750148844,16.311618418143915,564240.6790000006,453240.6790000006
1773072000000.0,423757.77580000064,140482.90319999997,111000.0,22.263750750148844,16.311618418143915,564240.6790000006,453240.6790000006
1773158400000.0,432689.64620000066,140482.90319999997,111000.0,22.733021044818518,14.547653669972128,573172.5494000006,462172.5494000006
1773244800000.0,425799.57970000064,140709.77019999997,111000.0,22.382944134521225,15.863576147758629,566509.3499000006,455509.3499000006
1773331200000.0,420831.9475000006,140709.77019999997,111000.0,22.121811340327792,16.845161917795615,561541.7177000006,450541.7177000006
1773417600000.0,426740.58420000057,140709.77019999997,111000.0,22.432409780233396,15.677637135055422,567450.3544000005,456450.35440000053
1773504000000.0,421059.3088000006,140772.19609999997,111000.0,22.137041936977457,16.787910828415352,561831.5049000005,450831.5049000005
1773590400000.0,426691.7149000006,140772.19609999997,111000.0,22.433163664809896,15.674803318740516,567463.9110000005,456463.91100000055
1773676800000.0,437901.64990000066,140772.19609999997,111000.0,23.022521971393882,13.459433437746515,578673.8460000006,467673.8460000006
1773763200000.0,441899.4926000006,140772.19609999997,111000.0,23.23270711552372,12.669357464377217,582671.6887000005,471671.6887000005
1773849600000.0,433883.9400000006,142159.99149999997,111000.0,22.884255161088497,13.97917181026067,576043.9315000005,465043.93150000053
1773936000000.0,433883.9400000006,142159.99149999997,111000.0,22.884255161088497,13.97917181026067,576043.9315000005,465043.93150000053
1774022400000.0,433883.9400000006,142159.99149999997,111000.0,22.884255161088497,13.97917181026067,576043.9315000005,465043.93150000053
1774108800000.0,433883.9400000006,142159.99149999997,111000.0,22.884255161088497,13.97917181026067,576043.9315000005,465043.93150000053
1774195200000.0,433883.9400000006,142159.99149999997,111000.0,22.884255161088497,13.97917181026067,576043.9315000005,465043.93150000053
1774281600000.0,433883.9400000006,142159.99149999997,111000.0,22.884255161088497,13.97917181026067,576043.9315000005,465043.93150000053
1774368000000.0,432266.9020000006,142159.99149999997,111000.0,22.798968044452707,14.299762030710594,574426.8935000006,463426.8935000006
1774454400000.0,433528.95920000057,142159.99149999997,111000.0,22.865532478694472,14.04954948408621,575688.9507000005,464688.9507000005
1774540800000.0,429349.63310000056,142159.99149999997,111000.0,22.64510310563725,14.878133027411177,571509.6246000006,460509.62460000056
1774627200000.0,429349.63310000056,142159.99149999997,111000.0,22.64510310563725,14.878133027411177,571509.6246000006,460509.62460000056
1774713600000.0,429349.63310000056,142159.99149999997,111000.0,22.64510310563725,14.878133027411177,571509.6246000006,460509.62460000056
1774800000000.0,429349.63310000056,142159.99149999997,111000.0,22.64510310563725,14.878133027411177,571509.6246000006,460509.62460000056
1774886400000.0,429349.63310000056,142159.99149999997,111000.0,22.64510310563725,14.878133027411177,571509.6246000006,460509.62460000056
1774972800000.0,429349.63310000056,142159.99149999997,111000.0,22.64510310563725,14.878133027411177,571509.6246000006,460509.62460000056
1775059200000.0,433366.17470000056,142159.99149999997,112000.0,22.8038342635155,14.281470144390163,575526.1662000006,463526.16620000056
1775145600000.0,426657.66120000056,142159.99149999997,112000.0,22.45083063992984,15.60839399841405,568817.6527000006,456817.65270000056
1775232000000.0,426657.66120000056,142159.99149999997,112000.0,22.45083063992984,15.60839399841405,568817.6527000006,456817.65270000056
1775318400000.0,426657.66120000056,142159.99149999997,112000.0,22.45083063992984,15.60839399841405,568817.6527000006,456817.65270000056
1775404800000.0,424391.00440000056,142159.99149999997,112000.0,22.33155860390799,16.056731916613877,566550.9959000006,454550.99590000056
1775491200000.0,448050.8368000006,142159.99149999997,112000.0,23.57654478014948,11.376888014717112,590210.8283000005,478210.8283000005
1775577600000.0,440107.7659000006,143906.29829999997,112000.0,23.250469535342187,12.60258937196247,584014.0642000006,472014.0642000006
1775664000000.0,458682.5727000006,143906.29829999997,112000.0,24.231758694703206,8.913970031387308,602588.8710000005,490588.8710000005
1775750400000.0,463739.2982000006,143906.29829999997,112000.0,24.498900634236833,7.909796169440087,607645.5965000006,495645.59650000057
1775836800000.0,465675.2208000006,143906.29829999997,112000.0,24.601173561282405,7.525357094455121,609581.5191000006,497581.5191000006
1775923200000.0,468092.1459000006,143906.29829999997,112000.0,24.72885738729224,7.045399657235285,611998.4442000005,499998.4442000005
1776009600000.0,458639.4086000006,145965.36969999995,112000.0,24.338257136440255,8.51364744738139,604604.7783000006,492604.7783000006
1776096000000.0,458639.4086000006,145965.36969999995,112000.0,24.338257136440255,8.51364744738139,604604.7783000006,492604.7783000006
1776182400000.0,461889.6054000006,145965.36969999995,112000.0,24.510732776298376,7.865319709436125,607854.9751000005,495854.9751000005
1776268800000.0,454941.9723000006,145965.36969999995,112000.0,24.142048189438295,9.251187559591123,600907.3420000005,488907.3420000005
1776355200000.0,458909.7147000006,145965.36969999995,112000.0,24.352601257865473,8.459728576263858,604875.0844000005,492875.0844000005
1776441600000.0,476324.5287000006,145965.36969999995,112000.0,25.27673950932771,4.985936783915301,622289.8984000005,510289.89840000053
1776528000000.0,467827.5647000006,147397.10209999996,112000.0,24.901814415267,6.395262404224644,615224.6668000006,503224.6668000006
1776614400000.0,464164.0356000006,147397.10209999996,112000.0,24.706809826745946,7.128275390109495,611561.1377000005,499561.13770000055
1776700800000.0,464164.0356000006,147397.10209999996,112000.0,24.706809826745946,7.128275390109495,611561.1377000005,499561.13770000055
1776787200000.0,462731.93710000056,147397.10209999996,112000.0,24.63058120371846,7.414815163347887,610129.0392000005,498129.03920000046
1776873600000.0,465818.5048000006,147397.10209999996,112000.0,24.79487493466791,6.797242832364425,613215.6069000005,501215.6069000005
1776960000000.0,458724.3976000006,147453.94939999995,112000.0,24.420291320437794,8.205284846210237,606178.3470000005,494178.34700000053
1777046400000.0,451740.19260000065,147453.94939999995,112000.0,24.048485674969644,9.602884607428308,599194.1420000006,487194.1420000006
1777132800000.0,444785.87670000066,147453.94939999995,112000.0,23.6782711821263,10.994503301506631,592239.8261000006,480239.82610000065
1777219200000.0,447620.11150000064,147453.94939999995,112000.0,23.82915227728635,10.427348431379524,595074.0609000006,483074.0609000006
1777305600000.0,444326.9140000007,147453.94939999995,112000.0,23.653838204726682,11.086345703029476,591780.8634000006,479780.8634000006
1777392000000.0,444326.9140000007,147453.94939999995,112000.0,23.653838204726682,11.086345703029476,591780.8634000006,479780.8634000006
1777478400000.0,444326.9140000007,147453.94939999995,112000.0,23.653838204726682,11.086345703029476,591780.8634000006,479780.8634000006
1777564800000.0,444326.9140000007,147453.94939999995,112000.0,23.653838204726682,11.086345703029476,591780.8634000006,479780.8634000006
1777651200000.0,452645.3502000007,147453.94939999995,113000.0,24.04256185996575,9.625151946657429,600099.2996000006,487099.2996000006
1777737600000.0,452971.90760000073,147453.94939999995,113000.0,24.05990717564581,9.55995172888725,600425.8570000007,487425.85700000066
1777824000000.0,454384.2020000007,147453.94939999995,113000.0,24.134922141471662,9.277974035423286,601838.1514000007,488838.1514000007
1777910400000.0,465017.9530000007,147453.94939999995,113000.0,24.699740969518846,7.154846888668221,612471.9024000006,499471.9024000006
1777996800000.0,476713.5236000007,147453.94939999995,113000.0,25.32095905894328,4.819717597259121,624167.4730000007,511167.4730000007
1778083200000.0,478113.0777000007,147453.94939999995,113000.0,25.39529731517578,4.540283623014075,625567.0271000006,512567.02710000065
1778169600000.0,468332.1153000007,150010.08279999995,113000.0,25.0115456692494,5.982787832541192,618342.1981000006,505342.1981000006
1778256000000.0,468332.1153000007,150010.08279999995,113000.0,25.0115456692494,5.982787832541192,618342.1981000006,505342.1981000006
1778342400000.0,468332.1153000007,150010.08279999995,113000.0,25.0115456692494,5.982787832541192,618342.1981000006,505342.1981000006
1778428800000.0,477820.4641000007,150010.08279999995,113000.0,25.5182763878655,4.07801113005728,627830.5469000007,514830.54690000066
1778515200000.0,470006.4016000007,150196.11449999994,113000.0,25.110897020771645,5.609330821178848,620202.5161000006,507202.5161000006
1778601600000.0,464184.27380000066,150196.11449999994,113000.0,24.799839871060747,6.778579872289258,614380.3883000006,501380.3883000006
1778688000000.0,464184.27380000066,150196.11449999994,113000.0,24.799839871060747,6.778579872289258,614380.3883000006,501380.3883000006
1778774400000.0,464184.27380000066,150196.11449999994,113000.0,24.799839871060747,6.778579872289258,614380.3883000006,501380.3883000006
1778860800000.0,459413.5390000007,150196.11449999994,113000.0,24.54495519317467,7.736679269901137,609609.6535000006,496609.6535000006
1778947200000.0,459413.5390000007,150196.11449999994,113000.0,24.54495519317467,7.736679269901137,609609.6535000006,496609.6535000006
1779033600000.0,459413.5390000007,150196.11449999994,113000.0,24.54495519317467,7.736679269901137,609609.6535000006,496609.6535000006
1779120000000.0,459413.5390000007,150196.11449999994,113000.0,24.54495519317467,7.736679269901137,609609.6535000006,496609.6535000006
1779206400000.0,459413.5390000007,150196.11449999994,113000.0,24.54495519317467,7.736679269901137,609609.6535000006,496609.6535000006
1779292800000.0,459413.5390000007,150196.11449999994,113000.0,24.54495519317467,7.736679269901137,609609.6535000006,496609.6535000006
1779379200000.0,453478.30210000067,150196.11449999994,113000.0,24.227854996065812,8.928643849146633,603674.4166000006,490674.4166000006
1779465600000.0,451499.4287000007,150196.11449999994,113000.0,24.122130295305602,9.32605797757191,601695.5432000007,488695.54320000065
1779552000000.0,451499.4287000007,150196.11449999994,113000.0,24.122130295305602,9.32605797757191,601695.5432000007,488695.54320000065
1779638400000.0,451499.4287000007,150196.11449999994,113000.0,24.122130295305602,9.32605797757191,601695.5432000007,488695.54320000065
1779724800000.0,451181.7871000007,150196.11449999994,113000.0,24.10515974877696,9.389849455902766,601377.9016000007,488377.9016000007
1779811200000.0,444518.4183000007,150196.11449999994,113000.0,23.74915785778437,10.728043654697018,594714.5328000006,481714.5328000006
1779897600000.0,444518.4183000007,150196.11449999994,113000.0,23.74915785778437,10.728043654697018,594714.5328000006,481714.5328000006
1779984000000.0,444518.4183000007,150196.11449999994,113000.0,23.74915785778437,10.728043654697018,594714.5328000006,481714.5328000006
1780070400000.0,444518.4183000007,150196.11449999994,113000.0,23.74915785778437,10.728043654697018,594714.5328000006,481714.5328000006
1780156800000.0,444518.4183000007,150196.11449999994,113000.0,23.74915785778437,10.728043654697018,594714.5328000006,481714.5328000006
1780243200000.0,444518.4183000007,150196.11449999994,113000.0,23.74915785778437,10.728043654697018,594714.5328000006,481714.5328000006
1780329600000.0,445518.4183000007,150196.11449999994,114000.0,23.74915785778437,10.728043654697018,595714.5328000006,481714.5328000006
1780416000000.0,445518.4183000007,150196.11449999994,114000.0,23.74915785778437,10.728043654697018,595714.5328000006,481714.5328000006
1780502400000.0,445518.4183000007,150196.11449999994,114000.0,23.74915785778437,10.728043654697018,595714.5328000006,481714.5328000006
1780588800000.0,445518.4183000007,150196.11449999994,114000.0,23.74915785778437,10.728043654697018,595714.5328000006,481714.5328000006
1780675200000.0,445518.4183000007,150196.11449999994,114000.0,23.74915785778437,10.728043654697018,595714.5328000006,481714.5328000006
1780761600000.0,445518.4183000007,150196.11449999994,114000.0,23.74915785778437,10.728043654697018,595714.5328000006,481714.5328000006
1780848000000.0,445518.4183000007,150196.11449999994,114000.0,23.74915785778437,10.728043654697018,595714.5328000006,481714.5328000006
1780934400000.0,445518.4183000007,150196.11449999994,114000.0,23.74915785778437,10.728043654697018,595714.5328000006,481714.5328000006
1781020800000.0,440164.95710000076,150196.11449999994,114000.0,23.463782012697063,11.800757901542935,590361.0716000007,476361.0716000007
1781107200000.0,440164.95710000076,150196.11449999994,114000.0,23.463782012697063,11.800757901542935,590361.0716000007,476361.0716000007
1781193600000.0,440178.7776000007,150196.11449999994,114000.0,23.46451873922214,11.797988581528351,590374.8921000006,476374.89210000064
1781280000000.0,445180.03390000074,150196.11449999994,114000.0,23.731119670804635,10.79584834277253,595376.1484000006,481376.14840000065
1781366400000.0,449348.61710000073,150196.11449999994,114000.0,23.953333470265207,9.960557225354405,599544.7316000006,485544.73160000064
1781452800000.0,447741.48970000073,150196.11449999994,114000.0,23.867662663509762,10.282589718739521,597937.6042000006,483937.60420000064
1781539200000.0,467110.6718000007,150196.11449999994,114000.0,24.900171633676102,6.401437542195676,617306.7863000006,503306.7863000006
1781625600000.0,458108.60540000076,152189.85309999995,114000.0,24.526580158207135,7.8057501535631175,610298.4585000006,496298.45850000065
1781712000000.0,452307.7811000007,152189.85309999995,114000.0,24.21601104751907,8.973164689167668,604497.6342000007,490497.63420000067
1781798400000.0,452307.7811000007,152189.85309999995,114000.0,24.21601104751907,8.973164689167668,604497.6342000007,490497.63420000067
1781884800000.0,452307.7811000007,152189.85309999995,114000.0,24.21601104751907,8.973164689167668,604497.6342000007,490497.63420000067
1781971200000.0,452307.7811000007,152189.85309999995,114000.0,24.21601104751907,8.973164689167668,604497.6342000007,490497.63420000067
1782057600000.0,446597.3840000007,152189.85309999995,114000.0,23.91028329965009,10.12238077189127,598787.2371000007,484787.2371000007
1782144000000.0,442105.8419000007,152189.85309999995,114000.0,23.669811572965486,11.026302570525958,594295.6950000006,480295.69500000065
1782230400000.0,435630.5273000007,152189.85309999995,114000.0,23.323131068136647,12.329458121479675,587820.3804000006,473820.3804000006
1782316800000.0,435630.5273000007,152189.85309999995,114000.0,23.323131068136647,12.329458121479675,587820.3804000006,473820.3804000006
1782403200000.0,435630.5273000007,152189.85309999995,114000.0,23.323131068136647,12.329458121479675,587820.3804000006,473820.3804000006
1782489600000.0,435630.5273000007,152189.85309999995,114000.0,23.323131068136647,12.329458121479675,587820.3804000006,473820.3804000006
1782576000000.0,435630.5273000007,152189.85309999995,114000.0,23.323131068136647,12.329458121479675,587820.3804000006,473820.3804000006
1782662400000.0,435630.5273000007,152189.85309999995,114000.0,23.323131068136647,12.329458121479675,587820.3804000006,473820.3804000006
1782748800000.0,435630.5273000007,152189.85309999995,114000.0,23.323131068136647,12.329458121479675,587820.3804000006,473820.3804000006
1782835200000.0,435630.5273000007,152189.85309999995,114000.0,23.323131068136647,12.329458121479675,587820.3804000006,473820.3804000006
1782921600000.0,436630.5273000007,152189.85309999995,115000.0,23.323131068136647,12.329458121479675,588820.3804000006,473820.3804000006
1783008000000.0,439290.9667000007,152189.85309999995,115000.0,23.46524155502526,11.795271551256869,591480.8198000006,476480.81980000064
1783094400000.0,440844.5617000007,152189.85309999995,115000.0,23.548228651772405,11.483326996321574,593034.4148000006,478034.4148000006
1783180800000.0,445962.71420000074,152189.85309999995,115000.0,23.821620762769246,10.45565903671598,598152.5673000007,483152.5673000007
1783267200000.0,444943.2662000007,152189.85309999995,115000.0,23.7671657537066,10.660352829267882,597133.1193000006,482133.1193000006
1783353600000.0,439463.0929000007,152504.58249999996,115000.0,23.49124751718341,11.697516374740612,591967.6754000006,476967.67540000065
1783440000000.0,441276.2328000007,152504.58249999996,115000.0,23.58816787036509,11.333197370672421,593780.8153000006,478780.8153000006
1783526400000.0,434565.0250000007,152504.58249999996,115000.0,23.229424107541472,12.68169813544554,587069.6075000006,472069.6075000006
1783612800000.0,434565.0250000007,152504.58249999996,115000.0,23.229424107541472,12.68169813544554,587069.6075000006,472069.6075000006
1783699200000.0,439745.80600000074,152504.58249999996,115000.0,23.50635978375539,11.640710082501915,592250.3885000007,477250.3885000007
1783785600000.0,440696.0837000008,152504.58249999996,115000.0,23.55715633304796,11.449768266455497,593200.6662000008,478200.6662000008
1783872000000.0,440697.8338000007,152504.58249999996,115000.0,23.55724988363945,11.449416614225571,593202.4163000006,478202.4163000006
1783958400000.0,437544.25600000075,152835.60809999995,115000.0,23.40637197504689,12.016559506196822,590379.8641000007,475379.8641000007
1784044800000.0,437544.25600000075,152835.60809999995,115000.0,23.40637197504689,12.016559506196822,590379.8641000007,475379.8641000007
1784131200000.0,442721.44070000073,152835.60809999995,115000.0,23.683324784299906,10.975507050973011,595557.0488000007,480557.0488000007
1784217600000.0,435898.06570000073,152835.60809999995,115000.0,23.318309243162886,12.347583132528062,588733.6738000007,473733.6738000007
1784304000000.0,432849.9636000007,152835.60809999995,115000.0,23.155251425371485,12.960509724654068,585685.5717000007,470685.57170000067
1784390400000.0,431521.2708000007,152835.60809999995,115000.0,23.084173180163376,13.227689472303073,584356.8789000006,469356.8789000006
1784476800000.0,437751.6660000007,152835.60809999995,115000.0,23.417467345503184,11.974852535661674,590587.2741000007,475587.27410000074
1784563200000.0,431725.0864000007,152835.60809999995,115000.0,23.095076268668137,13.186705280490685,584560.6945000007,469560.6945000007
1784649600000.0,437787.1518000007,152835.60809999995,115000.0,23.419365653670283,11.967716885427759,590622.7599000006,475622.75990000064
1784736000000.0,434113.0563000007,152835.60809999995,115000.0,23.222820401925862,12.70652115119053,586948.6644000006,471948.6644000006
1784822400000.0,430578.4731000007,152835.60809999995,115000.0,23.03373834217657,13.417271632731753,583414.0812000006,468414.0812000006
1784908800000.0,430578.4731000007,152835.60809999995,115000.0,23.03373834217657,13.417271632731753,583414.0812000006,468414.0812000006
1784995200000.0,430578.4731000007,152835.60809999995,115000.0,23.03373834217657,13.417271632731753,583414.0812000006,468414.0812000006
1785081600000.0,430578.4731000007,152835.60809999995,115000.0,23.03373834217657,13.417271632731753,583414.0812000006,468414.0812000006
1785168000000.0,424419.6890000007,152835.60809999995,115000.0,22.70427500313869,14.655708675261536,577255.2971000007,462255.29710000067
1785254400000.0,424419.6890000007,152835.60809999995,115000.0,22.70427500313869,14.655708675261536,577255.2971000007,462255.29710000067
1785340800000.0,424419.6890000007,152835.60809999995,115000.0,22.70427500313869,14.655708675261536,577255.2971000007,462255.29710000067
1785427200000.0,424419.6890000007,152835.60809999995,115000.0,22.70427500313869,14.655708675261536,577255.2971000007,462255.29710000067
1785513600000.0,420238.7062000007,152835.60809999995,115000.0,22.48061388247237,15.496440204346918,573074.3143000007,458074.31430000067
1785600000000.0,421238.7062000007,152835.60809999995,116000.0,22.48061388247237,15.496440204346918,574074.3143000007,458074.31430000067
1785686400000.0,421238.7062000007,152835.60809999995,116000.0,22.48061388247237,15.496440204346918,574074.3143000007,458074.31430000067
1785772800000.0,421238.7062000007,152835.60809999995,116000.0,22.48061388247237,15.496440204346918,574074.3143000007,458074.31430000067
1785859200000.0,423559.6977000007,152835.60809999995,116000.0,22.604480262669696,15.030832364614533,576395.3058000007,460395.3058000007
1785945600000.0,425690.19130000076,152835.60809999995,116000.0,22.718180175084534,14.603439794387663,578525.7994000007,462525.7994000007
1786032000000.0,427666.61380000075,152835.60809999995,116000.0,22.823657640562352,14.206955011645661,580502.2219000007,464502.2219000007
1786118400000.0,429942.83070000075,152835.60809999995,116000.0,22.945134495581847,13.750329283558616,582778.4388000007,466778.4388000007
1786204800000.0,431305.2379000007,152835.60809999995,116000.0,23.01784327035279,13.477020452730127,584140.8460000006,468140.8460000006
1786291200000.0,432503.60510000074,152835.60809999995,116000.0,23.081797579195033,13.23661924350631,585339.2132000007,469339.2132000007
1786377600000.0,426470.47990000073,153416.91619999995,116000.0,22.790845695194207,14.330293555776375,579887.3961000007,463887.3961000007
1786464000000.0,426470.47990000073,153416.91619999995,116000.0,22.790845695194207,14.330293555776375,579887.3961000007,463887.3961000007
1786550400000.0,426470.47990000073,153416.91619999995,116000.0,22.790845695194207,14.330293555776375,579887.3961000007,463887.3961000007
1786636800000.0,426470.47990000073,153416.91619999995,116000.0,22.790845695194207,14.330293555776375,579887.3961000007,463887.3961000007
1786723200000.0,426470.47990000073,153416.91619999995,116000.0,22.790845695194207,14.330293555776375,579887.3961000007,463887.3961000007
1786809600000.0,426470.47990000073,153416.91619999995,116000.0,22.790845695194207,14.330293555776375,579887.3961000007,463887.3961000007
1786896000000.0,426470.47990000073,153416.91619999995,116000.0,22.790845695194207,14.330293555776375,579887.3961000007,463887.3961000007
1786982400000.0,434800.3691000007,153416.91619999995,116000.0,23.23600011587012,12.656979232486677,588217.2853000007,472217.2853000007
1787068800000.0,443588.28310000076,153416.91619999995,116000.0,23.705631664585052,10.89165654751768,597005.1993000007,481005.1993000007
1787155200000.0,435778.58450000075,154451.14999999994,116000.0,23.34354664335163,12.252716943949505,590229.7345000007,474229.7345000007
1787241600000.0,456480.62460000074,154451.14999999994,116000.0,24.452502098887294,8.084206059972365,610931.7746000007,494931.7746000007
1787328000000.0,481512.09570000076,154451.14999999994,116000.0,25.793374124172782,3.043931805923872,635963.2457000007,519963.24570000067
1787414400000.0,480231.0580000007,154451.14999999994,116000.0,25.7247522038548,3.301878344981879,634682.2080000007,518682.2080000007
1787500800000.0,481165.1644000007,154451.14999999994,116000.0,25.774789899817467,3.113789022558411,635616.3144000006,519616.3144000006
1787587200000.0,491406.5115000007,154451.14999999994,116000.0,26.323392727544547,1.051617050775877,645857.6615000006,529857.6615000006
1787673600000.0,493524.45170000073,154451.14999999994,116000.0,26.436845378971316,1.8503586311037323,647975.6017000007,531975.6017000007
1787760000000.0,480475.9734000007,159417.52649999995,116000.0,26.003907811465364,3.457686070391608,639893.4999000006,523893.49990000064
1787846400000.0,492419.07790000073,159417.52649999995,116000.0,26.65028225180007,1.0579512079508802,651836.6044000007,535836.6044000007
1787932800000.0,484245.24470000074,159836.33439999996,116000.0,26.230571435565565,2.6803764226425053,644081.5791000007,528081.5791000007
1788019200000.0,484245.24470000074,159836.33439999996,116000.0,26.230571435565565,2.6803764226425053,644081.5791000007,528081.5791000007
1788105600000.0,484245.24470000074,159836.33439999996,116000.0,26.230571435565565,2.6803764226425053,644081.5791000007,528081.5791000007
1788192000000.0,476896.0695000008,159836.33439999996,116000.0,25.832481692432392,4.157353165101041,636732.4039000007,520732.40390000073
1788278400000.0,472729.58400000085,159836.33439999996,117000.0,25.55320937652362,5.193498211600778,632565.9184000008,515565.9184000008
1788364800000.0,472729.58400000085,159836.33439999996,117000.0,25.55320937652362,5.193498211600778,632565.9184000008,515565.9184000008
1788451200000.0,472729.58400000085,159836.33439999996,117000.0,25.55320937652362,5.193498211600778,632565.9184000008,515565.9184000008
1788537600000.0,466927.54630000086,159836.33439999996,117000.0,25.239582539582134,6.357104036577899,626763.8807000008,509763.8807000008
1788624000000.0,468159.97170000087,159836.33439999996,117000.0,25.30620080370826,6.109939600833226,627996.3061000009,510996.30610000086
1788710400000.0,467579.8998000009,159836.33439999996,117000.0,25.274845248194442,6.226273736639598,627416.2342000009,510416.2342000009
1788796800000.0,466801.45900000085,159836.33439999996,117000.0,25.23276694080078,6.382391000283016,626637.7934000008,509637.7934000008
1788883200000.0,466801.45900000085,159836.33439999996,117000.0,25.23276694080078,6.382391000283016,626637.7934000008,509637.7934000008
1788969600000.0,466801.45900000085,159836.33439999996,117000.0,25.23276694080078,6.382391000283016,626637.7934000008,509637.7934000008
1789056000000.0,466801.45900000085,159836.33439999996,117000.0,25.23276694080078,6.382391000283016,626637.7934000008,509637.7934000008
1789142400000.0,466801.45900000085,159836.33439999996,117000.0,25.23276694080078,6.382391000283016,626637.7934000008,509637.7934000008
1789228800000.0,466801.45900000085,159836.33439999996,117000.0,25.23276694080078,6.382391000283016,626637.7934000008,509637.7934000008
1789315200000.0,466801.45900000085,159836.33439999996,117000.0,25.23276694080078,6.382391000283016,626637.7934000008,509637.7934000008
1789401600000.0,467236.1939000008,159836.33439999996,117000.0,25.256266362666835,6.295204379285913,627072.5283000008,510072.5283000008
1789488000000.0,460936.91630000086,159836.33439999996,117000.0,24.915761420979827,7.558532280190078,620773.2507000008,503773.2507000008
1789574400000.0,460936.91630000086,159836.33439999996,117000.0,24.915761420979827,7.558532280190078,620773.2507000008,503773.2507000008
1789660800000.0,460936.91630000086,159836.33439999996,117000.0,24.915761420979827,7.558532280190078,620773.2507000008,503773.2507000008
1789747200000.0,485002.02890000085,159836.33439999996,117000.0,26.21659149751977,2.7322442331320307,644838.3633000008,527838.3633000008
1789833600000.0,491877.4315000009,159836.33439999996,117000.0,26.588238646613142,1.3533737520900146,651713.7659000008,534713.7659000008
1789920000000.0,481808.99360000086,162155.45399999997,117000.0,26.169352332433945,2.9075091058609392,643964.4476000008,526964.4476000008
1790006400000.0,487092.81620000093,162155.45399999997,117000.0,26.45634202569043,1.8427313526613753,649248.2702000008,532248.2702000008
1790092800000.0,489616.7109000009,162155.45399999997,117000.0,26.593426825956932,1.334124775298573,651772.1649000009,534772.1649000009
1790179200000.0,482144.3988000009,162838.19249999998,117000.0,26.224652589515635,2.7023362900059245,644982.5913000009,527982.5913000009
1790265600000.0,480836.73000000085,162838.19249999998,117000.0,26.153526262905803,2.966226359999735,643674.9225000008,526674.9225000008
1790352000000.0,478384.4083000009,162838.19249999998,117000.0,26.02014032130762,3.4611095789465307,641222.6008000008,524222.60080000083
1790438400000.0,478384.4083000009,162838.19249999998,117000.0,26.02014032130762,3.4611095789465307,641222.6008000008,524222.60080000083
1790524800000.0,478153.00110000087,162838.19249999998,117000.0,26.007553690742547,3.5078079953996033,640991.1936000008,523991.1936000008
1790611200000.0,474785.32200000086,162838.19249999998,117000.0,25.82437990577215,4.187412091953457,637623.5145000009,520623.51450000086
1790697600000.0,474785.32200000086,162838.19249999998,117000.0,25.82437990577215,4.187412091953457,637623.5145000009,520623.51450000086
1790784000000.0,474785.32200000086,162838.19249999998,117000.0,25.82437990577215,4.187412091953457,637623.5145000009,520623.51450000086
