timestamp_ms,trading_bucket,retained_cash,contributions,trading_unit_nav,close_drawdown_pct,total_assets,net_profit
1483286400000.0,1000.0,0.0,1000.0,1.0,0.0,1000.0,0.0
1483372800000.0,1000.0,0.0,1000.0,1.0,0.0,1000.0,0.0
1483459200000.0,1000.0,0.0,1000.0,1.0,0.0,1000.0,0.0
1483545600000.0,1000.0,0.0,1000.0,1.0,0.0,1000.0,0.0
1483632000000.0,1000.0,0.0,1000.0,1.0,0.0,1000.0,0.0
1483718400000.0,1000.0,0.0,1000.0,1.0,0.0,1000.0,0.0
1483804800000.0,1000.0,0.0,1000.0,1.0,0.0,1000.0,0.0
1483891200000.0,1000.0,0.0,1000.0,1.0,0.0,1000.0,0.0
1483977600000.0,1000.0,0.0,1000.0,1.0,0.0,1000.0,0.0
1484064000000.0,1000.0,0.0,1000.0,1.0,0.0,1000.0,0.0
1484150400000.0,1000.0,0.0,1000.0,1.0,0.0,1000.0,0.0
1484236800000.0,1000.0,0.0,1000.0,1.0,0.0,1000.0,0.0
1484323200000.0,1000.0,0.0,1000.0,1.0,0.0,1000.0,0.0
1484409600000.0,1000.0,0.0,1000.0,1.0,0.0,1000.0,0.0
1484496000000.0,1000.0,0.0,1000.0,1.0,0.0,1000.0,0.0
1484582400000.0,1000.0,0.0,1000.0,1.0,0.0,1000.0,0.0
1484668800000.0,1000.0,0.0,1000.0,1.0,0.0,1000.0,0.0
1484755200000.0,1000.0,0.0,1000.0,1.0,0.0,1000.0,0.0
1484841600000.0,1000.0,0.0,1000.0,1.0,0.0,1000.0,0.0
1484928000000.0,1000.0,0.0,1000.0,1.0,0.0,1000.0,0.0
1485014400000.0,1000.0,0.0,1000.0,1.0,0.0,1000.0,0.0
1485100800000.0,1000.0,0.0,1000.0,1.0,0.0,1000.0,0.0
1485187200000.0,1000.0,0.0,1000.0,1.0,0.0,1000.0,0.0
1485273600000.0,1000.0,0.0,1000.0,1.0,0.0,1000.0,0.0
1485360000000.0,1000.0,0.0,1000.0,1.0,0.0,1000.0,0.0
1485446400000.0,1000.0,0.0,1000.0,1.0,0.0,1000.0,0.0
1485532800000.0,1000.0,0.0,1000.0,1.0,0.0,1000.0,0.0
1485619200000.0,1000.0,0.0,1000.0,1.0,0.0,1000.0,0.0
1485705600000.0,1000.0,0.0,1000.0,1.0,0.0,1000.0,0.0
1485792000000.0,1000.0,0.0,1000.0,1.0,0.0,1000.0,0.0
1485878400000.0,1000.0,0.0,1000.0,1.0,0.0,1000.0,0.0
1485964800000.0,2000.0,0.0,2000.0,1.0,0.0,2000.0,0.0
1486051200000.0,2000.0,0.0,2000.0,1.0,0.0,2000.0,0.0
1486137600000.0,2000.0,0.0,2000.0,1.0,0.0,2000.0,0.0
1486224000000.0,2000.0,0.0,2000.0,1.0,0.0,2000.0,0.0
1486310400000.0,2000.0,0.0,2000.0,1.0,0.0,2000.0,0.0
1486396800000.0,2000.0,0.0,2000.0,1.0,0.0,2000.0,0.0
1486483200000.0,2000.0,0.0,2000.0,1.0,0.0,2000.0,0.0
1486569600000.0,2000.0,0.0,2000.0,1.0,0.0,2000.0,0.0
1486656000000.0,2000.0,0.0,2000.0,1.0,0.0,2000.0,0.0
1486742400000.0,2000.0,0.0,2000.0,1.0,0.0,2000.0,0.0
1486828800000.0,2000.0,0.0,2000.0,1.0,0.0,2000.0,0.0
1486915200000.0,2000.0,0.0,2000.0,1.0,0.0,2000.0,0.0
1487001600000.0,2000.0,0.0,2000.0,1.0,0.0,2000.0,0.0
1487088000000.0,2000.0,0.0,2000.0,1.0,0.0,2000.0,0.0
1487174400000.0,2000.0,0.0,2000.0,1.0,0.0,2000.0,0.0
1487260800000.0,2000.0,0.0,2000.0,1.0,0.0,2000.0,0.0
1487347200000.0,2000.0,0.0,2000.0,1.0,0.0,2000.0,0.0
1487433600000.0,2000.0,0.0,2000.0,1.0,0.0,2000.0,0.0
1487520000000.0,2000.0,0.0,2000.0,1.0,0.0,2000.0,0.0
1487606400000.0,2000.0,0.0,2000.0,1.0,0.0,2000.0,0.0
1487692800000.0,2000.0,0.0,2000.0,1.0,0.0,2000.0,0.0
1487779200000.0,2000.0,0.0,2000.0,1.0,0.0,2000.0,0.0
1487865600000.0,2000.0,0.0,2000.0,1.0,0.0,2000.0,0.0
1487952000000.0,2000.0,0.0,2000.0,1.0,0.0,2000.0,0.0
1488038400000.0,2000.0,0.0,2000.0,1.0,0.0,2000.0,0.0
1488124800000.0,2000.0,0.0,2000.0,1.0,0.0,2000.0,0.0
1488211200000.0,2000.0,0.0,2000.0,1.0,0.0,2000.0,0.0
1488297600000.0,2000.0,0.0,2000.0,1.0,0.0,2000.0,0.0
1488384000000.0,3000.0,0.0,3000.0,1.0,0.0,3000.0,0.0
1488470400000.0,3000.0,0.0,3000.0,1.0,0.0,3000.0,0.0
1488556800000.0,3000.0,0.0,3000.0,1.0,0.0,3000.0,0.0
1488643200000.0,3000.0,0.0,3000.0,1.0,0.0,3000.0,0.0
1488729600000.0,3000.0,0.0,3000.0,1.0,0.0,3000.0,0.0
1488816000000.0,3000.0,0.0,3000.0,1.0,0.0,3000.0,0.0
1488902400000.0,3000.0,0.0,3000.0,1.0,0.0,3000.0,0.0
1488988800000.0,3000.0,0.0,3000.0,1.0,0.0,3000.0,0.0
1489075200000.0,3000.0,0.0,3000.0,1.0,0.0,3000.0,0.0
1489161600000.0,3000.0,0.0,3000.0,1.0,0.0,3000.0,0.0
1489248000000.0,3000.0,0.0,3000.0,1.0,0.0,3000.0,0.0
1489334400000.0,3000.0,0.0,3000.0,1.0,0.0,3000.0,0.0
1489420800000.0,3000.0,0.0,3000.0,1.0,0.0,3000.0,0.0
1489507200000.0,3000.0,0.0,3000.0,1.0,0.0,3000.0,0.0
1489593600000.0,3000.0,0.0,3000.0,1.0,0.0,3000.0,0.0
1489680000000.0,3000.0,0.0,3000.0,1.0,0.0,3000.0,0.0
1489766400000.0,3000.0,0.0,3000.0,1.0,0.0,3000.0,0.0
1489852800000.0,3000.0,0.0,3000.0,1.0,0.0,3000.0,0.0
1489939200000.0,3000.0,0.0,3000.0,1.0,0.0,3000.0,0.0
1490025600000.0,3000.0,0.0,3000.0,1.0,0.0,3000.0,0.0
1490112000000.0,3000.0,0.0,3000.0,1.0,0.0,3000.0,0.0
1490198400000.0,3000.0,0.0,3000.0,1.0,0.0,3000.0,0.0
1490284800000.0,3000.0,0.0,3000.0,1.0,0.0,3000.0,0.0
1490371200000.0,3000.0,0.0,3000.0,1.0,0.0,3000.0,0.0
1490457600000.0,3000.0,0.0,3000.0,1.0,0.0,3000.0,0.0
1490544000000.0,3000.0,0.0,3000.0,1.0,0.0,3000.0,0.0
1490630400000.0,3000.0,0.0,3000.0,1.0,0.0,3000.0,0.0
1490716800000.0,3000.0,0.0,3000.0,1.0,0.0,3000.0,0.0
1490803200000.0,3000.0,0.0,3000.0,1.0,0.0,3000.0,0.0
1490889600000.0,3000.0,0.0,3000.0,1.0,0.0,3000.0,0.0
1490976000000.0,3000.0,0.0,3000.0,1.0,0.0,3000.0,0.0
1491062400000.0,4000.0,0.0,4000.0,1.0,0.0,4000.0,0.0
1491148800000.0,4000.0,0.0,4000.0,1.0,0.0,4000.0,0.0
1491235200000.0,4000.0,0.0,4000.0,1.0,0.0,4000.0,0.0
1491321600000.0,4000.0,0.0,4000.0,1.0,0.0,4000.0,0.0
1491408000000.0,4000.0,0.0,4000.0,1.0,0.0,4000.0,0.0
1491494400000.0,4000.0,0.0,4000.0,1.0,0.0,4000.0,0.0
1491580800000.0,4000.0,0.0,4000.0,1.0,0.0,4000.0,0.0
1491667200000.0,4000.0,0.0,4000.0,1.0,0.0,4000.0,0.0
1491753600000.0,4000.0,0.0,4000.0,1.0,0.0,4000.0,0.0
1491840000000.0,4000.0,0.0,4000.0,1.0,0.0,4000.0,0.0
1491926400000.0,4000.0,0.0,4000.0,1.0,0.0,4000.0,0.0
1492012800000.0,4000.0,0.0,4000.0,1.0,0.0,4000.0,0.0
1492099200000.0,4000.0,0.0,4000.0,1.0,0.0,4000.0,0.0
1492185600000.0,4000.0,0.0,4000.0,1.0,0.0,4000.0,0.0
1492272000000.0,4000.0,0.0,4000.0,1.0,0.0,4000.0,0.0
1492358400000.0,4000.0,0.0,4000.0,1.0,0.0,4000.0,0.0
1492444800000.0,4000.0,0.0,4000.0,1.0,0.0,4000.0,0.0
1492531200000.0,4000.0,0.0,4000.0,1.0,0.0,4000.0,0.0
1492617600000.0,4000.0,0.0,4000.0,1.0,0.0,4000.0,0.0
1492704000000.0,4000.0,0.0,4000.0,1.0,0.0,4000.0,0.0
1492790400000.0,4000.0,0.0,4000.0,1.0,0.0,4000.0,0.0
1492876800000.0,4000.0,0.0,4000.0,1.0,0.0,4000.0,0.0
1492963200000.0,4000.0,0.0,4000.0,1.0,0.0,4000.0,0.0
1493049600000.0,4000.0,0.0,4000.0,1.0,0.0,4000.0,0.0
1493136000000.0,4000.0,0.0,4000.0,1.0,0.0,4000.0,0.0
1493222400000.0,4000.0,0.0,4000.0,1.0,0.0,4000.0,0.0
1493308800000.0,4000.0,0.0,4000.0,1.0,0.0,4000.0,0.0
1493395200000.0,4000.0,0.0,4000.0,1.0,0.0,4000.0,0.0
1493481600000.0,4000.0,0.0,4000.0,1.0,0.0,4000.0,0.0
1493568000000.0,4000.0,0.0,4000.0,1.0,0.0,4000.0,0.0
1493654400000.0,5000.0,0.0,5000.0,1.0,0.0,5000.0,0.0
1493740800000.0,5000.0,0.0,5000.0,1.0,0.0,5000.0,0.0
1493827200000.0,5000.0,0.0,5000.0,1.0,0.0,5000.0,0.0
1493913600000.0,5000.0,0.0,5000.0,1.0,0.0,5000.0,0.0
1494000000000.0,5000.0,0.0,5000.0,1.0,0.0,5000.0,0.0
1494086400000.0,5000.0,0.0,5000.0,1.0,0.0,5000.0,0.0
1494172800000.0,5000.0,0.0,5000.0,1.0,0.0,5000.0,0.0
1494259200000.0,5000.0,0.0,5000.0,1.0,0.0,5000.0,0.0
1494345600000.0,5000.0,0.0,5000.0,1.0,0.0,5000.0,0.0
1494432000000.0,5000.0,0.0,5000.0,1.0,0.0,5000.0,0.0
1494518400000.0,5000.0,0.0,5000.0,1.0,0.0,5000.0,0.0
1494604800000.0,5000.0,0.0,5000.0,1.0,0.0,5000.0,0.0
1494691200000.0,5000.0,0.0,5000.0,1.0,0.0,5000.0,0.0
1494777600000.0,5000.0,0.0,5000.0,1.0,0.0,5000.0,0.0
1494864000000.0,5000.0,0.0,5000.0,1.0,0.0,5000.0,0.0
1494950400000.0,5000.0,0.0,5000.0,1.0,0.0,5000.0,0.0
1495036800000.0,5000.0,0.0,5000.0,1.0,0.0,5000.0,0.0
1495123200000.0,5000.0,0.0,5000.0,1.0,0.0,5000.0,0.0
1495209600000.0,5000.0,0.0,5000.0,1.0,0.0,5000.0,0.0
1495296000000.0,5000.0,0.0,5000.0,1.0,0.0,5000.0,0.0
1495382400000.0,5000.0,0.0,5000.0,1.0,0.0,5000.0,0.0
1495468800000.0,5000.0,0.0,5000.0,1.0,0.0,5000.0,0.0
1495555200000.0,5000.0,0.0,5000.0,1.0,0.0,5000.0,0.0
1495641600000.0,5000.0,0.0,5000.0,1.0,0.0,5000.0,0.0
1495728000000.0,5000.0,0.0,5000.0,1.0,0.0,5000.0,0.0
1495814400000.0,5000.0,0.0,5000.0,1.0,0.0,5000.0,0.0
1495900800000.0,5000.0,0.0,5000.0,1.0,0.0,5000.0,0.0
1495987200000.0,5000.0,0.0,5000.0,1.0,0.0,5000.0,0.0
1496073600000.0,5000.0,0.0,5000.0,1.0,0.0,5000.0,0.0
1496160000000.0,5000.0,0.0,5000.0,1.0,0.0,5000.0,0.0
1496246400000.0,5000.0,0.0,5000.0,1.0,0.0,5000.0,0.0
1496332800000.0,6000.0,0.0,6000.0,1.0,0.0,6000.0,0.0
1496419200000.0,6000.0,0.0,6000.0,1.0,0.0,6000.0,0.0
1496505600000.0,6000.0,0.0,6000.0,1.0,0.0,6000.0,0.0
1496592000000.0,6000.0,0.0,6000.0,1.0,0.0,6000.0,0.0
1496678400000.0,6000.0,0.0,6000.0,1.0,0.0,6000.0,0.0
1496764800000.0,6000.0,0.0,6000.0,1.0,0.0,6000.0,0.0
1496851200000.0,6000.0,0.0,6000.0,1.0,0.0,6000.0,0.0
1496937600000.0,6000.0,0.0,6000.0,1.0,0.0,6000.0,0.0
1497024000000.0,6000.0,0.0,6000.0,1.0,0.0,6000.0,0.0
1497110400000.0,6000.0,0.0,6000.0,1.0,0.0,6000.0,0.0
1497196800000.0,6000.0,0.0,6000.0,1.0,0.0,6000.0,0.0
1497283200000.0,6000.0,0.0,6000.0,1.0,0.0,6000.0,0.0
1497369600000.0,6000.0,0.0,6000.0,1.0,0.0,6000.0,0.0
1497456000000.0,6000.0,0.0,6000.0,1.0,0.0,6000.0,0.0
1497542400000.0,6000.0,0.0,6000.0,1.0,0.0,6000.0,0.0
1497628800000.0,6000.0,0.0,6000.0,1.0,0.0,6000.0,0.0
1497715200000.0,6000.0,0.0,6000.0,1.0,0.0,6000.0,0.0
1497801600000.0,6000.0,0.0,6000.0,1.0,0.0,6000.0,0.0
1497888000000.0,6000.0,0.0,6000.0,1.0,0.0,6000.0,0.0
1497974400000.0,6000.0,0.0,6000.0,1.0,0.0,6000.0,0.0
1498060800000.0,6000.0,0.0,6000.0,1.0,0.0,6000.0,0.0
1498147200000.0,6000.0,0.0,6000.0,1.0,0.0,6000.0,0.0
1498233600000.0,6000.0,0.0,6000.0,1.0,0.0,6000.0,0.0
1498320000000.0,6000.0,0.0,6000.0,1.0,0.0,6000.0,0.0
1498406400000.0,6000.0,0.0,6000.0,1.0,0.0,6000.0,0.0
1498492800000.0,6000.0,0.0,6000.0,1.0,0.0,6000.0,0.0
1498579200000.0,6000.0,0.0,6000.0,1.0,0.0,6000.0,0.0
1498665600000.0,6000.0,0.0,6000.0,1.0,0.0,6000.0,0.0
1498752000000.0,6000.0,0.0,6000.0,1.0,0.0,6000.0,0.0
1498838400000.0,6000.0,0.0,6000.0,1.0,0.0,6000.0,0.0
1498924800000.0,7000.0,0.0,7000.0,1.0,0.0,7000.0,0.0
1499011200000.0,7000.0,0.0,7000.0,1.0,0.0,7000.0,0.0
1499097600000.0,7000.0,0.0,7000.0,1.0,0.0,7000.0,0.0
1499184000000.0,7000.0,0.0,7000.0,1.0,0.0,7000.0,0.0
1499270400000.0,7000.0,0.0,7000.0,1.0,0.0,7000.0,0.0
1499356800000.0,7000.0,0.0,7000.0,1.0,0.0,7000.0,0.0
1499443200000.0,7000.0,0.0,7000.0,1.0,0.0,7000.0,0.0
1499529600000.0,7000.0,0.0,7000.0,1.0,0.0,7000.0,0.0
1499616000000.0,7000.0,0.0,7000.0,1.0,0.0,7000.0,0.0
1499702400000.0,7000.0,0.0,7000.0,1.0,0.0,7000.0,0.0
1499788800000.0,7000.0,0.0,7000.0,1.0,0.0,7000.0,0.0
1499875200000.0,7000.0,0.0,7000.0,1.0,0.0,7000.0,0.0
1499961600000.0,7000.0,0.0,7000.0,1.0,0.0,7000.0,0.0
1500048000000.0,7000.0,0.0,7000.0,1.0,0.0,7000.0,0.0
1500134400000.0,7000.0,0.0,7000.0,1.0,0.0,7000.0,0.0
1500220800000.0,7000.0,0.0,7000.0,1.0,0.0,7000.0,0.0
1500307200000.0,7000.0,0.0,7000.0,1.0,0.0,7000.0,0.0
1500393600000.0,7000.0,0.0,7000.0,1.0,0.0,7000.0,0.0
1500480000000.0,7000.0,0.0,7000.0,1.0,0.0,7000.0,0.0
1500566400000.0,7000.0,0.0,7000.0,1.0,0.0,7000.0,0.0
1500652800000.0,7000.0,0.0,7000.0,1.0,0.0,7000.0,0.0
1500739200000.0,7000.0,0.0,7000.0,1.0,0.0,7000.0,0.0
1500825600000.0,7000.0,0.0,7000.0,1.0,0.0,7000.0,0.0
1500912000000.0,7000.0,0.0,7000.0,1.0,0.0,7000.0,0.0
1500998400000.0,7000.0,0.0,7000.0,1.0,0.0,7000.0,0.0
1501084800000.0,7000.0,0.0,7000.0,1.0,0.0,7000.0,0.0
1501171200000.0,7000.0,0.0,7000.0,1.0,0.0,7000.0,0.0
1501257600000.0,7000.0,0.0,7000.0,1.0,0.0,7000.0,0.0
1501344000000.0,7000.0,0.0,7000.0,1.0,0.0,7000.0,0.0
1501430400000.0,7000.0,0.0,7000.0,1.0,0.0,7000.0,0.0
1501516800000.0,7000.0,0.0,7000.0,1.0,0.0,7000.0,0.0
1501603200000.0,8000.0,0.0,8000.0,1.0,0.0,8000.0,0.0
1501689600000.0,8000.0,0.0,8000.0,1.0,0.0,8000.0,0.0
1501776000000.0,8000.0,0.0,8000.0,1.0,0.0,8000.0,0.0
1501862400000.0,8000.0,0.0,8000.0,1.0,0.0,8000.0,0.0
1501948800000.0,8000.0,0.0,8000.0,1.0,0.0,8000.0,0.0
1502035200000.0,8000.0,0.0,8000.0,1.0,0.0,8000.0,0.0
1502121600000.0,8000.0,0.0,8000.0,1.0,0.0,8000.0,0.0
1502208000000.0,8000.0,0.0,8000.0,1.0,0.0,8000.0,0.0
1502294400000.0,8000.0,0.0,8000.0,1.0,0.0,8000.0,0.0
1502380800000.0,8000.0,0.0,8000.0,1.0,0.0,8000.0,0.0
1502467200000.0,8000.0,0.0,8000.0,1.0,0.0,8000.0,0.0
1502553600000.0,8000.0,0.0,8000.0,1.0,0.0,8000.0,0.0
1502640000000.0,8000.0,0.0,8000.0,1.0,0.0,8000.0,0.0
1502726400000.0,8000.0,0.0,8000.0,1.0,0.0,8000.0,0.0
1502812800000.0,8000.0,0.0,8000.0,1.0,0.0,8000.0,0.0
1502899200000.0,8000.0,0.0,8000.0,1.0,0.0,8000.0,0.0
1502985600000.0,8000.0,0.0,8000.0,1.0,0.0,8000.0,0.0
1503072000000.0,8000.0,0.0,8000.0,1.0,0.0,8000.0,0.0
1503158400000.0,8000.0,0.0,8000.0,1.0,0.0,8000.0,0.0
1503244800000.0,8000.0,0.0,8000.0,1.0,0.0,8000.0,0.0
1503331200000.0,8000.0,0.0,8000.0,1.0,0.0,8000.0,0.0
1503417600000.0,8000.0,0.0,8000.0,1.0,0.0,8000.0,0.0
1503504000000.0,8000.0,0.0,8000.0,1.0,0.0,8000.0,0.0
1503590400000.0,8000.0,0.0,8000.0,1.0,0.0,8000.0,0.0
1503676800000.0,8000.0,0.0,8000.0,1.0,0.0,8000.0,0.0
1503763200000.0,7973.5422,0.0,8000.0,0.996692775,0.4397360110547144,7973.5422,-26.457800000000134
1503849600000.0,8012.9353,0.0,8000.0,1.0016169125,0.7320306862280468,8012.9353,12.935300000000097
1503936000000.0,7945.470600000001,0.0,8000.0,0.993183825,1.5678147676698173,7945.470600000001,-54.52939999999944
1504022400000.0,8160.9858,0.0,8000.0,1.020123225,0.4965439588952014,8160.9858,160.98580000000038
1504108800000.0,8144.046700000001,0.0,8000.0,1.0180058375,0.8939258218409796,8144.046700000001,144.04670000000078
1504195200000.0,8218.4603,0.0,8000.0,1.0273075375,0.32483092009146786,8218.4603,218.46030000000064
1504281600000.0,9331.4918,0.0,9000.0,1.039903796326968,0.28122290731738,9331.4918,331.4917999999998
1504368000000.0,9141.0028,21.7257,9000.0,1.0210967716719535,2.836273389310562,9162.728500000001,162.72850000000108
1504454400000.0,9141.0028,21.7257,9000.0,1.0210967716719535,2.836273389310562,9162.728500000001,162.72850000000108
1504540800000.0,9141.0028,21.7257,9000.0,1.0210967716719535,2.836273389310562,9162.728500000001,162.72850000000108
1504627200000.0,9141.0028,21.7257,9000.0,1.0210967716719535,2.836273389310562,9162.728500000001,162.72850000000108
1504713600000.0,9193.560700000002,21.7257,9000.0,1.0269677579510363,2.2776124263326203,9215.286400000003,215.2864000000027
1504800000000.0,9261.416000000001,21.7257,9000.0,1.0345475420608095,1.5563486916484681,9283.141700000002,283.14170000000195
1504886400000.0,9117.1916,21.7257,9000.0,1.0184369388306775,3.0893730740708003,9138.917300000001,138.91730000000098
1504972800000.0,9117.1916,21.7257,9000.0,1.0184369388306775,3.0893730740708003,9138.917300000001,138.91730000000098
1505059200000.0,9117.1916,21.7257,9000.0,1.0184369388306775,3.0893730740708003,9138.917300000001,138.91730000000098
1505145600000.0,9117.1916,21.7257,9000.0,1.0184369388306775,3.0893730740708003,9138.917300000001,138.91730000000098
1505232000000.0,9077.231,21.7257,9000.0,1.013973135400481,3.514131812094512,9098.9567,98.95670000000064
1505318400000.0,9077.231,21.7257,9000.0,1.013973135400481,3.514131812094512,9098.9567,98.95670000000064
1505404800000.0,9077.231,21.7257,9000.0,1.013973135400481,3.514131812094512,9098.9567,98.95670000000064
1505491200000.0,9077.231,21.7257,9000.0,1.013973135400481,3.514131812094512,9098.9567,98.95670000000064
1505577600000.0,9077.231,21.7257,9000.0,1.013973135400481,3.514131812094512,9098.9567,98.95670000000064
1505664000000.0,9077.231,21.7257,9000.0,1.013973135400481,3.514131812094512,9098.9567,98.95670000000064
1505750400000.0,9135.3847,21.7257,9000.0,1.0204692011637233,2.8959906374522393,9157.110400000001,157.1104000000014
1505836800000.0,8990.3692,21.7257,9000.0,1.0042702280168825,4.437423968630383,9012.0949,12.094900000000052
1505923200000.0,8852.07,21.7257,9000.0,0.9888214999358876,5.907466802363781,8873.7957,-126.20429999999942
1506009600000.0,8709.76,21.7257,9000.0,0.9729247449784736,7.420142187822276,8731.485700000001,-268.5142999999989
1506096000000.0,8709.76,21.7257,9000.0,0.9729247449784736,7.420142187822276,8731.485700000001,-268.5142999999989
1506182400000.0,8709.76,21.7257,9000.0,0.9729247449784736,7.420142187822276,8731.485700000001,-268.5142999999989
1506268800000.0,8594.0896,21.7257,9000.0,0.9600037696104314,8.649653584815741,8615.8153,-384.1846999999998
1506355200000.0,8759.5357,21.7257,9000.0,0.9784849452857869,6.891054448492884,8781.261400000001,-218.73859999999877
1506441600000.0,8772.2248,21.7257,9000.0,0.9799023826642572,6.756176441089179,8793.9505,-206.04949999999917
1506528000000.0,8988.155499999999,21.7257,9000.0,1.0040229464031574,4.46095435652153,9009.8812,9.881199999999808
1506614400000.0,9087.229599999999,21.7257,9000.0,1.0150900301662544,3.407852308833703,9108.9553,108.95529999999962
1506700800000.0,8906.8406,56.47580000000001,9000.0,0.9988214200505399,4.9559120319399685,8963.3164,-36.6836000000003
1506787200000.0,9012.3649,56.47580000000001,9000.0,1.0106550135669479,3.829871800348983,9068.8407,68.84070000000065
1506873600000.0,9975.159500000002,56.47580000000001,10000.0,1.0068994748488413,4.187234733427758,10031.635300000002,31.635300000001735
1506960000000.0,10050.3421,56.47580000000001,10000.0,1.0144884583089824,3.465095623177905,10106.8179,106.81790000000001
1507046400000.0,9955.9297,61.93010000000001,10000.0,1.005508966384713,4.31955028667076,10017.8598,17.859800000000178
1507132800000.0,9955.9297,61.93010000000001,10000.0,1.005508966384713,4.31955028667076,10017.8598,17.859800000000178
1507219200000.0,9955.9297,61.93010000000001,10000.0,1.005508966384713,4.31955028667076,10017.8598,17.859800000000178
1507305600000.0,10041.3785,61.93010000000001,10000.0,1.0141389524488786,3.498353285705169,10103.3086,103.3086000000003
1507392000000.0,9989.411900000001,61.93010000000001,10000.0,1.0088905342873355,3.997773009216532,10051.342,51.34200000000055
1507478400000.0,10318.015200000002,61.93010000000001,10000.0,1.0420781495568172,0.8397644184885311,10379.945300000001,379.9453000000012
1507564800000.0,10416.879500000001,61.93010000000001,10000.0,1.0520630473113028,0.4535070357068016,10478.8096,478.8096000000005
1507651200000.0,10639.9663,61.93010000000001,10000.0,1.0745939193083272,0.7198922322213974,10701.8964,701.8963999999996
1507737600000.0,10437.515099999999,115.43950000000001,10000.0,1.0595513949151025,2.833628192278581,10552.9546,552.9545999999991
1507824000000.0,10940.056499999999,115.43950000000001,10000.0,1.1105662616023457,0.20183390680644786,11055.496,1055.4959999999992
1507910400000.0,11446.139899999998,115.43950000000001,10000.0,1.1619406900248137,0.8049605926393366,11561.579399999999,1561.5793999999987
1507996800000.0,11183.653799999996,198.3437,10000.0,1.1437106562645265,2.361261127402936,11381.997499999996,1381.9974999999959
1508083200000.0,11036.100599999998,198.3437,10000.0,1.1286209395919728,3.6494723526659945,11234.444299999997,1234.4442999999974
1508169600000.0,11156.480499999998,198.3437,10000.0,1.1409317439938453,2.598497257066257,11354.824199999997,1354.8241999999973
1508256000000.0,11067.265799999997,201.80640000000002,10000.0,1.1321622060637642,3.3471539381057736,11269.072199999997,1269.0721999999969
1508342400000.0,11001.871199999998,201.80640000000002,10000.0,1.1254724512554304,3.91825924282152,11203.677599999997,1203.6775999999973
1508428800000.0,10953.060499999998,201.80640000000002,10000.0,1.1204792008184963,4.344533731799027,11154.866899999997,1154.8668999999973
1508515200000.0,11183.420499999998,201.80640000000002,10000.0,1.1440446315673312,2.332749609037843,11385.226899999998,1385.2268999999978
1508601600000.0,11409.451199999998,201.80640000000002,10000.0,1.1671671823919565,0.3587742074203648,11611.257599999997,1611.2575999999972
1508688000000.0,11213.783099999997,225.35210000000004,10000.0,1.149559357693557,1.8619566674462185,11439.135199999997,1439.135199999997
1508774400000.0,11145.158199999998,225.35210000000004,10000.0,1.1425244083582355,2.462531277266533,11370.510299999998,1370.510299999998
1508860800000.0,11117.746299999999,225.35210000000004,10000.0,1.1397143302716388,2.7024280369985387,11343.098399999999,1343.098399999999
1508947200000.0,11117.746299999999,225.35210000000004,10000.0,1.1397143302716388,2.7024280369985387,11343.098399999999,1343.098399999999
1509033600000.0,11146.379699999998,225.35210000000004,10000.0,1.1426496280760507,2.4518412524228483,11371.731799999998,1371.7317999999977
1509120000000.0,10977.366199999999,225.35210000000004,10000.0,1.1253235349307733,3.930972250309406,11202.718299999999,1202.7182999999986
1509206400000.0,10906.232599999998,225.35210000000004,10000.0,1.118031411050971,4.5535018870027315,11131.584699999998,1131.5846999999976
1509292800000.0,10906.232599999998,225.35210000000004,10000.0,1.118031411050971,4.5535018870027315,11131.584699999998,1131.5846999999976
1509379200000.0,11057.493499999997,225.35210000000004,10000.0,1.133537630628925,3.229733750385111,11282.845599999997,1282.845599999997
1509465600000.0,11433.579699999998,225.35210000000004,10000.0,1.1720913824407835,0.5308181755788732,11658.931799999998,1658.9317999999985
1509552000000.0,12716.251699999997,225.35210000000004,11000.0,1.1987383677218848,0.47372582632058124,12941.603799999997,1941.6037999999971
1509638400000.0,13245.990899999997,225.35210000000004,11000.0,1.2486759372909346,2.57921879305969,13471.342999999997,2471.342999999997
1509724800000.0,12976.748099999999,344.29820000000007,11000.0,1.234507735443217,3.684611514326386,13321.046299999998,2321.046299999998
1509811200000.0,12949.0824,344.29820000000007,11000.0,1.2318758341075926,3.889950527050856,13293.380599999999,2293.3805999999986
1509897600000.0,13121.013500000001,344.29820000000007,11000.0,1.2482320330010013,2.6138518803283106,13465.3117,2465.3117
1509984000000.0,12909.220200000002,354.16480000000007,11000.0,1.2290222840545357,4.112582410215859,13263.385000000002,2263.385000000002
1510070400000.0,12909.220200000002,354.16480000000007,11000.0,1.2290222840545357,4.112582410215859,13263.385000000002,2263.385000000002
1510156800000.0,13004.975600000002,354.16480000000007,11000.0,1.2381386767254545,3.4013281373762805,13359.140400000002,2359.140400000002
1510243200000.0,12841.956100000003,354.16480000000007,11000.0,1.2226184055447502,4.612208316783062,13196.120900000004,2196.1209000000035
1510329600000.0,12841.956100000003,354.16480000000007,11000.0,1.2226184055447502,4.612208316783062,13196.120900000004,2196.1209000000035
1510416000000.0,12841.956100000003,354.16480000000007,11000.0,1.2226184055447502,4.612208316783062,13196.120900000004,2196.1209000000035
1510502400000.0,12841.956100000003,354.16480000000007,11000.0,1.2226184055447502,4.612208316783062,13196.120900000004,2196.1209000000035
1510588800000.0,12841.956100000003,354.16480000000007,11000.0,1.2226184055447502,4.612208316783062,13196.120900000004,2196.1209000000035
1510675200000.0,12795.005000000003,354.16480000000007,11000.0,1.21814842616049,4.960952831343279,13149.169800000003,2149.1698000000033
1510761600000.0,13246.412300000004,354.16480000000007,11000.0,1.2611246572797712,1.607978785848485,13600.577100000004,2600.577100000004
1510848000000.0,13369.889600000002,354.16480000000007,11000.0,1.2728803133863178,0.6908111146394225,13724.054400000003,2724.0544000000027
1510934400000.0,13710.442800000004,354.16480000000007,11000.0,1.3053026801305216,0.2962219204395544,14064.607600000005,3064.607600000005
1511020800000.0,13424.141400000002,424.06880000000007,11000.0,1.2847005660840463,1.8698865103676021,13848.210200000003,2848.210200000003
1511107200000.0,13500.283400000002,424.06880000000007,11000.0,1.2919874135320901,1.313290533113709,13924.352200000003,2924.352200000003
1511193600000.0,13828.178400000003,424.06880000000007,11000.0,1.3233672150079692,0.11490393970253754,14252.247200000003,3252.2472000000034
1511280000000.0,13615.722000000002,445.35550000000006,11000.0,1.3050721289767597,1.8936357909054236,14061.077500000001,3061.0775000000012
1511366400000.0,13417.189900000001,445.35550000000006,11000.0,1.2860427517305715,3.324133748325253,13862.5454,2862.545400000001
1511452800000.0,13406.6538,445.35550000000006,11000.0,1.2850328625408454,3.400050285394951,13852.0093,2852.0092999999997
1511539200000.0,13241.813900000003,445.35550000000006,11000.0,1.269232895470916,4.587783353504782,13687.169400000002,2687.1694000000025
1511625600000.0,13587.497200000003,445.35550000000006,11000.0,1.3023667711686362,2.0970060204480556,14032.852700000003,3032.852700000003
1511712000000.0,14035.541800000003,445.35550000000006,11000.0,1.3453120163784413,0.017936951657671063,14480.897300000002,3480.8973000000024
1511798400000.0,14451.508600000003,445.35550000000006,11000.0,1.3851825922656145,0.4948559351727666,14896.864100000003,3896.8641000000025
1511884800000.0,14664.902900000003,445.35550000000006,11000.0,1.4056365170308605,0.6655385249770607,15110.258400000002,4110.258400000002
1511971200000.0,15463.739800000003,445.35550000000006,11000.0,1.4822053375302944,2.8009364505424905,15909.095300000003,4909.095300000003
1512057600000.0,15028.664200000003,643.8944000000001,11000.0,1.4595332049287228,4.287714295516231,15672.558600000004,4672.558600000004
1512144000000.0,15944.080200000004,643.8944000000001,12000.0,1.4518311809131665,4.792792440083504,16587.974600000005,4587.974600000005
1512230400000.0,16016.117800000004,643.8944000000001,12000.0,1.4583907586728262,4.362632866794469,16660.012200000005,4660.012200000005
1512316800000.0,16304.657600000004,643.8944000000001,12000.0,1.4846645275776296,2.6396693415672856,16948.552000000003,4948.552000000003
1512403200000.0,16044.813200000004,655.6616000000001,12000.0,1.4620751897346331,4.12101772761484,16700.474800000004,4700.474800000004
1512489600000.0,16269.495000000004,655.6616000000001,12000.0,1.4825492009474854,2.778386806917821,16925.156600000006,4925.156600000006
1512576000000.0,16479.563000000006,655.6616000000001,12000.0,1.5016915372980997,1.5230835636245055,17135.224600000005,5135.224600000005
1512662400000.0,17680.943900000006,655.6616000000001,12000.0,1.6111667418652096,0.43021592852640067,18336.605500000005,6336.605500000005
1512748800000.0,17268.703000000005,791.6493000000002,12000.0,1.5859933138688773,2.985551881191506,18060.352300000006,6060.352300000006
1512835200000.0,17155.733300000007,791.6493000000002,12000.0,1.5756179435315816,3.6202082939891134,17947.382600000008,5947.382600000008
1512921600000.0,17098.950500000006,791.6493000000002,12000.0,1.5704028940201762,3.939210364071666,17890.599800000007,5890.599800000007
1513008000000.0,17259.077600000004,791.6493000000002,12000.0,1.585109297272882,3.039626751141089,18050.726900000005,6050.726900000005
1513094400000.0,17251.702100000006,791.6493000000002,12000.0,1.5844319161350837,3.081061829508014,18043.351400000007,6043.351400000007
1513180800000.0,17084.242700000006,791.6493000000002,12000.0,1.5690520993217139,4.021837826020702,17875.892000000007,5875.892000000007
1513267200000.0,16967.581000000006,791.6493000000002,12000.0,1.5583376480867497,4.677235654224832,17759.230300000007,5759.2303000000065
1513353600000.0,17302.280500000004,791.6493000000002,12000.0,1.58907714074901,2.796915674308509,18093.929800000005,6093.929800000005
1513440000000.0,17640.470300000004,791.6493000000002,12000.0,1.6201371897647732,0.8969874164416414,18432.119600000005,6432.119600000005
1513526400000.0,17771.742400000006,791.6493000000002,12000.0,1.6321934902812352,0.9032046590488174,18563.391700000007,6563.391700000007
1513612800000.0,17441.924200000005,844.3540000000002,12000.0,1.6067428146756149,2.4484138556279067,18286.278200000004,6286.278200000004
1513699200000.0,17362.692300000006,844.3540000000002,12000.0,1.599444004948068,2.891552894050753,18207.046300000005,6207.046300000005
1513785600000.0,17362.692300000006,844.3540000000002,12000.0,1.599444004948068,2.891552894050753,18207.046300000005,6207.046300000005
1513872000000.0,17362.692300000006,844.3540000000002,12000.0,1.599444004948068,2.891552894050753,18207.046300000005,6207.046300000005
1513958400000.0,17362.692300000006,844.3540000000002,12000.0,1.599444004948068,2.891552894050753,18207.046300000005,6207.046300000005
1514044800000.0,17362.692300000006,844.3540000000002,12000.0,1.599444004948068,2.891552894050753,18207.046300000005,6207.046300000005
1514131200000.0,17362.692300000006,844.3540000000002,12000.0,1.599444004948068,2.891552894050753,18207.046300000005,6207.046300000005
1514217600000.0,17362.692300000006,844.3540000000002,12000.0,1.599444004948068,2.891552894050753,18207.046300000005,6207.046300000005
1514304000000.0,17492.083300000006,844.3540000000002,12000.0,1.6113634501394243,2.167877160910814,18336.437300000005,6336.437300000005
1514390400000.0,17372.033200000005,844.3540000000002,12000.0,1.6003044847773291,2.8393098272556427,18216.387200000005,6216.387200000005
1514476800000.0,17227.100100000007,844.3540000000002,12000.0,1.5869533077877136,3.649911549158591,18071.454100000006,6071.454100000006
1514563200000.0,17227.100100000007,844.3540000000002,12000.0,1.5869533077877136,3.649911549158591,18071.454100000006,6071.454100000006
1514649600000.0,17227.100100000007,844.3540000000002,12000.0,1.5869533077877136,3.649911549158591,18071.454100000006,6071.454100000006
1514736000000.0,17227.100100000007,844.3540000000002,12000.0,1.5869533077877136,3.649911549158591,18071.454100000006,6071.454100000006
1514822400000.0,18227.100100000007,844.3540000000002,13000.0,1.5869533077877134,3.649911549158602,19071.454100000006,6071.454100000006
1514908800000.0,18227.100100000007,844.3540000000002,13000.0,1.5869533077877134,3.649911549158602,19071.454100000006,6071.454100000006
1514995200000.0,18390.080500000007,844.3540000000002,13000.0,1.6011432932196015,2.788382514391652,19234.434500000007,6234.434500000007
1515081600000.0,18108.706700000006,844.3540000000002,13000.0,1.5766453160216378,4.275749696719766,18953.060700000005,5953.060700000005
1515168000000.0,18610.830900000004,844.3540000000002,13000.0,1.6203630580507309,1.621476070203176,19455.184900000004,6455.184900000004
1515254400000.0,18793.794400000006,844.3540000000002,13000.0,1.6362928839657935,1.2719976763941654,19638.148400000005,6638.1484000000055
1515340800000.0,18748.270200000006,844.3540000000002,13000.0,1.6323292924247348,1.5111464734768987,19592.624200000006,6592.624200000006
1515427200000.0,18424.28190000001,883.3304000000002,13000.0,1.6075080884827153,3.00876826507398,19307.612300000008,6307.612300000008
1515513600000.0,18424.28190000001,883.3304000000002,13000.0,1.6075080884827153,3.00876826507398,19307.612300000008,6307.612300000008
1515600000000.0,18424.28190000001,883.3304000000002,13000.0,1.6075080884827153,3.00876826507398,19307.612300000008,6307.612300000008
1515686400000.0,18424.28190000001,883.3304000000002,13000.0,1.6075080884827153,3.00876826507398,19307.612300000008,6307.612300000008
1515772800000.0,18424.28190000001,883.3304000000002,13000.0,1.6075080884827153,3.00876826507398,19307.612300000008,6307.612300000008
1515859200000.0,18424.28190000001,883.3304000000002,13000.0,1.6075080884827153,3.00876826507398,19307.612300000008,6307.612300000008
1515945600000.0,18349.208800000008,883.3304000000002,13000.0,1.6009580033215958,3.4039767447683444,19232.539200000007,6232.5392000000065
1516032000000.0,18349.208800000008,883.3304000000002,13000.0,1.6009580033215958,3.4039767447683444,19232.539200000007,6232.5392000000065
1516118400000.0,18349.208800000008,883.3304000000002,13000.0,1.6009580033215958,3.4039767447683444,19232.539200000007,6232.5392000000065
1516204800000.0,18349.208800000008,883.3304000000002,13000.0,1.6009580033215958,3.4039767447683444,19232.539200000007,6232.5392000000065
1516291200000.0,18349.208800000008,883.3304000000002,13000.0,1.6009580033215958,3.4039767447683444,19232.539200000007,6232.5392000000065
1516377600000.0,18349.208800000008,883.3304000000002,13000.0,1.6009580033215958,3.4039767447683444,19232.539200000007,6232.5392000000065
1516464000000.0,18366.209000000006,883.3304000000002,13000.0,1.6024412610764514,3.314482329371893,19249.539400000005,6249.539400000005
1516550400000.0,18192.877600000007,883.3304000000002,13000.0,1.5873181952766369,4.22695349517288,19076.208000000006,6076.208000000006
1516636800000.0,18192.877600000007,883.3304000000002,13000.0,1.5873181952766369,4.22695349517288,19076.208000000006,6076.208000000006
1516723200000.0,18192.877600000007,883.3304000000002,13000.0,1.5873181952766369,4.22695349517288,19076.208000000006,6076.208000000006
1516809600000.0,18192.877600000007,883.3304000000002,13000.0,1.5873181952766369,4.22695349517288,19076.208000000006,6076.208000000006
1516896000000.0,17968.216700000008,883.3304000000002,13000.0,1.5677166598748253,5.409639340512495,18851.547100000007,5851.547100000007
1516982400000.0,17712.36140000001,883.3304000000002,13000.0,1.5453934308630521,6.756542347511585,18595.691800000008,5595.691800000008
1517068800000.0,17712.36140000001,883.3304000000002,13000.0,1.5453934308630521,6.756542347511585,18595.691800000008,5595.691800000008
1517155200000.0,17797.437900000008,883.3304000000002,13000.0,1.5528163069692735,6.308672814713335,18680.768300000007,5680.768300000007
1517241600000.0,17624.16060000001,883.3304000000002,13000.0,1.5376979613636061,7.220859181048844,18507.49100000001,5507.491000000009
1517328000000.0,17624.16060000001,883.3304000000002,13000.0,1.5376979613636061,7.220859181048844,18507.49100000001,5507.491000000009
1517414400000.0,17624.16060000001,883.3304000000002,13000.0,1.5376979613636061,7.220859181048844,18507.49100000001,5507.491000000009
1517500800000.0,18624.16060000001,883.3304000000002,14000.0,1.5376979613636064,7.220859181048822,19507.49100000001,5507.491000000009
1517587200000.0,18624.16060000001,883.3304000000002,14000.0,1.5376979613636064,7.220859181048822,19507.49100000001,5507.491000000009
1517673600000.0,18624.16060000001,883.3304000000002,14000.0,1.5376979613636064,7.220859181048822,19507.49100000001,5507.491000000009
1517760000000.0,18624.16060000001,883.3304000000002,14000.0,1.5376979613636064,7.220859181048822,19507.49100000001,5507.491000000009
1517846400000.0,18624.16060000001,883.3304000000002,14000.0,1.5376979613636064,7.220859181048822,19507.49100000001,5507.491000000009
1517932800000.0,18624.16060000001,883.3304000000002,14000.0,1.5376979613636064,7.220859181048822,19507.49100000001,5507.491000000009
1518019200000.0,18624.16060000001,883.3304000000002,14000.0,1.5376979613636064,7.220859181048822,19507.49100000001,5507.491000000009
1518105600000.0,18516.24830000001,883.3304000000002,14000.0,1.5287882162599231,7.758441018578566,19399.57870000001,5399.578700000009
1518192000000.0,18516.24830000001,883.3304000000002,14000.0,1.5287882162599231,7.758441018578566,19399.57870000001,5399.578700000009
1518278400000.0,18292.66380000001,883.3304000000002,14000.0,1.5103280323500774,8.872261837458051,19175.99420000001,5175.994200000008
1518364800000.0,18363.096800000014,891.1562000000001,14000.0,1.5167894455543198,8.48240350335827,19254.253000000015,5254.253000000015
1518451200000.0,18296.503900000014,891.1562000000001,14000.0,1.511288880536939,8.814287728449399,19187.660100000016,5187.6601000000155
1518537600000.0,18159.251400000016,891.1562000000001,14000.0,1.499951841602638,9.498323708325895,19050.407600000017,5050.407600000017
1518624000000.0,18779.233500000017,891.1562000000001,14000.0,1.55116228371677,6.4084706034323595,19670.389700000018,5670.389700000018
1518710400000.0,19177.442000000017,891.1562000000001,14000.0,1.5840542548536873,4.423887870930887,20068.59820000002,6068.598200000019
1518796800000.0,19367.028400000017,891.1562000000001,14000.0,1.599714067230249,3.4790313554192487,20258.18460000002,6258.184600000019
1518883200000.0,19939.588100000015,891.1562000000001,14000.0,1.6470074251735423,0.6255209608741374,20830.744300000017,6830.744300000017
1518969600000.0,19492.173200000016,1039.2586000000001,14000.0,1.6222842509798259,3.650207280375639,20531.431800000017,6531.431800000017
1519056000000.0,19790.375800000016,1039.2586000000001,14000.0,1.6471028987836138,2.1761921254901506,20829.634400000017,6829.634400000017
1519142400000.0,19960.676800000016,1039.2586000000001,14000.0,1.661276620071198,1.3343944520555207,20999.935400000017,6999.935400000017
1519228800000.0,19644.608100000016,1056.1957000000002,14000.0,1.6363806539482213,2.813001653016023,20700.803800000016,6700.803800000016
1519315200000.0,19644.608100000016,1056.1957000000002,14000.0,1.6363806539482213,2.813001653016023,20700.803800000016,6700.803800000016
1519401600000.0,19644.608100000016,1056.1957000000002,14000.0,1.6363806539482213,2.813001653016023,20700.803800000016,6700.803800000016
1519488000000.0,19644.608100000016,1056.1957000000002,14000.0,1.6363806539482213,2.813001653016023,20700.803800000016,6700.803800000016
1519574400000.0,19644.608100000016,1056.1957000000002,14000.0,1.6363806539482213,2.813001653016023,20700.803800000016,6700.803800000016
1519660800000.0,19644.608100000016,1056.1957000000002,14000.0,1.6363806539482213,2.813001653016023,20700.803800000016,6700.803800000016
1519747200000.0,19832.076900000015,1056.1957000000002,14000.0,1.6519966599269247,1.8855446193625558,20888.272600000015,6888.272600000015
1519833600000.0,19785.268200000017,1056.1957000000002,14000.0,1.6480975314369823,2.2356117292293476,20841.463900000017,6841.463900000017
1519920000000.0,20881.86460000002,1056.3927,15000.0,1.6557669136383706,1.7806675010927364,21938.25730000002,6938.257300000019
1520006400000.0,21000.678800000016,1056.3927,15000.0,1.6651879411662671,1.3899505887118524,22057.071500000016,7057.071500000016
1520092800000.0,21540.41010000002,1056.3927,15000.0,1.7079843698336108,0.15319193900796835,22596.80280000002,7596.8028000000195
1520179200000.0,21145.861500000017,1111.8904,15000.0,1.6811003116801395,1.805918399437556,22257.751900000017,7257.7519000000175
1520265600000.0,21563.23430000002,1111.8904,15000.0,1.714281534595404,0.509241992566678,22675.12470000002,7675.1247000000185
1520352000000.0,21241.299900000016,1122.4946,15000.0,1.68953072005633,2.493880295704032,22363.794500000018,7363.794500000018
1520438400000.0,21241.299900000016,1122.4946,15000.0,1.68953072005633,2.493880295704032,22363.794500000018,7363.794500000018
1520524800000.0,21241.299900000016,1122.4946,15000.0,1.68953072005633,2.493880295704032,22363.794500000018,7363.794500000018
1520611200000.0,21241.299900000016,1122.4946,15000.0,1.68953072005633,2.493880295704032,22363.794500000018,7363.794500000018
1520697600000.0,21241.299900000016,1122.4946,15000.0,1.68953072005633,2.493880295704032,22363.794500000018,7363.794500000018
1520784000000.0,21241.299900000016,1122.4946,15000.0,1.68953072005633,2.493880295704032,22363.794500000018,7363.794500000018
1520870400000.0,21021.312000000016,1122.4946,15000.0,1.6720329060411587,3.503713338497072,22143.806600000018,7143.806600000018
1520956800000.0,21021.312000000016,1122.4946,15000.0,1.6720329060411587,3.503713338497072,22143.806600000018,7143.806600000018
1521043200000.0,21021.312000000016,1122.4946,15000.0,1.6720329060411587,3.503713338497072,22143.806600000018,7143.806600000018
1521129600000.0,21021.312000000016,1122.4946,15000.0,1.6720329060411587,3.503713338497072,22143.806600000018,7143.806600000018
1521216000000.0,21021.312000000016,1122.4946,15000.0,1.6720329060411587,3.503713338497072,22143.806600000018,7143.806600000018
1521302400000.0,21021.312000000016,1122.4946,15000.0,1.6720329060411587,3.503713338497072,22143.806600000018,7143.806600000018
1521388800000.0,21021.312000000016,1122.4946,15000.0,1.6720329060411587,3.503713338497072,22143.806600000018,7143.806600000018
1521475200000.0,21021.312000000016,1122.4946,15000.0,1.6720329060411587,3.503713338497072,22143.806600000018,7143.806600000018
1521561600000.0,20993.977500000015,1122.4946,15000.0,1.6698587228374566,3.629189700188906,22116.472100000014,7116.472100000014
1521648000000.0,21374.961700000014,1122.4946,15000.0,1.7001621653191514,1.8803188125533943,22497.456300000013,7497.456300000013
1521734400000.0,21082.122800000016,1129.2513,15000.0,1.6774072177577124,3.193551306317499,22211.374100000015,7211.3741000000155
1521820800000.0,21056.631300000015,1129.2513,15000.0,1.6753789767453098,3.3106050589346236,22185.882600000015,7185.882600000015
1521907200000.0,21165.413600000014,1129.2513,15000.0,1.6840342823288765,2.811090458643495,22294.664900000014,7294.664900000014
1521993600000.0,20854.318200000016,1129.2513,15000.0,1.6592818570479073,4.2396012952723545,21983.569500000016,6983.569500000016
1522080000000.0,20854.318200000016,1129.2513,15000.0,1.6592818570479073,4.2396012952723545,21983.569500000016,6983.569500000016
1522166400000.0,20854.318200000016,1129.2513,15000.0,1.6592818570479073,4.2396012952723545,21983.569500000016,6983.569500000016
1522252800000.0,20854.318200000016,1129.2513,15000.0,1.6592818570479073,4.2396012952723545,21983.569500000016,6983.569500000016
1522339200000.0,20854.318200000016,1129.2513,15000.0,1.6592818570479073,4.2396012952723545,21983.569500000016,6983.569500000016
1522425600000.0,20854.318200000016,1129.2513,15000.0,1.6592818570479073,4.2396012952723545,21983.569500000016,6983.569500000016
1522512000000.0,20854.318200000016,1129.2513,15000.0,1.6592818570479073,4.2396012952723545,21983.569500000016,6983.569500000016
1522598400000.0,21854.318200000016,1129.2513,16000.0,1.6592818570479075,4.239601295272333,22983.569500000016,6983.569500000016
1522684800000.0,21854.318200000016,1129.2513,16000.0,1.6592818570479075,4.239601295272333,22983.569500000016,6983.569500000016
1522771200000.0,21900.44110000002,1129.2513,16000.0,1.6627837229246678,4.037501771828101,23029.692400000018,7029.692400000018
1522857600000.0,21580.825400000016,1129.2513,16000.0,1.6385170069656372,5.437981374266176,22710.076700000016,6710.076700000016
1522944000000.0,21580.825400000016,1129.2513,16000.0,1.6385170069656372,5.437981374266176,22710.076700000016,6710.076700000016
1523030400000.0,21580.825400000016,1129.2513,16000.0,1.6385170069656372,5.437981374266176,22710.076700000016,6710.076700000016
1523116800000.0,21580.825400000016,1129.2513,16000.0,1.6385170069656372,5.437981374266176,22710.076700000016,6710.076700000016
1523203200000.0,21240.894300000014,1129.2513,16000.0,1.6127078510032087,6.927478203690796,22370.145600000014,6370.145600000014
1523289600000.0,20928.029000000013,1129.2513,16000.0,1.5889536569240792,8.29837916681827,22057.280300000013,6057.280300000013
1523376000000.0,20928.029000000013,1129.2513,16000.0,1.5889536569240792,8.29837916681827,22057.280300000013,6057.280300000013
1523462400000.0,20928.029000000013,1129.2513,16000.0,1.5889536569240792,8.29837916681827,22057.280300000013,6057.280300000013
1523548800000.0,20610.36490000001,1129.2513,16000.0,1.5648351155474165,9.6903073245303,21739.61620000001,5739.616200000011
1523635200000.0,21096.88810000001,1129.2513,16000.0,1.6017742280562153,7.558478951540836,22226.13940000001,6226.139400000011
1523721600000.0,20757.46530000001,1145.5956999999999,16000.0,1.577244607748771,8.97413127771982,21903.06100000001,5903.061000000009
1523808000000.0,21062.938300000013,1145.5956999999999,16000.0,1.6004558059899572,7.634567665576808,22208.534000000014,6208.534000000014
1523894400000.0,20719.816000000013,1145.5956999999999,16000.0,1.5743838463527007,9.139231408672966,21865.41170000001,5865.4117000000115
1523980800000.0,20770.763100000015,1145.5956999999999,16000.0,1.5782550337830579,8.915817616605548,21916.358800000016,5916.358800000016
1524067200000.0,20456.026300000016,1145.5956999999999,16000.0,1.554339930783459,10.296004947997616,21601.622000000018,5601.622000000018
1524153600000.0,20646.98890000002,1145.5956999999999,16000.0,1.5688501191315367,9.458593621169308,21792.584600000017,5792.5846000000165
1524240000000.0,20988.756900000015,1145.5956999999999,16000.0,1.5948191730266228,7.959868769562495,22134.352600000013,6134.352600000013
1524326400000.0,21558.256700000016,1145.5956999999999,16000.0,1.6380923027504144,5.462491884526111,22703.852400000018,6703.852400000018
1524412800000.0,21732.210900000016,1145.5956999999999,16000.0,1.6513101171598286,4.699665983384449,22877.806600000018,6877.806600000018
1524499200000.0,21666.21440000002,1145.5956999999999,16000.0,1.6462954093305788,4.989074572453833,22811.810100000017,6811.810100000017
1524585600000.0,22361.860700000016,1145.5956999999999,16000.0,1.6991537116193163,1.938518646391918,23507.456400000017,7507.456400000017
1524672000000.0,21868.265900000017,1302.5111,16000.0,1.6735713122022695,4.216707643313333,23170.777000000016,7170.777000000016
1524758400000.0,21818.663400000016,1302.5111,16000.0,1.6697752489298947,4.433967245919623,23121.174500000016,7121.1745000000155
1524844800000.0,21806.452300000015,1302.5111,16000.0,1.668840737398716,4.4874520245776655,23108.963400000015,7108.963400000015
1524931200000.0,21475.388100000015,1302.5111,16000.0,1.6435045013134764,5.937517576297191,22777.899200000014,6777.899200000014
1525017600000.0,21403.685300000016,1302.5111,16000.0,1.6380171092343185,6.251576783670965,22706.196400000015,6706.196400000015
1525104000000.0,21274.395900000018,1302.5111,16000.0,1.6281226332936432,6.817866056695598,22576.907000000017,6576.907000000017
1525190400000.0,22076.288500000017,1302.5111,17000.0,1.6136421893251063,7.646623449930223,23378.799600000017,6378.799600000017
1525276800000.0,22076.288500000017,1302.5111,17000.0,1.6136421893251063,7.646623449930223,23378.799600000017,6378.799600000017
1525363200000.0,22502.129700000016,1302.5111,17000.0,1.6447685866030197,5.865170344978554,23804.640800000016,6804.640800000016
1525449600000.0,22844.747400000015,1302.5111,17000.0,1.6698118530710009,4.431872285804406,24147.258500000014,7147.2585000000145
1525536000000.0,23471.432300000015,1302.5111,17000.0,1.715618701176514,1.810214820694589,24773.943400000015,7773.943400000015
1525622400000.0,23013.54520000002,1406.6507,17000.0,1.6897619141369589,3.290072998446969,24420.195900000017,7420.195900000017
1525708800000.0,22733.883400000017,1406.6507,17000.0,1.6692278393400437,4.465297068796758,24140.534100000015,7140.534100000015
1525795200000.0,22733.883400000017,1406.6507,17000.0,1.6692278393400437,4.465297068796758,24140.534100000015,7140.534100000015
1525881600000.0,22733.883400000017,1406.6507,17000.0,1.6692278393400437,4.465297068796758,24140.534100000015,7140.534100000015
1525968000000.0,22733.883400000017,1406.6507,17000.0,1.6692278393400437,4.465297068796758,24140.534100000015,7140.534100000015
1526054400000.0,22733.883400000017,1406.6507,17000.0,1.6692278393400437,4.465297068796758,24140.534100000015,7140.534100000015
1526140800000.0,22733.883400000017,1406.6507,17000.0,1.6692278393400437,4.465297068796758,24140.534100000015,7140.534100000015
1526227200000.0,22733.883400000017,1406.6507,17000.0,1.6692278393400437,4.465297068796758,24140.534100000015,7140.534100000015
1526313600000.0,22733.883400000017,1406.6507,17000.0,1.6692278393400437,4.465297068796758,24140.534100000015,7140.534100000015
1526400000000.0,22453.03220000002,1406.6507,17000.0,1.6486064332430963,5.645519360245288,23859.682900000018,6859.682900000018
1526486400000.0,22453.03220000002,1406.6507,17000.0,1.6486064332430963,5.645519360245288,23859.682900000018,6859.682900000018
1526572800000.0,22453.03220000002,1406.6507,17000.0,1.6486064332430963,5.645519360245288,23859.682900000018,6859.682900000018
1526659200000.0,22453.03220000002,1406.6507,17000.0,1.6486064332430963,5.645519360245288,23859.682900000018,6859.682900000018
1526745600000.0,22453.03220000002,1406.6507,17000.0,1.6486064332430963,5.645519360245288,23859.682900000018,6859.682900000018
1526832000000.0,22514.87060000002,1406.6507,17000.0,1.653146897228244,5.385655567078262,23921.52130000002,6921.5213000000185
1526918400000.0,22530.73320000002,1406.6507,17000.0,1.6543116033657055,5.31899609003016,23937.38390000002,6937.383900000019
1527004800000.0,22406.23110000002,1406.6507,17000.0,1.6451700780169698,5.842191838355815,23812.881800000017,6812.881800000017
1527091200000.0,22406.23110000002,1406.6507,17000.0,1.6451700780169698,5.842191838355815,23812.881800000017,6812.881800000017
1527177600000.0,22406.23110000002,1406.6507,17000.0,1.6451700780169698,5.842191838355815,23812.881800000017,6812.881800000017
1527264000000.0,22406.23110000002,1406.6507,17000.0,1.6451700780169698,5.842191838355815,23812.881800000017,6812.881800000017
1527350400000.0,22406.23110000002,1406.6507,17000.0,1.6451700780169698,5.842191838355815,23812.881800000017,6812.881800000017
1527436800000.0,22406.23110000002,1406.6507,17000.0,1.6451700780169698,5.842191838355815,23812.881800000017,6812.881800000017
1527523200000.0,22406.23110000002,1406.6507,17000.0,1.6451700780169698,5.842191838355815,23812.881800000017,6812.881800000017
1527609600000.0,22406.23110000002,1406.6507,17000.0,1.6451700780169698,5.842191838355815,23812.881800000017,6812.881800000017
1527696000000.0,22190.748600000017,1406.6507,17000.0,1.629348347010353,6.747714940685656,23597.399300000016,6597.3993000000155
1527782400000.0,22343.684400000016,1406.6507,17000.0,1.6405776073395293,6.105032123875498,23750.335100000015,6750.335100000015
1527868800000.0,23014.424800000015,1406.6507,18000.0,1.6174119498601853,7.430869228515524,24421.075500000014,6421.075500000014
1527955200000.0,23260.618400000014,1406.6507,18000.0,1.6347139886501834,6.440623860597306,24667.269100000012,6667.269100000012
1528041600000.0,23522.292000000016,1406.6507,18000.0,1.6531039337077256,5.388114492740092,24928.942700000014,6928.942700000014
1528128000000.0,23146.365300000016,1421.3107,18000.0,1.6277147665769203,6.84120944020462,24567.676000000014,6567.676000000014
1528214400000.0,23146.365300000016,1421.3107,18000.0,1.6277147665769203,6.84120944020462,24567.676000000014,6567.676000000014
1528300800000.0,23222.540500000017,1421.3107,18000.0,1.6330716118647182,6.534621800604434,24643.85120000002,6643.851200000019
1528387200000.0,22861.149500000018,1421.3107,18000.0,1.607657623120317,7.989137360297727,24282.460200000016,6282.460200000016
1528473600000.0,22572.401000000016,1421.3107,18000.0,1.5873520506822574,9.15128358443752,23993.711700000014,5993.711700000014
1528560000000.0,22321.78810000002,1421.3107,18000.0,1.569728276377414,10.159942799829857,23743.09880000002,5743.098800000022
1528646400000.0,22321.78810000002,1421.3107,18000.0,1.569728276377414,10.159942799829857,23743.09880000002,5743.098800000022
1528732800000.0,22321.78810000002,1421.3107,18000.0,1.569728276377414,10.159942799829857,23743.09880000002,5743.098800000022
1528819200000.0,22321.78810000002,1421.3107,18000.0,1.569728276377414,10.159942799829857,23743.09880000002,5743.098800000022
1528905600000.0,22321.78810000002,1421.3107,18000.0,1.569728276377414,10.159942799829857,23743.09880000002,5743.098800000022
1528992000000.0,22321.78810000002,1421.3107,18000.0,1.569728276377414,10.159942799829857,23743.09880000002,5743.098800000022
1529078400000.0,22321.78810000002,1421.3107,18000.0,1.569728276377414,10.159942799829857,23743.09880000002,5743.098800000022
1529164800000.0,22321.78810000002,1421.3107,18000.0,1.569728276377414,10.159942799829857,23743.09880000002,5743.098800000022
1529251200000.0,22321.78810000002,1421.3107,18000.0,1.569728276377414,10.159942799829857,23743.09880000002,5743.098800000022
1529337600000.0,22321.78810000002,1421.3107,18000.0,1.569728276377414,10.159942799829857,23743.09880000002,5743.098800000022
1529424000000.0,22386.51530000002,1421.3107,18000.0,1.5742800674631263,9.899430724168369,23807.826000000023,5807.826000000023
1529510400000.0,22078.59450000002,1421.3107,18000.0,1.5526262472369252,11.138741041119282,23499.905200000023,5499.905200000023
1529596800000.0,21998.57690000002,1421.3107,18000.0,1.5469991940293077,11.46079345595341,23419.887600000016,5419.887600000016
1529683200000.0,21818.42590000002,1421.3107,18000.0,1.534330490364046,12.185859748678752,23239.73660000002,5239.736600000018
1529769600000.0,21818.42590000002,1421.3107,18000.0,1.534330490364046,12.185859748678752,23239.73660000002,5239.736600000018
1529856000000.0,21818.42590000002,1421.3107,18000.0,1.534330490364046,12.185859748678752,23239.73660000002,5239.736600000018
1529942400000.0,21818.42590000002,1421.3107,18000.0,1.534330490364046,12.185859748678752,23239.73660000002,5239.736600000018
1530028800000.0,21818.42590000002,1421.3107,18000.0,1.534330490364046,12.185859748678752,23239.73660000002,5239.736600000018
1530115200000.0,21818.42590000002,1421.3107,18000.0,1.534330490364046,12.185859748678752,23239.73660000002,5239.736600000018
1530201600000.0,21818.42590000002,1421.3107,18000.0,1.534330490364046,12.185859748678752,23239.73660000002,5239.736600000018
1530288000000.0,21818.42590000002,1421.3107,18000.0,1.534330490364046,12.185859748678752,23239.73660000002,5239.736600000018
1530374400000.0,21766.65470000002,1421.3107,18000.0,1.5306898001031262,12.394226907639517,23187.965400000023,5187.965400000023
1530460800000.0,22543.54640000002,1421.3107,19000.0,1.515687863594668,13.25283081655525,23964.857100000023,4964.857100000023
1530547200000.0,23373.29650000002,1421.3107,19000.0,1.5714751001754421,10.05996705734299,24794.60720000002,5794.60720000002
1530633600000.0,23244.19330000002,1421.3107,19000.0,1.5627950038889398,10.556753895305803,24665.504000000023,5665.504000000023
1530720000000.0,22859.53620000002,1456.4206,19000.0,1.5392936239643729,11.901805359613116,24315.95680000002,5315.956800000022
1530806400000.0,22514.75700000002,1456.4206,19000.0,1.516077211365611,13.2305473254959,23971.17760000002,4971.177600000021
1530892800000.0,22475.56000000002,1456.4206,19000.0,1.513437801202139,13.38160834900518,23931.98060000002,4931.980600000021
1530979200000.0,22375.71870000002,1456.4206,19000.0,1.5067147830641632,13.766385984193995,23832.13930000002,4832.139300000021
1531065600000.0,22340.06310000002,1456.4206,19000.0,1.504313840312813,13.903798832877234,23796.483700000023,4796.4837000000225
1531152000000.0,22301.76820000002,1456.4206,19000.0,1.5017351748978796,14.051383259980977,23758.18880000002,4758.188800000022
1531238400000.0,22093.00550000002,1456.4206,19000.0,1.4876777115171664,14.85593225945948,23549.426100000022,4549.426100000022
1531324800000.0,22093.00550000002,1456.4206,19000.0,1.4876777115171664,14.85593225945948,23549.426100000022,4549.426100000022
1531411200000.0,22093.00550000002,1456.4206,19000.0,1.4876777115171664,14.85593225945948,23549.426100000022,4549.426100000022
1531497600000.0,22093.00550000002,1456.4206,19000.0,1.4876777115171664,14.85593225945948,23549.426100000022,4549.426100000022
1531584000000.0,22093.00550000002,1456.4206,19000.0,1.4876777115171664,14.85593225945948,23549.426100000022,4549.426100000022
1531670400000.0,22093.00550000002,1456.4206,19000.0,1.4876777115171664,14.85593225945948,23549.426100000022,4549.426100000022
1531756800000.0,22959.13500000002,1456.4206,19000.0,1.5460003128688706,11.517962293350504,24415.55560000002,5415.5556000000215
1531843200000.0,23487.63500000002,1456.4206,19000.0,1.5815879412943838,9.481180118065414,24944.05560000002,5944.0556000000215
1531929600000.0,25849.66970000002,1456.4206,19000.0,1.7406403788190175,1.6386023427061858,27306.09030000002,8306.090300000022
1532016000000.0,25127.357100000023,1793.5707,19000.0,1.7147046741199792,3.646502009925945,26920.927800000023,7920.927800000023
1532102400000.0,25330.428300000025,1793.5707,19000.0,1.7285623645421508,2.8678040997887067,27123.999000000025,8123.999000000025
1532188800000.0,24924.204500000025,1793.5707,19000.0,1.70084142891702,4.42551205693873,26717.775200000026,7717.7752000000255
1532275200000.0,25254.563600000023,1793.5707,19000.0,1.72338531567175,3.158715284354463,27048.134300000023,8048.134300000023
1532361600000.0,24868.601400000025,1793.5707,19000.0,1.6970470427789903,4.638728001726323,26662.172100000025,7662.172100000025
1532448000000.0,25949.056800000024,1793.5707,19000.0,1.770777913764947,1.759259929505197,27742.627500000024,8742.627500000024
1532534400000.0,25787.567600000024,1793.5707,19000.0,1.7597578019020925,3.4712641846991077,27581.138300000024,8581.138300000024
1532620800000.0,26011.763400000025,1793.5707,19000.0,1.7750570466514763,2.632048269309717,27805.334100000026,8805.334100000026
1532707200000.0,25541.762900000027,1868.3663999999999,19000.0,1.748088053649238,4.111389800231702,27410.129300000026,8410.129300000026
1532793600000.0,25404.571500000027,1868.3663999999999,19000.0,1.7386986215907558,4.626432271217928,27272.937900000026,8272.937900000026
1532880000000.0,25610.10470000003,1868.3663999999999,19000.0,1.752765392665054,3.8548217533741935,27478.471100000028,8478.471100000028
1532966400000.0,25446.803900000028,1868.3663999999999,19000.0,1.741589023251987,4.467883851625465,27315.170300000027,8315.170300000027
1533052800000.0,25446.803900000028,1868.3663999999999,19000.0,1.741589023251987,4.467883851625465,27315.170300000027,8315.170300000027
1533139200000.0,26446.803900000028,1868.3663999999999,20000.0,1.741589023251987,4.467883851625465,28315.170300000027,8315.170300000027
1533225600000.0,26446.803900000028,1868.3663999999999,20000.0,1.741589023251987,4.467883851625465,28315.170300000027,8315.170300000027
1533312000000.0,26446.803900000028,1868.3663999999999,20000.0,1.741589023251987,4.467883851625465,28315.170300000027,8315.170300000027
1533398400000.0,26446.803900000028,1868.3663999999999,20000.0,1.741589023251987,4.467883851625465,28315.170300000027,8315.170300000027
1533484800000.0,26446.803900000028,1868.3663999999999,20000.0,1.741589023251987,4.467883851625465,28315.170300000027,8315.170300000027
1533571200000.0,26446.803900000028,1868.3663999999999,20000.0,1.741589023251987,4.467883851625465,28315.170300000027,8315.170300000027
1533657600000.0,26446.803900000028,1868.3663999999999,20000.0,1.741589023251987,4.467883851625465,28315.170300000027,8315.170300000027
1533744000000.0,26446.803900000028,1868.3663999999999,20000.0,1.741589023251987,4.467883851625465,28315.170300000027,8315.170300000027
1533830400000.0,26446.803900000028,1868.3663999999999,20000.0,1.741589023251987,4.467883851625465,28315.170300000027,8315.170300000027
1533916800000.0,26446.803900000028,1868.3663999999999,20000.0,1.741589023251987,4.467883851625465,28315.170300000027,8315.170300000027
1534003200000.0,26446.803900000028,1868.3663999999999,20000.0,1.741589023251987,4.467883851625465,28315.170300000027,8315.170300000027
1534089600000.0,26446.803900000028,1868.3663999999999,20000.0,1.741589023251987,4.467883851625465,28315.170300000027,8315.170300000027
1534176000000.0,26446.803900000028,1868.3663999999999,20000.0,1.741589023251987,4.467883851625465,28315.170300000027,8315.170300000027
1534262400000.0,26446.803900000028,1868.3663999999999,20000.0,1.741589023251987,4.467883851625465,28315.170300000027,8315.170300000027
1534348800000.0,26446.803900000028,1868.3663999999999,20000.0,1.741589023251987,4.467883851625465,28315.170300000027,8315.170300000027
1534435200000.0,26044.935200000025,1868.3663999999999,20000.0,1.7151249514739773,5.919528725991419,27913.301600000024,7913.301600000024
1534521600000.0,26295.931800000028,1868.3663999999999,20000.0,1.731653713326882,5.012869591121549,28164.298200000027,8164.298200000027
1534608000000.0,26049.193500000027,1868.8394999999998,20000.0,1.7154365261480202,5.902437789179016,27918.033000000025,7918.033000000025
1534694400000.0,26049.193500000027,1868.8394999999998,20000.0,1.7154365261480202,5.902437789179016,27918.033000000025,7918.033000000025
1534780800000.0,25720.741200000026,1868.8394999999998,20000.0,1.6938067174356188,7.088906795696914,27589.580700000024,7589.580700000024
1534867200000.0,25720.741200000026,1868.8394999999998,20000.0,1.6938067174356188,7.088906795696914,27589.580700000024,7589.580700000024
1534953600000.0,25710.988000000027,1868.8394999999998,20000.0,1.6931644328471602,7.124138302720517,27579.827500000025,7579.827500000025
1535040000000.0,25688.947800000024,1868.8394999999998,20000.0,1.6917130034920207,7.20375416839556,27557.78730000002,7557.787300000022
1535126400000.0,25624.853700000025,1868.8394999999998,20000.0,1.6874921680081665,7.435281434761654,27493.693200000023,7493.693200000023
1535212800000.0,26396.269900000025,1868.8394999999998,20000.0,1.7382928012923526,4.648692902954132,28265.109400000023,8265.109400000023
1535299200000.0,25968.739200000025,1899.9273999999998,20000.0,1.7121855646269106,6.080764150612228,27868.666600000026,7868.666600000026
1535385600000.0,26289.68580000002,1899.9273999999998,20000.0,1.733346396937787,4.920020104152756,28189.61320000002,8189.613200000022
1535472000000.0,27320.676800000023,1899.9273999999998,20000.0,1.8013222772400646,1.1913105144474412,29220.604200000023,9220.604200000023
1535558400000.0,26825.43680000002,1995.1159999999998,20000.0,1.7749458626242642,2.6381470935786244,28820.55280000002,8820.55280000002
1535644800000.0,26484.78890000002,1995.1159999999998,20000.0,1.7524063757475157,3.874515059548944,28479.90490000002,8479.90490000002
1535731200000.0,26380.51300000002,1995.1159999999998,20000.0,1.7455068020832978,4.252980279451146,28375.62900000002,8375.629000000019
1535817600000.0,27764.192400000018,1995.1159999999998,21000.0,1.7699663511983648,2.911290330903882,29759.308400000016,8759.308400000016
1535904000000.0,27917.451500000017,1995.1159999999998,21000.0,1.7797366137763948,2.375358003045247,29912.567500000016,8912.567500000016
1535990400000.0,28154.455300000016,1995.1159999999998,21000.0,1.794845598221631,1.5465785162458334,30149.571300000014,9149.571300000014
1536076800000.0,28443.14500000002,1995.1159999999998,21000.0,1.8132495570898008,0.5370584097737718,30438.261000000017,9438.261000000017
1536163200000.0,27917.99420000002,2054.8360999999995,21000.0,1.7835783652918826,2.1646247892440518,29972.83030000002,8972.83030000002
1536249600000.0,27917.99420000002,2054.8360999999995,21000.0,1.7835783652918826,2.1646247892440518,29972.83030000002,8972.83030000002
1536336000000.0,27917.99420000002,2054.8360999999995,21000.0,1.7835783652918826,2.1646247892440518,29972.83030000002,8972.83030000002
1536422400000.0,27917.99420000002,2054.8360999999995,21000.0,1.7835783652918826,2.1646247892440518,29972.83030000002,8972.83030000002
1536508800000.0,27917.99420000002,2054.8360999999995,21000.0,1.7835783652918826,2.1646247892440518,29972.83030000002,8972.83030000002
1536595200000.0,27917.99420000002,2054.8360999999995,21000.0,1.7835783652918826,2.1646247892440518,29972.83030000002,8972.83030000002
1536681600000.0,27917.99420000002,2054.8360999999995,21000.0,1.7835783652918826,2.1646247892440518,29972.83030000002,8972.83030000002
1536768000000.0,27917.99420000002,2054.8360999999995,21000.0,1.7835783652918826,2.1646247892440518,29972.83030000002,8972.83030000002
1536854400000.0,28048.33360000002,2054.8360999999995,21000.0,1.7919052720287973,1.7078654671955906,30103.16970000002,9103.16970000002
1536940800000.0,28048.33360000002,2054.8360999999995,21000.0,1.7919052720287973,1.7078654671955906,30103.16970000002,9103.16970000002
1537027200000.0,28296.10600000002,2054.8360999999995,21000.0,1.8077345428922627,0.8395758061543246,30350.942100000022,9350.942100000022
1537113600000.0,27866.506500000018,2054.8360999999995,21000.0,1.7802890047761963,2.3450574668981927,29921.342600000018,8921.342600000018
1537200000000.0,27712.33100000002,2054.8360999999995,21000.0,1.7704392969394473,2.8853476389910537,29767.16710000002,8767.16710000002
1537286400000.0,27712.33100000002,2054.8360999999995,21000.0,1.7704392969394473,2.8853476389910537,29767.16710000002,8767.16710000002
1537372800000.0,27712.33100000002,2054.8360999999995,21000.0,1.7704392969394473,2.8853476389910537,29767.16710000002,8767.16710000002
1537459200000.0,27679.951000000023,2054.8360999999995,21000.0,1.7683706573712026,2.998819596418578,29734.787100000023,8734.787100000023
1537545600000.0,27263.822700000022,2054.8360999999995,21000.0,1.741785744868223,4.457092997962375,29318.658800000023,8318.658800000023
1537632000000.0,27163.837400000022,2054.8360999999995,21000.0,1.735398050370915,4.807479894348365,29218.673500000023,8218.673500000023
1537718400000.0,27166.023700000023,2054.8360999999995,21000.0,1.73553772506789,4.799818259372335,29220.859800000024,8220.859800000024
1537804800000.0,27043.347300000023,2054.8360999999995,21000.0,1.7277003793257704,5.229723485998705,29098.183400000024,8098.1834000000235
1537891200000.0,26933.621500000023,2054.8360999999995,21000.0,1.7206903999700778,5.614244835791826,28988.457600000023,7988.457600000023
1537977600000.0,26933.621500000023,2054.8360999999995,21000.0,1.7206903999700778,5.614244835791826,28988.457600000023,7988.457600000023
1538064000000.0,26933.621500000023,2054.8360999999995,21000.0,1.7206903999700778,5.614244835791826,28988.457600000023,7988.457600000023
1538150400000.0,26583.103600000024,2054.8360999999995,21000.0,1.6982970955439476,6.842594194234842,28637.939700000024,7637.9397000000245
1538236800000.0,26253.088400000026,2054.8360999999995,21000.0,1.6772136335043477,7.999094216620128,28307.924500000026,7307.9245000000265
1538323200000.0,26235.59940000003,2054.8360999999995,21000.0,1.6760963253694177,8.06038239029061,28290.43550000003,7290.435500000029
1538409600000.0,26917.552000000025,2054.8360999999995,22000.0,1.6565017712503014,9.135210719472253,28972.388100000026,6972.388100000026
1538496000000.0,26826.235600000025,2054.8360999999995,22000.0,1.6508821748492541,9.44346480750583,28881.071700000026,6881.071700000026
1538582400000.0,26826.235600000025,2054.8360999999995,22000.0,1.6508821748492541,9.44346480750583,28881.071700000026,6881.071700000026
1538668800000.0,26826.235600000025,2054.8360999999995,22000.0,1.6508821748492541,9.44346480750583,28881.071700000026,6881.071700000026
1538755200000.0,26869.252200000024,2054.8360999999995,22000.0,1.6535294094155015,9.298254934982342,28924.088300000025,6924.088300000025
1538841600000.0,26774.359900000025,2054.8360999999995,22000.0,1.6476897527101662,9.618580083563621,28829.196000000025,6829.196000000025
1538928000000.0,26650.349700000028,2054.8360999999995,22000.0,1.6400581851756038,10.037197671509057,28705.18580000003,6705.185800000028
1539014400000.0,27270.136300000027,2054.8360999999995,22000.0,1.6781997517154288,7.945002259092105,29324.972400000028,7324.972400000028
1539100800000.0,26833.20990000003,2075.1537999999996,22000.0,1.6525617200895113,9.351336005115307,28908.36370000003,6908.363700000031
1539187200000.0,26663.48010000003,2075.1537999999996,22000.0,1.6421086669034126,9.924721733749987,28738.63390000003,6738.63390000003
1539273600000.0,26663.48010000003,2075.1537999999996,22000.0,1.6421086669034126,9.924721733749987,28738.63390000003,6738.63390000003
1539360000000.0,26663.48010000003,2075.1537999999996,22000.0,1.6421086669034126,9.924721733749987,28738.63390000003,6738.63390000003
1539446400000.0,26663.48010000003,2075.1537999999996,22000.0,1.6421086669034126,9.924721733749987,28738.63390000003,6738.63390000003
1539532800000.0,26663.48010000003,2075.1537999999996,22000.0,1.6421086669034126,9.924721733749987,28738.63390000003,6738.63390000003
1539619200000.0,27319.74980000003,2075.1537999999996,22000.0,1.682525977702842,7.707693963049933,29394.90360000003,7394.903600000031
1539705600000.0,26882.08560000003,2099.4431999999997,22000.0,1.6570676977178727,9.104167716611277,28981.52880000003,6981.528800000029
1539792000000.0,26996.06810000003,2099.4431999999997,22000.0,1.6640938162142411,8.718761079737792,29095.511300000027,7095.511300000027
1539878400000.0,26890.800300000028,2099.4431999999997,22000.0,1.6576048899610702,9.074700884261055,28990.243500000026,6990.243500000026
1539964800000.0,26739.68520000003,2099.4431999999997,22000.0,1.6482898407281565,9.58566320279065,28839.12840000003,6839.1284000000305
1540051200000.0,26739.68520000003,2099.4431999999997,22000.0,1.6482898407281565,9.58566320279065,28839.12840000003,6839.1284000000305
1540137600000.0,26739.68520000003,2099.4431999999997,22000.0,1.6482898407281565,9.58566320279065,28839.12840000003,6839.1284000000305
1540224000000.0,26428.725300000027,2099.4431999999997,22000.0,1.629121625387916,10.637105391385548,28528.16850000003,6528.168500000029
1540310400000.0,26428.725300000027,2099.4431999999997,22000.0,1.629121625387916,10.637105391385548,28528.16850000003,6528.168500000029
1540396800000.0,26428.725300000027,2099.4431999999997,22000.0,1.629121625387916,10.637105391385548,28528.16850000003,6528.168500000029
1540483200000.0,26428.725300000027,2099.4431999999997,22000.0,1.629121625387916,10.637105391385548,28528.16850000003,6528.168500000029
1540569600000.0,26428.725300000027,2099.4431999999997,22000.0,1.629121625387916,10.637105391385548,28528.16850000003,6528.168500000029
1540656000000.0,26428.725300000027,2099.4431999999997,22000.0,1.629121625387916,10.637105391385548,28528.16850000003,6528.168500000029
1540742400000.0,26428.725300000027,2099.4431999999997,22000.0,1.629121625387916,10.637105391385548,28528.16850000003,6528.168500000029
1540828800000.0,26428.725300000027,2099.4431999999997,22000.0,1.629121625387916,10.637105391385548,28528.16850000003,6528.168500000029
1540915200000.0,26428.725300000027,2099.4431999999997,22000.0,1.629121625387916,10.637105391385548,28528.16850000003,6528.168500000029
1541001600000.0,26428.725300000027,2099.4431999999997,22000.0,1.629121625387916,10.637105391385548,28528.16850000003,6528.168500000029
1541088000000.0,27428.725300000027,2099.4431999999997,23000.0,1.629121625387916,10.637105391385548,29528.16850000003,6528.168500000029
1541174400000.0,27413.532500000027,2099.4431999999997,23000.0,1.6282192531938207,10.68660359337491,29512.975700000025,6512.9757000000245
1541260800000.0,27073.957100000025,2099.4431999999997,23000.0,1.6080502653338653,11.792941578460859,29173.400300000023,6173.400300000023
1541347200000.0,27073.957100000025,2099.4431999999997,23000.0,1.6080502653338653,11.792941578460859,29173.400300000023,6173.400300000023
1541433600000.0,26950.173500000026,2099.4431999999997,23000.0,1.6006981723210572,12.196229032766093,29049.616700000028,6049.616700000028
1541520000000.0,27006.988600000026,2099.4431999999997,23000.0,1.6040726896216688,12.011125214125363,29106.431800000028,6106.431800000028
1541606400000.0,27434.604200000027,2099.4431999999997,23000.0,1.6294708010429542,10.617951912127277,29534.047400000025,6534.047400000025
1541692800000.0,27360.563600000027,2099.4431999999997,23000.0,1.6250731798885838,10.859176477330035,29460.006800000025,6460.006800000025
1541779200000.0,26910.738000000027,2119.0058999999997,23000.0,1.5995178328089978,12.260974693111393,29029.743900000027,6029.743900000027
1541865600000.0,26910.738000000027,2119.0058999999997,23000.0,1.5995178328089978,12.260974693111393,29029.743900000027,6029.743900000027
1541952000000.0,26910.738000000027,2119.0058999999997,23000.0,1.5995178328089978,12.260974693111393,29029.743900000027,6029.743900000027
1542038400000.0,26910.738000000027,2119.0058999999997,23000.0,1.5995178328089978,12.260974693111393,29029.743900000027,6029.743900000027
1542124800000.0,26841.833200000026,2119.0058999999997,23000.0,1.5954222759957235,12.485629995800085,28960.839100000027,5960.8391000000265
1542211200000.0,26505.907800000026,2119.0058999999997,23000.0,1.5754555746814194,13.58087187180611,28624.913700000026,5624.913700000026
1542297600000.0,26505.907800000026,2119.0058999999997,23000.0,1.5754555746814194,13.58087187180611,28624.913700000026,5624.913700000026
1542384000000.0,26505.907800000026,2119.0058999999997,23000.0,1.5754555746814194,13.58087187180611,28624.913700000026,5624.913700000026
1542470400000.0,26505.907800000026,2119.0058999999997,23000.0,1.5754555746814194,13.58087187180611,28624.913700000026,5624.913700000026
1542556800000.0,26505.907800000026,2119.0058999999997,23000.0,1.5754555746814194,13.58087187180611,28624.913700000026,5624.913700000026
1542643200000.0,26505.907800000026,2119.0058999999997,23000.0,1.5754555746814194,13.58087187180611,28624.913700000026,5624.913700000026
1542729600000.0,26505.907800000026,2119.0058999999997,23000.0,1.5754555746814194,13.58087187180611,28624.913700000026,5624.913700000026
1542816000000.0,26505.907800000026,2119.0058999999997,23000.0,1.5754555746814194,13.58087187180611,28624.913700000026,5624.913700000026
1542902400000.0,26505.907800000026,2119.0058999999997,23000.0,1.5754555746814194,13.58087187180611,28624.913700000026,5624.913700000026
1542988800000.0,26505.907800000026,2119.0058999999997,23000.0,1.5754555746814194,13.58087187180611,28624.913700000026,5624.913700000026
1543075200000.0,26505.907800000026,2119.0058999999997,23000.0,1.5754555746814194,13.58087187180611,28624.913700000026,5624.913700000026
1543161600000.0,26505.907800000026,2119.0058999999997,23000.0,1.5754555746814194,13.58087187180611,28624.913700000026,5624.913700000026
1543248000000.0,26505.907800000026,2119.0058999999997,23000.0,1.5754555746814194,13.58087187180611,28624.913700000026,5624.913700000026
1543334400000.0,26505.907800000026,2119.0058999999997,23000.0,1.5754555746814194,13.58087187180611,28624.913700000026,5624.913700000026
1543420800000.0,26505.907800000026,2119.0058999999997,23000.0,1.5754555746814194,13.58087187180611,28624.913700000026,5624.913700000026
1543507200000.0,26526.45970000003,2119.0058999999997,23000.0,1.5766771365184864,13.513865025906725,28645.46560000003,5645.465600000029
1543593600000.0,26170.914800000028,2119.0058999999997,23000.0,1.5555442932678,14.673073776660239,28289.920700000028,5289.920700000028
1543680000000.0,27170.914800000028,2119.0058999999997,24000.0,1.5555442932678,14.673073776660239,29289.920700000028,5289.920700000028
1543766400000.0,27045.884900000026,2119.0058999999997,24000.0,1.5483862881411987,15.065714846404854,29164.890800000027,5164.8908000000265
1543852800000.0,26960.120800000026,2119.0058999999997,24000.0,1.5434762636792234,15.33504648603411,29079.126700000026,5079.126700000026
1543939200000.0,26960.120800000026,2119.0058999999997,24000.0,1.5434762636792234,15.33504648603411,29079.126700000026,5079.126700000026
1544025600000.0,26960.120800000026,2119.0058999999997,24000.0,1.5434762636792234,15.33504648603411,29079.126700000026,5079.126700000026
1544112000000.0,26960.120800000026,2119.0058999999997,24000.0,1.5434762636792234,15.33504648603411,29079.126700000026,5079.126700000026
1544198400000.0,26960.120800000026,2119.0058999999997,24000.0,1.5434762636792234,15.33504648603411,29079.126700000026,5079.126700000026
1544284800000.0,26960.120800000026,2119.0058999999997,24000.0,1.5434762636792234,15.33504648603411,29079.126700000026,5079.126700000026
1544371200000.0,26960.120800000026,2119.0058999999997,24000.0,1.5434762636792234,15.33504648603411,29079.126700000026,5079.126700000026
1544457600000.0,26960.120800000026,2119.0058999999997,24000.0,1.5434762636792234,15.33504648603411,29079.126700000026,5079.126700000026
1544544000000.0,26960.120800000026,2119.0058999999997,24000.0,1.5434762636792234,15.33504648603411,29079.126700000026,5079.126700000026
1544630400000.0,26960.120800000026,2119.0058999999997,24000.0,1.5434762636792234,15.33504648603411,29079.126700000026,5079.126700000026
1544716800000.0,26960.120800000026,2119.0058999999997,24000.0,1.5434762636792234,15.33504648603411,29079.126700000026,5079.126700000026
1544803200000.0,26960.120800000026,2119.0058999999997,24000.0,1.5434762636792234,15.33504648603411,29079.126700000026,5079.126700000026
1544889600000.0,26960.120800000026,2119.0058999999997,24000.0,1.5434762636792234,15.33504648603411,29079.126700000026,5079.126700000026
1544976000000.0,26960.120800000026,2119.0058999999997,24000.0,1.5434762636792234,15.33504648603411,29079.126700000026,5079.126700000026
1545062400000.0,26960.120800000026,2119.0058999999997,24000.0,1.5434762636792234,15.33504648603411,29079.126700000026,5079.126700000026
1545148800000.0,27275.402600000027,2119.0058999999997,24000.0,1.5615262560468415,14.344942653086912,29394.408500000027,5394.408500000027
1545235200000.0,28363.168800000025,2119.0058999999997,24000.0,1.623801248157876,10.928946284218167,30482.174700000025,6482.174700000025
1545321600000.0,27829.03890000003,2215.5523,24000.0,1.5987494410596055,12.303123609342691,30044.591200000028,6044.591200000028
1545408000000.0,27406.712500000027,2215.5523,24000.0,1.5744872271049324,13.633989049230788,29622.264800000026,5622.264800000026
1545494400000.0,27365.45290000003,2215.5523,24000.0,1.5721169058489461,13.76400927932676,29581.00520000003,5581.005200000029
1545580800000.0,27523.488300000026,2215.5523,24000.0,1.581195875781236,13.265996718097139,29739.040600000026,5739.040600000026
1545667200000.0,27755.63150000003,2215.5523,24000.0,1.5945322620135969,12.534450307583766,29971.183800000028,5971.183800000028
1545753600000.0,27332.829100000028,2215.5523,24000.0,1.5702427023522798,13.866815753034833,29548.381400000027,5548.3814000000275
1545840000000.0,27332.829100000028,2215.5523,24000.0,1.5702427023522798,13.866815753034833,29548.381400000027,5548.3814000000275
1545926400000.0,27332.829100000028,2215.5523,24000.0,1.5702427023522798,13.866815753034833,29548.381400000027,5548.3814000000275
1546012800000.0,27332.829100000028,2215.5523,24000.0,1.5702427023522798,13.866815753034833,29548.381400000027,5548.3814000000275
1546099200000.0,27311.400600000026,2215.5523,24000.0,1.569011657237109,13.934342789181853,29526.952900000026,5526.952900000026
1546185600000.0,26884.29370000003,2215.5523,24000.0,1.5444748085122435,15.2802728857795,29099.84600000003,5099.8460000000305
1546272000000.0,26567.59050000003,2217.6324,24000.0,1.5263985476010384,16.271817638210862,28785.22290000003,4785.22290000003
1546358400000.0,27567.59050000003,2217.6324,25000.0,1.5263985476010387,16.27181763821084,29785.22290000003,4785.22290000003
1546444800000.0,27639.073500000028,2217.6324,25000.0,1.5303565122036455,16.05470973899972,29856.705900000026,4856.705900000026
1546531200000.0,27670.566900000027,2217.6324,25000.0,1.5321002801263088,15.959058102764311,29888.199300000026,4888.199300000026
1546617600000.0,27266.672900000027,2217.6324,25000.0,1.5097369468134183,17.1857634431107,29484.305300000025,4484.305300000025
1546704000000.0,26920.846000000027,2217.6324,25000.0,1.49058874893659,18.236107605354846,29138.478400000025,4138.478400000025
1546790400000.0,26514.954100000024,2217.6324,25000.0,1.4681147932732168,19.46888096007997,28732.586500000023,3732.586500000023
1546876800000.0,27654.986500000025,2217.6324,25000.0,1.5312376040817322,16.006378835146418,29872.618900000023,4872.618900000023
1546963200000.0,27878.737400000027,2217.6324,25000.0,1.5436265377023337,15.326803441757775,30096.369800000026,5096.369800000026
1547049600000.0,27359.830900000026,2311.5075,25000.0,1.5200928410724148,16.617707214022037,29671.338400000026,4671.338400000026
1547136000000.0,26985.530000000028,2311.5075,25000.0,1.4992969479772948,17.75843309598847,29297.037500000028,4297.037500000028
1547222400000.0,26985.530000000028,2311.5075,25000.0,1.4992969479772948,17.75843309598847,29297.037500000028,4297.037500000028
1547308800000.0,26985.530000000028,2311.5075,25000.0,1.4992969479772948,17.75843309598847,29297.037500000028,4297.037500000028
1547395200000.0,26985.530000000028,2311.5075,25000.0,1.4992969479772948,17.75843309598847,29297.037500000028,4297.037500000028
1547481600000.0,26985.530000000028,2311.5075,25000.0,1.4992969479772948,17.75843309598847,29297.037500000028,4297.037500000028
1547568000000.0,26921.71770000003,2311.5075,25000.0,1.4957515817520102,17.95290856264592,29233.22520000003,4233.22520000003
1547654400000.0,26921.71770000003,2311.5075,25000.0,1.4957515817520102,17.95290856264592,29233.22520000003,4233.22520000003
1547740800000.0,26921.71770000003,2311.5075,25000.0,1.4957515817520102,17.95290856264592,29233.22520000003,4233.22520000003
1547827200000.0,26846.27150000003,2311.5075,25000.0,1.4915598442765379,18.182839703703856,29157.77900000003,4157.779000000031
1547913600000.0,27616.07660000003,2311.5075,25000.0,1.5343296708082885,15.836768396796074,29927.58410000003,4927.584100000029
1548000000000.0,27162.80310000003,2346.6776,25000.0,1.5111001418140857,17.1109875336407,29509.48070000003,4509.480700000029
1548086400000.0,27162.80310000003,2346.6776,25000.0,1.5111001418140857,17.1109875336407,29509.48070000003,4509.480700000029
1548172800000.0,27162.80310000003,2346.6776,25000.0,1.5111001418140857,17.1109875336407,29509.48070000003,4509.480700000029
1548259200000.0,27109.02450000003,2346.6776,25000.0,1.5081083721580826,17.275096334540695,29455.702100000028,4455.702100000028
1548345600000.0,27109.02450000003,2346.6776,25000.0,1.5081083721580826,17.275096334540695,29455.702100000028,4455.702100000028
1548432000000.0,26776.069800000027,2346.6776,25000.0,1.4895856927227018,18.291128670284163,29122.747400000026,4122.747400000026
1548518400000.0,26442.063900000026,2346.6776,25000.0,1.4710045337385342,19.310368809345412,28788.741500000026,3788.7415000000256
1548604800000.0,26298.48850000003,2346.6776,25000.0,1.4630172576646223,19.748498227603516,28645.166100000028,3645.1661000000277
1548691200000.0,26298.48850000003,2346.6776,25000.0,1.4630172576646223,19.748498227603516,28645.166100000028,3645.1661000000277
1548777600000.0,26298.48850000003,2346.6776,25000.0,1.4630172576646223,19.748498227603516,28645.166100000028,3645.1661000000277
1548864000000.0,26298.48850000003,2346.6776,25000.0,1.4630172576646223,19.748498227603516,28645.166100000028,3645.1661000000277
1548950400000.0,26298.48850000003,2346.6776,25000.0,1.4630172576646223,19.748498227603516,28645.166100000028,3645.1661000000277
1549036800000.0,27298.48850000003,2346.6776,26000.0,1.4630172576646223,19.748498227603516,29645.166100000028,3645.1661000000277
1549123200000.0,27144.806800000028,2346.6776,26000.0,1.4547809416031219,20.20028834118196,29491.484400000027,3491.4844000000267
1549209600000.0,27058.13050000003,2346.6776,26000.0,1.4501356689269254,20.45509743960785,29404.808100000027,3404.8081000000275
1549296000000.0,27003.685000000027,2346.6776,26000.0,1.4472177525704142,20.615155134368102,29350.362600000026,3350.362600000026
1549382400000.0,26863.688700000028,2346.6776,26000.0,1.4397148828452573,21.026713207174186,29210.366300000027,3210.366300000027
1549468800000.0,26863.688700000028,2346.6776,26000.0,1.4397148828452573,21.026713207174186,29210.366300000027,3210.366300000027
1549555200000.0,26863.688700000028,2346.6776,26000.0,1.4397148828452573,21.026713207174186,29210.366300000027,3210.366300000027
1549641600000.0,26863.688700000028,2346.6776,26000.0,1.4397148828452573,21.026713207174186,29210.366300000027,3210.366300000027
1549728000000.0,26781.680100000027,2346.6776,26000.0,1.4353197678161993,21.267800302829755,29128.357700000026,3128.357700000026
1549814400000.0,26699.19090000003,2346.6776,26000.0,1.430898895826494,21.510300255895032,29045.86850000003,3045.8685000000296
1549900800000.0,26772.63410000003,2346.6776,26000.0,1.4348349624353876,21.294393536555223,29119.311700000027,3119.3117000000275
1549987200000.0,26460.253800000028,2346.6776,26000.0,1.418093457869871,22.21272233703485,28806.931400000027,2806.9314000000268
1550073600000.0,26403.72780000003,2346.6776,26000.0,1.4150640405632406,22.378896240369695,28750.40540000003,2750.4054000000287
1550160000000.0,26291.52270000003,2346.6776,26000.0,1.4090505941521698,22.708754348869796,28638.20030000003,2638.2003000000295
1550246400000.0,26291.52270000003,2346.6776,26000.0,1.4090505941521698,22.708754348869796,28638.20030000003,2638.2003000000295
1550332800000.0,26385.09440000003,2346.6776,26000.0,1.4140654143657145,22.433674303745832,28731.77200000003,2731.77200000003
1550419200000.0,26124.910600000032,2346.6776,26000.0,1.4001212947282935,23.198556970668903,28471.58820000003,2471.588200000031
1550505600000.0,27430.98900000003,2346.6776,26000.0,1.470118402409292,19.358976144335283,29777.66660000003,3777.6666000000296
1550592000000.0,28681.831100000032,2346.6776,26000.0,1.5371552121181318,15.681777789373697,31028.50870000003,5028.508700000031
1550678400000.0,28058.84790000003,2561.5595,26000.0,1.5152836991669525,16.881505100293026,30620.40740000003,4620.407400000029
1550764800000.0,27905.91750000003,2561.5595,26000.0,1.507024880306928,17.334529569355784,30467.477000000028,4467.477000000028
1550851200000.0,28040.69320000003,2561.5595,26000.0,1.514303276839161,16.935284619136194,30602.25270000003,4602.25270000003
1550937600000.0,27971.90320000003,2561.5595,26000.0,1.510588357180407,17.13906067168578,30533.46270000003,4533.462700000029
1551024000000.0,27705.26610000003,2561.5595,26000.0,1.496188947316428,17.928917565147984,30266.82560000003,4266.825600000029
1551110400000.0,27705.26610000003,2561.5595,26000.0,1.496188947316428,17.928917565147984,30266.82560000003,4266.825600000029
1551196800000.0,27705.26610000003,2561.5595,26000.0,1.496188947316428,17.928917565147984,30266.82560000003,4266.825600000029
1551283200000.0,27705.26610000003,2561.5595,26000.0,1.496188947316428,17.928917565147984,30266.82560000003,4266.825600000029
1551369600000.0,27705.26610000003,2561.5595,26000.0,1.496188947316428,17.928917565147984,30266.82560000003,4266.825600000029
1551456000000.0,28705.26610000003,2561.5595,27000.0,1.496188947316428,17.928917565147984,31266.82560000003,4266.825600000029
1551542400000.0,28705.26610000003,2561.5595,27000.0,1.496188947316428,17.928917565147984,31266.82560000003,4266.825600000029
1551628800000.0,28705.26610000003,2561.5595,27000.0,1.496188947316428,17.928917565147984,31266.82560000003,4266.825600000029
1551715200000.0,28705.26610000003,2561.5595,27000.0,1.496188947316428,17.928917565147984,31266.82560000003,4266.825600000029
1551801600000.0,28705.26610000003,2561.5595,27000.0,1.496188947316428,17.928917565147984,31266.82560000003,4266.825600000029
1551888000000.0,28737.033200000027,2561.5595,27000.0,1.4978447265641353,17.838092408755646,31298.592700000027,4298.5927000000265
1551974400000.0,28844.336300000028,2561.5595,27000.0,1.503437627590501,17.53130265335201,31405.895800000028,4405.8958000000275
1552060800000.0,29079.281500000026,2561.5595,27000.0,1.5156835482602642,16.859572009584433,31640.841000000026,4640.841000000026
1552147200000.0,28672.651400000028,2561.5595,27000.0,1.4944889890756632,18.02216609045213,31234.210900000027,4234.210900000027
1552233600000.0,28549.912500000028,2561.5595,27000.0,1.4880915362547755,18.373088264271065,31111.472000000027,4111.472000000027
1552320000000.0,28299.02530000003,2561.5595,27000.0,1.47501467940365,19.090398600336865,30860.58480000003,3860.5848000000296
1552406400000.0,28299.02530000003,2561.5595,27000.0,1.47501467940365,19.090398600336865,30860.58480000003,3860.5848000000296
1552492800000.0,28154.92110000003,2561.5595,27000.0,1.4675036146899223,19.502406196302267,30716.480600000028,3716.480600000028
1552579200000.0,28154.92110000003,2561.5595,27000.0,1.4675036146899223,19.502406196302267,30716.480600000028,3716.480600000028
1552665600000.0,28632.838100000026,2561.5595,27000.0,1.492413822128641,18.13599609693668,31194.397600000026,4194.397600000026
1552752000000.0,29440.999200000027,2561.5595,27000.0,1.5345371628863527,15.82538674645444,32002.558700000027,5002.558700000027
1552838400000.0,28903.40740000003,2644.7246,27000.0,1.5108513275578492,17.12463584682412,31548.13200000003,4548.1320000000305
1552924800000.0,28811.020900000032,2644.7246,27000.0,1.5060220607436736,17.389537653188214,31455.745500000034,4455.745500000034
1553011200000.0,29004.60090000003,2644.7246,27000.0,1.5161409576592202,16.834481539189284,31649.32550000003,4649.325500000032
1553097600000.0,29191.79350000003,2644.7246,27000.0,1.5259259696581515,16.297740155134356,31836.51810000003,4836.51810000003
1553184000000.0,28800.61560000003,2644.7246,27000.0,1.5054781504323018,17.419372994561254,31445.34020000003,4445.3402000000315
1553270400000.0,28800.61560000003,2644.7246,27000.0,1.5054781504323018,17.419372994561254,31445.34020000003,4445.3402000000315
1553356800000.0,28439.56250000003,2644.7246,27000.0,1.4866050276926666,18.454628344459312,31084.28710000003,4084.2871000000305
1553443200000.0,28403.59390000003,2644.7246,27000.0,1.4847248615825492,18.557761887914115,31048.31850000003,4048.3185000000303
1553529600000.0,28403.59390000003,2644.7246,27000.0,1.4847248615825492,18.557761887914115,31048.31850000003,4048.3185000000303
1553616000000.0,28403.59390000003,2644.7246,27000.0,1.4847248615825492,18.557761887914115,31048.31850000003,4048.3185000000303
1553702400000.0,28442.64570000003,2644.7246,27000.0,1.4867661940475072,18.44578781852335,31087.37030000003,4087.3703000000314
1553788800000.0,28525.802600000028,2644.7246,27000.0,1.4911130072457528,18.20735024353526,31170.52720000003,4170.52720000003
1553875200000.0,29049.87570000003,2644.7246,27000.0,1.5185075814533724,16.70466412752446,31694.60030000003,4694.600300000031
1553961600000.0,28963.669700000028,2644.7246,27000.0,1.5140013843901343,16.951844452782193,31608.39430000003,4608.394300000029
1554048000000.0,29140.331900000027,2644.7246,27000.0,1.5232359467967551,16.445297112031596,31785.056500000028,4785.056500000028
1554134400000.0,30584.48200000003,2644.7246,28000.0,1.545682461332097,15.214028997058993,33229.20660000003,5229.206600000027
1554220800000.0,36024.60490000003,2644.7246,28000.0,1.8206160879346693,2.614651332109108,38669.32950000003,10669.329500000029
1554307200000.0,34832.54510000003,3247.9413,28000.0,1.790857060067321,4.2064714440399165,38080.48640000003,10080.48640000003
1554393600000.0,34260.54630000003,3247.9413,28000.0,1.7614486982496818,5.779534314538437,37508.48760000003,9508.48760000003
1554480000000.0,34431.288700000034,3247.9413,28000.0,1.7702271332338324,5.309972962556908,37679.23000000003,9679.230000000032
1554566400000.0,34789.93590000003,3247.9413,28000.0,1.788666379299529,4.323651673197116,38037.87720000003,10037.877200000032
1554652800000.0,34871.17020000003,3247.9413,28000.0,1.7928429049957413,4.100247950775094,38119.11150000003,10119.111500000028
1554739200000.0,35072.97170000003,3247.9413,28000.0,1.803218191670018,3.5452704807858115,38320.91300000003,10320.91300000003
1554825600000.0,34970.81510000003,3247.9413,28000.0,1.7979659809051356,3.8262129485608587,38218.75640000003,10218.756400000027
1554912000000.0,35226.39220000003,3247.9413,28000.0,1.8111060501309852,3.123346357652479,38474.33350000003,10474.33350000003
1554998400000.0,34624.13020000003,3315.5371999999998,28000.0,1.783592689824065,4.595044978944063,37939.66740000003,9939.667400000028
1555084800000.0,34624.13020000003,3315.5371999999998,28000.0,1.783592689824065,4.595044978944063,37939.66740000003,9939.667400000028
1555171200000.0,34624.13020000003,3315.5371999999998,28000.0,1.783592689824065,4.595044978944063,37939.66740000003,9939.667400000028
1555257600000.0,34624.13020000003,3315.5371999999998,28000.0,1.783592689824065,4.595044978944063,37939.66740000003,9939.667400000028
1555344000000.0,34188.07400000003,3315.5371999999998,28000.0,1.7611301284202132,5.796574718676062,37503.61120000003,9503.611200000028
1555430400000.0,34188.07400000003,3315.5371999999998,28000.0,1.7611301284202132,5.796574718676062,37503.61120000003,9503.611200000028
1555516800000.0,34294.16820000003,3315.5371999999998,28000.0,1.766595358549019,5.504237775609832,37609.70540000003,9609.705400000028
1555603200000.0,34592.70750000003,3315.5371999999998,28000.0,1.7819740123961907,4.6816285627864,37908.24470000003,9908.244700000032
1555689600000.0,34739.85850000003,3315.5371999999998,28000.0,1.7895542013102301,4.276161784120481,38055.39570000003,10055.39570000003
1555776000000.0,34912.08600000003,3315.5371999999998,28000.0,1.7984261558752195,3.801598039241516,38227.62320000003,10227.623200000031
1555862400000.0,34347.29520000003,3333.2284,28000.0,1.7702434162214251,5.309101980236919,37680.52360000003,9680.52360000003
1555948800000.0,34269.30990000003,3333.2284,28000.0,1.7662240905923416,5.524097019768915,37602.53830000003,9602.53830000003
1556035200000.0,36214.72290000002,3333.2284,28000.0,1.86648976027691,1.3156956986039914,39547.95130000002,11547.951300000022
1556121600000.0,35443.20140000002,3473.0326999999997,28000.0,1.8339313533426187,3.037110841538182,38916.234100000016,10916.234100000016
1556208000000.0,35254.87280000003,3473.0326999999997,28000.0,1.8241866996254432,3.5523262974187397,38727.90550000002,10727.905500000023
1556294400000.0,34819.144700000026,3473.0326999999997,28000.0,1.8016408969733608,4.744359008762,38292.17740000003,10292.17740000003
1556380800000.0,34819.144700000026,3473.0326999999997,28000.0,1.8016408969733608,4.744359008762,38292.17740000003,10292.17740000003
1556467200000.0,34819.144700000026,3473.0326999999997,28000.0,1.8016408969733608,4.744359008762,38292.17740000003,10292.17740000003
1556553600000.0,34819.144700000026,3473.0326999999997,28000.0,1.8016408969733608,4.744359008762,38292.17740000003,10292.17740000003
1556640000000.0,34819.144700000026,3473.0326999999997,28000.0,1.8016408969733608,4.744359008762,38292.17740000003,10292.17740000003
1556726400000.0,35907.99460000003,3473.0326999999997,29000.0,1.8061098929494708,4.508076030835184,39381.02730000003,10381.02730000003
1556812800000.0,37169.10600000003,3473.0326999999997,29000.0,1.8695416106219291,1.1543394808846252,40642.138700000025,11642.138700000025
1556899200000.0,39135.928200000024,3473.0326999999997,29000.0,1.9684693584024366,1.0585370532337657,42608.96090000002,13608.96090000002
1556985600000.0,38271.410900000024,3745.5067,29000.0,1.9386906065368439,3.5943904853942277,42016.91760000002,13016.917600000023
1557072000000.0,38655.08870000002,3745.5067,29000.0,1.958126329686437,2.627906854496176,42400.59540000002,13400.59540000002
1557158400000.0,38081.30270000002,3745.5067,29000.0,1.9290604159350746,4.073272670914196,41826.80940000002,12826.80940000002
1557244800000.0,38718.274400000024,3745.5067,29000.0,1.9613270876458844,2.4687421992650616,42463.78110000002,13463.781100000022
1557331200000.0,38130.274100000024,3750.9479,29000.0,1.9318167605279846,3.9362074374954092,41881.22200000002,12881.222000000023
1557417600000.0,38762.140700000025,3750.9479,29000.0,1.9638293939828757,2.3443095709764106,42513.088600000025,13513.088600000025
1557504000000.0,40237.97380000002,3750.9479,29000.0,2.0386004043051424,0.4356237512179506,43988.92170000002,14988.92170000002
1557590400000.0,42999.12440000002,3750.9479,29000.0,2.1784902197686487,0.5437922833956055,46750.07230000002,17750.07230000002
1557676800000.0,41923.39750000002,4172.406,29000.0,2.1453426103280298,8.111476095728243,46095.80350000002,17095.803500000024
1557763200000.0,43039.71330000002,4172.406,29000.0,2.2024677479632233,5.664713257076704,47212.11930000002,18212.11930000002
1557849600000.0,43307.74740000002,4172.406,29000.0,2.2161838351613308,5.077230866008331,47480.153400000025,18480.153400000025
1557936000000.0,43370.88420000002,4172.406,29000.0,2.2194147294923487,4.938846390941887,47543.290200000025,18543.290200000025
1558022400000.0,43393.03860000002,4172.406,29000.0,2.220548434801568,4.890287943025418,47565.444600000024,18565.444600000024
1558108800000.0,42641.24450000002,4275.1321,29000.0,2.1873083732243446,6.3140140080902185,46916.376600000025,17916.376600000025
1558195200000.0,42641.24450000002,4275.1321,29000.0,2.1873083732243446,6.3140140080902185,46916.376600000025,17916.376600000025
1558281600000.0,42520.74970000002,4275.1321,29000.0,2.181127519732369,6.578750046572823,46795.881800000025,17795.881800000025
1558368000000.0,42105.36690000002,4275.1321,29000.0,2.159820208297466,7.491376955998041,46380.499000000025,17380.499000000025
1558454400000.0,42092.71060000002,4275.1321,29000.0,2.1591709957501153,7.5191837885239865,46367.84270000002,17367.842700000023
1558540800000.0,41923.54560000003,4275.1321,29000.0,2.1504935749737,7.890851876689686,46198.67770000003,17198.67770000003
1558627200000.0,41923.54560000003,4275.1321,29000.0,2.1504935749737,7.890851876689686,46198.67770000003,17198.67770000003
1558713600000.0,42295.21370000002,4275.1321,29000.0,2.169558514487611,7.074269414837763,46570.345800000025,17570.345800000025
1558800000000.0,42206.01810000002,4275.1321,29000.0,2.1649831723506154,7.270238782761362,46481.150200000026,17481.150200000026
1558886400000.0,41866.19120000002,4275.1321,29000.0,2.1475515464088146,8.016863759738147,46141.323300000025,17141.323300000025
1558972800000.0,42766.17940000002,4275.1321,29000.0,2.1937169843256914,6.039522739635316,47041.311500000025,18041.311500000025
1559059200000.0,42086.50080000002,4299.6109,29000.0,2.1601081151315733,7.479045436603082,46386.11170000002,17386.111700000023
1559145600000.0,41545.856700000026,4299.6109,29000.0,2.1323593195413255,8.66757162101488,45845.467600000025,16845.467600000025
1559232000000.0,42263.53970000002,4299.6109,29000.0,2.1691947143335666,7.0898515689377,46563.15060000002,17563.150600000023
1559318400000.0,41575.36200000003,4302.8892,29000.0,2.1340419521921072,8.595501719541277,45878.25120000003,16878.251200000028
1559404800000.0,42306.09800000003,4302.8892,30000.0,2.1205453981941624,9.173581145501043,46608.987200000025,16608.987200000025
1559491200000.0,42785.20910000002,4302.8892,30000.0,2.1445603011598937,8.144983673655759,47088.09830000002,17088.09830000002
1559577600000.0,42370.66910000002,4310.0637,30000.0,2.1241415653925806,9.019551437619056,46680.73280000002,16680.73280000002
1559664000000.0,42374.89070000002,4310.5327,30000.0,2.124376716232496,9.009479543521282,46685.423400000014,16685.423400000014
1559750400000.0,42374.89070000002,4310.5327,30000.0,2.124376716232496,9.009479543521282,46685.423400000014,16685.423400000014
1559836800000.0,42374.89070000002,4310.5327,30000.0,2.124376716232496,9.009479543521282,46685.423400000014,16685.423400000014
1559923200000.0,42374.89070000002,4310.5327,30000.0,2.124376716232496,9.009479543521282,46685.423400000014,16685.423400000014
1560009600000.0,42240.903500000015,4310.5327,30000.0,2.117659547568431,9.297186835767047,46551.43620000001,16551.43620000001
1560096000000.0,42240.903500000015,4310.5327,30000.0,2.117659547568431,9.297186835767047,46551.43620000001,16551.43620000001
1560182400000.0,42240.903500000015,4310.5327,30000.0,2.117659547568431,9.297186835767047,46551.43620000001,16551.43620000001
1560268800000.0,41710.86930000002,4310.5327,30000.0,2.0910873890404353,10.435315735241291,46021.40200000002,16021.402000000016
1560355200000.0,42064.76390000002,4310.5327,30000.0,2.10882915629508,9.67540689987202,46375.296600000016,16375.296600000016
1560441600000.0,42175.85280000002,4310.5327,30000.0,2.114398366473406,9.436868542345634,46486.38550000002,16486.38550000002
1560528000000.0,42926.248400000026,4310.5327,30000.0,2.152017883934564,7.82556323714394,47236.78110000002,17236.781100000022
1560614400000.0,44213.77310000002,4310.5327,30000.0,2.216565247929398,5.060894334916655,48524.30580000002,18524.305800000016
1560700800000.0,45802.33670000002,4310.5327,30000.0,2.296204568960012,1.649812291884556,50112.869400000025,20112.869400000025
1560787200000.0,44740.66160000002,4672.531199999999,30000.0,2.26112774272214,3.152209983855936,49413.19280000002,19413.19280000002
1560873600000.0,44475.120900000016,4672.531199999999,30000.0,2.247707703274358,3.727012166806676,49147.652100000014,19147.652100000014
1560960000000.0,43942.40870000002,4672.531199999999,30000.0,2.2207852061267848,4.880146640898531,48614.93990000002,18614.93990000002
1561046400000.0,44786.69580000002,4672.531199999999,30000.0,2.2634542440078076,3.052562138345283,49459.22700000002,19459.22700000002
1561132800000.0,45981.605900000024,4672.531199999999,30000.0,2.3238432566094653,0.7304127640289204,50654.13710000002,20654.13710000002
1561219200000.0,48927.359000000026,4672.531199999999,30000.0,2.472717319250053,2.105925841154066,53599.89020000002,23599.890200000023
1561305600000.0,47783.51210000002,5073.7552,30000.0,2.4351862416682506,3.5917689917041806,52857.26730000002,22857.26730000002
1561392000000.0,48151.530200000016,5073.7552,30000.0,2.4539415104716267,2.849254001893853,53225.285400000015,23225.285400000015
1561478400000.0,49003.181100000016,5073.7552,30000.0,2.497344108213796,1.130959278521615,54076.936300000016,24076.936300000016
1561564800000.0,51858.99560000002,5073.7552,30000.0,2.642884690592978,0.4046687001229121,56932.750800000016,26932.750800000016
1561651200000.0,50716.39430000002,5399.630899999999,30000.0,2.6012619873438747,5.321530994942458,56116.02520000002,26116.02520000002
1561737600000.0,50716.39430000002,5399.630899999999,30000.0,2.6012619873438747,5.321530994942458,56116.02520000002,26116.02520000002
1561824000000.0,50016.54720000002,5399.630899999999,30000.0,2.565366579491845,6.628020797306611,55416.17810000002,25416.17810000002
1561910400000.0,49774.90480000002,5399.630899999999,30000.0,2.552972654444012,7.079124090324196,55174.535700000015,25174.535700000015
1561996800000.0,50774.90480000002,5399.630899999999,31000.0,2.552972654444012,7.079124090324196,56174.535700000015,25174.535700000015
1562083200000.0,50774.90480000002,5399.630899999999,31000.0,2.552972654444012,7.079124090324196,56174.535700000015,25174.535700000015
1562169600000.0,50991.56500000002,5399.630899999999,31000.0,2.5638663738529424,6.682623975984936,56391.19590000001,25391.195900000013
1562256000000.0,51331.57260000002,5399.630899999999,31000.0,2.580962025898422,6.060391317304548,56731.20350000002,25731.203500000018
1562342400000.0,50568.02000000002,5399.630899999999,31000.0,2.5425704441572456,7.457734683571404,55967.650900000015,24967.650900000015
1562428800000.0,50568.02000000002,5399.630899999999,31000.0,2.5425704441572456,7.457734683571404,55967.650900000015,24967.650900000015
1562515200000.0,49753.97200000002,5399.630899999999,31000.0,2.501639943320446,8.947487416549826,55153.60290000002,24153.60290000002
1562601600000.0,50843.83820000002,5399.630899999999,31000.0,2.5564386399711347,6.952972166796966,56243.46910000002,25243.469100000017
1562688000000.0,51985.65690000002,5399.630899999999,31000.0,2.6138495190050786,4.863380976976616,57385.28780000002,26385.28780000002
1562774400000.0,52050.04630000002,5399.630899999999,31000.0,2.617087031277796,4.745544824041104,57449.67720000002,26449.67720000002
1562860800000.0,51098.065800000026,5548.9746,31000.0,2.5767302879235388,6.214414431716653,56647.04040000003,25647.040400000027
1562947200000.0,51098.065800000026,5548.9746,31000.0,2.5767302879235388,6.214414431716653,56647.04040000003,25647.040400000027
1563033600000.0,51098.065800000026,5548.9746,31000.0,2.5767302879235388,6.214414431716653,56647.04040000003,25647.040400000027
1563120000000.0,51098.065800000026,5548.9746,31000.0,2.5767302879235388,6.214414431716653,56647.04040000003,25647.040400000027
1563206400000.0,51098.065800000026,5548.9746,31000.0,2.5767302879235388,6.214414431716653,56647.04040000003,25647.040400000027
1563292800000.0,51098.065800000026,5548.9746,31000.0,2.5767302879235388,6.214414431716653,56647.04040000003,25647.040400000027
1563379200000.0,51098.065800000026,5548.9746,31000.0,2.5767302879235388,6.214414431716653,56647.04040000003,25647.040400000027
1563465600000.0,51098.065800000026,5548.9746,31000.0,2.5767302879235388,6.214414431716653,56647.04040000003,25647.040400000027
1563552000000.0,50449.05900000002,5548.9746,31000.0,2.5440027188375804,7.405603996778387,55998.033600000024,24998.033600000024
1563638400000.0,50773.91330000002,5548.9746,31000.0,2.5603841982706474,6.809365171044302,56322.88790000002,25322.887900000023
1563724800000.0,50375.34560000002,5548.9746,31000.0,2.5402855614964546,7.540897853306872,55924.320200000024,24924.320200000024
1563811200000.0,49962.96120000003,5548.9746,31000.0,2.519490187794713,8.297789759638597,55511.93580000003,24511.93580000003
1563897600000.0,49962.96120000003,5548.9746,31000.0,2.519490187794713,8.297789759638597,55511.93580000003,24511.93580000003
1563984000000.0,49962.96120000003,5548.9746,31000.0,2.519490187794713,8.297789759638597,55511.93580000003,24511.93580000003
1564070400000.0,49962.96120000003,5548.9746,31000.0,2.519490187794713,8.297789759638597,55511.93580000003,24511.93580000003
1564156800000.0,49962.96120000003,5548.9746,31000.0,2.519490187794713,8.297789759638597,55511.93580000003,24511.93580000003
1564243200000.0,49962.96120000003,5548.9746,31000.0,2.519490187794713,8.297789759638597,55511.93580000003,24511.93580000003
1564329600000.0,49962.96120000003,5548.9746,31000.0,2.519490187794713,8.297789759638597,55511.93580000003,24511.93580000003
1564416000000.0,49962.96120000003,5548.9746,31000.0,2.519490187794713,8.297789759638597,55511.93580000003,24511.93580000003
1564502400000.0,49962.96120000003,5548.9746,31000.0,2.519490187794713,8.297789759638597,55511.93580000003,24511.93580000003
1564588800000.0,51166.93540000003,5548.9746,31000.0,2.580203186191974,6.088010904249785,56715.91000000003,25715.910000000033
1564675200000.0,52029.23180000002,5548.9746,32000.0,2.573392518632118,6.335899652329324,57578.206400000025,25578.206400000025
1564761600000.0,54331.78480000002,5548.9746,32000.0,2.6872779722311835,2.1907960675435545,59880.759400000024,27880.759400000024
1564848000000.0,53148.35980000003,5791.7966,32000.0,2.64075526490951,3.8840890632575453,58940.15640000003,26940.15640000003
1564934400000.0,52437.220500000025,5791.7966,32000.0,2.605421251637494,5.170145714481189,58229.01710000003,26229.017100000026
1565020800000.0,55159.72610000003,5791.7966,32000.0,2.7406929895424827,0.5790117134835571,60951.52270000003,28951.52270000003
1565107200000.0,54995.57400000002,5791.7966,32000.0,2.7325368484319728,3.5014483624303483,60787.370600000024,28787.370600000024
1565193600000.0,53971.696300000025,5962.2937999999995,32000.0,2.6901353696878236,4.998841266189191,59933.990100000025,27933.990100000025
1565280000000.0,54000.041100000024,5962.2937999999995,32000.0,2.6915481722168173,4.948948655271234,59962.33490000002,27962.334900000023
1565366400000.0,54092.65240000002,5962.2937999999995,32000.0,2.6961642386153595,4.785933938021303,60054.94620000002,28054.94620000002
1565452800000.0,53454.96060000002,5962.2937999999995,32000.0,2.664379481349172,5.908401158215925,59417.25440000002,27417.25440000002
1565539200000.0,53454.96060000002,5962.2937999999995,32000.0,2.664379481349172,5.908401158215925,59417.25440000002,27417.25440000002
1565625600000.0,53454.96060000002,5962.2937999999995,32000.0,2.664379481349172,5.908401158215925,59417.25440000002,27417.25440000002
1565712000000.0,53454.96060000002,5962.2937999999995,32000.0,2.664379481349172,5.908401158215925,59417.25440000002,27417.25440000002
1565798400000.0,53454.96060000002,5962.2937999999995,32000.0,2.664379481349172,5.908401158215925,59417.25440000002,27417.25440000002
1565884800000.0,53454.96060000002,5962.2937999999995,32000.0,2.664379481349172,5.908401158215925,59417.25440000002,27417.25440000002
1565971200000.0,53454.96060000002,5962.2937999999995,32000.0,2.664379481349172,5.908401158215925,59417.25440000002,27417.25440000002
1566057600000.0,53454.96060000002,5962.2937999999995,32000.0,2.664379481349172,5.908401158215925,59417.25440000002,27417.25440000002
1566144000000.0,53454.96060000002,5962.2937999999995,32000.0,2.664379481349172,5.908401158215925,59417.25440000002,27417.25440000002
1566230400000.0,53394.63120000002,5962.2937999999995,32000.0,2.6613724561137606,6.014593168077131,59356.92500000002,27356.925000000017
1566316800000.0,53511.68740000002,5962.2937999999995,32000.0,2.667206940583378,5.808550456816697,59473.98120000002,27473.981200000017
1566403200000.0,52801.28920000002,5962.2937999999995,32000.0,2.631798245741549,7.058995723300077,58763.58300000002,26763.58300000002
1566489600000.0,52801.28920000002,5962.2937999999995,32000.0,2.631798245741549,7.058995723300077,58763.58300000002,26763.58300000002
1566576000000.0,52801.28920000002,5962.2937999999995,32000.0,2.631798245741549,7.058995723300077,58763.58300000002,26763.58300000002
1566662400000.0,52132.464700000026,5962.2937999999995,32000.0,2.598461727401218,8.23626282523403,58094.758500000025,26094.758500000025
1566748800000.0,52132.464700000026,5962.2937999999995,32000.0,2.598461727401218,8.23626282523403,58094.758500000025,26094.758500000025
1566835200000.0,52111.49050000002,5962.2937999999995,32000.0,2.5974163009807234,8.273181681599773,58073.78430000002,26073.78430000002
1566921600000.0,51870.08650000002,5962.2937999999995,32000.0,2.585383893565281,8.698101802610992,57832.38030000002,25832.38030000002
1567008000000.0,51870.08650000002,5962.2937999999995,32000.0,2.585383893565281,8.698101802610992,57832.38030000002,25832.38030000002
1567094400000.0,51870.08650000002,5962.2937999999995,32000.0,2.585383893565281,8.698101802610992,57832.38030000002,25832.38030000002
1567180800000.0,51870.08650000002,5962.2937999999995,32000.0,2.585383893565281,8.698101802610992,57832.38030000002,25832.38030000002
1567267200000.0,51870.08650000002,5962.2937999999995,32000.0,2.585383893565281,8.698101802610992,57832.38030000002,25832.38030000002
1567353600000.0,52870.08650000002,5962.2937999999995,33000.0,2.5853838935652806,8.698101802611014,58832.38030000002,25832.38030000002
1567440000000.0,53555.11420000002,5962.2937999999995,33000.0,2.6188822231400977,7.5151203953876315,59517.40800000002,26517.408000000018
1567526400000.0,59107.02920000002,5962.2937999999995,33000.0,2.890374716715713,0.9314362861153835,65069.32300000002,32069.32300000002
1567612800000.0,57651.87690000002,6493.603799999999,33000.0,2.8451981875906034,2.4798769876340443,64145.480700000015,31145.480700000015
1567699200000.0,57603.17060000002,6493.603799999999,33000.0,2.842794465735639,2.562265361142091,64096.77440000002,31096.774400000017
1567785600000.0,58725.98220000002,6493.603799999999,33000.0,2.898206738520217,0.6629911095572094,65219.58600000002,32219.586000000018
1567872000000.0,57804.90350000002,6510.606699999999,33000.0,2.853589373641251,2.1922662688279138,64315.51020000002,31315.51020000002
1567958400000.0,56978.16280000002,6510.606699999999,33000.0,2.812776599405295,3.591137806608835,63488.76950000002,30488.769500000017
1568044800000.0,56978.16280000002,6510.606699999999,33000.0,2.812776599405295,3.591137806608835,63488.76950000002,30488.769500000017
1568131200000.0,56978.16280000002,6510.606699999999,33000.0,2.812776599405295,3.591137806608835,63488.76950000002,30488.769500000017
1568217600000.0,56978.16280000002,6510.606699999999,33000.0,2.812776599405295,3.591137806608835,63488.76950000002,30488.769500000017
1568304000000.0,56978.16280000002,6510.606699999999,33000.0,2.812776599405295,3.591137806608835,63488.76950000002,30488.769500000017
1568390400000.0,56524.60490000002,6510.606699999999,33000.0,2.790386318903036,4.358572187238319,63035.21160000002,30035.211600000017
1568476800000.0,56654.54910000002,6510.606699999999,33000.0,2.7968011274371647,4.138702471280576,63165.155800000015,30165.155800000015
1568563200000.0,56209.22620000001,6510.606699999999,33000.0,2.774817374877503,4.892202970206139,62719.83290000001,29719.83290000001
1568649600000.0,56195.720300000015,6510.606699999999,33000.0,2.7741506443687074,4.91505538221646,62706.32700000001,29706.327000000012
1568736000000.0,56195.720300000015,6510.606699999999,33000.0,2.7741506443687074,4.91505538221646,62706.32700000001,29706.327000000012
1568822400000.0,56195.720300000015,6510.606699999999,33000.0,2.7741506443687074,4.91505538221646,62706.32700000001,29706.327000000012
1568908800000.0,56195.720300000015,6510.606699999999,33000.0,2.7741506443687074,4.91505538221646,62706.32700000001,29706.327000000012
1568995200000.0,56182.851900000016,6510.606699999999,33000.0,2.77351538460228,4.9368291239673905,62693.45860000001,29693.458600000013
1569081600000.0,55760.31180000002,6510.606699999999,33000.0,2.752656324794364,5.651780401267647,62270.918500000014,29270.918500000014
1569168000000.0,55760.31180000002,6510.606699999999,33000.0,2.752656324794364,5.651780401267647,62270.918500000014,29270.918500000014
1569254400000.0,55760.31180000002,6510.606699999999,33000.0,2.752656324794364,5.651780401267647,62270.918500000014,29270.918500000014
1569340800000.0,55760.31180000002,6510.606699999999,33000.0,2.752656324794364,5.651780401267647,62270.918500000014,29270.918500000014
1569427200000.0,55760.31180000002,6510.606699999999,33000.0,2.752656324794364,5.651780401267647,62270.918500000014,29270.918500000014
1569513600000.0,55760.31180000002,6510.606699999999,33000.0,2.752656324794364,5.651780401267647,62270.918500000014,29270.918500000014
1569600000000.0,55760.31180000002,6510.606699999999,33000.0,2.752656324794364,5.651780401267647,62270.918500000014,29270.918500000014
1569686400000.0,55760.31180000002,6510.606699999999,33000.0,2.752656324794364,5.651780401267647,62270.918500000014,29270.918500000014
1569772800000.0,55760.31180000002,6510.606699999999,33000.0,2.752656324794364,5.651780401267647,62270.918500000014,29270.918500000014
1569859200000.0,55760.31180000002,6510.606699999999,33000.0,2.752656324794364,5.651780401267647,62270.918500000014,29270.918500000014
1569945600000.0,56678.17720000002,6510.606699999999,34000.0,2.748673113303717,5.788306312273194,63188.78390000002,29188.783900000017
1570032000000.0,56236.94400000002,6510.606699999999,34000.0,2.7272750039527875,6.521733693619103,62747.550700000014,28747.550700000014
1570118400000.0,55401.493000000024,6510.606699999999,34000.0,2.6867588509177414,7.910438440163137,61912.09970000002,27912.09970000002
1570204800000.0,55401.493000000024,6510.606699999999,34000.0,2.6867588509177414,7.910438440163137,61912.09970000002,27912.09970000002
1570291200000.0,55401.493000000024,6510.606699999999,34000.0,2.6867588509177414,7.910438440163137,61912.09970000002,27912.09970000002
1570377600000.0,55401.493000000024,6510.606699999999,34000.0,2.6867588509177414,7.910438440163137,61912.09970000002,27912.09970000002
1570464000000.0,55401.493000000024,6510.606699999999,34000.0,2.6867588509177414,7.910438440163137,61912.09970000002,27912.09970000002
1570550400000.0,55191.054300000025,6510.606699999999,34000.0,2.676553385158892,8.260234205021355,61701.66100000002,27701.661000000022
1570636800000.0,56889.56960000003,6510.606699999999,34000.0,2.7589248298362805,5.436925286619543,63400.17630000003,29400.17630000003
1570723200000.0,56827.995600000024,6510.606699999999,34000.0,2.755938728189409,5.539274923000037,63338.60230000002,29338.60230000002
1570809600000.0,55658.22810000003,6597.769899999999,34000.0,2.7034365928215665,7.338803237693536,62255.99800000003,28255.99800000003
1570896000000.0,55658.22810000003,6597.769899999999,34000.0,2.7034365928215665,7.338803237693536,62255.99800000003,28255.99800000003
1570982400000.0,55658.22810000003,6597.769899999999,34000.0,2.7034365928215665,7.338803237693536,62255.99800000003,28255.99800000003
1571068800000.0,55114.45910000004,6597.769899999999,34000.0,2.6770245947608164,8.244083337730391,61712.229000000036,27712.229000000036
1571155200000.0,55114.45910000004,6597.769899999999,34000.0,2.6770245947608164,8.244083337730391,61712.229000000036,27712.229000000036
1571241600000.0,55114.45910000004,6597.769899999999,34000.0,2.6770245947608164,8.244083337730391,61712.229000000036,27712.229000000036
1571328000000.0,55114.45910000004,6597.769899999999,34000.0,2.6770245947608164,8.244083337730391,61712.229000000036,27712.229000000036
1571414400000.0,55114.45910000004,6597.769899999999,34000.0,2.6770245947608164,8.244083337730391,61712.229000000036,27712.229000000036
1571500800000.0,55114.45910000004,6597.769899999999,34000.0,2.6770245947608164,8.244083337730391,61712.229000000036,27712.229000000036
1571587200000.0,55114.45910000004,6597.769899999999,34000.0,2.6770245947608164,8.244083337730391,61712.229000000036,27712.229000000036
1571673600000.0,54916.78760000003,6597.769899999999,34000.0,2.667423276416693,8.573171747136666,61514.55750000003,27514.55750000003
1571760000000.0,55028.437300000034,6597.769899999999,34000.0,2.67284633595095,8.38729456107955,61626.20720000003,27626.207200000033
1571846400000.0,54402.179800000034,6597.769899999999,34000.0,2.6424276988540756,9.429903559107833,60999.949700000034,26999.949700000034
1571932800000.0,54402.179800000034,6597.769899999999,34000.0,2.6424276988540756,9.429903559107833,60999.949700000034,26999.949700000034
1572019200000.0,54402.179800000034,6597.769899999999,34000.0,2.6424276988540756,9.429903559107833,60999.949700000034,26999.949700000034
1572105600000.0,55930.34900000003,6597.769899999999,34000.0,2.7166540742945626,6.885769623099602,62528.11890000003,28528.11890000003
1572192000000.0,56725.20340000003,6597.769899999999,34000.0,2.7552618155806208,5.562476329905741,63322.97330000003,29322.973300000027
1572278400000.0,56363.25330000003,6597.769899999999,34000.0,2.7376811419135154,6.165059821675866,62961.02320000003,28961.023200000032
1572364800000.0,56276.15680000003,6597.769899999999,34000.0,2.7334506826760485,6.310060232204718,62873.92670000003,28873.926700000033
1572451200000.0,55708.534400000026,6742.920399999999,34000.0,2.7129303385528614,7.0134019157040655,62451.45480000002,28451.45480000002
1572537600000.0,55609.40670000002,6742.920399999999,34000.0,2.7081029535279737,7.178862157984678,62352.327100000024,28352.327100000024
1572624000000.0,56609.40670000002,6742.920399999999,35000.0,2.7081029535279737,7.178862157984678,63352.327100000024,28352.327100000024
1572710400000.0,57021.70570000002,6742.920399999999,35000.0,2.72782667445573,6.502825001935042,63764.62610000002,28764.626100000023
1572796800000.0,56492.243000000024,6742.920399999999,35000.0,2.702498030591796,7.37097277319414,63235.16340000002,28235.16340000002
1572883200000.0,56425.11670000003,6742.920399999999,35000.0,2.6992868163804764,7.481038218291358,63168.03710000003,28168.03710000003
1572969600000.0,56146.52960000002,6742.920399999999,35000.0,2.6859596576571403,7.937831057459322,62889.450000000026,27889.450000000026
1573056000000.0,55878.24150000002,6742.920399999999,35000.0,2.673125186526631,8.377736863987995,62621.16190000002,27621.16190000002
1573142400000.0,55647.15410000002,6742.920399999999,35000.0,2.6620703370423473,8.75664554117348,62390.07450000002,27390.074500000017
1573228800000.0,55647.15410000002,6742.920399999999,35000.0,2.6620703370423473,8.75664554117348,62390.07450000002,27390.074500000017
1573315200000.0,55647.15410000002,6742.920399999999,35000.0,2.6620703370423473,8.75664554117348,62390.07450000002,27390.074500000017
1573401600000.0,55647.15410000002,6742.920399999999,35000.0,2.6620703370423473,8.75664554117348,62390.07450000002,27390.074500000017
1573488000000.0,55647.15410000002,6742.920399999999,35000.0,2.6620703370423473,8.75664554117348,62390.07450000002,27390.074500000017
1573574400000.0,55647.15410000002,6742.920399999999,35000.0,2.6620703370423473,8.75664554117348,62390.07450000002,27390.074500000017
1573660800000.0,55647.15410000002,6742.920399999999,35000.0,2.6620703370423473,8.75664554117348,62390.07450000002,27390.074500000017
1573747200000.0,55647.15410000002,6742.920399999999,35000.0,2.6620703370423473,8.75664554117348,62390.07450000002,27390.074500000017
1573833600000.0,55647.15410000002,6742.920399999999,35000.0,2.6620703370423473,8.75664554117348,62390.07450000002,27390.074500000017
1573920000000.0,55647.15410000002,6742.920399999999,35000.0,2.6620703370423473,8.75664554117348,62390.07450000002,27390.074500000017
1574006400000.0,55647.15410000002,6742.920399999999,35000.0,2.6620703370423473,8.75664554117348,62390.07450000002,27390.074500000017
1574092800000.0,55647.15410000002,6742.920399999999,35000.0,2.6620703370423473,8.75664554117348,62390.07450000002,27390.074500000017
1574179200000.0,55647.15410000002,6742.920399999999,35000.0,2.6620703370423473,8.75664554117348,62390.07450000002,27390.074500000017
1574265600000.0,55647.15410000002,6742.920399999999,35000.0,2.6620703370423473,8.75664554117348,62390.07450000002,27390.074500000017
1574352000000.0,55647.15410000002,6742.920399999999,35000.0,2.6620703370423473,8.75664554117348,62390.07450000002,27390.074500000017
1574438400000.0,55647.15410000002,6742.920399999999,35000.0,2.6620703370423473,8.75664554117348,62390.07450000002,27390.074500000017
1574524800000.0,55647.15410000002,6742.920399999999,35000.0,2.6620703370423473,8.75664554117348,62390.07450000002,27390.074500000017
1574611200000.0,55647.15410000002,6742.920399999999,35000.0,2.6620703370423473,8.75664554117348,62390.07450000002,27390.074500000017
1574697600000.0,55647.15410000002,6742.920399999999,35000.0,2.6620703370423473,8.75664554117348,62390.07450000002,27390.074500000017
1574784000000.0,55647.15410000002,6742.920399999999,35000.0,2.6620703370423473,8.75664554117348,62390.07450000002,27390.074500000017
1574870400000.0,55647.15410000002,6742.920399999999,35000.0,2.6620703370423473,8.75664554117348,62390.07450000002,27390.074500000017
1574956800000.0,55771.846700000024,6742.920399999999,35000.0,2.6680354304433895,8.552189962371603,62514.76710000003,27514.767100000026
1575043200000.0,56336.041100000024,6742.920399999999,35000.0,2.6950255829652305,7.627093424094467,63078.96150000002,28078.96150000002
1575129600000.0,55573.43750000002,6742.920399999999,35000.0,2.6585438534803134,8.877516949102315,62316.35790000002,27316.357900000017
1575216000000.0,56404.187700000024,6742.920399999999,36000.0,2.6505901650139445,9.150132291339396,63147.10810000003,27147.108100000027
1575302400000.0,56404.187700000024,6742.920399999999,36000.0,2.6505901650139445,9.150132291339396,63147.10810000003,27147.108100000027
1575388800000.0,56404.187700000024,6742.920399999999,36000.0,2.6505901650139445,9.150132291339396,63147.10810000003,27147.108100000027
1575475200000.0,56404.187700000024,6742.920399999999,36000.0,2.6505901650139445,9.150132291339396,63147.10810000003,27147.108100000027
1575561600000.0,56014.48670000002,6742.920399999999,36000.0,2.6322770276385774,9.77782122259817,62757.407100000026,26757.407100000026
1575648000000.0,55813.62510000003,6742.920399999999,36000.0,2.6228379805890802,10.101347728906674,62556.54550000002,26556.545500000022
1575734400000.0,55823.15070000003,6742.920399999999,36000.0,2.6232856151124273,10.086004905348101,62566.07110000003,26566.07110000003
1575820800000.0,55568.133500000025,6742.920399999999,36000.0,2.6113016453081888,10.496759493405627,62311.05390000003,26311.053900000028
1575907200000.0,54545.683100000024,6742.920399999999,36000.0,2.5632538480618403,12.143613873664128,61288.60350000003,25288.603500000027
1575993600000.0,54545.683100000024,6742.920399999999,36000.0,2.5632538480618403,12.143613873664128,61288.60350000003,25288.603500000027
1576080000000.0,54545.683100000024,6742.920399999999,36000.0,2.5632538480618403,12.143613873664128,61288.60350000003,25288.603500000027
1576166400000.0,54545.683100000024,6742.920399999999,36000.0,2.5632538480618403,12.143613873664128,61288.60350000003,25288.603500000027
1576252800000.0,54545.683100000024,6742.920399999999,36000.0,2.5632538480618403,12.143613873664128,61288.60350000003,25288.603500000027
1576339200000.0,54545.683100000024,6742.920399999999,36000.0,2.5632538480618403,12.143613873664128,61288.60350000003,25288.603500000027
1576425600000.0,54545.683100000024,6742.920399999999,36000.0,2.5632538480618403,12.143613873664128,61288.60350000003,25288.603500000027
1576512000000.0,54545.683100000024,6742.920399999999,36000.0,2.5632538480618403,12.143613873664128,61288.60350000003,25288.603500000027
1576598400000.0,54545.683100000024,6742.920399999999,36000.0,2.5632538480618403,12.143613873664128,61288.60350000003,25288.603500000027
1576684800000.0,54545.683100000024,6742.920399999999,36000.0,2.5632538480618403,12.143613873664128,61288.60350000003,25288.603500000027
1576771200000.0,54538.459800000026,6742.920399999999,36000.0,2.562914405039617,12.155248397201813,61281.38020000003,25281.38020000003
1576857600000.0,54568.481400000026,6742.920399999999,36000.0,2.5643252037930933,12.106892796321434,61311.40180000002,25311.40180000002
1576944000000.0,54517.52500000002,6742.920399999999,36000.0,2.561930620373101,12.18896794690304,61260.445400000026,25260.445400000026
1577030400000.0,54670.04090000002,6742.920399999999,36000.0,2.569097768080261,11.943311553229496,61412.961300000024,25412.961300000024
1577116800000.0,55951.335100000026,6742.920399999999,36000.0,2.629309357742236,9.879539104541713,62694.25550000003,26694.25550000003
1577203200000.0,55066.50840000002,6800.789799999999,36000.0,2.590448326750622,11.211513987422828,61867.29820000002,25867.29820000002
1577289600000.0,55066.50840000002,6800.789799999999,36000.0,2.590448326750622,11.211513987422828,61867.29820000002,25867.29820000002
1577376000000.0,55066.50840000002,6800.789799999999,36000.0,2.590448326750622,11.211513987422828,61867.29820000002,25867.29820000002
1577462400000.0,55066.50840000002,6800.789799999999,36000.0,2.590448326750622,11.211513987422828,61867.29820000002,25867.29820000002
1577548800000.0,55068.51070000002,6800.789799999999,36000.0,2.590542519297696,11.208285506251435,61869.30050000002,25869.30050000002
1577635200000.0,55712.95740000002,6800.789799999999,36000.0,2.620858693760193,10.169188449413136,62513.74720000002,26513.74720000002
1577721600000.0,55124.077500000014,6807.1862999999985,36000.0,2.5934574077020773,11.108376727663572,61931.263800000015,25931.263800000015
1577808000000.0,55124.077500000014,6807.1862999999985,36000.0,2.5934574077020773,11.108376727663572,61931.263800000015,25931.263800000015
1577894400000.0,56124.077500000014,6807.1862999999985,37000.0,2.5934574077020773,11.108376727663572,62931.263800000015,25931.263800000015
1577980800000.0,56124.077500000014,6807.1862999999985,37000.0,2.5934574077020773,11.108376727663572,62931.263800000015,25931.263800000015
1578067200000.0,56124.077500000014,6807.1862999999985,37000.0,2.5934574077020773,11.108376727663572,62931.263800000015,25931.263800000015
1578153600000.0,56126.622700000014,6807.1862999999985,37000.0,2.593575019751809,11.104345535176662,62933.809000000016,25933.809000000016
1578240000000.0,56863.27870000001,6807.1862999999985,37000.0,2.6276154181909313,9.937599451317991,63670.46500000001,26670.46500000001
1578326400000.0,57117.50700000001,6807.1862999999985,37000.0,2.6393631438953316,9.534942209089525,63924.69330000001,26924.693300000014
1578412800000.0,58323.32940000001,6807.1862999999985,37000.0,2.6950834189529145,7.625111076201064,65130.51570000001,28130.51570000001
1578499200000.0,60992.20980000001,6807.1862999999985,37000.0,2.8184106601650463,3.398028482714832,67799.39610000001,30799.396100000013
1578585600000.0,59665.33370000001,7200.659199999998,37000.0,2.7752787005633435,4.876390877456982,66865.99290000001,29865.992900000012
1578672000000.0,59208.91490000001,7200.659199999998,37000.0,2.7540487954303954,5.604053002765442,66409.57410000001,29409.574100000013
1578758400000.0,59300.022500000014,7200.659199999998,37000.0,2.7582865825348937,5.458801427134119,66500.68170000002,29500.681700000016
1578844800000.0,59500.146900000014,7200.659199999998,37000.0,2.767595186884207,5.139745888164027,66700.80610000002,29700.806100000016
1578931200000.0,59243.95600000001,7200.659199999998,37000.0,2.7556787003088847,5.548187465896337,66444.61520000001,29444.615200000015
1579017600000.0,61475.24610000002,7200.659199999998,37000.0,2.8594651287975577,1.9908727883552024,68675.90530000001,31675.905300000013
1579104000000.0,61804.92040000002,7200.659199999998,37000.0,2.8747996288527067,1.4652776511750898,69005.57960000001,32005.579600000012
1579190400000.0,61605.74060000002,7200.659199999998,37000.0,2.8655349617127914,1.7828272275433599,68806.39980000001,31806.399800000014
1579276800000.0,62137.73060000002,7200.659199999998,37000.0,2.890279992442632,1.0399647816815127,69338.38980000002,32338.38980000002
1579363200000.0,62335.81470000002,7200.659199999998,37000.0,2.8994936940941534,0.7244976842688988,69536.47390000001,32536.47390000001
1579449600000.0,61104.23780000002,7411.2505999999985,37000.0,2.852003482676229,3.3640956673247513,68515.48840000002,31515.488400000017
1579536000000.0,61104.23780000002,7411.2505999999985,37000.0,2.852003482676229,3.3640956673247513,68515.48840000002,31515.488400000017
1579622400000.0,61104.23780000002,7411.2505999999985,37000.0,2.852003482676229,3.3640956673247513,68515.48840000002,31515.488400000017
1579708800000.0,61104.23780000002,7411.2505999999985,37000.0,2.852003482676229,3.3640956673247513,68515.48840000002,31515.488400000017
1579795200000.0,61104.23780000002,7411.2505999999985,37000.0,2.852003482676229,3.3640956673247513,68515.48840000002,31515.488400000017
1579881600000.0,61104.23780000002,7411.2505999999985,37000.0,2.852003482676229,3.3640956673247513,68515.48840000002,31515.488400000017
1579968000000.0,61104.23780000002,7411.2505999999985,37000.0,2.852003482676229,3.3640956673247513,68515.48840000002,31515.488400000017
1580054400000.0,61104.23780000002,7411.2505999999985,37000.0,2.852003482676229,3.3640956673247513,68515.48840000002,31515.488400000017
1580140800000.0,62601.542800000025,7411.2505999999985,37000.0,2.9218892913922416,0.9961187814918504,70012.79340000002,33012.793400000024
1580227200000.0,64422.19250000002,7411.2505999999985,37000.0,3.0068670191585047,1.835638962292785,71833.44310000002,34833.44310000002
1580313600000.0,66358.21720000001,7411.2505999999985,37000.0,3.097229805533809,1.6261973355537362,73769.46780000001,36769.46780000001
1580400000000.0,67115.51410000001,7411.2505999999985,37000.0,3.1325761820533753,0.6213751400440892,74526.76470000001,37526.764700000014
1580486400000.0,65567.33790000003,7907.150599999998,37000.0,3.0834618244377845,2.5029542769147817,73474.48850000002,36474.48850000002
1580572800000.0,66795.02480000003,7907.150599999998,38000.0,3.094008496217408,2.1694754147557505,74702.17540000002,36702.17540000002
1580659200000.0,66593.73040000003,7907.150599999998,38000.0,3.084684349910017,2.4642988212450367,74500.88100000002,36500.88100000002
1580745600000.0,65596.53720000002,7907.150599999998,38000.0,3.038493421133384,3.9248257715821966,73503.68780000001,35503.687800000014
1580832000000.0,65596.53720000002,7907.150599999998,38000.0,3.038493421133384,3.9248257715821966,73503.68780000001,35503.687800000014
1580918400000.0,65596.53720000002,7907.150599999998,38000.0,3.038493421133384,3.9248257715821966,73503.68780000001,35503.687800000014
1581004800000.0,67049.66360000001,7907.150599999998,38000.0,3.1058036054044407,1.7965217784879917,74956.81420000001,36956.81420000001
1581091200000.0,67148.77900000002,7907.150599999998,38000.0,3.1103947241385717,1.6513536075724033,75055.92960000002,37055.92960000002
1581177600000.0,67328.48280000003,7907.150599999998,38000.0,3.1187187735070294,1.3881526120401388,75235.63340000002,37235.63340000002
1581264000000.0,69080.54600000002,7907.150599999998,38000.0,3.199875992071455,0.6443153716081285,76987.69660000001,38987.69660000001
1581350400000.0,67570.90500000001,8126.524699999998,38000.0,3.1401096133188253,2.701875829351319,75697.42970000001,37697.42970000001
1581436800000.0,67386.78000000001,8126.524699999998,38000.0,3.131553080258445,2.967004986832933,75513.30470000001,37513.30470000001
1581523200000.0,67884.44160000002,8126.524699999998,38000.0,3.154680075143886,2.250401588495088,76010.96630000001,38010.966300000015
1581609600000.0,66839.03610000001,8126.524699999998,38000.0,3.106098694439182,3.755723947988121,74965.5608,36965.56080000001
1581696000000.0,66388.89550000001,8126.524699999998,38000.0,3.0851800634780444,4.403899904682051,74515.42020000001,36515.42020000001
1581782400000.0,65513.58720000001,8126.524699999998,38000.0,3.0445033253546203,5.6642923126422495,73640.1119,35640.1119
1581868800000.0,65513.58720000001,8126.524699999998,38000.0,3.0445033253546203,5.6642923126422495,73640.1119,35640.1119
1581955200000.0,65513.58720000001,8126.524699999998,38000.0,3.0445033253546203,5.6642923126422495,73640.1119,35640.1119
1582041600000.0,65513.58720000001,8126.524699999998,38000.0,3.0445033253546203,5.6642923126422495,73640.1119,35640.1119
1582128000000.0,65495.47480000001,8126.524699999998,38000.0,3.0436616180937768,5.690373102062319,73621.9995,35621.999500000005
1582214400000.0,64456.54740000001,8126.524699999998,38000.0,2.995381283291685,7.186367379029446,72583.0721,34583.072100000005
1582300800000.0,64456.54740000001,8126.524699999998,38000.0,2.995381283291685,7.186367379029446,72583.0721,34583.072100000005
1582387200000.0,64456.54740000001,8126.524699999998,38000.0,2.995381283291685,7.186367379029446,72583.0721,34583.072100000005
1582473600000.0,64513.58940000001,8126.524699999998,38000.0,2.9980321007191404,7.1042302580460515,72640.1141,34640.114100000006
1582560000000.0,63536.39100000002,8126.524699999998,38000.0,2.952620394453555,8.511338410031865,71662.91570000001,33662.91570000001
1582646400000.0,63536.39100000002,8126.524699999998,38000.0,2.952620394453555,8.511338410031865,71662.91570000001,33662.91570000001
1582732800000.0,63536.39100000002,8126.524699999998,38000.0,2.952620394453555,8.511338410031865,71662.91570000001,33662.91570000001
1582819200000.0,63536.39100000002,8126.524699999998,38000.0,2.952620394453555,8.511338410031865,71662.91570000001,33662.91570000001
1582905600000.0,63536.39100000002,8126.524699999998,38000.0,2.952620394453555,8.511338410031865,71662.91570000001,33662.91570000001
1582992000000.0,63536.39100000002,8126.524699999998,38000.0,2.952620394453555,8.511338410031865,71662.91570000001,33662.91570000001
1583078400000.0,64536.39100000002,8126.524699999998,39000.0,2.952620394453555,8.511338410031865,72662.91570000001,33662.91570000001
1583164800000.0,64536.39100000002,8126.524699999998,39000.0,2.952620394453555,8.511338410031865,72662.91570000001,33662.91570000001
1583251200000.0,63711.27580000002,8126.524699999998,39000.0,2.9148703447599855,9.68104567341973,71837.80050000001,32837.80050000001
1583337600000.0,62792.884100000025,8126.524699999998,39000.0,2.8728527788332383,10.982984411337915,70919.40880000002,31919.40880000002
1583424000000.0,64256.19680000002,8126.524699999998,39000.0,2.9398011602740732,8.908549842931368,72382.72150000001,33382.721500000014
1583510400000.0,63706.43530000002,8126.524699999998,39000.0,2.914648885846683,9.687907706755716,71832.96000000002,32832.96000000002
1583596800000.0,64440.12630000002,8126.524699999998,39000.0,2.9482161643427336,8.647806043639694,72566.65100000001,33566.65100000001
1583683200000.0,63359.97870000002,8189.535099999998,39000.0,2.90168086861048,10.089729269271686,71549.51380000002,32549.513800000015
1583769600000.0,63359.97870000002,8189.535099999998,39000.0,2.90168086861048,10.089729269271686,71549.51380000002,32549.513800000015
1583856000000.0,63359.97870000002,8189.535099999998,39000.0,2.90168086861048,10.089729269271686,71549.51380000002,32549.513800000015
1583942400000.0,63359.97870000002,8189.535099999998,39000.0,2.90168086861048,10.089729269271686,71549.51380000002,32549.513800000015
1584028800000.0,63359.97870000002,8189.535099999998,39000.0,2.90168086861048,10.089729269271686,71549.51380000002,32549.513800000015
1584115200000.0,63359.97870000002,8189.535099999998,39000.0,2.90168086861048,10.089729269271686,71549.51380000002,32549.513800000015
1584201600000.0,63359.97870000002,8189.535099999998,39000.0,2.90168086861048,10.089729269271686,71549.51380000002,32549.513800000015
1584288000000.0,63359.97870000002,8189.535099999998,39000.0,2.90168086861048,10.089729269271686,71549.51380000002,32549.513800000015
1584374400000.0,63359.97870000002,8189.535099999998,39000.0,2.90168086861048,10.089729269271686,71549.51380000002,32549.513800000015
1584460800000.0,63359.97870000002,8189.535099999998,39000.0,2.90168086861048,10.089729269271686,71549.51380000002,32549.513800000015
1584547200000.0,63359.97870000002,8189.535099999998,39000.0,2.90168086861048,10.089729269271686,71549.51380000002,32549.513800000015
1584633600000.0,63508.79620000002,8189.535099999998,39000.0,2.9084962258994875,9.878551456573504,71698.33130000002,32698.33130000002
1584720000000.0,65876.84380000002,8189.535099999998,39000.0,3.016945101007442,6.518199935191893,74066.37890000001,35066.37890000001
1584806400000.0,64722.320300000014,8340.906299999999,39000.0,2.971003989647621,7.941712012179902,73063.22660000001,34063.22660000001
1584892800000.0,64448.77430000001,8340.906299999999,39000.0,2.9584471737982336,8.330792260372366,72789.6806,33789.68060000001
1584979200000.0,64448.77430000001,8340.906299999999,39000.0,2.9584471737982336,8.330792260372366,72789.6806,33789.68060000001
1585065600000.0,64944.51400000001,8340.906299999999,39000.0,2.9812035369771155,7.62567310120038,73285.42030000001,34285.42030000001
1585152000000.0,65020.51980000001,8340.906299999999,39000.0,2.9846924961799015,7.517565669440951,73361.42610000001,34361.42610000001
1585238400000.0,65019.932100000005,8340.906299999999,39000.0,2.9846655184844693,7.51840158903716,73360.83840000001,34360.83840000001
1585324800000.0,65034.80120000001,8340.906299999999,39000.0,2.985348067491021,7.4972524107695175,73375.7075,34375.707500000004
1585411200000.0,64360.96860000001,8340.906299999999,39000.0,2.9544165536998714,8.455683370272403,72701.87490000001,33701.87490000001
1585497600000.0,64360.96860000001,8340.906299999999,39000.0,2.9544165536998714,8.455683370272403,72701.87490000001,33701.87490000001
1585584000000.0,64360.96860000001,8340.906299999999,39000.0,2.9544165536998714,8.455683370272403,72701.87490000001,33701.87490000001
1585670400000.0,64420.16420000001,8340.906299999999,39000.0,2.957133859923666,8.371486055232502,72761.0705,33761.0705
1585756800000.0,64523.884300000005,8340.906299999999,40000.0,2.9166200569904257,9.626829821483174,72864.79060000001,32864.79060000001
1585843200000.0,65400.4243,8340.906299999999,40000.0,2.956241573464355,8.399134070558322,73741.3306,33741.3306
1585929600000.0,64989.8468,8340.906299999999,40000.0,2.9376825765217456,8.974195393687168,73330.7531,33330.7531
1586016000000.0,65069.7131,8340.906299999999,40000.0,2.941292707173127,8.862333394061261,73410.6194,33410.619399999996
1586102400000.0,65311.0763,8340.906299999999,40000.0,2.952202849328648,8.524276288772704,73651.9826,33651.9826
1586188800000.0,66891.0281,8340.906299999999,40000.0,3.0236201106877587,6.311370874842847,75231.9344,35231.9344
1586275200000.0,67662.9668,8340.906299999999,40000.0,3.0585134206552604,5.230181354724584,76003.8731,36003.8731
1586361600000.0,66427.0055,8552.364099999999,40000.0,3.0122036318232066,6.66511711779032,74979.3696,34979.369600000005
1586448000000.0,65573.8615,8552.364099999999,40000.0,2.9735169044007552,7.863847885831044,74126.2256,34126.225600000005
1586534400000.0,64863.4799,8552.364099999999,40000.0,2.941303890741719,8.861986864678673,73415.844,33415.844
1586620800000.0,64863.4799,8552.364099999999,40000.0,2.941303890741719,8.861986864678673,73415.844,33415.844
1586707200000.0,64863.4799,8552.364099999999,40000.0,2.941303890741719,8.861986864678673,73415.844,33415.844
1586793600000.0,64863.4799,8552.364099999999,40000.0,2.941303890741719,8.861986864678673,73415.844,33415.844
1586880000000.0,64863.4799,8552.364099999999,40000.0,2.941303890741719,8.861986864678673,73415.844,33415.844
1586966400000.0,64863.4799,8552.364099999999,40000.0,2.941303890741719,8.861986864678673,73415.844,33415.844
1587052800000.0,64863.4799,8552.364099999999,40000.0,2.941303890741719,8.861986864678673,73415.844,33415.844
1587139200000.0,64713.9739,8552.364099999999,40000.0,2.934524381221613,9.072053913391088,73266.33799999999,33266.33799999999
1587225600000.0,65604.6065,8552.364099999999,40000.0,2.9749110693185217,7.8206488743354345,74156.9706,34156.9706
1587312000000.0,64971.4566,8552.364099999999,40000.0,2.9462002097228943,8.71027157098675,73523.8207,33523.8207
1587398400000.0,64879.1871,8554.109299999998,40000.0,2.942095288491299,8.837464944749385,73433.2964,33433.29640000001
1587484800000.0,64879.1871,8554.109299999998,40000.0,2.942095288491299,8.837464944749385,73433.2964,33433.29640000001
1587571200000.0,64879.1871,8554.109299999998,40000.0,2.942095288491299,8.837464944749385,73433.2964,33433.29640000001
1587657600000.0,68265.5306,8554.109299999998,40000.0,3.0956567879781374,4.079272497731656,76819.6399,36819.639899999995
1587744000000.0,67000.0258,8789.757999999998,40000.0,3.0489556051324906,5.526335832132057,75789.7838,35789.783800000005
1587830400000.0,67069.05170000001,8789.757999999998,40000.0,3.052096751754323,5.429005575648993,75858.80970000001,35858.80970000001
1587916800000.0,67170.9234,8789.757999999998,40000.0,3.056732605054537,5.285360962694097,75960.6814,35960.6814
1588003200000.0,67993.5203,8789.757999999998,40000.0,3.0941663433116884,4.125454793282913,76783.2783,36783.278300000005
1588089600000.0,68253.9011,8789.757999999998,40000.0,3.10601543575829,3.758303766678961,77043.6591,37043.659100000004
1588176000000.0,72286.8748,8789.757999999998,40000.0,3.2895430929665492,0.2657199444755509,81076.6328,41076.63280000001
1588262400000.0,74932.20060000001,8789.757999999998,40000.0,3.409923358929247,5.400572930985737,83721.95860000001,43721.95860000001
1588348800000.0,74090.53600000001,9466.481299999998,41000.0,3.357608750078083,6.8519052642184946,83557.0173,42557.01730000001
1588435200000.0,74747.96860000001,9466.481299999998,41000.0,3.387402048514291,6.025367930122383,84214.4499,43214.44990000001
1588521600000.0,74339.93830000001,9466.481299999998,41000.0,3.368911075448892,6.538351734686431,83806.41960000001,42806.41960000001
1588608000000.0,74023.7964,9466.481299999998,41000.0,3.354584268450137,6.935811616082754,83490.2777,42490.277700000006
1588694400000.0,73999.07860000001,9466.481299999998,41000.0,3.3534641159172587,6.966887325618187,83465.55990000001,42465.55990000001
1588780800000.0,75881.5203,9466.481299999998,41000.0,3.4387719442130598,4.600244198536673,85348.0016,44348.0016
1588867200000.0,76938.8844,9466.481299999998,41000.0,3.4866891971558434,3.270905032235949,86405.3657,45405.365699999995
1588953600000.0,78797.96220000001,9466.481299999998,41000.0,3.570938228480923,0.933635464695104,88264.44350000001,47264.44350000001
1589040000000.0,77237.14309999999,9832.197699999997,41000.0,3.5167789862969823,2.4361423370787727,87069.34079999998,46069.340799999976
1589126400000.0,76263.08829999999,9832.197699999997,41000.0,3.4724281038762457,3.6665418579420073,86095.286,45095.28599999999
1589212800000.0,76263.08829999999,9832.197699999997,41000.0,3.4724281038762457,3.6665418579420073,86095.286,45095.28599999999
1589299200000.0,76263.08829999999,9832.197699999997,41000.0,3.4724281038762457,3.6665418579420073,86095.286,45095.28599999999
1589385600000.0,76263.08829999999,9832.197699999997,41000.0,3.4724281038762457,3.6665418579420073,86095.286,45095.28599999999
1589472000000.0,79204.17199999999,9832.197699999997,41000.0,3.606342188964934,1.0904624211645952,89036.36969999998,48036.36969999998
1589558400000.0,77396.48339999998,9958.130399999996,41000.0,3.529768100750102,3.1906257609124022,87354.61379999998,46354.61379999998
1589644800000.0,76230.04179999998,9958.130399999996,41000.0,3.47657100224901,4.649638837757697,86188.17219999997,45188.17219999997
1589731200000.0,78188.41509999997,9958.130399999996,41000.0,3.5658851842380677,2.2000586324180893,88146.54549999996,47146.545499999964
1589817600000.0,76918.49019999997,10034.624599999996,41000.0,3.511457212445801,3.6928303216382075,86953.11479999997,45953.11479999997
1589904000000.0,76413.11009999998,10034.624599999996,41000.0,3.488385768992383,4.32560050363493,86447.73469999997,45447.73469999997
1589990400000.0,75431.01149999998,10034.624599999996,41000.0,3.443551331871529,5.555254599355619,85465.63609999997,44465.636099999974
1590076800000.0,75431.01149999998,10034.624599999996,41000.0,3.443551331871529,5.555254599355619,85465.63609999997,44465.636099999974
1590163200000.0,75431.01149999998,10034.624599999996,41000.0,3.443551331871529,5.555254599355619,85465.63609999997,44465.636099999974
1590249600000.0,75431.01149999998,10034.624599999996,41000.0,3.443551331871529,5.555254599355619,85465.63609999997,44465.636099999974
1590336000000.0,75431.01149999998,10034.624599999996,41000.0,3.443551331871529,5.555254599355619,85465.63609999997,44465.636099999974
1590422400000.0,75431.01149999998,10034.624599999996,41000.0,3.443551331871529,5.555254599355619,85465.63609999997,44465.636099999974
1590508800000.0,75431.01149999998,10034.624599999996,41000.0,3.443551331871529,5.555254599355619,85465.63609999997,44465.636099999974
1590595200000.0,75431.01149999998,10034.624599999996,41000.0,3.443551331871529,5.555254599355619,85465.63609999997,44465.636099999974
1590681600000.0,77846.91909999998,10034.624599999996,41000.0,3.553841538355882,2.530374332524221,87881.54369999998,46881.54369999998
1590768000000.0,76544.76329999998,10158.374699999995,41000.0,3.500045355101465,4.005818239506276,86703.13799999998,45703.13799999998
1590854400000.0,77436.09789999998,10158.374699999995,41000.0,3.5408020495123447,2.8880025730514514,87594.47259999998,46594.47259999998
1590940800000.0,77032.18379999998,10158.374699999995,41000.0,3.5223328870430035,3.3945480486584745,87190.55849999998,46190.558499999985
1591027200000.0,78478.62209999998,10158.374699999995,42000.0,3.54248649410644,2.8418040629963226,88636.99679999998,46636.99679999998
1591113600000.0,78596.33149999997,10275.215499999995,42000.0,3.5530739750465514,6.194378948245182,88871.54699999996,46871.54699999996
1591200000000.0,78596.33149999997,10275.215499999995,42000.0,3.5530739750465514,6.194378948245182,88871.54699999996,46871.54699999996
1591286400000.0,77393.45709999997,10275.215499999995,42000.0,3.498696097042287,7.630023309575917,87668.67259999996,45668.67259999996
1591372800000.0,76385.83429999997,10275.215499999995,42000.0,3.4531448826405877,8.83263265197135,86661.04979999996,44661.049799999964
1591459200000.0,76385.83429999997,10275.215499999995,42000.0,3.4531448826405877,8.83263265197135,86661.04979999996,44661.049799999964
1591545600000.0,76385.83429999997,10275.215499999995,42000.0,3.4531448826405877,8.83263265197135,86661.04979999996,44661.049799999964
1591632000000.0,76142.66459999997,10275.215499999995,42000.0,3.4421520040150773,9.12285847160097,86417.88009999997,44417.880099999966
1591718400000.0,75386.62379999997,10275.215499999995,42000.0,3.407973959833036,10.025201818051755,85661.83929999996,43661.83929999996
1591804800000.0,75718.45349999997,10275.215499999995,42000.0,3.4229748568051486,9.629159273853393,85993.66899999997,43993.668999999965
1591891200000.0,75399.39969999998,10275.215499999995,42000.0,3.408551515005542,10.009953635202463,85674.61519999997,43674.61519999997
1591977600000.0,75399.39969999998,10275.215499999995,42000.0,3.408551515005542,10.009953635202463,85674.61519999997,43674.61519999997
1592064000000.0,75399.39969999998,10275.215499999995,42000.0,3.408551515005542,10.009953635202463,85674.61519999997,43674.61519999997
1592150400000.0,75399.39969999998,10275.215499999995,42000.0,3.408551515005542,10.009953635202463,85674.61519999997,43674.61519999997
1592236800000.0,75399.39969999998,10275.215499999995,42000.0,3.408551515005542,10.009953635202463,85674.61519999997,43674.61519999997
1592323200000.0,74867.44969999998,10275.215499999995,42000.0,3.384503856992063,10.644842047500447,85142.66519999997,43142.665199999974
1592409600000.0,74800.97789999998,10275.215499999995,42000.0,3.3814988920255433,10.724176901461501,85076.19339999997,43076.193399999975
1592496000000.0,74800.97789999998,10275.215499999995,42000.0,3.3814988920255433,10.724176901461501,85076.19339999997,43076.193399999975
1592582400000.0,74800.97789999998,10275.215499999995,42000.0,3.3814988920255433,10.724176901461501,85076.19339999997,43076.193399999975
1592668800000.0,74800.97789999998,10275.215499999995,42000.0,3.3814988920255433,10.724176901461501,85076.19339999997,43076.193399999975
1592755200000.0,74800.97789999998,10275.215499999995,42000.0,3.3814988920255433,10.724176901461501,85076.19339999997,43076.193399999975
1592841600000.0,75664.3767,10275.215499999995,42000.0,3.4205302278120797,9.693700553473938,85939.59219999998,43939.592199999985
1592928000000.0,77992.02039999998,10275.215499999995,42000.0,3.5257551167580865,6.915631161447622,88267.23589999997,46267.23589999997
1593014400000.0,76629.30479999998,10478.362899999995,42000.0,3.473334965396295,8.299589077509706,87107.66769999998,45107.667699999976
1593100800000.0,76629.30479999998,10478.362899999995,42000.0,3.473334965396295,8.299589077509706,87107.66769999998,45107.667699999976
1593187200000.0,76629.30479999998,10478.362899999995,42000.0,3.473334965396295,8.299589077509706,87107.66769999998,45107.667699999976
1593273600000.0,76629.30479999998,10478.362899999995,42000.0,3.473334965396295,8.299589077509706,87107.66769999998,45107.667699999976
1593360000000.0,76629.30479999998,10478.362899999995,42000.0,3.473334965396295,8.299589077509706,87107.66769999998,45107.667699999976
1593446400000.0,76629.30479999998,10478.362899999995,42000.0,3.473334965396295,8.299589077509706,87107.66769999998,45107.667699999976
1593532800000.0,76488.15929999998,10478.362899999995,42000.0,3.466937339819006,8.468494437980379,86966.52219999998,44966.52219999998
1593619200000.0,77836.17199999999,10478.362899999995,43000.0,3.4825105383744552,8.057342412293355,88314.53489999998,45314.534899999984
1593705600000.0,76625.02209999999,10478.362899999995,43000.0,3.4283218214588653,9.48799268300663,87103.38499999998,44103.38499999998
1593792000000.0,76625.02209999999,10478.362899999995,43000.0,3.4283218214588653,9.48799268300663,87103.38499999998,44103.38499999998
1593878400000.0,76625.02209999999,10478.362899999995,43000.0,3.4283218214588653,9.48799268300663,87103.38499999998,44103.38499999998
1593964800000.0,76625.02209999999,10478.362899999995,43000.0,3.4283218214588653,9.48799268300663,87103.38499999998,44103.38499999998
1594051200000.0,76966.6532,10478.362899999995,43000.0,3.4436069244568195,9.08444674232738,87445.0161,44445.01609999999
1594137600000.0,76660.1559,10478.362899999995,43000.0,3.429893761928306,9.446491477845164,87138.51879999999,44138.51879999999
1594224000000.0,78080.5244,10478.362899999995,43000.0,3.4934432421060455,7.768705285535182,88558.88729999999,45558.88729999999
1594310400000.0,76712.5449,10488.087599999995,43000.0,3.432672824789047,9.373120723556195,87200.63249999999,44200.63249999999
1594396800000.0,76712.5449,10488.087599999995,43000.0,3.432672824789047,9.373120723556195,87200.63249999999,44200.63249999999
1594483200000.0,76712.5449,10488.087599999995,43000.0,3.432672824789047,9.373120723556195,87200.63249999999,44200.63249999999
1594569600000.0,76712.5449,10488.087599999995,43000.0,3.432672824789047,9.373120723556195,87200.63249999999,44200.63249999999
1594656000000.0,76586.07029999999,10488.087599999995,43000.0,3.4270134385307496,9.522535637644614,87074.15789999999,44074.15789999999
1594742400000.0,75747.02229999998,10488.087599999995,43000.0,3.389468376350266,10.513772493393125,86235.10989999998,43235.10989999998
1594828800000.0,75747.02229999998,10488.087599999995,43000.0,3.389468376350266,10.513772493393125,86235.10989999998,43235.10989999998
1594915200000.0,75747.02229999998,10488.087599999995,43000.0,3.389468376350266,10.513772493393125,86235.10989999998,43235.10989999998
1595001600000.0,75747.02229999998,10488.087599999995,43000.0,3.389468376350266,10.513772493393125,86235.10989999998,43235.10989999998
1595088000000.0,75747.02229999998,10488.087599999995,43000.0,3.389468376350266,10.513772493393125,86235.10989999998,43235.10989999998
1595174400000.0,75747.02229999998,10488.087599999995,43000.0,3.389468376350266,10.513772493393125,86235.10989999998,43235.10989999998
1595260800000.0,74935.69359999998,10488.087599999995,43000.0,3.353163675677229,11.47226224554856,85423.78119999998,42423.78119999998
1595347200000.0,77646.91199999998,10488.087599999995,43000.0,3.4744831513363925,8.269275524808528,88134.99959999998,45134.99959999998
1595433600000.0,77649.19959999999,10488.087599999995,43000.0,3.47458551506796,8.266572993569298,88137.28719999999,45137.28719999999
1595520000000.0,80702.32229999999,10488.087599999995,43000.0,3.6112042563272735,4.659666421642106,91190.40989999998,48190.409899999984
1595606400000.0,81138.43599999999,10488.087599999995,43000.0,3.630719130308572,4.144449207922696,91626.52359999999,48626.523599999986
1595692800000.0,81816.70799999998,10488.087599999995,43000.0,3.661069914072171,3.3431503494280146,92304.79559999998,49304.79559999998
1595779200000.0,87840.27319999998,10488.087599999995,43000.0,3.9306076878135947,2.63772114479075,98328.36079999998,55328.36079999998
1595865600000.0,85313.63149999999,11641.191699999996,43000.0,3.8691457039947537,4.160152097673009,96954.82319999998,53954.823199999984
1595952000000.0,87028.06289999999,11641.191699999996,43000.0,3.946898634792263,2.2341897194922744,98669.25459999999,55669.254599999986
1596038400000.0,87075.1378,11641.191699999996,43000.0,3.9490335766989504,2.1813065966349687,98716.32949999999,55716.32949999999
1596124800000.0,86469.053,11641.191699999996,43000.0,3.9215464054351585,2.862171706074279,98110.2447,55110.244699999996
1596211200000.0,87815.8771,11641.191699999996,43000.0,3.9826276018269873,1.3491729668846486,99457.0688,56457.068799999994
1596297600000.0,89961.6611,11641.191699999996,44000.0,4.034006131106337,0.4835638465409908,101602.8528,57602.85279999999
1596384000000.0,88377.14439999999,11870.470899999997,44000.0,3.9732353948031447,3.54575941316706,100247.61529999999,56247.61529999999
1596470400000.0,88267.3173,11870.470899999997,44000.0,3.9682978181933652,3.6656239957836623,100137.7882,56137.788199999995
1596556800000.0,87703.7704,11870.470899999997,44000.0,3.9429620313797824,4.28067541709396,99574.2413,55574.241299999994
1596643200000.0,89280.16239999999,11870.470899999997,44000.0,4.013833030131859,2.5602114412613397,101150.63329999999,57150.63329999999
1596729600000.0,90537.75459999999,11870.470899999997,44000.0,4.0703715149990884,1.187683493651781,102408.22549999999,58408.225499999986
1596816000000.0,88891.41769999999,12002.431599999996,44000.0,4.002288605557545,2.8404638287196415,100893.84929999999,56893.84929999999
1596902400000.0,89306.2894,12002.431599999996,44000.0,4.020967982269503,2.3870033824184067,101308.72099999999,57308.72099999999
1596988800000.0,88585.0661,12003.397599999997,44000.0,3.9885387820222036,3.174254469223592,100588.4637,56588.46369999999
1597075200000.0,87334.1762,12003.397599999997,44000.0,3.9322175182037884,4.54150915984709,99337.5738,55337.5738
1597161600000.0,86758.4278,12003.397599999997,44000.0,3.9062944713157846,5.170816903493414,98761.8254,54761.8254
1597248000000.0,86758.4278,12003.397599999997,44000.0,3.9062944713157846,5.170816903493414,98761.8254,54761.8254
1597334400000.0,86758.4278,12003.397599999997,44000.0,3.9062944713157846,5.170816903493414,98761.8254,54761.8254
1597420800000.0,86871.8462,12003.397599999997,44000.0,3.911401129886025,5.046847688134804,98875.2438,54875.2438
1597507200000.0,87514.07160000001,12003.397599999997,44000.0,3.9403173008330348,4.344878881297709,99517.4692,55517.46920000001
1597593600000.0,86913.8314,12020.664599999996,44000.0,3.91406895763651,4.982083516340186,98934.49599999998,54934.495999999985
1597680000000.0,90752.4388,12020.664599999996,44000.0,4.08693642674792,0.7855537871633955,102773.10339999999,58773.10339999999
1597766400000.0,89133.4596,12267.289899999996,44000.0,4.025133975833515,2.2858697455762633,101400.7495,57400.749500000005
1597852800000.0,88728.56880000001,12267.289899999996,44000.0,4.006849711732289,2.7297384403129343,100995.85870000001,56995.85870000001
1597939200000.0,88728.56880000001,12267.289899999996,44000.0,4.006849711732289,2.7297384403129343,100995.85870000001,56995.85870000001
1598025600000.0,88728.56880000001,12267.289899999996,44000.0,4.006849711732289,2.7297384403129343,100995.85870000001,56995.85870000001
1598112000000.0,88728.56880000001,12267.289899999996,44000.0,4.006849711732289,2.7297384403129343,100995.85870000001,56995.85870000001
1598198400000.0,88728.56880000001,12267.289899999996,44000.0,4.006849711732289,2.7297384403129343,100995.85870000001,56995.85870000001
1598284800000.0,88573.55,12267.289899999996,44000.0,3.999849294138569,2.8996805393076586,100840.83989999999,56840.83989999999
1598371200000.0,87607.70670000001,12267.289899999996,44000.0,3.956233252535252,3.9585033253309088,99874.99660000001,55874.99660000001
1598457600000.0,87607.70670000001,12267.289899999996,44000.0,3.956233252535252,3.9585033253309088,99874.99660000001,55874.99660000001
1598544000000.0,87607.70670000001,12267.289899999996,44000.0,3.956233252535252,3.9585033253309088,99874.99660000001,55874.99660000001
1598630400000.0,87607.70670000001,12267.289899999996,44000.0,3.956233252535252,3.9585033253309088,99874.99660000001,55874.99660000001
1598716800000.0,87286.31390000001,12267.289899999996,44000.0,3.9417196334670175,4.310835861989604,99553.60380000001,55553.60380000001
1598803200000.0,87199.09720000002,12267.289899999996,44000.0,3.9377810574933543,4.406448710659516,99466.38710000002,55466.38710000002
1598889600000.0,88608.1116,12267.289899999996,44000.0,4.001410044400518,2.8617917745345167,100875.4015,56875.40150000001
1598976000000.0,88238.77590000001,12285.108299999996,45000.0,3.9410585898790638,4.32688335249426,100523.8842,55523.8842
1599062400000.0,87131.09820000001,12285.108299999996,45000.0,3.8915857513239396,5.527885709100399,99416.2065,54416.2065
1599148800000.0,87131.09820000001,12285.108299999996,45000.0,3.8915857513239396,5.527885709100399,99416.2065,54416.2065
1599235200000.0,87131.09820000001,12285.108299999996,45000.0,3.8915857513239396,5.527885709100399,99416.2065,54416.2065
1599321600000.0,87131.09820000001,12285.108299999996,45000.0,3.8915857513239396,5.527885709100399,99416.2065,54416.2065
1599408000000.0,87131.09820000001,12285.108299999996,45000.0,3.8915857513239396,5.527885709100399,99416.2065,54416.2065
1599494400000.0,87131.09820000001,12285.108299999996,45000.0,3.8915857513239396,5.527885709100399,99416.2065,54416.2065
1599580800000.0,87131.09820000001,12285.108299999996,45000.0,3.8915857513239396,5.527885709100399,99416.2065,54416.2065
1599667200000.0,87131.09820000001,12285.108299999996,45000.0,3.8915857513239396,5.527885709100399,99416.2065,54416.2065
1599753600000.0,87322.62240000002,12285.108299999996,45000.0,3.900139905502542,5.320225109318432,99607.73070000001,54607.730700000015
1599840000000.0,86123.14040000002,12285.108299999996,45000.0,3.846566759328544,6.620766511123888,98408.24870000001,53408.24870000001
1599926400000.0,85439.17040000002,12285.108299999996,45000.0,3.816018218551251,7.362362718981008,97724.27870000001,52724.27870000001
1600012800000.0,84173.13680000001,12285.108299999996,45000.0,3.759472640448376,8.735062861940069,96458.2451,51458.2451
1600099200000.0,84426.71280000002,12285.108299999996,45000.0,3.7707982494314356,8.460122440571316,96711.82110000002,51711.821100000016
1600185600000.0,85045.26950000002,12285.108299999996,45000.0,3.7984251988195927,7.789450769204709,97330.37780000002,52330.37780000002
1600272000000.0,86623.54450000002,12285.108299999996,45000.0,3.868916592002455,6.078202096082064,98908.65280000001,53908.65280000001
1600358400000.0,85192.57600000002,12411.761599999996,45000.0,3.810661221045186,7.492409160968549,97604.33760000001,52604.33760000001
1600444800000.0,85600.13810000001,12411.761599999996,45000.0,3.8288914608449276,7.049851959877495,98011.89970000001,53011.89970000001
1600531200000.0,86951.73500000002,12411.761599999996,45000.0,3.889348347291405,5.582200917085888,99363.49660000001,54363.49660000001
1600617600000.0,85565.42630000002,12453.189299999996,45000.0,3.8291918628388104,7.042559402726556,98018.61560000002,53018.61560000002
1600704000000.0,85815.60250000001,12480.986599999997,45000.0,3.8416316286450707,6.740571716446942,98296.58910000001,53296.58910000001
1600790400000.0,85815.60250000001,12480.986599999997,45000.0,3.8416316286450707,6.740571716446942,98296.58910000001,53296.58910000001
1600876800000.0,85815.60250000001,12480.986599999997,45000.0,3.8416316286450707,6.740571716446942,98296.58910000001,53296.58910000001
1600963200000.0,85815.60250000001,12480.986599999997,45000.0,3.8416316286450707,6.740571716446942,98296.58910000001,53296.58910000001
1601049600000.0,85577.31150000001,12480.986599999997,45000.0,3.830964264951837,6.9995325787809985,98058.29810000001,53058.298100000015
1601136000000.0,86131.1582,12480.986599999997,45000.0,3.8557578332326248,6.397644051590012,98612.14480000001,53612.14480000001
1601222400000.0,85578.21710000001,12480.986599999997,45000.0,3.83100480515084,6.998548425133022,98059.20370000001,53059.20370000001
1601308800000.0,87406.5307,12480.986599999997,45000.0,3.9128513126416182,5.011643059537718,99887.5173,54887.51730000001
1601395200000.0,85900.5769,12516.804299999996,45000.0,3.8470390223862077,6.609301855734051,98417.3812,53417.3812
1601481600000.0,85570.4614,12516.804299999996,45000.0,3.8322548700996295,6.9682018553130165,98087.26569999999,53087.26569999999
1601568000000.0,85272.4506,12516.804299999996,46000.0,3.7747952224403885,8.363091945793965,97789.2549,51789.2549
1601654400000.0,85272.4506,12516.804299999996,46000.0,3.7747952224403885,8.363091945793965,97789.2549,51789.2549
1601740800000.0,85272.4506,12516.804299999996,46000.0,3.7747952224403885,8.363091945793965,97789.2549,51789.2549
1601827200000.0,85272.4506,12516.804299999996,46000.0,3.7747952224403885,8.363091945793965,97789.2549,51789.2549
1601913600000.0,84190.6875,12516.804299999996,46000.0,3.7269083122723314,9.525594313600106,96707.49179999999,50707.49179999999
1602000000000.0,83143.2532,12516.804299999996,46000.0,3.6805410510567826,10.651205691794996,95660.0575,49660.057499999995
1602086400000.0,83143.2532,12516.804299999996,46000.0,3.6805410510567826,10.651205691794996,95660.0575,49660.057499999995
1602172800000.0,82985.6808,12516.804299999996,46000.0,3.673565720354741,10.820538781545341,95502.48509999999,49502.48509999999
1602259200000.0,84679.2138,12516.804299999996,46000.0,3.7485341331593935,9.00060600471292,97196.01809999999,51196.01809999999
1602345600000.0,87024.724,12516.804299999996,46000.0,3.852363923846155,6.480034577185501,99541.5283,53541.528300000005
1602432000000.0,87527.2823,12516.804299999996,46000.0,3.8746109058021045,5.939966965607113,100044.08660000001,54044.08660000001
1602518400000.0,85765.97300000001,12808.217599999996,46000.0,3.8095423360677634,7.519571206525288,98574.1906,52574.1906
1602604800000.0,84597.14440000002,12808.217599999996,46000.0,3.7576254524884587,8.779905186693348,97405.36200000002,51405.36200000002
1602691200000.0,83416.93100000001,12808.217599999996,46000.0,3.7052028802768135,10.052515261318218,96225.14860000001,50225.148600000015
1602777600000.0,83063.24470000001,12808.217599999996,46000.0,3.6894928861333653,10.433890992721363,95871.46230000001,49871.462300000014
1602864000000.0,81949.77350000001,12808.217599999996,46000.0,3.6400348606715403,11.634533746756059,94757.99110000001,48757.991100000014
1602950400000.0,81949.77350000001,12808.217599999996,46000.0,3.6400348606715403,11.634533746756059,94757.99110000001,48757.991100000014
1603036800000.0,82141.11120000001,12808.217599999996,46000.0,3.648533674864855,11.428216580152494,94949.32880000002,48949.32880000002
1603123200000.0,86567.2409,12808.217599999996,46000.0,3.845132954127703,6.655573558291916,99375.45850000001,53375.45850000001
1603209600000.0,84876.796,13133.442299999997,46000.0,3.7844927728526074,8.127674265334727,98010.2383,52010.2383
1603296000000.0,89636.884,13133.442299999997,46000.0,3.996735923903484,2.9752606980074203,102770.3263,56770.3263
1603382400000.0,90845.58420000001,13133.442299999997,46000.0,4.050629536610607,1.9123419132314745,103979.0265,57979.02650000001
1603468800000.0,90790.35590000001,13133.442299999997,46000.0,4.048167013140625,1.9719729305761047,103923.7982,57923.798200000005
1603555200000.0,91899.32280000001,13133.442299999997,46000.0,4.097613710190579,0.77460085052794,105032.7651,59032.765100000004
1603641600000.0,90912.1557,13133.442299999997,46000.0,4.053597831509816,2.700033277383551,104045.598,58045.598
1603728000000.0,91145.6517,13133.442299999997,46000.0,4.064008968194217,2.450131018934909,104279.094,58279.094
1603814400000.0,93032.095,13677.826299999997,46000.0,4.1732751636432175,0.09700219815365063,106709.9213,60709.9213
1603900800000.0,91326.47660000001,13850.073399999997,46000.0,4.104490510745384,3.063816030015787,105176.55,59176.55
1603987200000.0,90855.463,13850.073399999997,46000.0,4.08332172242018,3.5637615297413827,104705.5364,58705.5364
1604073600000.0,89719.7647,13850.073399999997,46000.0,4.032279975612884,4.769219831011262,103569.8381,57569.83809999999
1604160000000.0,91057.4716,13850.073399999997,46000.0,4.092400605266176,3.349344598943904,104907.545,58907.545
1604246400000.0,91847.3132,13850.073399999997,47000.0,4.083058026549114,3.5699892628553664,105697.3866,58697.3866
1604332800000.0,90438.9574,13850.073399999997,47000.0,4.020449788451769,5.048614605112212,104289.0308,57289.03079999999
1604419200000.0,90438.9574,13850.073399999997,47000.0,4.020449788451769,5.048614605112212,104289.0308,57289.03079999999
1604505600000.0,89723.8539,13850.073399999997,47000.0,3.988659973553968,5.79939800617929,103573.9273,56573.927299999996
1604592000000.0,93808.6382,13850.073399999997,47000.0,4.1702484244487605,1.5108044677901833,107658.7116,60658.711599999995
1604678400000.0,91881.92000000001,14089.858499999997,47000.0,4.0952560757971685,3.281906651167321,105971.77850000001,58971.778500000015
1604764800000.0,91489.57800000001,14089.858499999997,47000.0,4.077769055942877,3.6948994377859368,105579.43650000001,58579.43650000001
1604851200000.0,90115.9804,14089.858499999997,47000.0,4.016546631366851,5.140795876394677,104205.8389,57205.8389
1604937600000.0,88958.987,14089.858499999997,47000.0,3.964978441988492,6.358687227219562,103048.8455,56048.845499999996
1605024000000.0,88430.0447,14089.858499999997,47000.0,3.9414030294609663,6.915470223782383,102519.9032,55519.9032
1605110400000.0,89487.6045,14089.858499999997,47000.0,3.988539377901104,5.802246126393329,103577.463,56577.463
1605196800000.0,91334.862,14089.858499999997,47000.0,4.070873230964218,3.857758861387006,105424.7205,58424.720499999996
1605283200000.0,91234.6176,14089.858499999997,47000.0,4.066405251973742,3.9632795910027774,105324.4761,58324.4761
1605369600000.0,89702.79339999998,14247.194099999997,47000.0,4.005132005019694,5.410376307057129,103949.98749999997,56949.987499999974
1605456000000.0,89840.71099999998,14247.194099999997,47000.0,4.011289875615232,5.2649452297164,104087.90509999997,57087.905099999974
1605542400000.0,90980.26369999998,14247.194099999997,47000.0,4.062169662266075,4.063311958491234,105227.45779999997,58227.457799999975
1605628800000.0,95397.95429999998,14247.194099999997,47000.0,4.2594147350191225,0.26249592114260256,109645.14839999998,62645.14839999998
1605715200000.0,98192.2947,14247.194099999997,47000.0,4.3841789897849015,2.997408521586087,112439.48879999999,65439.48879999999
1605801600000.0,95952.7463,14989.917299999997,47000.0,4.317347375214022,4.476098105466397,110942.6636,63942.6636
1605888000000.0,97548.9589,14989.917299999997,47000.0,4.389168188527143,2.8870195049592873,112538.8762,65538.8762
1605974400000.0,97844.8979,14989.917299999997,47000.0,4.402483820587102,2.5924031537567727,112834.8152,65834.8152
1606060800000.0,96328.86929999999,15031.708699999997,47000.0,4.336151231356534,4.060051502473938,111360.578,64360.577999999994
1606147200000.0,94873.22359999997,15031.708699999997,47000.0,4.27062674279624,5.509820138849353,109904.93229999997,62904.93229999997
1606233600000.0,95624.91139999995,15031.708699999997,47000.0,4.304463244804944,4.761167223661267,110656.62009999996,63656.62009999996
1606320000000.0,94173.99809999997,15031.708699999997,47000.0,4.239151780670624,6.206222566757402,109205.70679999997,62205.70679999997
1606406400000.0,92930.52719999997,15031.708699999997,47000.0,4.183178136285793,7.44467304345342,107962.23589999997,60962.23589999997
1606492800000.0,92930.52719999997,15031.708699999997,47000.0,4.183178136285793,7.44467304345342,107962.23589999997,60962.23589999997
1606579200000.0,92930.52719999997,15031.708699999997,47000.0,4.183178136285793,7.44467304345342,107962.23589999997,60962.23589999997
1606665600000.0,93926.69099999996,15031.708699999997,47000.0,4.228019489863301,6.452531182331212,108958.39969999997,61958.399699999965
1606752000000.0,97830.22779999996,15031.708699999997,47000.0,4.403733437561071,2.5647546282032363,112861.93649999997,65861.93649999997
1606838400000.0,96715.79549999998,15341.182899999998,48000.0,4.323307089111769,4.344235858532963,112056.97839999998,64056.97839999998
1606924800000.0,96052.82549999998,15341.182899999998,48000.0,4.293671569018586,4.999939527463337,111394.00839999998,63394.00839999998
1607011200000.0,97267.04059999998,15341.182899999998,48000.0,4.347948377914157,3.79903255438665,112608.22349999998,64608.22349999998
1607097600000.0,96194.62609999998,15356.938499999998,48000.0,4.300714512033965,4.844110186161721,111551.56459999998,63551.56459999998
1607184000000.0,95883.23539999998,15356.938499999998,48000.0,4.286792710404316,5.152138402909001,111240.17389999998,63240.17389999998
1607270400000.0,95289.89659999998,15356.938499999998,48000.0,4.2602654407306435,5.73907016577464,110646.83509999998,62646.83509999998
1607356800000.0,95490.11879999998,15356.938499999998,48000.0,4.269217068862928,5.54101002069255,110847.05729999999,62847.057299999986
1607443200000.0,94056.87639999998,15356.938499999998,48000.0,4.205138994662248,6.958775871241684,109413.81489999998,61413.81489999998
1607529600000.0,94056.87639999998,15356.938499999998,48000.0,4.205138994662248,6.958775871241684,109413.81489999998,61413.81489999998
1607616000000.0,94056.87639999998,15356.938499999998,48000.0,4.205138994662248,6.958775871241684,109413.81489999998,61413.81489999998
1607702400000.0,94056.87639999998,15356.938499999998,48000.0,4.205138994662248,6.958775871241684,109413.81489999998,61413.81489999998
1607788800000.0,94056.87639999998,15356.938499999998,48000.0,4.205138994662248,6.958775871241684,109413.81489999998,61413.81489999998
1607875200000.0,95699.55799999999,15356.938499999998,48000.0,4.278580774959072,5.333832403336025,111056.4965,63056.496499999994
1607961600000.0,95653.53869999998,15356.938499999998,48000.0,4.276523322486228,5.3793547741549546,111010.47719999998,63010.47719999998
1608048000000.0,96483.43789999999,15356.938499999998,48000.0,4.313626845600451,4.558417056182018,111840.3764,63840.376399999994
1608134400000.0,101620.53149999998,15356.938499999998,48000.0,4.543298438400549,0.5474040139738512,116977.46999999999,68977.46999999999
1608220800000.0,112532.98659999997,15356.938499999998,48000.0,5.031177604973753,1.6437429893091604,127889.92509999998,79889.92509999998
1608307200000.0,108952.01989999998,17011.9544,48000.0,4.945071292273782,3.3270655207556565,125963.97429999999,77963.97429999999
1608393600000.0,110493.4254,17011.9544,48000.0,5.015031996947261,1.9593791479447953,127505.3798,79505.3798
1608480000000.0,111081.71569999999,17011.9544,48000.0,5.041733084974112,1.4373902056665888,128093.67009999999,80093.67009999999
1608566400000.0,109080.08909999998,17026.1842,48000.0,4.9515299031418065,3.2008038698372876,126106.27329999999,78106.27329999999
1608652800000.0,108849.03409999999,17026.1842,48000.0,4.941041501901855,3.4058453072471018,125875.2183,77875.2183
1608739200000.0,108220.93539999999,17026.1842,48000.0,4.912529886988126,3.9632288751561995,125247.11959999999,77247.11959999999
1608825600000.0,107945.85639999999,17026.1842,48000.0,4.900043081142399,4.207337825671242,124972.0406,76972.0406
1608912000000.0,109017.87,17042.6178,48000.0,4.949458260663756,3.241303135815088,126060.4878,78060.4878
1608998400000.0,112947.1595,17042.6178,48000.0,5.127849696621131,0.08059554113832856,129989.77729999999,81989.77729999999
1609084800000.0,117181.9319,17042.6178,48000.0,5.320110187834277,2.1607891037270344,134224.5497,86224.5497
1609171200000.0,114617.1811,17772.9526,48000.0,5.236826911205466,3.692405889569561,132390.1337,84390.1337
1609257600000.0,113176.3422,17772.9526,48000.0,5.170995385304925,4.903077157419455,130949.2948,82949.2948
1609344000000.0,116712.2528,17772.9526,48000.0,5.332550150550296,1.9320126136277094,134485.2054,86485.2054
1609430400000.0,117978.8206,17772.9526,48000.0,5.390419278688419,0.9148689299231405,135751.7732,87751.7732
1609516800000.0,119839.31970000001,17772.9526,49000.0,5.429414342339811,0.7005137107118697,137612.2723,88612.27230000001
1609603200000.0,124982.9943,17772.9526,49000.0,5.6624525531330665,0.17350320852910217,142755.9469,93755.94690000001
1609689600000.0,122001.76830000001,18642.4443,49000.0,5.566778774907915,4.213107816490014,140644.2126,91644.2126
1609776000000.0,120434.26920000001,18642.4443,49000.0,5.495255871255319,5.44379380884582,139076.7135,90076.71350000001
1609862400000.0,120307.2464,18642.4443,49000.0,5.489459989467519,5.5435228489899675,138949.6907,89949.6907
1609948800000.0,122589.4513,18642.4443,49000.0,5.5935939702641795,3.751701978333133,141231.8956,92231.89559999999
1610035200000.0,126675.70240000001,18642.4443,49000.0,5.78004418495688,0.5434755812535386,145318.1467,96318.14670000001
1610121600000.0,124274.83260000001,19083.287099999998,49000.0,5.690610754164169,2.539987656205167,143358.1197,94358.11970000001
1610208000000.0,122982.80410000002,19083.287099999998,49000.0,5.631448081216127,3.5532347547857057,142066.09120000002,93066.09120000002
1610294400000.0,122320.65200000003,19083.287099999998,49000.0,5.601127783998101,4.072514085035794,141403.93910000002,92403.93910000002
1610380800000.0,121163.85280000002,19083.287099999998,49000.0,5.548157332699111,4.979710352796385,140247.1399,91247.13990000001
1610467200000.0,121163.85280000002,19083.287099999998,49000.0,5.548157332699111,4.979710352796385,140247.1399,91247.13990000001
1610553600000.0,121163.85280000002,19083.287099999998,49000.0,5.548157332699111,4.979710352796385,140247.1399,91247.13990000001
1610640000000.0,123062.35280000002,19083.287099999998,49000.0,5.635090658544368,3.4908503031495064,142145.6399,93145.63990000001
1610726400000.0,121184.58620000002,19085.590699999997,49000.0,5.5492122091950264,4.961644053631941,140270.17690000002,91270.17690000002
1610812800000.0,120385.75790000003,19085.590699999997,49000.0,5.512632740679991,5.588120825109599,139471.34860000003,90471.34860000003
1610899200000.0,120385.75790000003,19085.590699999997,49000.0,5.512632740679991,5.588120825109599,139471.34860000003,90471.34860000003
1610985600000.0,120385.75790000003,19085.590699999997,49000.0,5.512632740679991,5.588120825109599,139471.34860000003,90471.34860000003
1611072000000.0,121328.80990000002,19085.590699999997,49000.0,5.555816414746172,4.848537397362296,140414.40060000002,91414.40060000002
1611158400000.0,119961.28850000002,19085.590699999997,49000.0,5.493195691375534,5.921008655076387,139046.87920000002,90046.87920000002
1611244800000.0,119961.28850000002,19085.590699999997,49000.0,5.493195691375534,5.921008655076387,139046.87920000002,90046.87920000002
1611331200000.0,119961.28850000002,19085.590699999997,49000.0,5.493195691375534,5.921008655076387,139046.87920000002,90046.87920000002
1611417600000.0,119961.28850000002,19085.590699999997,49000.0,5.493195691375534,5.921008655076387,139046.87920000002,90046.87920000002
1611504000000.0,119961.28850000002,19085.590699999997,49000.0,5.493195691375534,5.921008655076387,139046.87920000002,90046.87920000002
1611590400000.0,119939.50240000003,19085.590699999997,49000.0,5.49219807529331,5.938094286107587,139025.09310000003,90025.09310000003
1611676800000.0,118424.59740000003,19085.590699999997,49000.0,5.422828450117575,7.126150334566761,137510.18810000003,88510.18810000003
1611763200000.0,118424.59740000003,19085.590699999997,49000.0,5.422828450117575,7.126150334566761,137510.18810000003,88510.18810000003
1611849600000.0,118424.59740000003,19085.590699999997,49000.0,5.422828450117575,7.126150334566761,137510.18810000003,88510.18810000003
1611936000000.0,116633.22900000002,19085.590699999997,49000.0,5.34079917801163,8.53102130841572,135718.81970000002,86718.81970000002
1612022400000.0,114875.70280000003,19085.590699999997,49000.0,5.2603195877201365,9.90935172004911,133961.29350000003,84961.29350000003
1612108800000.0,114136.48590000003,19085.590699999997,49000.0,5.226469808838577,10.489078573659228,133222.07660000003,84222.07660000003
1612195200000.0,115136.48590000003,19085.590699999997,50000.0,5.226469808838577,10.489078573659228,134222.07660000003,84222.07660000003
1612281600000.0,115526.37180000002,19085.590699999997,50000.0,5.24416816804516,10.185968348543884,134611.96250000002,84611.96250000002
1612368000000.0,118936.61550000003,19085.590699999997,50000.0,5.398971709246794,7.534731831385477,138022.20620000002,88022.20620000002
1612454400000.0,118481.54580000002,19085.590699999997,50000.0,5.3783144169091335,7.888518103754317,137567.13650000002,87567.13650000002
1612540800000.0,120705.42670000003,19085.590699999997,50000.0,5.479264574380482,6.159599360530454,139791.0174,89791.01740000001
1612627200000.0,125329.80520000003,19085.590699999997,50000.0,5.689182172837361,2.5644541958719236,144415.39590000003,94415.39590000003
1612713600000.0,122571.00550000003,19940.270199999995,50000.0,5.6027471330677505,4.044780369423384,142511.27570000003,92511.27570000003
1612800000000.0,129082.26430000001,19940.270199999995,50000.0,5.900378179052455,1.1543599826448814,149022.5345,99022.53450000001
1612886400000.0,133273.47280000002,19940.270199999995,50000.0,6.091959224762848,1.3881897685860678,153213.74300000002,103213.74300000002
1612972800000.0,130347.54200000003,20847.139899999995,50000.0,5.999667505825178,2.8821350065676543,151194.68190000003,101194.68190000003
1613059200000.0,133204.25190000003,20847.139899999995,50000.0,6.131156825052994,0.7536900651693546,154051.39180000004,104051.39180000004
1613145600000.0,132366.64580000003,20847.139899999995,50000.0,6.092603293289034,1.3777640974781291,153213.7857,103213.78570000001
1613232000000.0,132415.62940000003,20847.139899999995,50000.0,6.094857922020264,1.3412679535639405,153262.76930000004,103262.76930000004
1613318400000.0,133721.47670000003,20847.139899999995,50000.0,6.154963770532387,0.7692286377757873,154568.6166,104568.61660000001
1613404800000.0,131521.70470000003,20977.602399999996,50000.0,6.059717103229329,2.3048023013305996,152499.30710000003,102499.30710000003
1613491200000.0,129531.77480000004,20977.602399999996,50000.0,5.968033283613681,3.782935476614724,150509.37720000005,100509.37720000005
1613577600000.0,131846.01100000006,20977.602399999996,50000.0,6.07465915737376,2.0639054230115694,152823.61340000006,102823.61340000006
1613664000000.0,132315.72660000005,20977.602399999996,50000.0,6.096300784217527,1.714997548765107,153293.32900000006,103293.32900000006
1613750400000.0,134891.96930000006,20977.602399999996,50000.0,6.214998317730106,0.007344152833421713,155869.57170000006,105869.57170000006
1613836800000.0,137473.73130000004,20977.602399999996,50000.0,6.333950146886769,1.1709700069058693,158451.33370000005,108451.33370000005
1613923200000.0,134769.88930000004,21559.615099999995,50000.0,6.236189208274611,2.6963401961554334,156329.50440000003,106329.50440000003
1614009600000.0,133085.25540000002,21559.615099999995,50000.0,6.158236367312578,3.912643368555724,154644.87050000002,104644.87050000002
1614096000000.0,133085.25540000002,21559.615099999995,50000.0,6.158236367312578,3.912643368555724,154644.87050000002,104644.87050000002
1614182400000.0,133085.25540000002,21559.615099999995,50000.0,6.158236367312578,3.912643368555724,154644.87050000002,104644.87050000002
1614268800000.0,133085.25540000002,21559.615099999995,50000.0,6.158236367312578,3.912643368555724,154644.87050000002,104644.87050000002
1614355200000.0,133085.25540000002,21559.615099999995,50000.0,6.158236367312578,3.912643368555724,154644.87050000002,104644.87050000002
1614441600000.0,133085.25540000002,21559.615099999995,50000.0,6.158236367312578,3.912643368555724,154644.87050000002,104644.87050000002
1614528000000.0,133085.25540000002,21559.615099999995,50000.0,6.158236367312578,3.912643368555724,154644.87050000002,104644.87050000002
1614614400000.0,134085.25540000002,21559.615099999995,51000.0,6.158236367312578,3.912643368555724,155644.87050000002,104644.87050000002
1614700800000.0,134513.23380000002,21559.615099999995,51000.0,6.177892459546149,3.6059481019607764,156072.8489,105072.84890000001
1614787200000.0,135383.16250000003,21559.615099999995,51000.0,6.217846342180951,2.9825451111436974,156942.77760000003,105942.77760000003
1614873600000.0,133343.75590000005,21565.878899999996,51000.0,6.124468633397472,4.439523484518615,154909.63480000006,103909.63480000006
1614960000000.0,132233.45850000004,21565.878899999996,51000.0,6.073472757706506,5.235215400512572,153799.33740000002,102799.33740000002
1615046400000.0,132233.45850000004,21565.878899999996,51000.0,6.073472757706506,5.235215400512572,153799.33740000002,102799.33740000002
1615132800000.0,133911.69550000003,21565.878899999996,51000.0,6.150554056313508,4.032510959322366,155477.57440000004,104477.57440000004
1615219200000.0,134603.7564,21565.878899999996,51000.0,6.1823403611602785,3.536547208073848,156169.63530000002,105169.63530000002
1615305600000.0,139085.34270000004,21565.878899999996,51000.0,6.388179281302874,0.7452026259055944,160651.22160000005,109651.22160000005
1615392000000.0,142373.26540000003,21565.878899999996,51000.0,6.539193322487427,0.1527556267994945,163939.14430000004,112939.14430000004
1615478400000.0,139401.40780000004,22362.317599999995,51000.0,6.43927649677913,2.592528422434326,161763.72540000005,110763.72540000005
1615564800000.0,137590.36220000006,22362.317599999995,51000.0,6.355620072136659,3.858006121632085,159952.67980000004,108952.67980000004
1615651200000.0,141241.76920000007,22362.317599999995,51000.0,6.524287086669312,1.3065661528125938,163604.08680000005,112604.08680000005
1615737600000.0,141228.77170000007,22362.317599999995,51000.0,6.5236867017981135,1.6593279478867795,163591.08930000005,112591.08930000005
1615824000000.0,138951.36300000007,22513.539799999995,51000.0,6.425473183202507,3.139837951629376,161464.90280000007,110464.90280000007
1615910400000.0,138951.36300000007,22513.539799999995,51000.0,6.425473183202507,3.139837951629376,161464.90280000007,110464.90280000007
1615996800000.0,138951.36300000007,22513.539799999995,51000.0,6.425473183202507,3.139837951629376,161464.90280000007,110464.90280000007
1616083200000.0,139775.58040000006,22513.539799999995,51000.0,6.463587143990562,2.5652928071741465,162289.12020000006,111289.12020000006
1616169600000.0,137678.55780000007,22513.539799999995,51000.0,6.366615353358544,4.0270845051447175,160192.09760000007,109192.09760000007
1616256000000.0,138125.08200000005,22513.539799999995,51000.0,6.387263796171954,3.71582158956959,160638.62180000005,109638.62180000005
1616342400000.0,136763.14750000005,22513.539799999995,51000.0,6.32428439519243,4.665198360845069,159276.68730000005,108276.68730000005
1616428800000.0,136763.14750000005,22513.539799999995,51000.0,6.32428439519243,4.665198360845069,159276.68730000005,108276.68730000005
1616515200000.0,136763.14750000005,22513.539799999995,51000.0,6.32428439519243,4.665198360845069,159276.68730000005,108276.68730000005
1616601600000.0,136763.14750000005,22513.539799999995,51000.0,6.32428439519243,4.665198360845069,159276.68730000005,108276.68730000005
1616688000000.0,136763.14750000005,22513.539799999995,51000.0,6.32428439519243,4.665198360845069,159276.68730000005,108276.68730000005
1616774400000.0,136763.14750000005,22513.539799999995,51000.0,6.32428439519243,4.665198360845069,159276.68730000005,108276.68730000005
1616860800000.0,136652.70510000005,22513.539799999995,51000.0,6.3191772507631345,4.742185506059404,159166.24490000005,108166.24490000005
1616947200000.0,138667.84820000007,22513.539799999995,51000.0,6.4123627199072235,3.337470338086157,161181.38800000006,110181.38800000006
1617033600000.0,136585.05130000005,22513.539799999995,51000.0,6.316048762720583,4.78934559063654,159098.59110000005,108098.59110000005
1617120000000.0,137789.31480000005,22513.539799999995,51000.0,6.371737045711802,3.9498780586848192,160302.85460000005,109302.85460000005
1617206400000.0,135614.42460000006,22513.539799999995,51000.0,6.271164454304333,5.465949672961912,158127.96440000006,107127.96440000006
1617292800000.0,136649.48190000004,22513.539799999995,52000.0,6.272773728685625,5.441690824950573,159163.02170000004,107163.02170000004
1617379200000.0,137287.73560000004,22513.539799999995,52000.0,6.302072200849071,5.00003389469682,159801.27540000004,107801.27540000004
1617465600000.0,136466.79890000005,22513.539799999995,52000.0,6.264387826981907,5.568103273463665,158980.33870000005,106980.33870000005
1617552000000.0,135681.73970000006,22513.539799999995,52000.0,6.228350378052341,6.111346244619897,158195.27950000006,106195.27950000006
1617638400000.0,135681.73970000006,22513.539799999995,52000.0,6.228350378052341,6.111346244619897,158195.27950000006,106195.27950000006
1617724800000.0,133938.41510000007,22513.539799999995,52000.0,6.148324602620174,7.317686907074106,156451.95490000007,104451.95490000007
1617811200000.0,133938.41510000007,22513.539799999995,52000.0,6.148324602620174,7.317686907074106,156451.95490000007,104451.95490000007
1617897600000.0,133938.41510000007,22513.539799999995,52000.0,6.148324602620174,7.317686907074106,156451.95490000007,104451.95490000007
1617984000000.0,134484.64520000006,22513.539799999995,52000.0,6.173398812733936,6.9397081986417035,156998.18500000006,104998.18500000006
1618070400000.0,138390.15640000007,22513.539799999995,52000.0,6.352677853618814,4.237183970950376,160903.69620000006,108903.69620000006
1618156800000.0,136059.14490000007,22749.176399999997,52000.0,6.256491520222498,5.687135371255215,158808.32130000007,106808.32130000007
1618243200000.0,136769.57350000006,22749.176399999997,52000.0,6.289159596410176,5.194683677328782,159518.74990000005,107518.74990000005
1618329600000.0,142629.89940000008,22749.176399999997,52000.0,6.558638574291731,1.1324493916932798,165379.07580000008,113379.07580000008
1618416000000.0,142127.41800000006,22749.176399999997,52000.0,6.5355326623702625,2.1662948264397297,164876.59440000006,112876.59440000006
1618502400000.0,139592.91150000007,23141.817099999997,52000.0,6.437041927146228,3.6406526255698735,162734.72860000006,110734.72860000006
1618588800000.0,138088.52590000007,23141.817099999997,52000.0,6.3676702586443135,4.679112337154101,161230.34300000005,109230.34300000005
1618675200000.0,138088.52590000007,23141.817099999997,52000.0,6.3676702586443135,4.679112337154101,161230.34300000005,109230.34300000005
1618761600000.0,138088.52590000007,23141.817099999997,52000.0,6.3676702586443135,4.679112337154101,161230.34300000005,109230.34300000005
1618848000000.0,138088.52590000007,23141.817099999997,52000.0,6.3676702586443135,4.679112337154101,161230.34300000005,109230.34300000005
1618934400000.0,138088.52590000007,23141.817099999997,52000.0,6.3676702586443135,4.679112337154101,161230.34300000005,109230.34300000005
1619020800000.0,138088.52590000007,23141.817099999997,52000.0,6.3676702586443135,4.679112337154101,161230.34300000005,109230.34300000005
1619107200000.0,138088.52590000007,23141.817099999997,52000.0,6.3676702586443135,4.679112337154101,161230.34300000005,109230.34300000005
1619193600000.0,138088.52590000007,23141.817099999997,52000.0,6.3676702586443135,4.679112337154101,161230.34300000005,109230.34300000005
1619280000000.0,138088.52590000007,23141.817099999997,52000.0,6.3676702586443135,4.679112337154101,161230.34300000005,109230.34300000005
1619366400000.0,138088.52590000007,23141.817099999997,52000.0,6.3676702586443135,4.679112337154101,161230.34300000005,109230.34300000005
1619452800000.0,137975.09550000005,23141.817099999997,52000.0,6.362439647485286,4.757412010102902,161116.91260000004,109116.91260000004
1619539200000.0,139625.76550000007,23141.817099999997,52000.0,6.438556922235892,3.6179738952201723,162767.58260000005,110767.58260000005
1619625600000.0,138872.55920000005,23141.817099999997,52000.0,6.403824352503003,4.137903358159345,162014.37630000003,110014.37630000003
1619712000000.0,137967.86450000005,23141.817099999997,52000.0,6.362106204693134,4.762403484479194,161109.68160000004,109109.68160000004
1619798400000.0,139759.34500000006,23141.817099999997,52000.0,6.444716667977045,3.525765535180325,162901.16210000005,110901.16210000005
1619884800000.0,141027.44060000006,23141.817099999997,53000.0,6.456991515374774,3.3420171150592926,164169.25770000005,111169.25770000005
1619971200000.0,139871.06950000004,23141.817099999997,53000.0,6.404046653370913,4.1345756236510045,163012.88660000003,110012.88660000003
1620057600000.0,141399.92220000006,23141.817099999997,53000.0,6.474045717880334,3.086724102830052,164541.73930000004,111541.73930000004
1620144000000.0,140038.72500000006,23260.801499999998,53000.0,6.417170563117794,3.9381171583305896,163299.52650000007,110299.52650000007
1620230400000.0,140038.72500000006,23260.801499999998,53000.0,6.417170563117794,3.9381171583305896,163299.52650000007,110299.52650000007
1620316800000.0,140178.33730000007,23260.801499999998,53000.0,6.423568193072003,3.8423477887804314,163439.13880000007,110439.13880000007
1620403200000.0,138045.28210000007,23260.801499999998,53000.0,6.325822522801545,5.305552332503705,161306.08360000007,108306.08360000007
1620489600000.0,135946.93390000006,23260.801499999998,53000.0,6.229667275028393,6.744949034733239,159207.73540000006,106207.73540000006
1620576000000.0,134219.87090000007,23260.801499999998,53000.0,6.150525895783118,7.929656504514759,157480.67240000007,104480.67240000007
1620662400000.0,132540.99220000007,23260.801499999998,53000.0,6.0735925262977455,9.081311155646254,155801.79370000007,102801.79370000007
1620748800000.0,132540.99220000007,23260.801499999998,53000.0,6.0735925262977455,9.081311155646254,155801.79370000007,102801.79370000007
1620835200000.0,132540.99220000007,23260.801499999998,53000.0,6.0735925262977455,9.081311155646254,155801.79370000007,102801.79370000007
1620921600000.0,132540.99220000007,23260.801499999998,53000.0,6.0735925262977455,9.081311155646254,155801.79370000007,102801.79370000007
1621008000000.0,132540.99220000007,23260.801499999998,53000.0,6.0735925262977455,9.081311155646254,155801.79370000007,102801.79370000007
1621094400000.0,132540.99220000007,23260.801499999998,53000.0,6.0735925262977455,9.081311155646254,155801.79370000007,102801.79370000007
1621180800000.0,132540.99220000007,23260.801499999998,53000.0,6.0735925262977455,9.081311155646254,155801.79370000007,102801.79370000007
1621267200000.0,132540.99220000007,23260.801499999998,53000.0,6.0735925262977455,9.081311155646254,155801.79370000007,102801.79370000007
1621353600000.0,132540.99220000007,23260.801499999998,53000.0,6.0735925262977455,9.081311155646254,155801.79370000007,102801.79370000007
1621440000000.0,132540.99220000007,23260.801499999998,53000.0,6.0735925262977455,9.081311155646254,155801.79370000007,102801.79370000007
1621526400000.0,132540.99220000007,23260.801499999998,53000.0,6.0735925262977455,9.081311155646254,155801.79370000007,102801.79370000007
1621612800000.0,132540.99220000007,23260.801499999998,53000.0,6.0735925262977455,9.081311155646254,155801.79370000007,102801.79370000007
1621699200000.0,132540.99220000007,23260.801499999998,53000.0,6.0735925262977455,9.081311155646254,155801.79370000007,102801.79370000007
1621785600000.0,132540.99220000007,23260.801499999998,53000.0,6.0735925262977455,9.081311155646254,155801.79370000007,102801.79370000007
1621872000000.0,132540.99220000007,23260.801499999998,53000.0,6.0735925262977455,9.081311155646254,155801.79370000007,102801.79370000007
1621958400000.0,131227.94390000007,23260.801499999998,53000.0,6.013423063181655,9.982018384736302,154488.74540000007,101488.74540000007
1622044800000.0,131553.07910000006,23260.801499999998,53000.0,6.028322142236204,9.75898650915974,154813.88060000006,101813.88060000006
1622131200000.0,130271.58090000006,23260.801499999998,53000.0,5.969598439019623,10.638051424598027,153532.38240000006,100532.38240000006
1622217600000.0,128948.28750000006,23260.801499999998,53000.0,5.908959501805306,11.545786449720207,152209.08900000007,99209.08900000007
1622304000000.0,128948.28750000006,23260.801499999998,53000.0,5.908959501805306,11.545786449720207,152209.08900000007,99209.08900000007
1622390400000.0,128948.28750000006,23260.801499999998,53000.0,5.908959501805306,11.545786449720207,152209.08900000007,99209.08900000007
1622476800000.0,128948.28750000006,23260.801499999998,53000.0,5.908959501805306,11.545786449720207,152209.08900000007,99209.08900000007
1622563200000.0,128289.40400000007,23260.801499999998,54000.0,5.833527377163318,12.674968204916738,151550.20550000007,97550.20550000007
1622649600000.0,129198.99040000007,23260.801499999998,54000.0,5.874887746771827,12.055823842063717,152459.79190000007,98459.79190000007
1622736000000.0,129947.51670000008,23260.801499999998,54000.0,5.908924452278518,11.546311123874165,153208.31820000007,99208.31820000007
1622822400000.0,127960.79350000007,23260.801499999998,54000.0,5.818584924486764,12.89864936225299,151221.59500000006,97221.59500000006
1622908800000.0,127960.79350000007,23260.801499999998,54000.0,5.818584924486764,12.89864936225299,151221.59500000006,97221.59500000006
1622995200000.0,127960.79350000007,23260.801499999998,54000.0,5.818584924486764,12.89864936225299,151221.59500000006,97221.59500000006
1623081600000.0,127960.79350000007,23260.801499999998,54000.0,5.818584924486764,12.89864936225299,151221.59500000006,97221.59500000006
1623168000000.0,127960.79350000007,23260.801499999998,54000.0,5.818584924486764,12.89864936225299,151221.59500000006,97221.59500000006
1623254400000.0,127960.79350000007,23260.801499999998,54000.0,5.818584924486764,12.89864936225299,151221.59500000006,97221.59500000006
1623340800000.0,127403.81400000007,23260.801499999998,54000.0,5.793258162802153,13.277778511116367,150664.61550000007,96664.61550000007
1623427200000.0,126072.63510000007,23260.801499999998,54000.0,5.7327272980937,14.18389574405201,149333.43660000007,95333.43660000007
1623513600000.0,125334.56080000008,23260.801499999998,54000.0,5.699165861987638,14.686293913386672,148595.36230000007,94595.36230000007
1623600000000.0,125334.56080000008,23260.801499999998,54000.0,5.699165861987638,14.686293913386672,148595.36230000007,94595.36230000007
1623686400000.0,127279.05570000007,23260.801499999998,54000.0,5.787585200453849,13.362699963508495,150539.85720000006,96539.85720000006
1623772800000.0,126434.03790000007,23260.801499999998,54000.0,5.749160869863847,13.937893268268198,149694.83940000006,95694.83940000006
1623859200000.0,124770.49600000007,23260.801499999998,54000.0,5.673516920214597,15.070245939498573,148031.29750000007,94031.29750000007
1623945600000.0,125135.08470000006,23301.311299999998,54000.0,5.691937406369462,14.794500333940675,148436.39600000007,94436.39600000007
1624032000000.0,125135.08470000006,23301.311299999998,54000.0,5.691937406369462,14.794500333940675,148436.39600000007,94436.39600000007
1624118400000.0,125135.08470000006,23301.311299999998,54000.0,5.691937406369462,14.794500333940675,148436.39600000007,94436.39600000007
1624204800000.0,125135.08470000006,23301.311299999998,54000.0,5.691937406369462,14.794500333940675,148436.39600000007,94436.39600000007
1624291200000.0,125135.08470000006,23301.311299999998,54000.0,5.691937406369462,14.794500333940675,148436.39600000007,94436.39600000007
1624377600000.0,125135.08470000006,23301.311299999998,54000.0,5.691937406369462,14.794500333940675,148436.39600000007,94436.39600000007
1624464000000.0,125135.08470000006,23301.311299999998,54000.0,5.691937406369462,14.794500333940675,148436.39600000007,94436.39600000007
1624550400000.0,125135.08470000006,23301.311299999998,54000.0,5.691937406369462,14.794500333940675,148436.39600000007,94436.39600000007
1624636800000.0,123554.56610000007,23301.311299999998,54000.0,5.620045394929423,15.870688338027271,146855.87740000006,92855.87740000006
1624723200000.0,123554.56610000007,23301.311299999998,54000.0,5.620045394929423,15.870688338027271,146855.87740000006,92855.87740000006
1624809600000.0,123554.56610000007,23301.311299999998,54000.0,5.620045394929423,15.870688338027271,146855.87740000006,92855.87740000006
1624896000000.0,126619.05330000007,23301.311299999998,54000.0,5.759437711375591,13.784054012232605,149920.36460000006,95920.36460000006
1624982400000.0,128483.02520000006,23301.311299999998,54000.0,5.844222976894586,12.514860344575363,151784.33650000006,97784.33650000006
1625068800000.0,126220.80360000006,23597.559899999997,54000.0,5.754798054336377,13.853507393055608,149818.36350000006,95818.36350000006
1625155200000.0,126499.07860000005,23597.559899999997,55000.0,5.722151022496956,14.342217380867295,150096.63850000006,95096.63850000006
1625241600000.0,126499.07860000005,23597.559899999997,55000.0,5.722151022496956,14.342217380867295,150096.63850000006,95096.63850000006
1625328000000.0,126289.97030000004,23597.559899999997,55000.0,5.71269206606897,14.48381330001146,149887.53020000004,94887.53020000004
1625414400000.0,128478.32860000005,23597.559899999997,55000.0,5.811681851785361,13.001984960795587,152075.88850000006,97075.88850000006
1625500800000.0,126461.56880000005,23597.559899999997,55000.0,5.7204542770123314,14.367616825116581,150059.12870000006,95059.12870000006
1625587200000.0,126461.56880000005,23597.559899999997,55000.0,5.7204542770123314,14.367616825116581,150059.12870000006,95059.12870000006
1625673600000.0,125805.48940000005,23597.559899999997,55000.0,5.690776705830803,14.81187544935364,149403.04930000004,94403.04930000004
1625760000000.0,125189.86020000005,23597.559899999997,55000.0,5.6629288883190405,15.228743562317037,148787.42010000005,93787.42010000005
1625846400000.0,125189.86020000005,23597.559899999997,55000.0,5.6629288883190405,15.228743562317037,148787.42010000005,93787.42010000005
1625932800000.0,125516.39240000006,23597.559899999997,55000.0,5.677699482561994,15.00763504109065,149113.95230000006,94113.95230000006
1626019200000.0,124003.84520000007,23597.559899999997,55000.0,5.609279826048743,16.03184360207519,147601.40510000006,92601.40510000006
1626105600000.0,123610.24060000008,23597.559899999997,55000.0,5.591475230242387,16.298369632444953,147207.80050000007,92207.80050000007
1626192000000.0,123610.24060000008,23597.559899999997,55000.0,5.591475230242387,16.298369632444953,147207.80050000007,92207.80050000007
1626278400000.0,123610.24060000008,23597.559899999997,55000.0,5.591475230242387,16.298369632444953,147207.80050000007,92207.80050000007
1626364800000.0,123610.24060000008,23597.559899999997,55000.0,5.591475230242387,16.298369632444953,147207.80050000007,92207.80050000007
1626451200000.0,123610.24060000008,23597.559899999997,55000.0,5.591475230242387,16.298369632444953,147207.80050000007,92207.80050000007
1626537600000.0,123610.24060000008,23597.559899999997,55000.0,5.591475230242387,16.298369632444953,147207.80050000007,92207.80050000007
1626624000000.0,123610.24060000008,23597.559899999997,55000.0,5.591475230242387,16.298369632444953,147207.80050000007,92207.80050000007
1626710400000.0,123610.24060000008,23597.559899999997,55000.0,5.591475230242387,16.298369632444953,147207.80050000007,92207.80050000007
1626796800000.0,123610.24060000008,23597.559899999997,55000.0,5.591475230242387,16.298369632444953,147207.80050000007,92207.80050000007
1626883200000.0,123610.24060000008,23597.559899999997,55000.0,5.591475230242387,16.298369632444953,147207.80050000007,92207.80050000007
1626969600000.0,124964.51570000008,23597.559899999997,55000.0,5.652735491850389,15.38133368715464,148562.07560000007,93562.07560000007
1627056000000.0,124598.09120000008,23597.559899999997,55000.0,5.6361603803907006,15.629454942381892,148195.65110000008,93195.65110000008
1627142400000.0,127556.41570000007,23597.559899999997,55000.0,5.769979375358089,13.626250494236192,151153.97560000006,96153.97560000006
1627228800000.0,128186.81950000007,23597.559899999997,55000.0,5.798495517836584,13.199377885674156,151784.37940000006,96784.37940000006
1627315200000.0,136657.5717000001,23597.559899999997,55000.0,6.18166766342839,7.4634795803394605,160255.13160000008,105255.13160000008
1627401600000.0,133372.0791000001,24682.208599999998,55000.0,6.082113095030599,8.953762438137636,158054.2877000001,103054.2877000001
1627488000000.0,136045.8597000001,24682.208599999998,55000.0,6.204044432610676,7.128510366349994,160728.0683000001,105728.0683000001
1627574400000.0,136370.95070000007,24682.208599999998,55000.0,6.218869426278908,6.90658751251918,161053.15930000006,106053.15930000006
1627660800000.0,135109.09740000006,24824.593699999998,55000.0,6.167840736948288,7.670461859916977,159933.69110000005,104933.69110000005
1627747200000.0,139931.70870000005,24824.593699999998,55000.0,6.387996884883647,4.374832753315117,164756.30240000004,109756.30240000004
1627833600000.0,140440.73390000005,24824.593699999998,56000.0,6.365741181844993,4.707989666760071,165265.32760000005,109265.32760000005
1627920000000.0,138047.91220000005,25090.6344,56000.0,6.269340821205284,6.15105558788267,163138.54660000006,107138.54660000006
1628006400000.0,138047.91220000005,25090.6344,56000.0,6.269340821205284,6.15105558788267,163138.54660000006,107138.54660000006
1628092800000.0,138047.91220000005,25090.6344,56000.0,6.269340821205284,6.15105558788267,163138.54660000006,107138.54660000006
1628179200000.0,138047.91220000005,25090.6344,56000.0,6.269340821205284,6.15105558788267,163138.54660000006,107138.54660000006
1628265600000.0,140033.97930000004,25090.6344,56000.0,6.3595365463361615,4.800870004513635,165124.61370000005,109124.61370000005
1628352000000.0,141753.31230000005,25090.6344,56000.0,6.437618745410125,3.63201794024518,166843.94670000006,110843.94670000006
1628438400000.0,142655.87210000004,25090.6344,56000.0,6.478607811507126,3.018431808090627,167746.50650000005,111746.50650000005
1628524800000.0,145427.08000000005,25090.6344,56000.0,6.604460108254259,1.134484908663913,170517.71440000006,114517.71440000006
1628611200000.0,144391.26360000003,25090.6344,56000.0,6.557419295131452,1.838662713279482,169481.89800000004,113481.89800000004
1628697600000.0,146286.95950000006,25090.6344,56000.0,6.643510881024061,0.5499140729984919,171377.59390000007,115377.59390000007
1628784000000.0,143426.91350000002,25688.301199999998,56000.0,6.54076665225907,2.0879445755701553,169115.2147,113115.21470000001
1628870400000.0,143011.20270000002,25688.301199999998,56000.0,6.521808792320016,2.371734402018133,168699.5039,112699.50390000001
1628956800000.0,144351.62600000002,25688.301199999998,56000.0,6.582936762005782,1.8287729340322634,170039.9272,114039.9272
1629043200000.0,142161.78720000002,25688.301199999998,56000.0,6.483072487949135,3.3180472015258977,167850.0884,111850.08840000001
1629129600000.0,142322.8958,25706.2021,56000.0,6.491235944440426,3.196305709875069,168029.0979,112029.0979
1629216000000.0,141546.8278,25706.2021,56000.0,6.455840090044593,3.7241635011184493,167253.0299,111253.0299
1629302400000.0,141546.8278,25706.2021,56000.0,6.455840090044593,3.7241635011184493,167253.0299,111253.0299
1629388800000.0,141546.8278,25706.2021,56000.0,6.455840090044593,3.7241635011184493,167253.0299,111253.0299
1629475200000.0,144785.9404,25706.2021,56000.0,6.603573481913998,1.5210178713223832,170492.1425,114492.14249999999
1629561600000.0,145691.7547,25706.2021,56000.0,6.644886963557956,0.9049106027909315,171397.95679999999,115397.95679999999
1629648000000.0,144410.4367,25706.2021,56000.0,6.586447051897175,1.7764240389336106,170116.6388,114116.63879999999
1629734400000.0,146390.7747,25706.2021,56000.0,6.67676871894508,1.2704311917822286,172096.9768,116096.9768
1629820800000.0,143902.6977,25967.965399999997,56000.0,6.575228292636242,2.7719123615026264,169870.66309999998,113870.66309999998
1629907200000.0,143902.6977,25967.965399999997,56000.0,6.575228292636242,2.7719123615026264,169870.66309999998,113870.66309999998
1629993600000.0,143902.6977,25967.965399999997,56000.0,6.575228292636242,2.7719123615026264,169870.66309999998,113870.66309999998
1630080000000.0,143902.6977,25967.965399999997,56000.0,6.575228292636242,2.7719123615026264,169870.66309999998,113870.66309999998
1630166400000.0,143171.1557,25967.965399999997,56000.0,6.541802542233151,3.266179882710052,169139.1211,113139.12109999999
1630252800000.0,142057.0935,25967.965399999997,56000.0,6.490898609129216,4.018897788264219,168025.05889999997,112025.05889999997
1630339200000.0,141851.70269999997,25967.965399999997,56000.0,6.481513855258773,4.157670410471582,167819.66809999995,111819.66809999995
1630425600000.0,141851.70269999997,25967.965399999997,56000.0,6.481513855258773,4.157670410471582,167819.66809999995,111819.66809999995
1630512000000.0,142851.70269999997,25967.965399999997,57000.0,6.481513855258772,4.157670410471592,168819.66809999995,111819.66809999995
1630598400000.0,142529.78149999995,25967.965399999997,57000.0,6.4669075420075846,4.373654379644531,168497.74689999994,111497.74689999994
1630684800000.0,140889.69369999995,25967.965399999997,57000.0,6.392492945621112,5.4740251313567185,166857.65909999993,109857.65909999993
1630771200000.0,139215.22389999995,25967.965399999997,57000.0,6.316518357962855,6.597463518341462,165183.18929999994,108183.18929999994
1630857600000.0,139915.57639999996,25967.965399999997,57000.0,6.348294979077748,6.127581718788699,165883.54179999995,108883.54179999995
1630944000000.0,142765.84809999994,25967.965399999997,57000.0,6.477618432460722,4.215272138098591,168733.81349999993,111733.81349999993
1631030400000.0,140487.28059999994,26100.326499999996,57000.0,6.3802400585602115,5.655208920566901,166587.60709999994,109587.60709999994
1631116800000.0,140487.28059999994,26100.326499999996,57000.0,6.3802400585602115,5.655208920566901,166587.60709999994,109587.60709999994
1631203200000.0,140487.28059999994,26100.326499999996,57000.0,6.3802400585602115,5.655208920566901,166587.60709999994,109587.60709999994
1631289600000.0,140487.28059999994,26100.326499999996,57000.0,6.3802400585602115,5.655208920566901,166587.60709999994,109587.60709999994
1631376000000.0,140487.28059999994,26100.326499999996,57000.0,6.3802400585602115,5.655208920566901,166587.60709999994,109587.60709999994
1631462400000.0,140487.28059999994,26100.326499999996,57000.0,6.3802400585602115,5.655208920566901,166587.60709999994,109587.60709999994
1631548800000.0,140487.28059999994,26100.326499999996,57000.0,6.3802400585602115,5.655208920566901,166587.60709999994,109587.60709999994
1631635200000.0,140487.28059999994,26100.326499999996,57000.0,6.3802400585602115,5.655208920566901,166587.60709999994,109587.60709999994
1631721600000.0,143454.03399999993,26100.326499999996,57000.0,6.514975379834198,3.662873895561114,169554.36049999992,112554.36049999992
1631808000000.0,142937.83559999993,26100.326499999996,57000.0,6.491532191982752,4.009528980601851,169038.16209999993,112038.16209999993
1631894400000.0,141987.95019999993,26100.326499999996,57000.0,6.4483930775074905,4.64742829240905,168088.27669999993,111088.27669999993
1631980800000.0,143471.82109999994,26186.385299999994,57000.0,6.519752694501253,3.592231607802776,169658.20639999994,112658.20639999994
1632067200000.0,141273.75269999995,26187.712199999994,57000.0,6.419926741196004,5.068360816491868,167461.46489999996,110461.46489999996
1632153600000.0,141273.75269999995,26187.712199999994,57000.0,6.419926741196004,5.068360816491868,167461.46489999996,110461.46489999996
1632240000000.0,141273.75269999995,26187.712199999994,57000.0,6.419926741196004,5.068360816491868,167461.46489999996,110461.46489999996
1632326400000.0,141273.75269999995,26187.712199999994,57000.0,6.419926741196004,5.068360816491868,167461.46489999996,110461.46489999996
1632412800000.0,141273.75269999995,26187.712199999994,57000.0,6.419926741196004,5.068360816491868,167461.46489999996,110461.46489999996
1632499200000.0,139488.51009999996,26187.712199999994,57000.0,6.338799663531406,6.267989219639869,165676.22229999996,108676.22229999996
1632585600000.0,139488.51009999996,26187.712199999994,57000.0,6.338799663531406,6.267989219639869,165676.22229999996,108676.22229999996
1632672000000.0,139488.51009999996,26187.712199999994,57000.0,6.338799663531406,6.267989219639869,165676.22229999996,108676.22229999996
1632758400000.0,138077.88069999995,26187.712199999994,57000.0,6.274696196086831,7.21588901463448,164265.59289999993,107265.59289999993
1632844800000.0,138077.88069999995,26187.712199999994,57000.0,6.274696196086831,7.21588901463448,164265.59289999993,107265.59289999993
1632931200000.0,138077.88069999995,26187.712199999994,57000.0,6.274696196086831,7.21588901463448,164265.59289999993,107265.59289999993
1633017600000.0,138183.35209999996,26187.712199999994,57000.0,6.27948915053414,7.145015461001048,164371.06429999997,107371.06429999997
1633104000000.0,146764.99269999994,26187.712199999994,58000.0,6.621547515795692,2.086988692200109,172952.70489999995,114952.70489999995
1633190400000.0,147601.18109999993,26187.712199999994,58000.0,6.659273550600701,1.5291327433226698,173788.89329999994,115788.89329999994
1633276800000.0,147693.46329999994,26187.712199999994,58000.0,6.66343701602199,1.4675674618077617,173881.17549999995,115881.17549999995
1633363200000.0,147474.73829999994,26187.712199999994,58000.0,6.65356887271514,1.7253446966078445,173662.45049999992,115662.45049999992
1633449600000.0,151136.05769999995,26187.712199999994,58000.0,6.818755406176567,0.6627641188038824,177323.76989999996,119323.76989999996
1633536000000.0,160473.32709999994,26187.712199999994,58000.0,7.240021893929986,0.5083008415848078,186661.03929999995,128661.03929999995
1633622400000.0,156114.41139999995,28080.659999999996,58000.0,7.128765637775946,2.363523723691463,184195.07139999996,126195.07139999996
1633708800000.0,156734.04029999994,28080.659999999996,58000.0,7.157060201813183,1.9759977941348872,184814.70029999994,126814.70029999994
1633795200000.0,157700.84299999994,28080.659999999996,58000.0,7.201208014974454,1.3713437584446098,185781.50299999994,127781.50299999994
1633881600000.0,158287.22229999994,28080.659999999996,58000.0,7.227984278402387,1.0046126661646393,186367.88229999994,128367.88229999994
1633968000000.0,161424.45219999994,28080.659999999996,58000.0,7.371241883567488,0.15060198028530314,189505.11219999995,131505.11219999995
1634054400000.0,159665.58109999995,28080.659999999996,58000.0,7.290925276365668,1.3855066932976445,187746.24109999996,129746.24109999996
1634140800000.0,157006.52899999995,28327.913499999995,58000.0,7.180698504844621,2.876395271955534,185334.44249999995,127334.44249999995
1634227200000.0,157490.05719999995,28327.913499999995,58000.0,7.202812682165171,2.5772866802888594,185817.97069999995,127817.97069999995
1634313600000.0,161340.75329999995,28327.913499999995,58000.0,7.378924388499887,0.27159489432484474,189668.66679999995,131668.66679999995
1634400000000.0,162624.78799999994,28327.913499999995,58000.0,7.437649755586109,1.7125176339909731,190952.70149999994,132952.70149999994
1634486400000.0,162373.12469999996,28327.913499999995,58000.0,7.426139926704826,1.864618383606842,190701.03819999995,132701.03819999995
1634572800000.0,159577.99909999996,28613.632299999994,58000.0,7.311372128374561,3.381258495101669,188191.63139999995,130191.63139999995
1634659200000.0,160283.46869999994,28613.632299999994,58000.0,7.343694571317483,2.954122014469085,188897.10099999994,130897.10099999994
1634745600000.0,165898.51379999996,28613.632299999994,58000.0,7.600958633251108,0.07736622894768397,194512.14609999995,136512.14609999995
1634832000000.0,163017.20679999996,28995.766399999993,58000.0,7.486454232969722,1.5826475765448933,192012.97319999995,134012.97319999995
1634918400000.0,163234.81389999995,29019.944899999995,58000.0,7.497558072031398,1.4366758777700994,192254.75879999995,134254.75879999995
1635004800000.0,163234.81389999995,29019.944899999995,58000.0,7.497558072031398,1.4366758777700994,192254.75879999995,134254.75879999995
1635091200000.0,163234.81389999995,29019.944899999995,58000.0,7.497558072031398,1.4366758777700994,192254.75879999995,134254.75879999995
1635177600000.0,163755.30549999996,29019.944899999995,58000.0,7.521464834956341,1.1223962149456868,192775.25039999996,134775.25039999996
1635264000000.0,161272.53199999995,29019.944899999995,58000.0,7.407428263644082,2.621527456351691,190292.47689999995,132292.47689999995
1635350400000.0,160357.84989999994,29019.944899999995,58000.0,7.3654158889652415,3.1738245193197123,189377.79479999995,131377.79479999995
1635436800000.0,160357.84989999994,29019.944899999995,58000.0,7.3654158889652415,3.1738245193197123,189377.79479999995,131377.79479999995
1635523200000.0,159140.66269999993,29019.944899999995,58000.0,7.309509115780668,3.9087781339605554,188160.60759999993,130160.60759999993
1635609600000.0,157039.2137999999,29019.944899999995,58000.0,7.21298721100606,5.177660574589272,186059.1586999999,128059.15869999991
1635696000000.0,156072.6837999999,29019.944899999995,58000.0,7.16859340413224,5.761264080408923,185092.6286999999,127092.62869999991
1635782400000.0,157202.37959999993,29019.944899999995,59000.0,7.174512552095661,5.683450625195762,186222.32449999993,127222.32449999993
1635868800000.0,160690.66319999995,29019.944899999995,59000.0,7.3337132877152476,3.590588715408738,189710.60809999995,130710.60809999995
1635955200000.0,158061.66999999993,29203.581799999996,59000.0,7.222110400320429,5.057726609852797,187265.2517999999,128265.25179999991
1636041600000.0,155676.26619999993,29203.581799999996,59000.0,7.1131171852484645,6.4905576037648345,184879.8479999999,125879.84799999991
1636128000000.0,155676.26619999993,29203.581799999996,59000.0,7.1131171852484645,6.4905576037648345,184879.8479999999,125879.84799999991
1636214400000.0,155676.26619999993,29203.581799999996,59000.0,7.1131171852484645,6.4905576037648345,184879.8479999999,125879.84799999991
1636300800000.0,155881.70679999993,29203.581799999996,59000.0,7.122504120701621,6.367156417312502,185085.2885999999,126085.28859999991
1636387200000.0,166915.02999999994,29203.581799999996,59000.0,7.626635693098755,0.17913791338907137,196118.61179999993,137118.61179999993
1636473600000.0,167888.06599999993,29203.581799999996,59000.0,7.6710953866821905,2.520165173420952,197091.64779999992,138091.64779999992
1636560000000.0,171806.96509999994,29203.581799999996,59000.0,7.850156647694531,0.9330442471481293,201010.54689999993,142010.54689999993
1636646400000.0,167871.50169999994,30558.607899999995,59000.0,7.7322520155233985,2.4209703488246137,198430.10959999994,139430.10959999994
1636732800000.0,167871.50169999994,30558.607899999995,59000.0,7.7322520155233985,2.4209703488246137,198430.10959999994,139430.10959999994
1636819200000.0,167871.50169999994,30558.607899999995,59000.0,7.7322520155233985,2.4209703488246137,198430.10959999994,139430.10959999994
1636905600000.0,167871.50169999994,30558.607899999995,59000.0,7.7322520155233985,2.4209703488246137,198430.10959999994,139430.10959999994
1636992000000.0,165674.33139999994,30558.607899999995,59000.0,7.6310491650778,3.698124265250091,196232.93929999994,137232.93929999994
1637078400000.0,165674.33139999994,30558.607899999995,59000.0,7.6310491650778,3.698124265250091,196232.93929999994,137232.93929999994
1637164800000.0,165674.33139999994,30558.607899999995,59000.0,7.6310491650778,3.698124265250091,196232.93929999994,137232.93929999994
1637251200000.0,165674.33139999994,30558.607899999995,59000.0,7.6310491650778,3.698124265250091,196232.93929999994,137232.93929999994
1637337600000.0,165674.33139999994,30558.607899999995,59000.0,7.6310491650778,3.698124265250091,196232.93929999994,137232.93929999994
1637424000000.0,165674.33139999994,30558.607899999995,59000.0,7.6310491650778,3.698124265250091,196232.93929999994,137232.93929999994
1637510400000.0,165674.33139999994,30558.607899999995,59000.0,7.6310491650778,3.698124265250091,196232.93929999994,137232.93929999994
1637596800000.0,163588.21819999994,30558.607899999995,59000.0,7.534961664626794,4.910723781767712,194146.82609999995,135146.82609999995
1637683200000.0,163588.21819999994,30558.607899999995,59000.0,7.534961664626794,4.910723781767712,194146.82609999995,135146.82609999995
1637769600000.0,163588.21819999994,30558.607899999995,59000.0,7.534961664626794,4.910723781767712,194146.82609999995,135146.82609999995
1637856000000.0,164228.78299999994,30558.607899999995,59000.0,7.564466425206851,4.53838129969234,194787.39089999994,135787.39089999994
1637942400000.0,161743.77309999993,30558.607899999995,59000.0,7.45000552735768,5.9828483608669325,192302.38099999994,133302.38099999994
1638028800000.0,161743.77309999993,30558.607899999995,59000.0,7.45000552735768,5.9828483608669325,192302.38099999994,133302.38099999994
1638115200000.0,161743.77309999993,30558.607899999995,59000.0,7.45000552735768,5.9828483608669325,192302.38099999994,133302.38099999994
1638201600000.0,161004.75379999995,30558.607899999995,59000.0,7.41596589934418,6.412419702382433,191563.36169999995,132563.36169999995
1638288000000.0,159679.66679999995,30558.607899999995,59000.0,7.354931676603956,7.1826558791842405,190238.27469999995,131238.27469999995
1638374400000.0,162218.25329999992,30558.607899999995,60000.0,7.425358749371854,6.293884353363888,192776.86119999993,132776.86119999993
1638460800000.0,159769.95889999994,30558.607899999995,60000.0,7.313290816976739,7.708152806613288,190328.56679999994,130328.56679999994
1638547200000.0,159769.95889999994,30558.607899999995,60000.0,7.313290816976739,7.708152806613288,190328.56679999994,130328.56679999994
1638633600000.0,159769.95889999994,30558.607899999995,60000.0,7.313290816976739,7.708152806613288,190328.56679999994,130328.56679999994
1638720000000.0,159769.95889999994,30558.607899999995,60000.0,7.313290816976739,7.708152806613288,190328.56679999994,130328.56679999994
1638806400000.0,159769.95889999994,30558.607899999995,60000.0,7.313290816976739,7.708152806613288,190328.56679999994,130328.56679999994
1638892800000.0,159769.95889999994,30558.607899999995,60000.0,7.313290816976739,7.708152806613288,190328.56679999994,130328.56679999994
1638979200000.0,157751.32119999995,30558.607899999995,60000.0,7.220889938514643,8.874228102807225,188309.92909999995,128309.92909999995
1639065600000.0,157751.32119999995,30558.607899999995,60000.0,7.220889938514643,8.874228102807225,188309.92909999995,128309.92909999995
1639152000000.0,157751.32119999995,30558.607899999995,60000.0,7.220889938514643,8.874228102807225,188309.92909999995,128309.92909999995
1639238400000.0,157751.32119999995,30558.607899999995,60000.0,7.220889938514643,8.874228102807225,188309.92909999995,128309.92909999995
1639324800000.0,157355.34889999995,30558.607899999995,60000.0,7.202764750242048,9.10296331220467,187913.95679999996,127913.95679999996
1639411200000.0,155648.13229999994,30558.607899999995,60000.0,7.124618823627741,10.089144786231541,186206.74019999994,126206.74019999994
1639497600000.0,155648.13229999994,30558.607899999995,60000.0,7.124618823627741,10.089144786231541,186206.74019999994,126206.74019999994
1639584000000.0,155648.13229999994,30558.607899999995,60000.0,7.124618823627741,10.089144786231541,186206.74019999994,126206.74019999994
1639670400000.0,154931.99849999993,30558.607899999995,60000.0,7.091838601492585,10.502822749815344,185490.60639999993,125490.60639999993
1639756800000.0,154177.97639999996,30558.607899999995,60000.0,7.05732408488575,10.93838706311151,184736.58429999996,124736.58429999996
1639843200000.0,154177.97639999996,30558.607899999995,60000.0,7.05732408488575,10.93838706311151,184736.58429999996,124736.58429999996
1639929600000.0,154177.97639999996,30558.607899999995,60000.0,7.05732408488575,10.93838706311151,184736.58429999996,124736.58429999996
1640016000000.0,154177.97639999996,30558.607899999995,60000.0,7.05732408488575,10.93838706311151,184736.58429999996,124736.58429999996
1640102400000.0,153812.43199999997,30558.607899999995,60000.0,7.0405916996355895,11.14954545696396,184371.03989999997,124371.03989999997
1640188800000.0,154733.16519999996,30558.607899999995,60000.0,7.082737230014427,10.617679714584549,185291.77309999996,125291.77309999996
1640275200000.0,153235.20289999997,30558.607899999995,60000.0,7.01416968447463,11.482984485549553,183793.81079999998,123793.81079999998
1640361600000.0,158097.41919999997,30558.607899999995,60000.0,7.236732186598079,8.674303010819607,188656.02709999998,128656.02709999998
1640448000000.0,157320.53579999998,30558.607899999995,60000.0,7.201171219604041,9.123073258577863,187879.1437,127879.14369999999
1640534400000.0,154647.39169999995,30801.848299999994,60000.0,7.08988944113345,10.527420651706942,185449.23999999993,125449.23999999993
1640620800000.0,158094.58419999992,30801.848299999994,60000.0,7.247927759391774,8.533017764632,188896.4324999999,128896.43249999991
1640707200000.0,155615.37129999994,30909.401499999993,60000.0,7.139197797119856,9.905161894337333,186524.77279999992,126524.77279999992
1640793600000.0,155615.37129999994,30909.401499999993,60000.0,7.139197797119856,9.905161894337333,186524.77279999992,126524.77279999992
1640880000000.0,155615.37129999994,30909.401499999993,60000.0,7.139197797119856,9.905161894337333,186524.77279999992,126524.77279999992
1640966400000.0,155615.37129999994,30909.401499999993,60000.0,7.139197797119856,9.905161894337333,186524.77279999992,126524.77279999992
1641052800000.0,156615.37129999994,30909.401499999993,61000.0,7.139197797119854,9.905161894337356,187524.77279999992,126524.77279999992
1641139200000.0,156615.37129999994,30909.401499999993,61000.0,7.139197797119854,9.905161894337356,187524.77279999992,126524.77279999992
1641225600000.0,156615.37129999994,30909.401499999993,61000.0,7.139197797119854,9.905161894337356,187524.77279999992,126524.77279999992
1641312000000.0,156615.37129999994,30909.401499999993,61000.0,7.139197797119854,9.905161894337356,187524.77279999992,126524.77279999992
1641398400000.0,156615.37129999994,30909.401499999993,61000.0,7.139197797119854,9.905161894337356,187524.77279999992,126524.77279999992
1641484800000.0,156615.37129999994,30909.401499999993,61000.0,7.139197797119854,9.905161894337356,187524.77279999992,126524.77279999992
1641571200000.0,156615.37129999994,30909.401499999993,61000.0,7.139197797119854,9.905161894337356,187524.77279999992,126524.77279999992
1641657600000.0,156615.37129999994,30909.401499999993,61000.0,7.139197797119854,9.905161894337356,187524.77279999992,126524.77279999992
1641744000000.0,156615.37129999994,30909.401499999993,61000.0,7.139197797119854,9.905161894337356,187524.77279999992,126524.77279999992
1641830400000.0,156615.37129999994,30909.401499999993,61000.0,7.139197797119854,9.905161894337356,187524.77279999992,126524.77279999992
1641916800000.0,156615.37129999994,30909.401499999993,61000.0,7.139197797119854,9.905161894337356,187524.77279999992,126524.77279999992
1642003200000.0,158330.09899999993,30909.401499999993,61000.0,7.217362412233213,8.918744576264093,189239.5004999999,128239.50049999991
1642089600000.0,157593.41839999994,30909.401499999993,61000.0,7.1837813628569895,9.342528773445135,188502.81989999994,127502.81989999994
1642176000000.0,156540.7437999999,30929.941499999994,61000.0,7.136730708289572,9.936295920186344,187470.6852999999,126470.6852999999
1642262400000.0,155332.6351999999,30929.941499999994,61000.0,7.081652742417733,10.631365668837155,186262.5766999999,125262.57669999989
1642348800000.0,153000.9715999999,30929.941499999994,61000.0,6.975351629930486,11.972858339603897,183930.9130999999,122930.91309999989
1642435200000.0,153000.9715999999,30929.941499999994,61000.0,6.975351629930486,11.972858339603897,183930.9130999999,122930.91309999989
1642521600000.0,153000.9715999999,30929.941499999994,61000.0,6.975351629930486,11.972858339603897,183930.9130999999,122930.91309999989
1642608000000.0,153000.9715999999,30929.941499999994,61000.0,6.975351629930486,11.972858339603897,183930.9130999999,122930.91309999989
1642694400000.0,153000.9715999999,30929.941499999994,61000.0,6.975351629930486,11.972858339603897,183930.9130999999,122930.91309999989
1642780800000.0,151059.7787999999,30929.941499999994,61000.0,6.886852176496366,13.089698656425398,181989.7202999999,120989.7202999999
1642867200000.0,151059.7787999999,30929.941499999994,61000.0,6.886852176496366,13.089698656425398,181989.7202999999,120989.7202999999
1642953600000.0,151059.7787999999,30929.941499999994,61000.0,6.886852176496366,13.089698656425398,181989.7202999999,120989.7202999999
1643040000000.0,151059.7787999999,30929.941499999994,61000.0,6.886852176496366,13.089698656425398,181989.7202999999,120989.7202999999
1643126400000.0,151059.7787999999,30929.941499999994,61000.0,6.886852176496366,13.089698656425398,181989.7202999999,120989.7202999999
1643212800000.0,150848.3544999999,30929.941499999994,61000.0,6.877213291068451,13.211338908849457,181778.2959999999,120778.29599999989
1643299200000.0,148577.1548999999,30929.941499999994,61000.0,6.77366874709539,14.518044394687257,179507.0963999999,118507.0963999999
1643385600000.0,148577.1548999999,30929.941499999994,61000.0,6.77366874709539,14.518044394687257,179507.0963999999,118507.0963999999
1643472000000.0,149915.4230999999,30929.941499999994,61000.0,6.834680720892255,13.748088993822327,180845.36459999988,119845.36459999988
1643558400000.0,150688.01309999992,30929.941499999994,61000.0,6.869903287516585,13.303589271603522,181617.9545999999,120617.95459999991
1643644800000.0,148536.6620999999,30929.941499999994,61000.0,6.771822670462498,14.541341406494123,179466.6035999999,118466.60359999989
1643731200000.0,150056.4023999999,30929.941499999994,62000.0,6.795359300857118,14.244315190773982,180986.3438999999,118986.34389999989
1643817600000.0,147777.6688999999,30929.941499999994,62000.0,6.692166017293499,15.546587860681893,178707.6103999999,116707.61039999989
1643904000000.0,147777.6688999999,30929.941499999994,62000.0,6.692166017293499,15.546587860681893,178707.6103999999,116707.61039999989
1643990400000.0,147777.6688999999,30929.941499999994,62000.0,6.692166017293499,15.546587860681893,178707.6103999999,116707.61039999989
1644076800000.0,150283.06249999988,30929.941499999994,62000.0,6.805623686741583,14.11478128363276,181213.00399999987,119213.00399999987
1644163200000.0,149874.2470999999,30929.941499999994,62000.0,6.787110331187995,14.348415064176844,180804.18859999988,118804.18859999988
1644249600000.0,153781.0686999999,30929.941499999994,62000.0,6.964032182383525,12.115706853284303,184711.01019999987,122711.01019999987
1644336000000.0,153095.7513999999,30929.941499999994,62000.0,6.932997336724762,12.507358615109487,184025.69289999988,122025.69289999988
1644422400000.0,153835.1140999999,30929.941499999994,62000.0,6.966479648174285,12.084820465141831,184765.05559999988,122765.05559999988
1644508800000.0,155655.9753999999,30929.941499999994,62000.0,7.0489380209769505,11.044217030522107,186585.9168999999,124585.9168999999
1644595200000.0,152756.7152999999,31483.168799999992,62000.0,6.9426970638926955,12.384950555591011,184239.88409999988,122239.88409999988
1644681600000.0,152430.2073999999,31483.168799999992,62000.0,6.927857484276076,12.572222229679497,183913.37619999988,121913.37619999988
1644768000000.0,152430.2073999999,31483.168799999992,62000.0,6.927857484276076,12.572222229679497,183913.37619999988,121913.37619999988
1644854400000.0,152430.2073999999,31483.168799999992,62000.0,6.927857484276076,12.572222229679497,183913.37619999988,121913.37619999988
1644940800000.0,154030.51449999987,31483.168799999992,62000.0,7.000590439961045,11.654351055129986,185513.68329999986,123513.68329999986
1645027200000.0,152472.9229999999,31483.168799999992,62000.0,6.929798881550297,12.547722295920794,183956.09179999988,121956.09179999988
1645113600000.0,152134.5406999999,31483.168799999992,62000.0,6.914419617888666,12.741804643707521,183617.70949999988,121617.70949999988
1645200000000.0,152134.5406999999,31483.168799999992,62000.0,6.914419617888666,12.741804643707521,183617.70949999988,121617.70949999988
1645286400000.0,152134.5406999999,31483.168799999992,62000.0,6.914419617888666,12.741804643707521,183617.70949999988,121617.70949999988
1645372800000.0,152134.5406999999,31483.168799999992,62000.0,6.914419617888666,12.741804643707521,183617.70949999988,121617.70949999988
1645459200000.0,152134.5406999999,31483.168799999992,62000.0,6.914419617888666,12.741804643707521,183617.70949999988,121617.70949999988
1645545600000.0,152134.5406999999,31483.168799999992,62000.0,6.914419617888666,12.741804643707521,183617.70949999988,121617.70949999988
1645632000000.0,152134.5406999999,31483.168799999992,62000.0,6.914419617888666,12.741804643707521,183617.70949999988,121617.70949999988
1645718400000.0,152134.5406999999,31483.168799999992,62000.0,6.914419617888666,12.741804643707521,183617.70949999988,121617.70949999988
1645804800000.0,153180.4318999999,31483.168799999992,62000.0,6.961954718058442,12.141923918192376,184663.6006999999,122663.6006999999
1645891200000.0,152870.1459999999,31483.168799999992,62000.0,6.947852418184641,12.319891311750265,184353.31479999988,122353.31479999988
1645977600000.0,150530.2164999999,31483.168799999992,62000.0,6.841504087523947,13.661979863708872,182013.38529999988,120013.38529999988
1646064000000.0,150530.2164999999,31483.168799999992,62000.0,6.841504087523947,13.661979863708872,182013.38529999988,120013.38529999988
1646150400000.0,155136.7344999999,31483.168799999992,63000.0,7.004336347707042,11.607078663815862,186619.9032999999,123619.90329999989
1646236800000.0,155853.0981999999,31483.168799999992,63000.0,7.036679766035779,11.198913051807347,187336.26699999988,124336.26699999988
1646323200000.0,153314.3998999999,31681.411299999992,63000.0,6.931009502426217,12.532444572159251,184995.81119999988,121995.81119999988
1646409600000.0,153223.3069999999,31681.411299999992,63000.0,6.926891391173031,12.584414075904693,184904.7182999999,121904.71829999989
1646496000000.0,153223.3069999999,31681.411299999992,63000.0,6.926891391173031,12.584414075904693,184904.7182999999,121904.71829999989
1646582400000.0,153223.3069999999,31681.411299999992,63000.0,6.926891391173031,12.584414075904693,184904.7182999999,121904.71829999989
1646668800000.0,153223.3069999999,31681.411299999992,63000.0,6.926891391173031,12.584414075904693,184904.7182999999,121904.71829999989
1646755200000.0,153223.3069999999,31681.411299999992,63000.0,6.926891391173031,12.584414075904693,184904.7182999999,121904.71829999989
1646841600000.0,154815.7431999999,31681.411299999992,63000.0,6.99888195723471,11.67591166726173,186497.1544999999,123497.15449999989
1646928000000.0,152447.83899999992,31681.411299999992,63000.0,6.8918341748885,13.02682711940718,184129.2502999999,121129.2502999999
1647014400000.0,152447.83899999992,31681.411299999992,63000.0,6.8918341748885,13.02682711940718,184129.2502999999,121129.2502999999
1647100800000.0,152447.83899999992,31681.411299999992,63000.0,6.8918341748885,13.02682711940718,184129.2502999999,121129.2502999999
1647187200000.0,152447.83899999992,31681.411299999992,63000.0,6.8918341748885,13.02682711940718,184129.2502999999,121129.2502999999
1647273600000.0,152447.83899999992,31681.411299999992,63000.0,6.8918341748885,13.02682711940718,184129.2502999999,121129.2502999999
1647360000000.0,152447.83899999992,31681.411299999992,63000.0,6.8918341748885,13.02682711940718,184129.2502999999,121129.2502999999
1647446400000.0,155358.44929999992,31681.411299999992,63000.0,7.023416515883984,11.366291853899513,187039.8605999999,124039.8605999999
1647532800000.0,152839.18899999993,31724.894599999992,63000.0,6.911492039617692,12.778749927738097,184564.08359999993,121564.08359999993
1647619200000.0,153116.97399999993,31724.894599999992,63000.0,6.924053666179485,12.62022543470821,184841.86859999993,121841.86859999993
1647705600000.0,155392.73039999994,31724.894599999992,63000.0,7.0269649178396145,11.32151193480897,187117.62499999994,124117.62499999994
1647792000000.0,154042.15289999993,31724.894599999992,63000.0,6.965890885052533,12.092250504152414,185767.04749999993,122767.04749999993
1647878400000.0,152583.39619999996,31775.71549999999,63000.0,6.90221237923989,12.895856852517651,184359.11169999995,121359.11169999995
1647964800000.0,150275.16629999998,31775.71549999999,63000.0,6.797798049852251,14.213538806348069,182050.88179999997,119050.88179999997
1648051200000.0,151719.67449999996,31775.71549999999,63000.0,6.8631413481943895,13.388923204886504,183495.38999999996,120495.38999999996
1648137600000.0,155444.8331,31775.71549999999,63000.0,7.0316513987234135,11.262369752660506,187220.54859999998,124220.54859999998
1648224000000.0,156302.64159999997,31775.71549999999,63000.0,7.070454942196495,10.772679024586873,188078.35709999996,125078.35709999996
1648310400000.0,155998.28399999999,31775.71549999999,63000.0,7.056687121799562,10.94642537326347,187773.99949999998,124773.99949999998
1648396800000.0,157756.5218,31775.71549999999,63000.0,7.136222189251466,9.942713299521355,189532.23729999998,126532.23729999998
1648483200000.0,164671.26129999995,31775.71549999999,63000.0,7.449015073436323,5.995347634347182,196446.97679999995,133446.97679999995
1648569600000.0,164718.41119999997,31775.71549999999,63000.0,7.451147930821628,5.968431523280882,196494.12669999996,133494.12669999996
1648656000000.0,163965.76649999997,31775.71549999999,63000.0,7.417101542453787,6.398088178727612,195741.48199999996,132741.48199999996
1648742400000.0,160377.98839999997,32898.25119999999,63000.0,7.305584647202592,7.805402685093565,193276.23959999997,130276.23959999997
1648828800000.0,161377.98839999997,32898.25119999999,64000.0,7.3055846472025925,7.805402685093554,194276.23959999997,130276.23959999997
1648915200000.0,160245.54109999997,32898.25119999999,64000.0,7.254318736091223,8.452365284138153,193143.79229999997,129143.79229999997
1649001600000.0,160391.95289999997,32914.51909999999,64000.0,7.261683249247663,8.3594270242087,193306.47199999995,129306.47199999995
1649088000000.0,158371.41709999996,32914.51909999999,64000.0,7.170204277216484,9.513868098603151,191285.93619999994,127285.93619999994
1649174400000.0,156299.45629999996,32914.51909999999,64000.0,7.076397058322912,10.697691048958779,189213.97539999994,125213.97539999994
1649260800000.0,156299.45629999996,32914.51909999999,64000.0,7.076397058322912,10.697691048958779,189213.97539999994,125213.97539999994
1649347200000.0,156299.45629999996,32914.51909999999,64000.0,7.076397058322912,10.697691048958779,189213.97539999994,125213.97539999994
1649433600000.0,156299.45629999996,32914.51909999999,64000.0,7.076397058322912,10.697691048958779,189213.97539999994,125213.97539999994
1649520000000.0,156299.45629999996,32914.51909999999,64000.0,7.076397058322912,10.697691048958779,189213.97539999994,125213.97539999994
1649606400000.0,156299.45629999996,32914.51909999999,64000.0,7.076397058322912,10.697691048958779,189213.97539999994,125213.97539999994
1649692800000.0,156299.45629999996,32914.51909999999,64000.0,7.076397058322912,10.697691048958779,189213.97539999994,125213.97539999994
1649779200000.0,156299.45629999996,32914.51909999999,64000.0,7.076397058322912,10.697691048958779,189213.97539999994,125213.97539999994
1649865600000.0,156299.45629999996,32914.51909999999,64000.0,7.076397058322912,10.697691048958779,189213.97539999994,125213.97539999994
1649952000000.0,154293.44449999995,32914.51909999999,64000.0,6.9855756547395575,11.843833778842583,187207.96359999996,123207.96359999996
1650038400000.0,154293.44449999995,32914.51909999999,64000.0,6.9855756547395575,11.843833778842583,187207.96359999996,123207.96359999996
1650124800000.0,154293.44449999995,32914.51909999999,64000.0,6.9855756547395575,11.843833778842583,187207.96359999996,123207.96359999996
1650211200000.0,154293.44449999995,32914.51909999999,64000.0,6.9855756547395575,11.843833778842583,187207.96359999996,123207.96359999996
1650297600000.0,154293.44449999995,32914.51909999999,64000.0,6.9855756547395575,11.843833778842583,187207.96359999996,123207.96359999996
1650384000000.0,156612.80679999996,32914.51909999999,64000.0,7.090583880266604,10.518657008640343,189527.32589999994,125527.32589999994
1650470400000.0,156012.80759999994,32914.51909999999,64000.0,7.063419149982918,10.861468910851546,188927.32669999992,124927.32669999992
1650556800000.0,158859.33389999997,32914.51909999999,64000.0,7.1922945204582724,9.235094916357578,191773.85299999994,127773.85299999994
1650643200000.0,156241.13469999997,33130.929099999994,64000.0,7.083554449111065,10.607366619990334,189372.06379999995,125372.06379999995
1650729600000.0,156241.13469999997,33130.929099999994,64000.0,7.083554449111065,10.607366619990334,189372.06379999995,125372.06379999995
1650816000000.0,156241.13469999997,33130.929099999994,64000.0,7.083554449111065,10.607366619990334,189372.06379999995,125372.06379999995
1650902400000.0,156241.13469999997,33130.929099999994,64000.0,7.083554449111065,10.607366619990334,189372.06379999995,125372.06379999995
1650988800000.0,154282.52699999997,33130.929099999994,64000.0,6.994756423456441,11.727974841362677,187413.45609999995,123413.45609999995
1651075200000.0,154282.52699999997,33130.929099999994,64000.0,6.994756423456441,11.727974841362677,187413.45609999995,123413.45609999995
1651161600000.0,154282.52699999997,33130.929099999994,64000.0,6.994756423456441,11.727974841362677,187413.45609999995,123413.45609999995
1651248000000.0,152303.38299999997,33130.929099999994,64000.0,6.905027336980269,12.860332810587327,185434.31209999998,121434.31209999998
1651334400000.0,152303.38299999997,33130.929099999994,64000.0,6.905027336980269,12.860332810587327,185434.31209999998,121434.31209999998
1651420800000.0,153303.38299999997,33130.929099999994,65000.0,6.905027336980269,12.860332810587327,186434.31209999998,121434.31209999998
1651507200000.0,153303.38299999997,33130.929099999994,65000.0,6.905027336980269,12.860332810587327,186434.31209999998,121434.31209999998
1651593600000.0,153154.8876,33130.929099999994,65000.0,6.89833886881766,12.944739556752594,186285.81669999997,121285.81669999997
1651680000000.0,153154.8876,33130.929099999994,65000.0,6.89833886881766,12.944739556752594,186285.81669999997,121285.81669999997
1651766400000.0,151212.52169999998,33130.929099999994,65000.0,6.810851630274997,14.048805982253876,184343.4508,119343.45079999999
1651852800000.0,151212.52169999998,33130.929099999994,65000.0,6.810851630274997,14.048805982253876,184343.4508,119343.45079999999
1651939200000.0,151212.52169999998,33130.929099999994,65000.0,6.810851630274997,14.048805982253876,184343.4508,119343.45079999999
1652025600000.0,151212.52169999998,33130.929099999994,65000.0,6.810851630274997,14.048805982253876,184343.4508,119343.45079999999
1652112000000.0,151212.52169999998,33130.929099999994,65000.0,6.810851630274997,14.048805982253876,184343.4508,119343.45079999999
1652198400000.0,151212.52169999998,33130.929099999994,65000.0,6.810851630274997,14.048805982253876,184343.4508,119343.45079999999
1652284800000.0,151212.52169999998,33130.929099999994,65000.0,6.810851630274997,14.048805982253876,184343.4508,119343.45079999999
1652371200000.0,151212.52169999998,33130.929099999994,65000.0,6.810851630274997,14.048805982253876,184343.4508,119343.45079999999
1652457600000.0,151212.52169999998,33130.929099999994,65000.0,6.810851630274997,14.048805982253876,184343.4508,119343.45079999999
1652544000000.0,151212.52169999998,33130.929099999994,65000.0,6.810851630274997,14.048805982253876,184343.4508,119343.45079999999
1652630400000.0,151212.52169999998,33130.929099999994,65000.0,6.810851630274997,14.048805982253876,184343.4508,119343.45079999999
1652716800000.0,149298.2664,33130.929099999994,65000.0,6.724630537708114,15.136893971529153,182429.19549999997,117429.19549999997
1652803200000.0,148046.4098,33130.929099999994,65000.0,6.668244932408203,15.848465793090782,181177.33889999997,116177.33889999997
1652889600000.0,147034.2854,33130.929099999994,65000.0,6.6226572453418004,16.423770666632187,180165.2145,115165.2145
1652976000000.0,147034.2854,33130.929099999994,65000.0,6.6226572453418004,16.423770666632187,180165.2145,115165.2145
1653062400000.0,145186.1707,33130.929099999994,65000.0,6.539415230223484,17.474263465514916,178317.09979999997,113317.09979999997
1653148800000.0,145186.1707,33130.929099999994,65000.0,6.539415230223484,17.474263465514916,178317.09979999997,113317.09979999997
1653235200000.0,145186.1707,33130.929099999994,65000.0,6.539415230223484,17.474263465514916,178317.09979999997,113317.09979999997
1653321600000.0,146927.9534,33130.929099999994,65000.0,6.617867883538899,16.48421117949147,180058.8825,115058.8825
1653408000000.0,144975.5649,33130.929099999994,65000.0,6.52992921120767,17.59397458317603,178106.494,113106.494
1653494400000.0,144448.1718,33130.929099999994,65000.0,6.506174590131665,17.893751785170263,177579.10090000002,112579.10090000002
1653580800000.0,143881.09900000002,33130.929099999994,65000.0,6.480632732480306,18.21608345259451,177012.0281,112012.0281
1653667200000.0,143881.09900000002,33130.929099999994,65000.0,6.480632732480306,18.21608345259451,177012.0281,112012.0281
1653753600000.0,143881.09900000002,33130.929099999994,65000.0,6.480632732480306,18.21608345259451,177012.0281,112012.0281
1653840000000.0,143881.09900000002,33130.929099999994,65000.0,6.480632732480306,18.21608345259451,177012.0281,112012.0281
1653926400000.0,150599.26940000002,33130.929099999994,65000.0,6.783229774754915,14.39738668725462,183730.1985,118730.1985
1654012800000.0,158848.40310000003,33130.929099999994,65000.0,7.154783830446597,9.70847016661287,191979.3322,126979.3322
1654099200000.0,156126.10050000003,34380.3737,66000.0,7.044099165114743,11.10528214566685,190506.47420000003,124506.47420000003
1654185600000.0,156126.10050000003,34380.3737,66000.0,7.044099165114743,11.10528214566685,190506.47420000003,124506.47420000003
1654272000000.0,156126.10050000003,34380.3737,66000.0,7.044099165114743,11.10528214566685,190506.47420000003,124506.47420000003
1654358400000.0,156126.10050000003,34380.3737,66000.0,7.044099165114743,11.10528214566685,190506.47420000003,124506.47420000003
1654444800000.0,156126.10050000003,34380.3737,66000.0,7.044099165114743,11.10528214566685,190506.47420000003,124506.47420000003
1654531200000.0,157281.15070000003,34380.3737,66000.0,7.0962127330795415,10.447622335374007,191661.52440000002,125661.52440000002
1654617600000.0,154662.98820000002,34380.3737,66000.0,6.978086447843943,11.938345641656134,189043.36190000002,123043.36190000002
1654704000000.0,154328.46910000002,34380.3737,66000.0,6.962993611313224,12.128813352795742,188708.8428,122708.84280000001
1654790400000.0,154328.46910000002,34380.3737,66000.0,6.962993611313224,12.128813352795742,188708.8428,122708.84280000001
1654876800000.0,154328.46910000002,34380.3737,66000.0,6.962993611313224,12.128813352795742,188708.8428,122708.84280000001
1654963200000.0,154328.46910000002,34380.3737,66000.0,6.962993611313224,12.128813352795742,188708.8428,122708.84280000001
1655049600000.0,154328.46910000002,34380.3737,66000.0,6.962993611313224,12.128813352795742,188708.8428,122708.84280000001
1655136000000.0,154328.46910000002,34380.3737,66000.0,6.962993611313224,12.128813352795742,188708.8428,122708.84280000001
1655222400000.0,154328.46910000002,34380.3737,66000.0,6.962993611313224,12.128813352795742,188708.8428,122708.84280000001
1655308800000.0,154328.46910000002,34380.3737,66000.0,6.962993611313224,12.128813352795742,188708.8428,122708.84280000001
1655395200000.0,154328.46910000002,34380.3737,66000.0,6.962993611313224,12.128813352795742,188708.8428,122708.84280000001
1655481600000.0,154328.46910000002,34380.3737,66000.0,6.962993611313224,12.128813352795742,188708.8428,122708.84280000001
1655568000000.0,154328.46910000002,34380.3737,66000.0,6.962993611313224,12.128813352795742,188708.8428,122708.84280000001
1655654400000.0,154328.46910000002,34380.3737,66000.0,6.962993611313224,12.128813352795742,188708.8428,122708.84280000001
1655740800000.0,154328.46910000002,34380.3737,66000.0,6.962993611313224,12.128813352795742,188708.8428,122708.84280000001
1655827200000.0,154956.18710000004,34380.3737,66000.0,6.991314999124532,11.771404730384848,189336.56080000004,123336.56080000004
1655913600000.0,152576.0919,34380.3737,66000.0,6.883929837018251,13.126577828238894,186956.4656,120956.4656
1656000000000.0,152576.0919,34380.3737,66000.0,6.883929837018251,13.126577828238894,186956.4656,120956.4656
1656086400000.0,152219.9,34380.3737,66000.0,6.867859166852435,13.329385548095429,186600.2737,120600.27369999999
1656172800000.0,152467.56,34380.3737,66000.0,6.879033093528663,13.188373470337144,186847.9337,120847.9337
1656259200000.0,153628.1714,34380.3737,66000.0,6.9313975717778495,12.527547236855952,188008.5451,122008.54509999999
1656345600000.0,151249.3469,34393.798899999994,66000.0,6.82466971722174,13.874425282660564,185643.1458,119643.1458
1656432000000.0,151249.3469,34393.798899999994,66000.0,6.82466971722174,13.874425282660564,185643.1458,119643.1458
1656518400000.0,151249.3469,34393.798899999994,66000.0,6.82466971722174,13.874425282660564,185643.1458,119643.1458
1656604800000.0,151249.3469,34393.798899999994,66000.0,6.82466971722174,13.874425282660564,185643.1458,119643.1458
1656691200000.0,152249.3469,34393.798899999994,67000.0,6.82466971722174,13.874425282660564,186643.1458,119643.1458
1656777600000.0,152249.3469,34393.798899999994,67000.0,6.82466971722174,13.874425282660564,186643.1458,119643.1458
1656864000000.0,152249.3469,34393.798899999994,67000.0,6.82466971722174,13.874425282660564,186643.1458,119643.1458
1656950400000.0,152249.3469,34393.798899999994,67000.0,6.82466971722174,13.874425282660564,186643.1458,119643.1458
1657036800000.0,150778.239,34393.798899999994,67000.0,6.758726409481379,14.706612848246225,185172.0379,118172.0379
1657123200000.0,148499.4777,34393.798899999994,67000.0,6.65657954610533,15.995679964803655,182893.27659999998,115893.27659999998
1657209600000.0,150470.7246,34393.798899999994,67000.0,6.744941889179507,14.880569945423506,184864.52349999998,117864.52349999998
1657296000000.0,154696.8894,34393.798899999994,67000.0,6.934382300700566,12.489880726314674,189090.68829999998,122090.68829999998
1657382400000.0,151910.4558,34772.79639999999,67000.0,6.826467511032485,13.851737587638057,186683.2522,119683.25219999999
1657468800000.0,149854.90709999998,34772.79639999999,67000.0,6.7340964076479395,15.017437130019328,184627.70349999997,117627.70349999997
1657555200000.0,149854.90709999998,34772.79639999999,67000.0,6.7340964076479395,15.017437130019328,184627.70349999997,117627.70349999997
1657641600000.0,149854.90709999998,34772.79639999999,67000.0,6.7340964076479395,15.017437130019328,184627.70349999997,117627.70349999997
1657728000000.0,149854.90709999998,34772.79639999999,67000.0,6.7340964076479395,15.017437130019328,184627.70349999997,117627.70349999997
1657814400000.0,149854.90709999998,34772.79639999999,67000.0,6.7340964076479395,15.017437130019328,184627.70349999997,117627.70349999997
1657900800000.0,150211.207,34772.79639999999,67000.0,6.75010761424149,14.81537982513499,184984.0034,117984.00339999999
1657987200000.0,150719.52469999998,34772.79639999999,67000.0,6.772950112119985,14.52711338305347,185492.32109999997,118492.32109999997
1658073600000.0,151484.78149999998,34772.79639999999,67000.0,6.807338796264771,14.0931370430309,186257.57789999997,119257.57789999997
1658160000000.0,156099.9282,34810.91689999999,67000.0,7.016512040492722,11.453424555676062,190910.84509999998,123910.84509999998
1658246400000.0,153398.87350000002,35166.57039999999,67000.0,6.91108895702723,12.783836726250042,188565.4439,121565.44390000001
1658332800000.0,155673.44640000002,35166.57039999999,67000.0,7.013565430892231,11.490610010185243,190840.0168,123840.01680000001
1658419200000.0,153286.53160000005,35166.57039999999,67000.0,6.906027610442431,12.847709617030311,188453.10200000004,121453.10200000004
1658505600000.0,154008.09800000006,35166.57039999999,67000.0,6.9385363861917,12.437457236948434,189174.66840000005,122174.66840000005
1658592000000.0,152003.70610000004,35166.57039999999,67000.0,6.8482323936682805,13.577070372471123,187170.27650000004,120170.27650000004
1658678400000.0,152003.70610000004,35166.57039999999,67000.0,6.8482323936682805,13.577070372471123,187170.27650000004,120170.27650000004
1658764800000.0,152003.70610000004,35166.57039999999,67000.0,6.8482323936682805,13.577070372471123,187170.27650000004,120170.27650000004
1658851200000.0,152003.70610000004,35166.57039999999,67000.0,6.8482323936682805,13.577070372471123,187170.27650000004,120170.27650000004
1658937600000.0,152003.70610000004,35166.57039999999,67000.0,6.8482323936682805,13.577070372471123,187170.27650000004,120170.27650000004
1659024000000.0,155385.57450000005,35166.57039999999,67000.0,7.000595920336287,11.654281894205443,190552.14490000004,123552.14490000004
1659110400000.0,156323.94040000005,35166.57039999999,67000.0,7.042872177398507,11.120766414739292,191490.51080000005,124490.51080000005
1659196800000.0,158158.27820000006,35166.57039999999,67000.0,7.125514712012933,10.07783890547037,193324.84860000006,126324.84860000006
1659283200000.0,155369.31330000007,35540.52669999999,67000.0,7.01671117985019,11.450911468256242,190909.84000000005,123909.84000000005
1659369600000.0,154395.60660000006,35540.52669999999,68000.0,6.92814565778343,12.568585554211287,189936.13330000004,121936.13330000004
1659456000000.0,154395.60660000006,35540.52669999999,68000.0,6.92814565778343,12.568585554211287,189936.13330000004,121936.13330000004
1659542400000.0,154395.60660000006,35540.52669999999,68000.0,6.92814565778343,12.568585554211287,189936.13330000004,121936.13330000004
1659628800000.0,154395.60660000006,35540.52669999999,68000.0,6.92814565778343,12.568585554211287,189936.13330000004,121936.13330000004
1659715200000.0,154395.60660000006,35540.52669999999,68000.0,6.92814565778343,12.568585554211287,189936.13330000004,121936.13330000004
1659801600000.0,153868.72740000003,35540.52669999999,68000.0,6.904503172598514,12.866947630131055,189409.25410000002,121409.25410000002
1659888000000.0,152742.42850000004,35540.52669999999,68000.0,6.853963115110886,13.504750143325984,188282.95520000003,120282.95520000003
1659974400000.0,158207.10130000004,35540.52669999999,68000.0,7.099177664697216,10.410205661725257,193747.62800000003,125747.62800000003
1660060800000.0,155521.88650000002,35849.35529999999,68000.0,6.992542831651736,11.755909800015507,191371.24180000002,123371.24180000002
1660147200000.0,155521.88650000002,35849.35529999999,68000.0,6.992542831651736,11.755909800015507,191371.24180000002,123371.24180000002
1660233600000.0,157010.12900000002,35849.35529999999,68000.0,7.059456882524791,10.911471706027687,192859.4843,124859.48430000001
1660320000000.0,154628.64370000002,35849.35529999999,68000.0,6.952381033986914,12.262741346285921,190477.999,122477.99900000001
1660406400000.0,156032.7734,35849.35529999999,68000.0,7.015513222577258,11.4660293806085,191882.1287,123882.1287
1660492800000.0,156091.79760000002,35849.35529999999,68000.0,7.018167056425938,11.43253868070765,191941.15290000002,123941.15290000002
1660579200000.0,153710.49780000004,35849.35529999999,68000.0,6.911099548300619,12.783703067106755,189559.85310000004,121559.85310000004
1660665600000.0,153710.49780000004,35849.35529999999,68000.0,6.911099548300619,12.783703067106755,189559.85310000004,121559.85310000004
1660752000000.0,153710.49780000004,35849.35529999999,68000.0,6.911099548300619,12.783703067106755,189559.85310000004,121559.85310000004
1660838400000.0,153710.49780000004,35849.35529999999,68000.0,6.911099548300619,12.783703067106755,189559.85310000004,121559.85310000004
1660924800000.0,153710.49780000004,35849.35529999999,68000.0,6.911099548300619,12.783703067106755,189559.85310000004,121559.85310000004
1661011200000.0,153710.49780000004,35849.35529999999,68000.0,6.911099548300619,12.783703067106755,189559.85310000004,121559.85310000004
1661097600000.0,153710.49780000004,35849.35529999999,68000.0,6.911099548300619,12.783703067106755,189559.85310000004,121559.85310000004
1661184000000.0,153710.49780000004,35849.35529999999,68000.0,6.911099548300619,12.783703067106755,189559.85310000004,121559.85310000004
1661270400000.0,153710.49780000004,35849.35529999999,68000.0,6.911099548300619,12.783703067106755,189559.85310000004,121559.85310000004
1661356800000.0,153710.49780000004,35849.35529999999,68000.0,6.911099548300619,12.783703067106755,189559.85310000004,121559.85310000004
1661443200000.0,152908.86330000003,35849.35529999999,68000.0,6.875056624036195,13.238555491530136,188758.21860000002,120758.21860000002
1661529600000.0,152176.09680000003,35849.35529999999,68000.0,6.842110128516096,13.654331782422325,188025.45210000002,120025.45210000002
1661616000000.0,152176.09680000003,35849.35529999999,68000.0,6.842110128516096,13.654331782422325,188025.45210000002,120025.45210000002
1661702400000.0,152176.09680000003,35849.35529999999,68000.0,6.842110128516096,13.654331782422325,188025.45210000002,120025.45210000002
1661788800000.0,152176.09680000003,35849.35529999999,68000.0,6.842110128516096,13.654331782422325,188025.45210000002,120025.45210000002
1661875200000.0,152176.09680000003,35849.35529999999,68000.0,6.842110128516096,13.654331782422325,188025.45210000002,120025.45210000002
1661961600000.0,152176.09680000003,35849.35529999999,68000.0,6.842110128516096,13.654331782422325,188025.45210000002,120025.45210000002
1662048000000.0,153176.09680000003,35849.35529999999,69000.0,6.842110128516097,13.654331782422313,189025.45210000002,120025.45210000002
1662134400000.0,153176.09680000003,35849.35529999999,69000.0,6.842110128516097,13.654331782422313,189025.45210000002,120025.45210000002
1662220800000.0,153176.09680000003,35849.35529999999,69000.0,6.842110128516097,13.654331782422313,189025.45210000002,120025.45210000002
1662307200000.0,153176.09680000003,35849.35529999999,69000.0,6.842110128516097,13.654331782422313,189025.45210000002,120025.45210000002
1662393600000.0,153176.09680000003,35849.35529999999,69000.0,6.842110128516097,13.654331782422313,189025.45210000002,120025.45210000002
1662480000000.0,153176.09680000003,35849.35529999999,69000.0,6.842110128516097,13.654331782422313,189025.45210000002,120025.45210000002
1662566400000.0,153176.09680000003,35849.35529999999,69000.0,6.842110128516097,13.654331782422313,189025.45210000002,120025.45210000002
1662652800000.0,153176.09680000003,35849.35529999999,69000.0,6.842110128516097,13.654331782422313,189025.45210000002,120025.45210000002
1662739200000.0,156596.76420000003,35849.35529999999,69000.0,6.994905398488173,11.726094814818078,192446.11950000003,123446.11950000003
1662825600000.0,156374.12180000002,35849.35529999999,69000.0,6.984960349280748,11.851598775313088,192223.47710000002,123223.47710000002
1662912000000.0,158363.49230000004,35849.35529999999,69000.0,7.073822073347223,10.730186696383303,194212.84760000004,125212.84760000004
1662998400000.0,160576.02140000003,35849.35529999999,69000.0,7.172651904378317,9.482979673999292,196425.37670000002,127425.37670000002
1663084800000.0,157632.46090000003,36344.50679999999,69000.0,7.063285728012542,10.863152661766195,193976.96770000004,124976.96770000004
1663171200000.0,157632.46090000003,36344.50679999999,69000.0,7.063285728012542,10.863152661766195,193976.96770000004,124976.96770000004
1663257600000.0,157632.46090000003,36344.50679999999,69000.0,7.063285728012542,10.863152661766195,193976.96770000004,124976.96770000004
1663344000000.0,157632.46090000003,36344.50679999999,69000.0,7.063285728012542,10.863152661766195,193976.96770000004,124976.96770000004
1663430400000.0,157632.46090000003,36344.50679999999,69000.0,7.063285728012542,10.863152661766195,193976.96770000004,124976.96770000004
1663516800000.0,157632.46090000003,36344.50679999999,69000.0,7.063285728012542,10.863152661766195,193976.96770000004,124976.96770000004
1663603200000.0,157632.46090000003,36344.50679999999,69000.0,7.063285728012542,10.863152661766195,193976.96770000004,124976.96770000004
1663689600000.0,157632.46090000003,36344.50679999999,69000.0,7.063285728012542,10.863152661766195,193976.96770000004,124976.96770000004
1663776000000.0,157632.46090000003,36344.50679999999,69000.0,7.063285728012542,10.863152661766195,193976.96770000004,124976.96770000004
1663862400000.0,157632.46090000003,36344.50679999999,69000.0,7.063285728012542,10.863152661766195,193976.96770000004,124976.96770000004
1663948800000.0,156248.82620000004,36344.50679999999,69000.0,7.0012870307042965,11.645560259297927,192593.33300000004,123593.33300000004
1664035200000.0,156248.82620000004,36344.50679999999,69000.0,7.0012870307042965,11.645560259297927,192593.33300000004,123593.33300000004
1664121600000.0,156248.82620000004,36344.50679999999,69000.0,7.0012870307042965,11.645560259297927,192593.33300000004,123593.33300000004
1664208000000.0,156248.82620000004,36344.50679999999,69000.0,7.0012870307042965,11.645560259297927,192593.33300000004,123593.33300000004
1664294400000.0,159425.39170000004,36344.50679999999,69000.0,7.1436243997470905,9.849299308877146,195769.8985,126769.89850000001
1664380800000.0,156931.32960000003,36420.34039999999,69000.0,7.035267029992145,11.21674141694784,193351.67,124351.67000000001
1664467200000.0,155631.61450000003,36420.34039999999,69000.0,6.977000507846952,11.952049924826547,192051.9549,123051.95490000001
1664553600000.0,154562.7624,36420.34039999999,69000.0,6.92908362625145,12.556748633638982,190983.1028,121983.1028
1664640000000.0,155161.3103,36420.34039999999,70000.0,6.9112021285850505,12.782408530328071,191581.6507,121581.6507
1664726400000.0,155161.3103,36420.34039999999,70000.0,6.9112021285850505,12.782408530328071,191581.6507,121581.6507
1664812800000.0,155161.3103,36420.34039999999,70000.0,6.9112021285850505,12.782408530328071,191581.6507,121581.6507
1664899200000.0,159408.2429,36420.34039999999,70000.0,7.1003691932890485,10.3951688776733,195828.5833,125828.5833
1664985600000.0,156616.59110000002,36582.03819999999,70000.0,6.983225662806239,11.873490072000237,193198.6293,123198.6293
1665072000000.0,154630.6007,36582.03819999999,70000.0,6.894674258194759,12.990985999304405,191212.6389,121212.63889999999
1665158400000.0,153440.82830000002,36582.03819999999,70000.0,6.841624647689104,13.660458425464627,190022.8665,120022.8665
1665244800000.0,153440.82830000002,36582.03819999999,70000.0,6.841624647689104,13.660458425464627,190022.8665,120022.8665
1665331200000.0,153440.82830000002,36582.03819999999,70000.0,6.841624647689104,13.660458425464627,190022.8665,120022.8665
1665417600000.0,153440.82830000002,36582.03819999999,70000.0,6.841624647689104,13.660458425464627,190022.8665,120022.8665
1665504000000.0,153440.82830000002,36582.03819999999,70000.0,6.841624647689104,13.660458425464627,190022.8665,120022.8665
1665590400000.0,153440.82830000002,36582.03819999999,70000.0,6.841624647689104,13.660458425464627,190022.8665,120022.8665
1665676800000.0,153440.82830000002,36582.03819999999,70000.0,6.841624647689104,13.660458425464627,190022.8665,120022.8665
1665763200000.0,151455.85520000002,36582.03819999999,70000.0,6.753118602483143,14.7773819287496,188037.8934,118037.8934
1665849600000.0,151455.85520000002,36582.03819999999,70000.0,6.753118602483143,14.7773819287496,188037.8934,118037.8934
1665936000000.0,151455.85520000002,36582.03819999999,70000.0,6.753118602483143,14.7773819287496,188037.8934,118037.8934
1666022400000.0,153514.38550000003,36582.03819999999,70000.0,6.844904418517446,13.61906856203734,190096.4237,120096.42370000001
1666108800000.0,151207.9193,36582.03819999999,70000.0,6.742063628502094,14.9168928541209,187789.9575,117789.95749999999
1666195200000.0,151207.9193,36582.03819999999,70000.0,6.742063628502094,14.9168928541209,187789.9575,117789.95749999999
1666281600000.0,151207.9193,36582.03819999999,70000.0,6.742063628502094,14.9168928541209,187789.9575,117789.95749999999
1666368000000.0,151207.9193,36582.03819999999,70000.0,6.742063628502094,14.9168928541209,187789.9575,117789.95749999999
1666454400000.0,151207.9193,36582.03819999999,70000.0,6.742063628502094,14.9168928541209,187789.9575,117789.95749999999
1666540800000.0,150190.53420000005,36582.03819999999,70000.0,6.696700428541114,15.489364758189462,186772.57240000003,116772.57240000003
1666627200000.0,148286.10010000004,36582.03819999999,70000.0,6.611785458889195,16.560969812558913,184868.13830000002,114868.13830000002
1666713600000.0,150810.43920000002,36582.03819999999,70000.0,6.724340772862857,15.140550729271974,187392.4774,117392.4774
1666800000000.0,163329.22720000002,36582.03819999999,70000.0,7.2825288997708935,8.096360281632197,199911.2654,129911.2654
1666886400000.0,159449.83570000005,37864.37799999999,70000.0,7.166731474021188,9.557693980802295,197314.21370000005,127314.21370000005
1666972800000.0,157064.37080000006,37864.37799999999,70000.0,7.059512885153098,10.910764967277164,194928.74880000006,124928.74880000006
1667059200000.0,158250.19030000007,37864.37799999999,70000.0,7.112811465837419,10.238150601563312,196114.56830000007,126114.56830000007
1667145600000.0,156892.05500000005,37864.37799999999,70000.0,7.051767872046564,11.008505038611371,194756.43300000005,124756.43300000005
1667232000000.0,154510.04900000006,37864.37799999999,70000.0,6.944704749048895,12.359614085828552,192374.42700000005,122374.42700000005
1667318400000.0,155510.04900000006,37864.37799999999,71000.0,6.944704749048895,12.359614085828552,193374.42700000005,122374.42700000005
1667404800000.0,155510.04900000006,37864.37799999999,71000.0,6.944704749048895,12.359614085828552,193374.42700000005,122374.42700000005
1667491200000.0,155510.04900000006,37864.37799999999,71000.0,6.944704749048895,12.359614085828552,193374.42700000005,122374.42700000005
1667577600000.0,156047.33370000005,37864.37799999999,71000.0,6.968698591451203,12.056817972287492,193911.71170000004,122911.71170000004
1667664000000.0,159377.61560000005,37864.37799999999,71000.0,7.117420970971523,10.17997983355744,197241.99360000005,126241.99360000005
1667750400000.0,158957.31680000006,37864.37799999999,71000.0,7.098651437483823,10.41684651367315,196821.69480000006,125821.69480000006
1667836800000.0,156441.51410000006,37967.874099999986,71000.0,6.990923626908816,11.776343746982509,194409.38820000004,123409.38820000004
1667923200000.0,156441.51410000006,37967.874099999986,71000.0,6.990923626908816,11.776343746982509,194409.38820000004,123409.38820000004
1668009600000.0,156441.51410000006,37967.874099999986,71000.0,6.990923626908816,11.776343746982509,194409.38820000004,123409.38820000004
1668096000000.0,156441.51410000006,37967.874099999986,71000.0,6.990923626908816,11.776343746982509,194409.38820000004,123409.38820000004
1668182400000.0,156441.51410000006,37967.874099999986,71000.0,6.990923626908816,11.776343746982509,194409.38820000004,123409.38820000004
1668268800000.0,156441.51410000006,37967.874099999986,71000.0,6.990923626908816,11.776343746982509,194409.38820000004,123409.38820000004
1668355200000.0,156441.51410000006,37967.874099999986,71000.0,6.990923626908816,11.776343746982509,194409.38820000004,123409.38820000004
1668441600000.0,156441.51410000006,37967.874099999986,71000.0,6.990923626908816,11.776343746982509,194409.38820000004,123409.38820000004
1668528000000.0,156441.51410000006,37967.874099999986,71000.0,6.990923626908816,11.776343746982509,194409.38820000004,123409.38820000004
1668614400000.0,156015.60540000006,37967.874099999986,71000.0,6.971890985791364,12.016530777644663,193983.47950000004,122983.47950000004
1668700800000.0,156015.60540000006,37967.874099999986,71000.0,6.971890985791364,12.016530777644663,193983.47950000004,122983.47950000004
1668787200000.0,155463.74090000006,37967.874099999986,71000.0,6.947229740378999,12.327749345339678,193431.61500000005,122431.61500000005
1668873600000.0,155463.74090000006,37967.874099999986,71000.0,6.947229740378999,12.327749345339678,193431.61500000005,122431.61500000005
1668960000000.0,155463.74090000006,37967.874099999986,71000.0,6.947229740378999,12.327749345339678,193431.61500000005,122431.61500000005
1669046400000.0,155463.74090000006,37967.874099999986,71000.0,6.947229740378999,12.327749345339678,193431.61500000005,122431.61500000005
1669132800000.0,155463.74090000006,37967.874099999986,71000.0,6.947229740378999,12.327749345339678,193431.61500000005,122431.61500000005
1669219200000.0,154173.10180000006,37967.874099999986,71000.0,6.889554772005612,13.055592596922628,192140.97590000005,121140.97590000005
1669305600000.0,151836.10310000007,37967.874099999986,71000.0,6.785120987137985,14.37352007390138,189803.97720000005,118803.97720000005
1669392000000.0,150430.05060000008,37967.874099999986,71000.0,6.7222885241598975,15.166449579520991,188397.92470000006,117397.92470000006
1669478400000.0,150690.14490000007,37967.874099999986,71000.0,6.733911394198934,15.019771952111283,188658.01900000006,117658.01900000006
1669564800000.0,150550.24440000008,37967.874099999986,71000.0,6.727659641162069,15.098667465828541,188518.11850000007,117518.11850000007
1669651200000.0,148435.00150000007,37967.874099999986,71000.0,6.633135488469398,16.291537936143406,186402.87560000006,115402.87560000006
1669737600000.0,148435.00150000007,37967.874099999986,71000.0,6.633135488469398,16.291537936143406,186402.87560000006,115402.87560000006
1669824000000.0,152706.00770000007,37967.874099999986,71000.0,6.823994534586582,13.882945913680322,190673.88180000006,119673.88180000006
1669910400000.0,154911.29080000008,37967.874099999986,72000.0,6.877504774102285,13.207660468009186,192879.16490000006,120879.16490000006
1669996800000.0,154494.61120000007,37967.874099999986,72000.0,6.859005696833792,13.44111406027152,192462.48530000006,120462.48530000006
1670083200000.0,154737.21710000007,37967.874099999986,72000.0,6.8697765272029585,13.305188954125125,192705.09120000005,120705.09120000005
1670169600000.0,151828.31060000008,38416.018399999986,72000.0,6.760314913810548,14.686566332596474,190244.32900000009,118244.32900000009
1670256000000.0,151757.11290000007,38416.018399999986,72000.0,6.757144761477053,14.726572838841722,190173.13130000007,118173.13130000007
1670342400000.0,149466.9639000001,38416.018399999986,72000.0,6.655173473129278,16.013424243746755,187882.9823000001,115882.98230000009
1670428800000.0,149466.9639000001,38416.018399999986,72000.0,6.655173473129278,16.013424243746755,187882.9823000001,115882.98230000009
1670515200000.0,149466.9639000001,38416.018399999986,72000.0,6.655173473129278,16.013424243746755,187882.9823000001,115882.98230000009
1670601600000.0,148948.8881000001,38416.018399999986,72000.0,6.632105604275416,16.304534809512262,187364.9065000001,115364.9065000001
1670688000000.0,149243.67440000008,38416.018399999986,72000.0,6.645231273739836,16.13889224027255,187659.69280000008,115659.69280000008
1670774400000.0,148634.0744000001,38416.018399999986,72000.0,6.618088193801892,16.481430920694695,187050.0928000001,115050.0928000001
1670860800000.0,148042.81410000008,38416.018399999986,72000.0,6.591761708258858,16.813664390097603,186458.83250000008,114458.83250000008
1670947200000.0,157398.78400000007,38416.018399999986,72000.0,7.008346089644529,11.556476752933232,195814.80240000004,123814.80240000004
1671033600000.0,162341.54620000007,38416.018399999986,72000.0,7.228427765348026,8.779102668896964,200757.56460000004,128757.56460000004
1671120000000.0,158577.1864000001,39586.504099999984,72000.0,7.1129327980821735,10.236619419873328,198163.69050000008,126163.69050000008
1671206400000.0,158577.1864000001,39586.504099999984,72000.0,7.1129327980821735,10.236619419873328,198163.69050000008,126163.69050000008
1671292800000.0,158577.1864000001,39586.504099999984,72000.0,7.1129327980821735,10.236619419873328,198163.69050000008,126163.69050000008
1671379200000.0,158577.1864000001,39586.504099999984,72000.0,7.1129327980821735,10.236619419873328,198163.69050000008,126163.69050000008
1671465600000.0,158577.1864000001,39586.504099999984,72000.0,7.1129327980821735,10.236619419873328,198163.69050000008,126163.69050000008
1671552000000.0,158577.1864000001,39586.504099999984,72000.0,7.1129327980821735,10.236619419873328,198163.69050000008,126163.69050000008
1671638400000.0,158289.9487000001,39586.504099999984,72000.0,7.100048835996844,10.399211704220113,197876.4528000001,125876.45280000009
1671724800000.0,158289.9487000001,39586.504099999984,72000.0,7.100048835996844,10.399211704220113,197876.4528000001,125876.45280000009
1671811200000.0,158289.9487000001,39586.504099999984,72000.0,7.100048835996844,10.399211704220113,197876.4528000001,125876.45280000009
1671897600000.0,157898.34300000008,39586.504099999984,72000.0,7.082483478137487,10.620881997939291,197484.84710000007,125484.84710000007
1671984000000.0,157620.0809000001,39586.504099999984,72000.0,7.0700021139357,10.77839360065066,197206.58500000008,125206.58500000008
1672070400000.0,156039.16100000008,39586.504099999984,72000.0,6.999090419365169,11.673280928847053,195625.66510000007,123625.66510000007
1672156800000.0,155148.30530000007,39586.504099999984,72000.0,6.959131350404865,12.177554091061992,194734.80940000006,122734.80940000006
1672243200000.0,155148.30530000007,39586.504099999984,72000.0,6.959131350404865,12.177554091061992,194734.80940000006,122734.80940000006
1672329600000.0,155148.30530000007,39586.504099999984,72000.0,6.959131350404865,12.177554091061992,194734.80940000006,122734.80940000006
1672416000000.0,155148.30530000007,39586.504099999984,72000.0,6.959131350404865,12.177554091061992,194734.80940000006,122734.80940000006
1672502400000.0,155148.30530000007,39586.504099999984,72000.0,6.959131350404865,12.177554091061992,194734.80940000006,122734.80940000006
1672588800000.0,156148.30530000007,39586.504099999984,73000.0,6.959131350404865,12.177554091061992,195734.80940000006,122734.80940000006
1672675200000.0,156335.87570000006,39586.504099999984,73000.0,6.96749088430144,12.072058925575114,195922.37980000005,122922.37980000005
1672761600000.0,154420.22570000007,39586.504099999984,73000.0,6.88211525409021,13.149477397599075,194006.72980000006,121006.72980000006
1672848000000.0,156526.81510000007,39586.504099999984,73000.0,6.976000565927601,11.96466893439866,196113.31920000006,123113.31920000006
1672934400000.0,156321.84230000008,39586.504099999984,73000.0,6.966865451488032,12.079951726653226,195908.34640000007,122908.34640000007
1673020800000.0,154873.22900000005,39636.83769999998,73000.0,6.904547694800186,12.866385771408872,194510.06670000002,121510.06670000002
1673107200000.0,156653.17410000006,39636.83769999998,73000.0,6.98390108541798,11.864966412537804,196290.01180000004,123290.01180000004
1673193600000.0,157754.90770000004,39636.83769999998,73000.0,7.033018497363744,11.245117319799668,197391.7454,124391.74540000001
1673280000000.0,162676.26600000006,39636.83769999998,73000.0,7.252422156246268,8.476299633478446,202313.10370000004,129313.10370000004
1673366400000.0,159650.28740000003,40167.621899999984,73000.0,7.141181570291941,9.880127187657894,199817.9093,126817.9093
1673452800000.0,160087.34050000002,40167.621899999984,73000.0,7.160731021744786,9.633418143623695,200254.96240000002,127254.96240000002
1673539200000.0,172564.1043,40167.621899999984,73000.0,7.7188185589266665,2.590497112429657,212731.72619999998,139731.72619999998
1673625600000.0,191995.32510000002,40167.621899999984,73000.0,8.58798001253288,0.33945374671612294,232162.947,159162.947
1673712000000.0,186095.99940000003,43106.034299999985,73000.0,8.455537911528603,1.8763986527075782,229202.03370000003,156202.03370000003
1673798400000.0,186476.80440000002,43106.034299999985,73000.0,8.47284033138062,1.6756100375222571,229582.83870000002,156582.83870000002
1673884800000.0,186824.10020000002,43106.034299999985,73000.0,8.488620212801408,1.4924899557436921,229930.1345,156930.1345
1673971200000.0,187559.57170000003,43106.034299999985,73000.0,8.52203741237125,1.1046948795412237,230665.60600000003,157665.60600000003
1674057600000.0,187020.4524,43106.034299999985,73000.0,8.497541755856954,1.3889585254142744,230126.4867,157126.4867
1674144000000.0,186226.23420000004,43120.50479999999,73000.0,8.462112803810513,1.8000992953016048,229346.73900000003,156346.73900000003
1674230400000.0,186797.83690000005,43120.50479999999,73000.0,8.488086408158695,1.4986845745257105,229918.34170000005,156918.34170000005
1674316800000.0,200982.56350000005,43120.50479999999,73000.0,9.132639830484257,1.240774872529593,244103.06830000004,171103.06830000004
1674403200000.0,199418.91040000005,43120.50479999999,73000.0,9.061587494732155,2.0091259465478406,242539.41520000005,169539.41520000005
1674489600000.0,195318.39200000005,44130.744499999986,73000.0,8.921165351380813,3.5276334455325964,239449.13650000002,166449.13650000002
1674576000000.0,195407.53460000004,44130.744499999986,73000.0,8.925236938630272,3.483603810152325,239538.27910000004,166538.27910000004
1674662400000.0,192449.72320000004,44130.744499999986,73000.0,8.790138936299805,4.944536713899472,236580.46770000004,163580.46770000004
1674748800000.0,189558.56540000002,44130.744499999986,73000.0,8.658085336397473,6.372547830478858,233689.3099,160689.3099
1674835200000.0,186717.25380000003,44130.744499999986,73000.0,8.528308461117872,7.775938731683185,230847.99830000004,157847.99830000004
1674921600000.0,186145.06530000005,44130.744499999986,73000.0,8.50217375783474,8.058556144948847,230275.80980000005,157275.80980000005
1675008000000.0,189861.25290000002,44130.744499999986,73000.0,8.671910584545616,6.223043325795774,233991.9974,160991.9974
1675094400000.0,186898.66970000006,44150.901799999985,73000.0,8.5375153147541,7.67637696774054,231049.57150000005,158049.57150000005
1675180800000.0,186898.66970000006,44150.901799999985,73000.0,8.5375153147541,7.67637696774054,231049.57150000005,158049.57150000005
1675267200000.0,187898.66970000006,44150.901799999985,74000.0,8.537515314754097,7.676376967740561,232049.57150000005,158049.57150000005
1675353600000.0,188850.36950000006,44150.901799999985,74000.0,8.580757513490902,7.208761237861461,233001.27130000005,159001.27130000005
1675440000000.0,186049.93110000005,44150.901799999985,74000.0,8.453514538507639,8.584750858115086,230200.83290000004,156200.83290000004
1675526400000.0,185366.82520000002,44150.901799999985,74000.0,8.422476388572035,8.920393530324567,229517.727,155517.727
1675612800000.0,185366.82520000002,44150.901799999985,74000.0,8.422476388572035,8.920393530324567,229517.727,155517.727
1675699200000.0,185366.82520000002,44150.901799999985,74000.0,8.422476388572035,8.920393530324567,229517.727,155517.727
1675785600000.0,185366.82520000002,44150.901799999985,74000.0,8.422476388572035,8.920393530324567,229517.727,155517.727
1675872000000.0,184644.564,44150.901799999985,74000.0,8.38965914688481,9.275275078267898,228795.4658,154795.4658
1675958400000.0,184644.564,44150.901799999985,74000.0,8.38965914688481,9.275275078267898,228795.4658,154795.4658
1676044800000.0,184644.564,44150.901799999985,74000.0,8.38965914688481,9.275275078267898,228795.4658,154795.4658
1676131200000.0,184644.564,44150.901799999985,74000.0,8.38965914688481,9.275275078267898,228795.4658,154795.4658
1676217600000.0,184644.564,44150.901799999985,74000.0,8.38965914688481,9.275275078267898,228795.4658,154795.4658
1676304000000.0,184644.564,44150.901799999985,74000.0,8.38965914688481,9.275275078267898,228795.4658,154795.4658
1676390400000.0,184644.564,44150.901799999985,74000.0,8.38965914688481,9.275275078267898,228795.4658,154795.4658
1676476800000.0,188459.49080000003,44150.901799999985,74000.0,8.562997234012663,7.400818679288578,232610.39260000002,158610.39260000002
1676563200000.0,203791.86980000001,44150.901799999985,74000.0,9.259651556968276,0.0,247942.7716,173942.7716
1676649600000.0,199089.6422,45755.910399999986,74000.0,9.118923819577342,2.0765085388947724,244845.5526,170845.5526
1676736000000.0,201786.2748,45755.910399999986,74000.0,9.242437966155023,0.79885518221815,247542.1852,173542.1852
1676822400000.0,202983.0119,45755.910399999986,74000.0,9.297252241404959,0.25389601392978856,248738.9223,174738.9223
1676908800000.0,199819.6482,45837.02209999999,74000.0,9.156075528894196,2.107265132875036,245656.6703,171656.6703
1676995200000.0,198017.6782,45837.02209999999,74000.0,9.073506204158484,2.990060058386834,243854.70029999997,169854.70029999997
1677081600000.0,197309.2725,45837.02209999999,74000.0,9.041045852272532,3.3371118723258153,243146.29459999996,169146.29459999996
1677168000000.0,197309.2725,45837.02209999999,74000.0,9.041045852272532,3.3371118723258153,243146.29459999996,169146.29459999996
1677254400000.0,197309.2725,45837.02209999999,74000.0,9.041045852272532,3.3371118723258153,243146.29459999996,169146.29459999996
1677340800000.0,197309.2725,45837.02209999999,74000.0,9.041045852272532,3.3371118723258153,243146.29459999996,169146.29459999996
1677427200000.0,197309.2725,45837.02209999999,74000.0,9.041045852272532,3.3371118723258153,243146.29459999996,169146.29459999996
1677513600000.0,197309.2725,45837.02209999999,74000.0,9.041045852272532,3.3371118723258153,243146.29459999996,169146.29459999996
1677600000000.0,194796.1787,45837.02209999999,74000.0,8.925891627694151,4.568290223782934,240633.2008,166633.2008
1677686400000.0,195465.4624,45837.02209999999,75000.0,8.910815042068673,4.729482450155342,241302.48449999996,166302.48449999996
1677772800000.0,193369.9888,45837.02209999999,75000.0,8.815287282607379,5.7508232636822925,239207.0109,164207.0109
1677859200000.0,193369.9888,45837.02209999999,75000.0,8.815287282607379,5.7508232636822925,239207.0109,164207.0109
1677945600000.0,193369.9888,45837.02209999999,75000.0,8.815287282607379,5.7508232636822925,239207.0109,164207.0109
1678032000000.0,193369.9888,45837.02209999999,75000.0,8.815287282607379,5.7508232636822925,239207.0109,164207.0109
1678118400000.0,193369.9888,45837.02209999999,75000.0,8.815287282607379,5.7508232636822925,239207.0109,164207.0109
1678204800000.0,193369.9888,45837.02209999999,75000.0,8.815287282607379,5.7508232636822925,239207.0109,164207.0109
1678291200000.0,193369.9888,45837.02209999999,75000.0,8.815287282607379,5.7508232636822925,239207.0109,164207.0109
1678377600000.0,193369.9888,45837.02209999999,75000.0,8.815287282607379,5.7508232636822925,239207.0109,164207.0109
1678464000000.0,193369.9888,45837.02209999999,75000.0,8.815287282607379,5.7508232636822925,239207.0109,164207.0109
1678550400000.0,193369.9888,45837.02209999999,75000.0,8.815287282607379,5.7508232636822925,239207.0109,164207.0109
1678636800000.0,193369.9888,45837.02209999999,75000.0,8.815287282607379,5.7508232636822925,239207.0109,164207.0109
1678723200000.0,199089.2557,45837.02209999999,75000.0,9.076015336026016,2.9632335233850338,244926.27779999998,169926.27779999998
1678809600000.0,206248.1663,45837.02209999999,75000.0,9.40237339169501,0.8187766262175544,252085.18839999998,177085.18839999998
1678896000000.0,202169.46810000003,46814.741999999984,75000.0,9.261007015551169,2.3099841698627555,248984.21010000003,173984.21010000003
1678982400000.0,204570.17510000002,46814.741999999984,75000.0,9.370978934546798,1.1499420179117203,251384.91710000002,176384.91710000002
1679068800000.0,209279.1326,46814.741999999984,75000.0,9.586687512371523,0.780660740871697,256093.87459999998,181093.87459999998
1679155200000.0,211751.69620000003,46814.741999999984,75000.0,9.699951048459328,0.7382221401616706,258566.43820000003,183566.43820000003
1679241600000.0,212735.91110000003,46814.741999999984,75000.0,9.745036101011385,0.2917316873638165,259550.6531,184550.6531
1679328000000.0,213190.06480000002,46814.741999999984,75000.0,9.765840036646997,1.0948065791321349,260004.80680000002,185004.80680000002
1679414400000.0,214254.79490000004,46814.741999999984,75000.0,9.814613340640118,0.600846710128311,261069.5369,186069.5369
1679500800000.0,215956.67340000003,46814.741999999984,75000.0,9.89257322684964,0.2000681639967694,262771.4154,187771.4154
1679587200000.0,211635.47340000002,47866.52029999998,75000.0,9.742807104471959,1.8836820693852396,259501.9937,184501.9937
1679673600000.0,210352.38320000004,47866.52029999998,75000.0,9.683739028050711,2.4785354934088843,258218.90350000001,183218.90350000001
1679760000000.0,209682.18500000003,47866.52029999998,75000.0,9.652885921624534,2.7892460685847387,257548.7053,182548.7053
1679846400000.0,209682.18500000003,47866.52029999998,75000.0,9.652885921624534,2.7892460685847387,257548.7053,182548.7053
1679932800000.0,209201.9242,47866.52029999998,75000.0,9.630776734260676,3.0118997692398786,257068.44449999998,182068.44449999998
1680019200000.0,209201.9242,47866.52029999998,75000.0,9.630776734260676,3.0118997692398786,257068.44449999998,182068.44449999998
1680105600000.0,209484.3557,47866.52029999998,75000.0,9.643778692677758,2.8809617067193205,257350.87599999996,182350.87599999996
1680192000000.0,208751.2393,47866.52029999998,75000.0,9.610029096943281,3.2208417874399764,256617.75959999996,181617.75959999996
1680278400000.0,205614.2914,47866.52029999998,75000.0,9.465617208919605,4.6751621456648245,253480.81169999996,178480.81169999996
1680364800000.0,206216.42070000002,47866.52029999998,76000.0,9.447389564939483,4.858726214285136,254082.941,178082.941
1680451200000.0,204754.9156,47866.52029999998,76000.0,9.380433655298646,5.5330151791809445,252621.43589999998,176621.43589999998
1680537600000.0,204754.8625,47866.52029999998,76000.0,9.3804312226292,5.533039677722906,252621.38279999996,176621.38279999996
1680624000000.0,204754.8625,47866.52029999998,76000.0,9.3804312226292,5.533039677722906,252621.38279999996,176621.38279999996
1680710400000.0,202167.53819999998,47866.52029999998,76000.0,9.261898176085372,6.726743499965304,250034.05849999996,174034.05849999996
1680796800000.0,202167.53819999998,47866.52029999998,76000.0,9.261898176085372,6.726743499965304,250034.05849999996,174034.05849999996
1680883200000.0,202167.53819999998,47866.52029999998,76000.0,9.261898176085372,6.726743499965304,250034.05849999996,174034.05849999996
1680969600000.0,202167.53819999998,47866.52029999998,76000.0,9.261898176085372,6.726743499965304,250034.05849999996,174034.05849999996
1681056000000.0,202167.53819999998,47866.52029999998,76000.0,9.261898176085372,6.726743499965304,250034.05849999996,174034.05849999996
1681142400000.0,203352.24179999996,47866.52029999998,76000.0,9.316172983058522,6.180161374352256,251218.76209999993,175218.76209999993
1681228800000.0,222259.81389999998,47866.52029999998,76000.0,10.182385279584338,0.9620880385524999,270126.3342,194126.33419999998
1681315200000.0,217132.5889,49529.30369999998,76000.0,10.023668872282336,3.1616547694112374,266661.89259999996,190661.89259999996
1681401600000.0,220269.2837,49529.30369999998,76000.0,10.168470673743332,1.7627291845222492,269798.58739999996,193798.58739999996
1681488000000.0,218983.1921,49529.30369999998,76000.0,10.109099777816876,2.336309516198387,268512.4958,192512.49579999998
1681574400000.0,219535.313,49529.30369999998,76000.0,10.13458778543058,2.09007068768311,269064.61669999996,193064.61669999996
1681660800000.0,219584.0295,49529.30369999998,76000.0,10.136836724970658,2.068343754525237,269113.3332,193113.3332
1681747200000.0,216288.8069,49529.30369999998,76000.0,9.984716675326368,3.5379707016685913,265818.11059999996,189818.11059999996
1681833600000.0,216288.8069,49529.30369999998,76000.0,9.984716675326368,3.5379707016685913,265818.11059999996,189818.11059999996
1681920000000.0,213481.36959999998,49529.30369999998,76000.0,9.855114656497888,4.790051671401974,263010.67329999997,187010.67329999997
1682006400000.0,213481.36959999998,49529.30369999998,76000.0,9.855114656497888,4.790051671401974,263010.67329999997,187010.67329999997
1682092800000.0,213481.36959999998,49529.30369999998,76000.0,9.855114656497888,4.790051671401974,263010.67329999997,187010.67329999997
1682179200000.0,213481.36959999998,49529.30369999998,76000.0,9.855114656497888,4.790051671401974,263010.67329999997,187010.67329999997
1682265600000.0,213481.36959999998,49529.30369999998,76000.0,9.855114656497888,4.790051671401974,263010.67329999997,187010.67329999997
1682352000000.0,213481.36959999998,49529.30369999998,76000.0,9.855114656497888,4.790051671401974,263010.67329999997,187010.67329999997
1682438400000.0,213481.36959999998,49529.30369999998,76000.0,9.855114656497888,4.790051671401974,263010.67329999997,187010.67329999997
1682524800000.0,224236.17039999994,49529.30369999998,76000.0,10.351597301285056,0.5962452431898857,273765.47409999993,197765.47409999993
1682611200000.0,220154.04839999994,50270.71239999998,76000.0,10.197377227338203,2.077181369567882,270424.76079999993,194424.76079999993
1682697600000.0,220196.80839999992,50270.71239999998,76000.0,10.199357839793025,2.058162052162349,270467.5207999999,194467.52079999988
1682784000000.0,220666.29399999994,50270.71239999998,76000.0,10.2211040752168,1.849338487060903,270937.0063999999,194937.0063999999
1682870400000.0,222116.32909999992,50270.71239999998,76000.0,10.288268658448606,1.204374085374904,272387.0414999999,196387.04149999988
1682956800000.0,219621.09369999994,50270.71239999998,77000.0,10.12709748391031,2.7520598619152015,269891.8060999999,192891.80609999993
1683043200000.0,219621.09369999994,50270.71239999998,77000.0,10.12709748391031,2.7520598619152015,269891.8060999999,192891.80609999993
1683129600000.0,219621.09369999994,50270.71239999998,77000.0,10.12709748391031,2.7520598619152015,269891.8060999999,192891.80609999993
1683216000000.0,218507.24729999993,50270.71239999998,77000.0,10.075736155702415,3.2452696269944292,268777.9596999999,191777.9596999999
1683302400000.0,221234.57399999994,50270.71239999998,77000.0,10.201497770381831,2.037612843257186,271505.2863999999,194505.28639999992
1683388800000.0,218894.71169999993,50270.71239999998,77000.0,10.09360278993248,3.073700884930397,269165.4240999999,192165.4240999999
1683475200000.0,218894.71169999993,50270.71239999998,77000.0,10.09360278993248,3.073700884930397,269165.4240999999,192165.4240999999
1683561600000.0,218894.71169999993,50270.71239999998,77000.0,10.09360278993248,3.073700884930397,269165.4240999999,192165.4240999999
1683648000000.0,218894.71169999993,50270.71239999998,77000.0,10.09360278993248,3.073700884930397,269165.4240999999,192165.4240999999
1683734400000.0,218894.71169999993,50270.71239999998,77000.0,10.09360278993248,3.073700884930397,269165.4240999999,192165.4240999999
1683820800000.0,218894.71169999993,50270.71239999998,77000.0,10.09360278993248,3.073700884930397,269165.4240999999,192165.4240999999
1683907200000.0,218894.71169999993,50270.71239999998,77000.0,10.09360278993248,3.073700884930397,269165.4240999999,192165.4240999999
1683993600000.0,218894.71169999993,50270.71239999998,77000.0,10.09360278993248,3.073700884930397,269165.4240999999,192165.4240999999
1684080000000.0,218894.71169999993,50270.71239999998,77000.0,10.09360278993248,3.073700884930397,269165.4240999999,192165.4240999999
1684166400000.0,218743.53409999993,50270.71239999998,77000.0,10.086631736893855,3.1406421333657564,269014.2464999999,192014.2464999999
1684252800000.0,215965.68279999992,50270.71239999998,77000.0,9.958540348052423,4.370671145533011,266236.3951999999,189236.3951999999
1684339200000.0,215965.68279999992,50270.71239999998,77000.0,9.958540348052423,4.370671145533011,266236.3951999999,189236.3951999999
1684425600000.0,214640.77639999992,50270.71239999998,77000.0,9.897446688769474,4.95733800938064,264911.4887999999,187911.48879999988
1684512000000.0,214640.8718999999,50270.71239999998,77000.0,9.897451092434865,4.957295722102462,264911.5842999999,187911.58429999987
1684598400000.0,214640.8718999999,50270.71239999998,77000.0,9.897451092434865,4.957295722102462,264911.5842999999,187911.58429999987
1684684800000.0,211919.65899999993,50270.71239999998,77000.0,9.77197139534157,6.162245322998583,262190.3713999999,185190.3713999999
1684771200000.0,211919.65899999993,50270.71239999998,77000.0,9.77197139534157,6.162245322998583,262190.3713999999,185190.3713999999
1684857600000.0,211233.68109999993,50270.71239999998,77000.0,9.740339802273386,6.465995462073892,261504.39349999992,184504.39349999992
1684944000000.0,209243.71439999994,50270.71239999998,77000.0,9.648579095589339,7.347150178399686,259514.42679999993,182514.42679999993
1685030400000.0,209243.71439999994,50270.71239999998,77000.0,9.648579095589339,7.347150178399686,259514.42679999993,182514.42679999993
1685116800000.0,209243.71439999994,50270.71239999998,77000.0,9.648579095589339,7.347150178399686,259514.42679999993,182514.42679999993
1685203200000.0,207583.95679999993,50270.71239999998,77000.0,9.572044885092138,8.082088726465631,257854.66919999992,180854.66919999992
1685289600000.0,213960.22199999992,50270.71239999998,77000.0,9.866065182395051,5.258686629574272,264230.9343999999,187230.9343999999
1685376000000.0,219499.06039999993,50270.71239999998,77000.0,10.121470323492506,5.309797409125128,269769.7727999999,192769.77279999992
1685462400000.0,220157.06209999992,50270.71239999998,77000.0,10.151811886992691,5.025940548122632,270427.7744999999,193427.77449999988
1685548800000.0,215462.14469999995,51146.06649999998,77000.0,9.975685408277018,6.673670711643953,266608.2111999999,189608.2111999999
1685635200000.0,216462.14469999995,51146.06649999998,78000.0,9.975685408277018,6.673670711643953,267608.2111999999,189608.2111999999
1685721600000.0,216462.14469999995,51146.06649999998,78000.0,9.975685408277018,6.673670711643953,267608.2111999999,189608.2111999999
1685808000000.0,218597.44159999993,51146.06649999998,78000.0,10.074090836889908,5.753050517780545,269743.5080999999,191743.50809999992
1685894400000.0,216082.86729999993,51146.06649999998,78000.0,9.958206361166434,6.837193842088263,267228.9337999999,189228.93379999988
1685980800000.0,213863.12039999993,51146.06649999998,78000.0,9.855909043586552,7.794224136753957,265009.1868999999,187009.1868999999
1686067200000.0,213863.12039999993,51146.06649999998,78000.0,9.855909043586552,7.794224136753957,265009.1868999999,187009.1868999999
1686153600000.0,211509.20059999992,51146.06649999998,78000.0,9.747428350883176,8.80910225633299,262655.2670999999,184655.26709999988
1686240000000.0,211509.20059999992,51146.06649999998,78000.0,9.747428350883176,8.80910225633299,262655.2670999999,184655.26709999988
1686326400000.0,209773.6791999999,51146.06649999998,78000.0,9.667446626920645,9.557361689352417,260919.74569999988,182919.74569999988
1686412800000.0,209773.57249999992,51146.06649999998,78000.0,9.667441709637606,9.557407692404585,260919.6389999999,182919.6389999999
1686499200000.0,209773.57249999992,51146.06649999998,78000.0,9.667441709637606,9.557407692404585,260919.6389999999,182919.6389999999
1686585600000.0,209773.57249999992,51146.06649999998,78000.0,9.667441709637606,9.557407692404585,260919.6389999999,182919.6389999999
1686672000000.0,209773.57249999992,51146.06649999998,78000.0,9.667441709637606,9.557407692404585,260919.6389999999,182919.6389999999
1686758400000.0,209773.57249999992,51146.06649999998,78000.0,9.667441709637606,9.557407692404585,260919.6389999999,182919.6389999999
1686844800000.0,209773.57249999992,51146.06649999998,78000.0,9.667441709637606,9.557407692404585,260919.6389999999,182919.6389999999
1686931200000.0,209773.57249999992,51146.06649999998,78000.0,9.667441709637606,9.557407692404585,260919.6389999999,182919.6389999999
1687017600000.0,210074.47009999992,51146.06649999998,78000.0,9.681308613718528,9.427677533172375,261220.5365999999,183220.5365999999
1687104000000.0,211105.7393999999,51146.06649999998,78000.0,9.728834790280587,8.983052084181464,262251.80589999986,184251.80589999986
1687190400000.0,210300.67169999992,51146.06649999998,78000.0,9.691733143160276,9.330152097321164,261446.7381999999,183446.7381999999
1687276800000.0,214581.52659999992,51146.06649999998,78000.0,9.889016884481727,7.484487699110698,265727.5930999999,187727.59309999988
1687363200000.0,233531.53439999992,51146.06649999998,78000.0,10.762330398764743,0.4098134198791792,284677.6008999999,206677.6008999999
1687449600000.0,233525.1941999999,51146.06649999998,78000.0,10.76203820984315,2.6939771202068807,284671.26069999987,206671.26069999987
1687536000000.0,242983.3249999999,51146.06649999998,78000.0,11.197917368029902,0.4246847113708485,294129.39149999985,216129.39149999985
1687622400000.0,236368.3555999999,54101.04229999998,78000.0,11.029246098508349,1.9871310394801722,290469.39789999987,212469.39789999987
1687708800000.0,236854.41899999988,54101.04229999998,78000.0,11.051926430841622,1.7855792361105127,290955.46129999985,212955.46129999985
1687795200000.0,233299.7411999999,54101.04229999998,78000.0,10.886060673737273,3.2595674462661206,287400.7834999999,209400.7834999999
1687881600000.0,233400.6040999999,54101.04229999998,78000.0,10.890767064080793,3.2177434797051707,287501.6463999999,209501.6463999999
1687968000000.0,230892.8216999999,54101.04229999998,78000.0,10.773750768981145,4.257624419472972,284993.8639999999,206993.86399999988
1688054400000.0,230892.8216999999,54101.04229999998,78000.0,10.773750768981145,4.257624419472972,284993.8639999999,206993.86399999988
1688140800000.0,227375.52599999993,54101.04229999998,78000.0,10.609629307891092,5.716111710059768,281476.5682999999,203476.56829999993
1688227200000.0,228582.5782999999,54146.01109999998,79000.0,10.621337438335713,5.612065844658643,282728.5893999999,203728.58939999988
1688313600000.0,225087.0786999999,54146.01109999998,79000.0,10.458915257943465,7.0554522503006645,279233.0897999999,200233.0897999999
1688400000000.0,228538.6816999999,54146.01109999998,79000.0,10.619297735203203,5.630191939049823,282684.6927999999,203684.6927999999
1688486400000.0,227361.9171999999,54146.01109999998,79000.0,10.564618096304606,6.116109855316232,281507.9282999999,202507.9282999999
1688572800000.0,223828.2378999999,54146.01109999998,79000.0,10.400421854739323,7.575261692586832,277974.2489999999,198974.2489999999
1688659200000.0,223828.2378999999,54146.01109999998,79000.0,10.400421854739323,7.575261692586832,277974.2489999999,198974.2489999999
1688745600000.0,223828.2378999999,54146.01109999998,79000.0,10.400421854739323,7.575261692586832,277974.2489999999,198974.2489999999
1688832000000.0,223828.2378999999,54146.01109999998,79000.0,10.400421854739323,7.575261692586832,277974.2489999999,198974.2489999999
1688918400000.0,223828.2378999999,54146.01109999998,79000.0,10.400421854739323,7.575261692586832,277974.2489999999,198974.2489999999
1689004800000.0,223828.2378999999,54146.01109999998,79000.0,10.400421854739323,7.575261692586832,277974.2489999999,198974.2489999999
1689091200000.0,223860.3811999999,54146.01109999998,79000.0,10.40191542803883,7.561988853919521,278006.3922999999,199006.3922999999
1689177600000.0,223294.7756999999,54146.01109999998,79000.0,10.375633954983636,7.795542675426558,277440.7867999999,198440.78679999989
1689264000000.0,222645.0214999999,54146.01109999998,79000.0,10.345442421309015,8.063843773011826,276791.03259999986,197791.03259999986
1689350400000.0,225957.8999999999,54146.01109999998,79000.0,10.499378914205368,6.695866562989028,280103.9110999999,201103.9110999999
1689436800000.0,222533.76569999987,54146.01109999998,79000.0,10.34027279988572,8.109784304450818,276679.7767999999,197679.77679999988
1689523200000.0,222533.76569999987,54146.01109999998,79000.0,10.34027279988572,8.109784304450818,276679.7767999999,197679.77679999988
1689609600000.0,222533.76569999987,54146.01109999998,79000.0,10.34027279988572,8.109784304450818,276679.7767999999,197679.77679999988
1689696000000.0,222533.76569999987,54146.01109999998,79000.0,10.34027279988572,8.109784304450818,276679.7767999999,197679.77679999988
1689782400000.0,222533.76569999987,54146.01109999998,79000.0,10.34027279988572,8.109784304450818,276679.7767999999,197679.77679999988
1689868800000.0,222533.76569999987,54146.01109999998,79000.0,10.34027279988572,8.109784304450818,276679.7767999999,197679.77679999988
1689955200000.0,222533.76569999987,54146.01109999998,79000.0,10.34027279988572,8.109784304450818,276679.7767999999,197679.77679999988
1690041600000.0,222533.76569999987,54146.01109999998,79000.0,10.34027279988572,8.109784304450818,276679.7767999999,197679.77679999988
1690128000000.0,222533.76569999987,54146.01109999998,79000.0,10.34027279988572,8.109784304450818,276679.7767999999,197679.77679999988
1690214400000.0,221936.72809999986,54146.01109999998,79000.0,10.312530800210434,8.3563172908935,276082.73919999984,197082.73919999984
1690300800000.0,221936.72809999986,54146.01109999998,79000.0,10.312530800210434,8.3563172908935,276082.73919999984,197082.73919999984
1690387200000.0,221936.72809999986,54146.01109999998,79000.0,10.312530800210434,8.3563172908935,276082.73919999984,197082.73919999984
1690473600000.0,221936.72809999986,54146.01109999998,79000.0,10.312530800210434,8.3563172908935,276082.73919999984,197082.73919999984
1690560000000.0,221936.72809999986,54146.01109999998,79000.0,10.312530800210434,8.3563172908935,276082.73919999984,197082.73919999984
1690646400000.0,221936.72809999986,54146.01109999998,79000.0,10.312530800210434,8.3563172908935,276082.73919999984,197082.73919999984
1690732800000.0,221936.72809999986,54146.01109999998,79000.0,10.312530800210434,8.3563172908935,276082.73919999984,197082.73919999984
1690819200000.0,220206.87819999986,54146.01109999998,79000.0,10.23215144828337,9.070619140466363,274352.88929999986,195352.88929999986
1690905600000.0,221206.87819999986,54146.01109999998,80000.0,10.232151448283371,9.070619140466352,275352.88929999986,195352.88929999986
1690992000000.0,218441.28019999986,54146.01109999998,80000.0,10.104225871052972,10.207446873368031,272587.29129999987,192587.29129999987
1691078400000.0,218441.28019999986,54146.01109999998,80000.0,10.104225871052972,10.207446873368031,272587.29129999987,192587.29129999987
1691164800000.0,218441.28019999986,54146.01109999998,80000.0,10.104225871052972,10.207446873368031,272587.29129999987,192587.29129999987
1691251200000.0,218441.28019999986,54146.01109999998,80000.0,10.104225871052972,10.207446873368031,272587.29129999987,192587.29129999987
1691337600000.0,218441.28019999986,54146.01109999998,80000.0,10.104225871052972,10.207446873368031,272587.29129999987,192587.29129999987
1691424000000.0,218441.28019999986,54146.01109999998,80000.0,10.104225871052972,10.207446873368031,272587.29129999987,192587.29129999987
1691510400000.0,223008.08009999988,54146.01109999998,80000.0,10.315467892960434,8.330216423775328,277154.09119999985,197154.09119999985
1691596800000.0,226390.61219999986,54146.01109999998,80000.0,10.471930390905852,6.939791532410011,280536.62329999986,200536.62329999986
1691683200000.0,222504.85679999986,54597.519599999985,80000.0,10.313075771747823,8.35147432851835,277102.37639999983,197102.37639999983
1691769600000.0,221940.84499999986,54597.519599999985,80000.0,10.286933886517927,8.583787684166955,276538.36459999986,196538.36459999986
1691856000000.0,221940.84499999986,54597.519599999985,80000.0,10.286933886517927,8.583787684166955,276538.36459999986,196538.36459999986
1691942400000.0,221940.84499999986,54597.519599999985,80000.0,10.286933886517927,8.583787684166955,276538.36459999986,196538.36459999986
1692028800000.0,221940.84499999986,54597.519599999985,80000.0,10.286933886517927,8.583787684166955,276538.36459999986,196538.36459999986
1692115200000.0,219486.80669999984,54597.519599999985,80000.0,10.173189479772594,9.594592550950198,274084.32629999984,194084.32629999984
1692201600000.0,219486.80669999984,54597.519599999985,80000.0,10.173189479772594,9.594592550950198,274084.32629999984,194084.32629999984
1692288000000.0,219486.80669999984,54597.519599999985,80000.0,10.173189479772594,9.594592550950198,274084.32629999984,194084.32629999984
1692374400000.0,219486.80669999984,54597.519599999985,80000.0,10.173189479772594,9.594592550950198,274084.32629999984,194084.32629999984
1692460800000.0,219486.80669999984,54597.519599999985,80000.0,10.173189479772594,9.594592550950198,274084.32629999984,194084.32629999984
1692547200000.0,219486.80669999984,54597.519599999985,80000.0,10.173189479772594,9.594592550950198,274084.32629999984,194084.32629999984
1692633600000.0,219486.80669999984,54597.519599999985,80000.0,10.173189479772594,9.594592550950198,274084.32629999984,194084.32629999984
1692720000000.0,219486.80669999984,54597.519599999985,80000.0,10.173189479772594,9.594592550950198,274084.32629999984,194084.32629999984
1692806400000.0,219486.80669999984,54597.519599999985,80000.0,10.173189479772594,9.594592550950198,274084.32629999984,194084.32629999984
1692892800000.0,216673.12439999986,54597.519599999985,80000.0,10.042775612970539,10.753532801565624,271270.64399999985,191270.64399999985
1692979200000.0,216673.12439999986,54597.519599999985,80000.0,10.042775612970539,10.753532801565624,271270.64399999985,191270.64399999985
1693065600000.0,216673.12439999986,54597.519599999985,80000.0,10.042775612970539,10.753532801565624,271270.64399999985,191270.64399999985
1693152000000.0,216673.12439999986,54597.519599999985,80000.0,10.042775612970539,10.753532801565624,271270.64399999985,191270.64399999985
1693238400000.0,216673.12439999986,54597.519599999985,80000.0,10.042775612970539,10.753532801565624,271270.64399999985,191270.64399999985
1693324800000.0,216143.94669999985,54597.519599999985,80000.0,10.018248284464965,10.97149818317893,270741.46629999985,190741.46629999985
1693411200000.0,213799.52209999986,54597.519599999985,80000.0,9.909584460723435,11.93715377033353,268397.0416999998,188397.04169999983
1693497600000.0,211039.08999999985,54597.519599999985,80000.0,9.78163873486607,13.074160556700598,265636.60959999985,185636.60959999985
1693584000000.0,212039.08999999985,54597.519599999985,81000.0,9.78163873486607,13.074160556700598,266636.60959999985,185636.60959999985
1693670400000.0,212039.08999999985,54597.519599999985,81000.0,9.78163873486607,13.074160556700598,266636.60959999985,185636.60959999985
1693756800000.0,212039.08999999985,54597.519599999985,81000.0,9.78163873486607,13.074160556700598,266636.60959999985,185636.60959999985
1693843200000.0,212039.08999999985,54597.519599999985,81000.0,9.78163873486607,13.074160556700598,266636.60959999985,185636.60959999985
1693929600000.0,212039.08999999985,54597.519599999985,81000.0,9.78163873486607,13.074160556700598,266636.60959999985,185636.60959999985
1694016000000.0,212039.08999999985,54597.519599999985,81000.0,9.78163873486607,13.074160556700598,266636.60959999985,185636.60959999985
1694102400000.0,212039.08999999985,54597.519599999985,81000.0,9.78163873486607,13.074160556700598,266636.60959999985,185636.60959999985
1694188800000.0,209372.93339999986,54597.519599999985,81000.0,9.658645466635297,14.167156666721137,263970.45299999986,182970.45299999986
1694275200000.0,208796.37719999987,54597.519599999985,81000.0,9.632048179980526,14.403517007973477,263393.8967999999,182393.89679999987
1694361600000.0,208796.37719999987,54597.519599999985,81000.0,9.632048179980526,14.403517007973477,263393.8967999999,182393.89679999987
1694448000000.0,208796.37719999987,54597.519599999985,81000.0,9.632048179980526,14.403517007973477,263393.8967999999,182393.89679999987
1694534400000.0,208796.37719999987,54597.519599999985,81000.0,9.632048179980526,14.403517007973477,263393.8967999999,182393.89679999987
1694620800000.0,209783.37029999986,54597.519599999985,81000.0,9.677579454133822,13.998897257236742,264380.88989999983,183380.88989999983
1694707200000.0,212415.22489999986,54597.519599999985,81000.0,9.79899032653426,12.91996331917039,267012.74449999986,186012.74449999986
1694793600000.0,210247.92459999985,54597.519599999985,81000.0,9.699009947611833,13.808452313832708,264845.44419999985,183845.44419999985
1694880000000.0,211328.84209999986,54597.519599999985,81000.0,9.748874076377877,13.36532807171087,265926.36169999983,184926.36169999983
1694966400000.0,211578.03859999985,54597.519599999985,81000.0,9.760369834716554,13.263169479402103,266175.55819999985,185175.55819999985
1695052800000.0,215761.00479999988,54597.519599999985,81000.0,9.953335500663128,11.548354308775089,270358.5243999999,189358.52439999988
1695139200000.0,212118.38359999986,54966.631399999984,81000.0,9.802324258603996,12.890335886419713,267085.01499999984,186085.01499999984
1695225600000.0,211388.44319999986,54966.631399999984,81000.0,9.768592564213247,13.190097095173947,266355.0745999998,185355.07459999982
1695312000000.0,208731.79099999985,54966.631399999984,81000.0,9.645824486007253,14.281092023953912,263698.4223999998,182698.4223999998
1695398400000.0,208731.79099999985,54966.631399999984,81000.0,9.645824486007253,14.281092023953912,263698.4223999998,182698.4223999998
1695484800000.0,208731.79099999985,54966.631399999984,81000.0,9.645824486007253,14.281092023953912,263698.4223999998,182698.4223999998
1695571200000.0,208731.79099999985,54966.631399999984,81000.0,9.645824486007253,14.281092023953912,263698.4223999998,182698.4223999998
1695657600000.0,208731.79099999985,54966.631399999984,81000.0,9.645824486007253,14.281092023953912,263698.4223999998,182698.4223999998
1695744000000.0,208731.79099999985,54966.631399999984,81000.0,9.645824486007253,14.281092023953912,263698.4223999998,182698.4223999998
1695830400000.0,208731.79099999985,54966.631399999984,81000.0,9.645824486007253,14.281092023953912,263698.4223999998,182698.4223999998
1695916800000.0,214798.08989999985,54966.631399999984,81000.0,9.926157703044895,11.789873438260434,269764.72129999986,188764.72129999986
1696003200000.0,211103.70229999983,55230.17699999998,81000.0,9.767613096051022,13.1988012698544,266333.8792999998,185333.8792999998
1696089600000.0,211712.93769999983,55230.17699999998,81000.0,9.795801970082048,12.948297074747073,266943.1146999998,185943.1146999998
1696176000000.0,214060.7913999998,55230.17699999998,82000.0,9.857872985002935,12.3966947079715,269290.9683999998,187290.96839999978
1696262400000.0,221561.9163999998,55230.17699999998,82000.0,10.203312880889586,9.326896922440808,276792.0933999998,194792.09339999978
1696348800000.0,217406.63279999985,55819.39139999998,82000.0,10.039089171356338,10.786292857478442,273226.0241999998,191226.0241999998
1696435200000.0,216226.20809999987,55819.39139999998,82000.0,9.984581226172011,11.270684994614733,272045.59949999984,190045.59949999984
1696521600000.0,213332.63969999988,55819.39139999998,82000.0,9.850966208005836,12.4580727045009,269152.03109999985,187152.03109999985
1696608000000.0,210116.9382999999,55819.39139999998,82000.0,9.702476197893066,13.777649017617854,265936.3296999999,183936.3296999999
1696694400000.0,210265.9492999999,55819.39139999998,82000.0,9.709357012416739,13.716501740077147,266085.3406999999,184085.34069999988
1696780800000.0,209936.6685999999,55819.39139999998,82000.0,9.694151964313411,13.851623431440196,265756.0599999999,183756.05999999988
1696867200000.0,209380.61389999988,55819.39139999998,82000.0,9.66847527429914,14.079802767655114,265200.00529999984,183200.00529999984
1696953600000.0,209380.61389999988,55819.39139999998,82000.0,9.66847527429914,14.079802767655114,265200.00529999984,183200.00529999984
1697040000000.0,209380.61389999988,55819.39139999998,82000.0,9.66847527429914,14.079802767655114,265200.00529999984,183200.00529999984
1697126400000.0,209380.61389999988,55819.39139999998,82000.0,9.66847527429914,14.079802767655114,265200.00529999984,183200.00529999984
1697212800000.0,209380.61389999988,55819.39139999998,82000.0,9.66847527429914,14.079802767655114,265200.00529999984,183200.00529999984
1697299200000.0,209380.61389999988,55819.39139999998,82000.0,9.66847527429914,14.079802767655114,265200.00529999984,183200.00529999984
1697385600000.0,209380.61389999988,55819.39139999998,82000.0,9.66847527429914,14.079802767655114,265200.00529999984,183200.00529999984
1697472000000.0,222711.34929999989,55819.39139999998,82000.0,10.284042700539858,11.103509710924541,278530.74069999985,196530.74069999985
1697558400000.0,228491.69099999988,55819.39139999998,82000.0,10.5509589625685,8.796253742979198,284311.08239999984,202311.08239999984
1697644800000.0,223496.04779999988,57387.77289999998,82000.0,10.392699826788009,10.164264566809134,280883.82069999987,198883.82069999987
1697731200000.0,226682.29639999988,57387.77289999998,82000.0,10.540862291401057,8.883530571413745,284070.06929999986,202070.06929999986
1697817600000.0,234052.29289999988,57387.77289999998,82000.0,10.883571534373981,5.921111046617355,291440.06579999987,209440.06579999987
1697904000000.0,237322.07349999988,57387.77289999998,82000.0,11.035618286921768,4.606800803560884,294709.84639999986,212709.84639999986
1697990400000.0,236376.2929999999,57387.77289999998,82000.0,10.99163892829201,4.9869636190210676,293764.06589999987,211764.06589999987
1698076800000.0,245327.44229999988,57387.77289999998,82000.0,11.407872721664994,1.3889891212465644,302715.21519999986,220715.21519999986
1698163200000.0,268900.61589999986,57387.77289999998,82000.0,12.50403938591311,4.706756952501923,326288.38879999984,244288.38879999984
1698249600000.0,278809.4779999999,57387.77289999998,82000.0,12.964807396998882,1.195245454995364,336197.25089999987,254197.25089999987
1698336000000.0,269350.3869999999,62482.69939999998,82000.0,12.761871138887456,2.741822010820072,331833.08639999985,249833.08639999985
1698422400000.0,270570.0586999999,62482.69939999998,82000.0,12.819659409550486,2.3014177901015564,333052.75809999986,251052.75809999986
1698508800000.0,271647.30109999987,62482.69939999998,82000.0,12.870699353644369,1.9124425439783987,334130.00049999985,252130.00049999985
1698595200000.0,273078.1127999999,62482.69939999998,82000.0,12.938491476547139,1.3957989982329,335560.81219999987,253560.81219999987
1698681600000.0,274226.7815999999,62482.69939999998,82000.0,12.992915616679747,0.9810328052256678,336709.48099999985,254709.48099999985
1698768000000.0,269885.06309999985,62685.802099999986,82000.0,12.79678134258304,2.4757714632387184,332570.8651999998,250570.86519999983
1698854400000.0,267466.26759999985,62685.802099999986,83000.0,12.635275285483258,3.706608593373739,330152.0696999998,247152.06969999982
1698940800000.0,263847.1443999999,62685.802099999986,83000.0,12.464305621404097,5.009567841182827,326532.94649999985,243532.94649999985
1699027200000.0,263847.1443999999,62685.802099999986,83000.0,12.464305621404097,5.009567841182827,326532.94649999985,243532.94649999985
1699113600000.0,263587.6031999999,62685.802099999986,83000.0,12.45204473131373,5.103008044248436,326273.40529999987,243273.40529999987
1699200000000.0,265252.0800999999,62685.802099999986,83000.0,12.530675670559049,4.503761914793758,327937.8821999999,244937.88219999988
1699286400000.0,261220.13269999993,62685.802099999986,83000.0,12.340203930729125,5.95534641777774,323905.93479999993,240905.93479999993
1699372800000.0,259993.67449999996,62685.802099999986,83000.0,12.282265271315396,6.396896750670866,322679.47659999994,239679.47659999994
1699459200000.0,258770.56329999995,62685.802099999986,83000.0,12.224484726294031,6.837242094299656,321456.36539999995,238456.36539999995
1699545600000.0,273120.32339999994,62685.802099999986,83000.0,12.90237644987878,2.389810400887038,335806.1254999999,252806.1254999999
1699632000000.0,268001.48259999993,63575.558499999985,83000.0,12.7025918337512,3.9012384959324464,331577.0410999999,248577.04109999991
1699718400000.0,266246.1941999999,63575.558499999985,83000.0,12.619395607075852,4.5306418846227325,329821.7526999999,246821.7526999999
1699804800000.0,264933.6023999999,63575.558499999985,83000.0,12.557182078561109,5.001305125425248,328509.1608999999,245509.1608999999
1699891200000.0,260949.72349999993,63575.558499999985,83000.0,12.368356303827154,6.429826432688291,324525.2819999999,241525.2819999999
1699977600000.0,260366.10769999993,63575.558499999985,83000.0,12.340694392321264,6.63909675100931,323941.6661999999,240941.66619999992
1700064000000.0,260366.10769999993,63575.558499999985,83000.0,12.340694392321264,6.63909675100931,323941.6661999999,240941.66619999992
1700150400000.0,257102.9550999999,63575.558499999985,83000.0,12.186029219700147,7.809183275966392,320678.5135999999,237678.5135999999
1700236800000.0,257102.9550999999,63575.558499999985,83000.0,12.186029219700147,7.809183275966392,320678.5135999999,237678.5135999999
1700323200000.0,257102.9550999999,63575.558499999985,83000.0,12.186029219700147,7.809183275966392,320678.5135999999,237678.5135999999
1700409600000.0,256045.1739999999,63575.558499999985,83000.0,12.135893073316172,8.188477646528236,319620.7324999999,236620.73249999993
1700496000000.0,263594.8276999999,63575.558499999985,83000.0,12.493727546867959,5.481356912284207,327170.3861999999,244170.3861999999
1700582400000.0,258711.8438999999,63871.855099999986,83000.0,12.276330184713622,7.126030497856983,322583.6989999999,239583.6989999999
1700668800000.0,257053.87439999988,63871.855099999986,83000.0,12.197656627634217,7.7212185899723345,320925.7294999999,237925.7294999999
1700755200000.0,254850.45449999988,63871.855099999986,83000.0,12.093100493596442,8.512215822677739,318722.30959999986,235722.30959999986
1700841600000.0,262900.2510999999,63871.855099999986,83000.0,12.47507744328562,5.622450311146576,326772.10619999986,243772.10619999986
1700928000000.0,258407.4557999999,64267.07739999999,83000.0,12.28064042662004,7.093422277864492,322674.5331999999,239674.5331999999
1701014400000.0,254142.3430999999,64267.07739999999,83000.0,12.077943816007343,8.626880448912422,318409.4204999999,235409.4204999999
1701100800000.0,254142.3430999999,64267.07739999999,83000.0,12.077943816007343,8.626880448912422,318409.4204999999,235409.4204999999
1701187200000.0,254142.3430999999,64267.07739999999,83000.0,12.077943816007343,8.626880448912422,318409.4204999999,235409.4204999999
1701273600000.0,250330.0721999999,64267.07739999999,83000.0,11.896768207173508,9.997526050341254,314597.1495999999,231597.1495999999
1701360000000.0,249344.44099999988,64267.07739999999,83000.0,11.849926747731152,10.351895166374181,313611.5183999999,230611.51839999988
1701446400000.0,254462.8789999999,64267.07739999999,84000.0,12.044870915135581,8.877086458419736,318729.9563999999,234729.9563999999
1701532800000.0,258029.24229999987,64267.07739999999,84000.0,12.213682907492927,7.599975172400841,322296.3196999999,238296.31969999988
1701619200000.0,266524.66469999985,64267.07739999999,84000.0,12.615809404605896,4.557772537986715,330791.74209999986,246791.74209999986
1701705600000.0,280046.0399999999,64267.07739999999,84000.0,13.255836825201117,2.7145539414005215,344313.11739999993,260313.11739999993
1701792000000.0,288982.85849999986,64267.07739999999,84000.0,13.678856582139789,0.6658446801363183,353249.93589999987,269249.93589999987
1701878400000.0,302566.9193999999,64267.07739999999,84000.0,14.32185119371864,2.0376662969797454,366833.9967999999,282833.9967999999
1701964800000.0,292599.6755999999,68962.10339999999,84000.0,14.072293446486361,3.7446564745668987,361561.77899999986,277561.77899999986
1702051200000.0,292973.2921999999,68962.10339999999,84000.0,14.09026216918196,3.621749317865297,361935.39559999993,277935.39559999993
1702137600000.0,294604.0994999999,68962.10339999999,84000.0,14.168694241374839,3.0852691711823144,363566.2028999999,279566.2028999999
1702224000000.0,293792.77059999993,68962.10339999999,84000.0,14.129674176369631,3.352168790334209,362754.87399999995,278754.87399999995
1702310400000.0,289882.8733999999,68962.10339999999,84000.0,13.941631518320985,4.638392014483028,358844.97679999995,274844.97679999995
1702396800000.0,289882.8733999999,68962.10339999999,84000.0,13.941631518320985,4.638392014483028,358844.97679999995,274844.97679999995
1702483200000.0,289882.8733999999,68962.10339999999,84000.0,13.941631518320985,4.638392014483028,358844.97679999995,274844.97679999995
1702569600000.0,285611.7348999999,68962.10339999999,84000.0,13.736215315451533,6.043451342451068,354573.83829999994,270573.83829999994
1702656000000.0,282035.6423999999,68962.10339999999,84000.0,13.56422666594744,7.219864171208923,350997.7457999999,266997.7457999999
1702742400000.0,282035.6423999999,68962.10339999999,84000.0,13.56422666594744,7.219864171208923,350997.7457999999,266997.7457999999
1702828800000.0,282035.6423999999,68962.10339999999,84000.0,13.56422666594744,7.219864171208923,350997.7457999999,266997.7457999999
1702915200000.0,282035.6423999999,68962.10339999999,84000.0,13.56422666594744,7.219864171208923,350997.7457999999,266997.7457999999
1703001600000.0,278505.4864999999,68962.10339999999,84000.0,13.394447292013488,8.38116542062438,347467.5898999999,263467.5898999999
1703088000000.0,287370.5700999999,68962.10339999999,84000.0,13.820804763500837,5.464854370210881,356332.6734999999,272332.6734999999
1703174400000.0,282584.9139999999,69415.3731,84000.0,13.612442903155811,6.8900621745660695,352000.28709999984,268000.28709999984
1703260800000.0,282555.0922999999,69415.3731,84000.0,13.611006357295034,6.899888235672947,351970.46539999987,267970.46539999987
1703347200000.0,282982.86729999987,69415.3731,84000.0,13.63161277495715,6.758939084886817,352398.2403999999,268398.2403999999
1703433600000.0,281645.22859999986,69415.3731,84000.0,13.567177168076869,7.1996825570946,351060.6016999999,267060.6016999999
1703520000000.0,280092.7315999998,69415.3731,84000.0,13.492391587804098,7.711220477141434,349508.1046999998,265508.1046999998
1703606400000.0,280092.7315999998,69415.3731,84000.0,13.492391587804098,7.711220477141434,349508.1046999998,265508.1046999998
1703692800000.0,280092.7315999998,69415.3731,84000.0,13.492391587804098,7.711220477141434,349508.1046999998,265508.1046999998
1703779200000.0,277568.7704999998,69415.3731,84000.0,13.370809455632894,8.542849659918028,346984.14359999984,262984.14359999984
1703865600000.0,277568.7704999998,69415.3731,84000.0,13.370809455632894,8.542849659918028,346984.14359999984,262984.14359999984
1703952000000.0,277568.7704999998,69415.3731,84000.0,13.370809455632894,8.542849659918028,346984.14359999984,262984.14359999984
1704038400000.0,277568.7704999998,69415.3731,84000.0,13.370809455632894,8.542849659918028,346984.14359999984,262984.14359999984
1704124800000.0,277378.3611999998,69415.3731,85000.0,13.313671909683487,8.933673951244447,346793.7342999998,261793.73429999978
1704211200000.0,296804.6082999998,69415.3731,85000.0,14.246097493304823,2.5558262177050595,366219.9813999998,281219.9813999998
1704297600000.0,290721.4348999998,70972.89749999999,85000.0,14.0288743267113,4.041645896043466,361694.33239999984,276694.33239999984
1704384000000.0,290721.4348999998,70972.89749999999,85000.0,14.0288743267113,4.041645896043466,361694.33239999984,276694.33239999984
1704470400000.0,290633.44869999983,70972.89749999999,85000.0,14.024628518889426,4.0706874799183,361606.3461999998,276606.3461999998
1704556800000.0,289541.38739999983,70972.89749999999,85000.0,13.971930682075175,4.431143890587408,360514.28489999985,275514.28489999985
1704643200000.0,290069.9627999998,70972.89749999999,85000.0,13.997437290699825,4.25667713542267,361042.8602999998,276042.8602999998
1704729600000.0,285715.1324999998,70972.89749999999,85000.0,13.787293284586656,5.694074925282166,356688.0299999998,271688.0299999998
1704816000000.0,281144.90789999976,70972.89749999999,85000.0,13.566755343927762,7.202567859944065,352117.8053999997,267117.8053999997
1704902400000.0,279648.6686999998,70972.89749999999,85000.0,13.494553747555212,7.696431172868346,350621.56619999977,265621.56619999977
1704988800000.0,281225.8194999998,70972.89749999999,85000.0,13.570659764213676,7.1758613875898885,352198.71699999983,267198.71699999983
1705075200000.0,278975.9017999998,70972.89749999999,85000.0,13.462089122803626,7.918491181762521,349948.79929999984,264948.79929999984
1705161600000.0,278975.9017999998,70972.89749999999,85000.0,13.462089122803626,7.918491181762521,349948.79929999984,264948.79929999984
1705248000000.0,278975.9017999998,70972.89749999999,85000.0,13.462089122803626,7.918491181762521,349948.79929999984,264948.79929999984
1705334400000.0,278975.9017999998,70972.89749999999,85000.0,13.462089122803626,7.918491181762521,349948.79929999984,264948.79929999984
1705420800000.0,278975.9017999998,70972.89749999999,85000.0,13.462089122803626,7.918491181762521,349948.79929999984,264948.79929999984
1705507200000.0,278975.9017999998,70972.89749999999,85000.0,13.462089122803626,7.918491181762521,349948.79929999984,264948.79929999984
1705593600000.0,278975.9017999998,70972.89749999999,85000.0,13.462089122803626,7.918491181762521,349948.79929999984,264948.79929999984
1705680000000.0,278975.9017999998,70972.89749999999,85000.0,13.462089122803626,7.918491181762521,349948.79929999984,264948.79929999984
1705766400000.0,278975.9017999998,70972.89749999999,85000.0,13.462089122803626,7.918491181762521,349948.79929999984,264948.79929999984
1705852800000.0,278975.9017999998,70972.89749999999,85000.0,13.462089122803626,7.918491181762521,349948.79929999984,264948.79929999984
1705939200000.0,278975.9017999998,70972.89749999999,85000.0,13.462089122803626,7.918491181762521,349948.79929999984,264948.79929999984
1706025600000.0,278975.9017999998,70972.89749999999,85000.0,13.462089122803626,7.918491181762521,349948.79929999984,264948.79929999984
1706112000000.0,278975.9017999998,70972.89749999999,85000.0,13.462089122803626,7.918491181762521,349948.79929999984,264948.79929999984
1706198400000.0,278975.9017999998,70972.89749999999,85000.0,13.462089122803626,7.918491181762521,349948.79929999984,264948.79929999984
1706284800000.0,278002.6429999998,70972.89749999999,85000.0,13.415124146185159,8.239734479826577,348975.54049999977,263975.54049999977
1706371200000.0,280198.19789999985,70972.89749999999,85000.0,13.52107148983421,7.515048201976615,351171.0953999999,266171.0953999999
1706457600000.0,282691.35239999986,70972.89749999999,85000.0,13.641379616304505,6.692133295722236,353664.2498999998,268664.2498999998
1706544000000.0,284846.0855999998,70972.89749999999,85000.0,13.745357093165781,5.980921026574393,355818.98309999984,270818.98309999984
1706630400000.0,288966.15529999987,70972.89749999999,85000.0,13.944172636500154,4.621010611501008,359939.05279999983,274939.05279999983
1706716800000.0,284025.7435999998,71533.991,85000.0,13.732846957381884,6.066491116624595,355559.7345999998,270559.7345999998
1706803200000.0,281437.7520999998,71533.991,86000.0,13.559973666950139,7.248954943161301,352971.7430999998,266971.7430999998
1706889600000.0,279280.4262999998,71533.991,86000.0,13.456031389054749,7.959926449240495,350814.4172999998,264814.4172999998
1706976000000.0,278474.0044999998,71533.991,86000.0,13.417177119182066,8.225692019596675,350007.9954999998,264007.9954999998
1707062400000.0,276998.3515999998,71533.991,86000.0,13.346078574952475,8.712010388738289,348532.3425999998,262532.3425999998
1707148800000.0,276998.3515999998,71533.991,86000.0,13.346078574952475,8.712010388738289,348532.3425999998,262532.3425999998
1707235200000.0,276998.3515999998,71533.991,86000.0,13.346078574952475,8.712010388738289,348532.3425999998,262532.3425999998
1707321600000.0,273534.87519999983,71533.991,86000.0,13.179204555992092,9.853438833332861,345068.8661999998,259068.86619999981
1707408000000.0,292396.2009999999,71533.991,86000.0,14.087963524052965,3.6374721904287477,363930.19199999986,277930.19199999986
1707494400000.0,306247.4582999998,71533.991,86000.0,14.755332001951457,1.414337712794178,377781.4492999998,291781.4492999998
1707580800000.0,307798.70869999984,71533.991,86000.0,14.830072915058851,2.1053143227378945,379332.6996999998,293332.6996999998
1707667200000.0,314188.02589999983,71533.991,86000.0,15.137917091383166,1.1151585158234556,385722.0168999998,299722.0168999998
1707753600000.0,328357.40619999985,71533.991,86000.0,15.820613077658429,0.06878168287226538,399891.39719999983,313891.39719999983
1707840000000.0,318206.6582999999,76497.52239999999,86000.0,15.570687406280213,2.630950486573602,394704.1806999999,308704.1806999999
1707926400000.0,330651.8337999999,76497.52239999999,86000.0,16.179662524720708,0.5608509226015412,407149.3561999999,321149.3561999999
1708012800000.0,332281.2763999999,76497.52239999999,86000.0,16.25939543008046,1.1712699295597706,408778.7987999999,322778.7987999999
1708099200000.0,332007.36009999993,76497.52239999999,86000.0,16.245991986212974,1.2527394615414633,408504.88249999995,322504.88249999995
1708185600000.0,327764.9101999999,77559.55029999999,86000.0,16.090365585915062,2.198676201503047,405324.4604999999,319324.4604999999
1708272000000.0,328466.89079999994,77562.19619999999,86000.0,16.12495679966211,1.9884220293281407,406029.08699999994,320029.08699999994
1708358400000.0,331060.74929999997,77562.19619999999,86000.0,16.2522933971349,1.2144378874304307,408622.9455,322622.9455
1708444800000.0,325762.5067999999,77562.19619999999,86000.0,15.992194331385667,2.79538599039304,403324.7029999999,317324.7029999999
1708531200000.0,323855.7777999999,77562.19619999999,86000.0,15.89859000286787,3.3643368444571276,401417.97399999993,315417.97399999993
1708617600000.0,323855.7777999999,77562.19619999999,86000.0,15.89859000286787,3.3643368444571276,401417.97399999993,315417.97399999993
1708704000000.0,323855.7777999999,77562.19619999999,86000.0,15.89859000286787,3.3643368444571276,401417.97399999993,315417.97399999993
1708790400000.0,323855.7777999999,77562.19619999999,86000.0,15.89859000286787,3.3643368444571276,401417.97399999993,315417.97399999993
1708876800000.0,322787.3361999999,77562.19619999999,86000.0,15.84613852259538,3.6831502473254174,400349.5323999999,314349.5323999999
1708963200000.0,318518.04799999995,77562.19619999999,86000.0,15.636552443393798,4.957067604031984,396080.24419999996,310080.24419999996
1709049600000.0,344271.32499999995,77562.19619999999,86000.0,16.90082135665722,1.2417973609877175,421833.52119999996,335833.52119999996
1709136000000.0,372193.22809999995,77562.19619999999,86000.0,18.271551539401873,0.6933033731229332,449755.42429999996,363755.42429999996
1709222400000.0,360374.6017999999,82212.92429999998,86000.0,17.919668131799146,6.9084414560960035,442587.5260999999,356587.5260999999
1709308800000.0,359174.2245999999,82212.92429999998,87000.0,17.810556896553564,7.475267519444639,441387.1488999999,354387.1488999999
1709395200000.0,360386.77659999987,82212.92429999998,87000.0,17.870684335848743,7.162909221619385,442599.7008999998,355599.7008999998
1709481600000.0,361327.3224999999,82212.92429999998,87000.0,17.917323668847725,6.920620794937038,443540.24679999985,356540.24679999985
1709568000000.0,371576.0053999999,82212.92429999998,87000.0,18.425530375797447,4.280518642126429,453788.92969999986,366788.92969999986
1709654400000.0,372344.3541999999,82212.92429999998,87000.0,18.463630882686655,4.082588884636385,454557.2784999999,367557.2784999999
1709740800000.0,365912.6309999999,82717.14969999998,87000.0,18.1697010024491,5.609536284146621,448629.7806999999,361629.7806999999
1709827200000.0,366185.9951999999,82717.14969999998,87000.0,18.18327513287799,5.5390195229984895,448903.14489999984,361903.14489999984
1709913600000.0,366794.7399999999,82717.14969999998,87000.0,18.213502870500953,5.381988310931329,449511.8896999998,362511.8896999998
1710000000000.0,367936.3386999999,82717.14969999998,87000.0,18.27018991895593,5.0875026289915475,450653.4883999999,363653.4883999999
1710086400000.0,369479.7440999999,82717.14969999998,87000.0,18.34682901875122,4.689367284471125,452196.89379999985,365196.89379999985
1710172800000.0,374272.1605999999,82717.14969999998,87000.0,18.584800511143353,3.4531202204704847,456989.3102999999,369989.3102999999
1710259200000.0,373750.2357999999,82717.14969999998,87000.0,18.558883894010336,3.5877554304170833,456467.38549999986,369467.38549999986
1710345600000.0,375336.0467999999,82717.14969999998,87000.0,18.637628679719562,3.1786811788761526,458053.19649999985,371053.19649999985
1710432000000.0,372287.2325999999,82717.14969999998,87000.0,18.486237233420947,3.965150302215825,455004.3822999998,368004.3822999998
1710518400000.0,371249.57699999993,83354.60809999998,87000.0,18.466331019680485,4.06856184132347,454604.1850999999,367604.1850999999
1710604800000.0,371249.57699999993,83354.60809999998,87000.0,18.466331019680485,4.06856184132347,454604.1850999999,367604.1850999999
1710691200000.0,371249.57699999993,83354.60809999998,87000.0,18.466331019680485,4.06856184132347,454604.1850999999,367604.1850999999
1710777600000.0,371249.57699999993,83354.60809999998,87000.0,18.466331019680485,4.06856184132347,454604.1850999999,367604.1850999999
1710864000000.0,371249.57699999993,83354.60809999998,87000.0,18.466331019680485,4.06856184132347,454604.1850999999,367604.1850999999
1710950400000.0,371249.57699999993,83354.60809999998,87000.0,18.466331019680485,4.06856184132347,454604.1850999999,367604.1850999999
1711036800000.0,369336.80809999997,83354.60809999998,87000.0,18.371187951890406,4.562824145741362,452691.4162,365691.4162
1711123200000.0,365358.58439999993,83354.60809999998,87000.0,18.173307064568778,5.590803016294887,448713.1924999999,361713.1924999999
1711209600000.0,365358.58439999993,83354.60809999998,87000.0,18.173307064568778,5.590803016294887,448713.1924999999,361713.1924999999
1711296000000.0,365358.58439999993,83354.60809999998,87000.0,18.173307064568778,5.590803016294887,448713.1924999999,361713.1924999999
1711382400000.0,378345.30759999994,83354.60809999998,87000.0,18.819279866504562,2.2350145905894236,461699.9156999999,374699.9156999999
1711468800000.0,380175.9514999999,83354.60809999998,87000.0,18.91033795338437,1.7619735072768705,463530.5595999999,376530.5595999999
1711555200000.0,373405.55499999993,84248.71589999998,87000.0,18.618045385192683,3.280415172805229,457654.2708999999,370654.2708999999
1711641600000.0,381694.89709999994,84248.71589999998,87000.0,19.031352968233833,1.133308051159465,465943.6129999999,378943.6129999999
1711728000000.0,375691.77939999994,84502.74079999999,87000.0,18.74470251742818,2.6224392686878595,460194.5201999999,373194.5201999999
1711814400000.0,375696.62299999996,84502.74079999999,87000.0,18.744944183192757,2.6211838301102186,460199.36379999993,373199.36379999993
1711900800000.0,374901.83339999994,84502.74079999999,87000.0,18.705289084431374,2.827189595437918,459404.5741999999,372404.5741999999
1711987200000.0,369983.6906999999,84502.74079999999,88000.0,18.410795788016348,4.357063906857672,454486.4314999999,366486.4314999999
1712073600000.0,369983.6906999999,84502.74079999999,88000.0,18.410795788016348,4.357063906857672,454486.4314999999,366486.4314999999
1712160000000.0,369983.6906999999,84502.74079999999,88000.0,18.410795788016348,4.357063906857672,454486.4314999999,366486.4314999999
1712246400000.0,369983.6906999999,84502.74079999999,88000.0,18.410795788016348,4.357063906857672,454486.4314999999,366486.4314999999
1712332800000.0,364943.17199999996,84502.74079999999,88000.0,18.1599740280739,5.6600673094894915,449445.91279999993,361445.91279999993
1712419200000.0,366972.23689999996,84502.74079999999,88000.0,18.260942531425638,5.135542230580292,451474.97769999993,363474.97769999993
1712505600000.0,371480.32519999996,84502.74079999999,88000.0,18.4852699684773,3.9701751832831866,455983.06599999993,367983.06599999993
1712592000000.0,378463.61309999996,84502.74079999999,88000.0,18.832766062731018,2.164954642139716,462966.35389999993,374966.35389999993
1712678400000.0,371926.30309999996,85278.64419999998,88000.0,18.54607212721282,3.6543117600382424,457204.94729999994,369204.94729999994
1712764800000.0,371926.30309999996,85278.64419999998,88000.0,18.54607212721282,3.6543117600382424,457204.94729999994,369204.94729999994
1712851200000.0,367692.5613,85278.64419999998,88000.0,18.3349569677408,4.75104184917533,452971.2055,364971.2055
1712937600000.0,364284.2802,85278.64419999998,88000.0,18.165003332884755,5.633940384604985,449562.92439999996,361562.92439999996
1713024000000.0,364284.2802,85278.64419999998,88000.0,18.165003332884755,5.633940384604985,449562.92439999996,361562.92439999996
1713110400000.0,364284.2802,85278.64419999998,88000.0,18.165003332884755,5.633940384604985,449562.92439999996,361562.92439999996
1713196800000.0,364284.2802,85278.64419999998,88000.0,18.165003332884755,5.633940384604985,449562.92439999996,361562.92439999996
1713283200000.0,364284.2802,85278.64419999998,88000.0,18.165003332884755,5.633940384604985,449562.92439999996,361562.92439999996
1713369600000.0,364284.2802,85278.64419999998,88000.0,18.165003332884755,5.633940384604985,449562.92439999996,361562.92439999996
1713456000000.0,364284.2802,85278.64419999998,88000.0,18.165003332884755,5.633940384604985,449562.92439999996,361562.92439999996
1713542400000.0,363236.2977,85278.64419999998,88000.0,18.11274577844169,5.9054151213589146,448514.9419,360514.9419
1713628800000.0,364798.0285,85278.64419999998,88000.0,18.19062134631273,5.500856402286303,450076.6727,362076.6727
1713715200000.0,365740.6981,85278.64419999998,88000.0,18.237627482334872,5.256662456771055,451019.34229999996,363019.34229999996
1713801600000.0,369548.74820000003,85278.64419999998,88000.0,18.427515562930378,4.270205718759401,454827.3924,366827.3924
1713888000000.0,371251.8342,85278.64419999998,88000.0,18.51243979531615,3.8290296270600654,456530.47839999996,368530.47839999996
1713974400000.0,365142.14560000005,85749.25899999998,88000.0,18.23124788026798,5.2898040917014,450891.4046,362891.4046
1714060800000.0,365142.14560000005,85749.25899999998,88000.0,18.23124788026798,5.2898040917014,450891.4046,362891.4046
1714147200000.0,365142.14560000005,85749.25899999998,88000.0,18.23124788026798,5.2898040917014,450891.4046,362891.4046
1714233600000.0,365142.14560000005,85749.25899999998,88000.0,18.23124788026798,5.2898040917014,450891.4046,362891.4046
1714320000000.0,365142.14560000005,85749.25899999998,88000.0,18.23124788026798,5.2898040917014,450891.4046,362891.4046
1714406400000.0,365142.14560000005,85749.25899999998,88000.0,18.23124788026798,5.2898040917014,450891.4046,362891.4046
1714492800000.0,365142.14560000005,85749.25899999998,88000.0,18.23124788026798,5.2898040917014,450891.4046,362891.4046
1714579200000.0,366142.14560000005,85749.25899999998,89000.0,18.23124788026798,5.2898040917014,451891.4046,362891.4046
1714665600000.0,366142.14560000005,85749.25899999998,89000.0,18.23124788026798,5.2898040917014,451891.4046,362891.4046
1714752000000.0,366142.14560000005,85749.25899999998,89000.0,18.23124788026798,5.2898040917014,451891.4046,362891.4046
1714838400000.0,372880.36990000005,85749.25899999998,89000.0,18.56676303186255,3.5468238005872177,458629.6289,369629.6289
1714924800000.0,376004.1980000001,85749.25899999998,89000.0,18.722307224496042,2.7387814189869797,461753.45700000005,372753.45700000005
1715011200000.0,369811.2543000001,86156.93769999998,89000.0,18.434242598406087,4.235259188934859,455968.19200000004,366968.19200000004
1715097600000.0,371800.24990000005,86156.93769999998,89000.0,18.533389465872208,3.720197394861302,457957.18760000006,368957.18760000006
1715184000000.0,369565.85180000006,86156.93769999998,89000.0,18.42200984678846,4.298807570801633,455722.7895000001,366722.7895000001
1715270400000.0,369565.85180000006,86156.93769999998,89000.0,18.42200984678846,4.298807570801633,455722.7895000001,366722.7895000001
1715356800000.0,364935.48360000004,86156.93769999998,89000.0,18.191196615102704,5.497867916793919,451092.42130000005,362092.42130000005
1715443200000.0,364935.48360000004,86156.93769999998,89000.0,18.191196615102704,5.497867916793919,451092.42130000005,362092.42130000005
1715529600000.0,364935.48360000004,86156.93769999998,89000.0,18.191196615102704,5.497867916793919,451092.42130000005,362092.42130000005
1715616000000.0,366243.29480000003,86156.93769999998,89000.0,18.256388003015832,5.159202721666556,452400.23250000004,363400.23250000004
1715702400000.0,360716.79400000005,86156.93769999998,89000.0,17.98090461714559,6.590321733190219,446873.7317,357873.7317
1715788800000.0,364908.94800000003,86156.93769999998,89000.0,18.18987387632121,5.5047394622829255,451065.8857,362065.8857
1715875200000.0,369711.33570000005,86156.93769999998,89000.0,18.429261885431355,4.261133682260699,455868.27340000006,366868.27340000006
1715961600000.0,375753.8694,86156.93769999998,89000.0,18.730468327473496,2.6963849979137366,461910.8071,372910.8071
1716048000000.0,374122.8657,86156.93769999998,89000.0,18.649166534910126,3.118742740616942,460279.8034,371279.8034
1716134400000.0,374413.7478,86156.93769999998,89000.0,18.663666340247538,3.04341715604054,460570.6855,371570.6855
1716220800000.0,367711.0226,87150.84839999997,89000.0,18.378833555026873,4.523105714197484,454861.871,365861.871
1716307200000.0,376399.1685,87150.84839999997,89000.0,18.813082129542924,2.933020047949131,463550.0169,374550.0169
1716393600000.0,379765.21170000004,87150.84839999997,89000.0,18.981322796560203,2.0649744326673325,466916.0601,377916.0601
1716480000000.0,373391.6204,87782.02589999998,89000.0,18.69430701256752,3.5458458368797574,461173.6463,372173.6463
1716566400000.0,373391.6204,87782.02589999998,89000.0,18.69430701256752,3.5458458368797574,461173.6463,372173.6463
1716652800000.0,372143.1102,87782.02589999998,89000.0,18.631798826223868,3.8683597571868678,459925.1361,370925.1361
1716739200000.0,371567.31590000005,87782.02589999998,89000.0,18.60297098212615,4.017098371403616,459349.34180000005,370349.34180000005
1716825600000.0,371079.2777,87782.02589999998,89000.0,18.57853675423724,4.143167916643731,458861.3036,369861.3036
1716912000000.0,366342.4098,87782.02589999998,89000.0,18.3413796838517,5.366790948642897,454124.43570000003,365124.43570000003
1716998400000.0,366342.4098,87782.02589999998,89000.0,18.3413796838517,5.366790948642897,454124.43570000003,365124.43570000003
1717084800000.0,366342.4098,87782.02589999998,89000.0,18.3413796838517,5.366790948642897,454124.43570000003,365124.43570000003
1717171200000.0,364779.61490000004,87782.02589999998,89000.0,18.26313645057566,5.770490581881738,452561.64080000005,363561.64080000005
1717257600000.0,365779.61490000004,87782.02589999998,90000.0,18.26313645057566,5.770490581881738,453561.64080000005,363561.64080000005
1717344000000.0,365779.61490000004,87782.02589999998,90000.0,18.26313645057566,5.770490581881738,453561.64080000005,363561.64080000005
1717430400000.0,373667.46170000004,87782.02589999998,90000.0,18.656971471832986,3.738480311072967,461449.4876,371449.4876
1717516800000.0,367758.4697,88001.89859999999,90000.0,18.372917473668245,5.204070242339942,455760.3683,365760.3683
1717603200000.0,371485.53510000004,88001.89859999999,90000.0,18.559118664545032,4.243356461502145,459487.43370000005,369487.43370000005
1717689600000.0,370122.8716,88001.89859999999,90000.0,18.491041091646974,4.594605893050807,458124.7702,368124.7702
1717776000000.0,364477.64890000003,88001.89859999999,90000.0,18.209010304233193,6.049756973519704,452479.5475,362479.5475
1717862400000.0,359917.3999,88001.89859999999,90000.0,17.98118393056809,7.225237837996024,447919.29850000003,357919.29850000003
1717948800000.0,359917.3999,88001.89859999999,90000.0,17.98118393056809,7.225237837996024,447919.29850000003,357919.29850000003
1718035200000.0,359917.3999,88001.89859999999,90000.0,17.98118393056809,7.225237837996024,447919.29850000003,357919.29850000003
1718121600000.0,359917.3999,88001.89859999999,90000.0,17.98118393056809,7.225237837996024,447919.29850000003,357919.29850000003
1718208000000.0,359917.3999,88001.89859999999,90000.0,17.98118393056809,7.225237837996024,447919.29850000003,357919.29850000003
1718294400000.0,359917.3999,88001.89859999999,90000.0,17.98118393056809,7.225237837996024,447919.29850000003,357919.29850000003
1718380800000.0,359917.3999,88001.89859999999,90000.0,17.98118393056809,7.225237837996024,447919.29850000003,357919.29850000003
1718467200000.0,359917.3999,88001.89859999999,90000.0,17.98118393056809,7.225237837996024,447919.29850000003,357919.29850000003
1718553600000.0,359917.3999,88001.89859999999,90000.0,17.98118393056809,7.225237837996024,447919.29850000003,357919.29850000003
1718640000000.0,359917.3999,88001.89859999999,90000.0,17.98118393056809,7.225237837996024,447919.29850000003,357919.29850000003
1718726400000.0,359917.3999,88001.89859999999,90000.0,17.98118393056809,7.225237837996024,447919.29850000003,357919.29850000003
1718812800000.0,359917.3999,88001.89859999999,90000.0,17.98118393056809,7.225237837996024,447919.29850000003,357919.29850000003
1718899200000.0,359917.3999,88001.89859999999,90000.0,17.98118393056809,7.225237837996024,447919.29850000003,357919.29850000003
1718985600000.0,359917.3999,88001.89859999999,90000.0,17.98118393056809,7.225237837996024,447919.29850000003,357919.29850000003
1719072000000.0,359917.3999,88001.89859999999,90000.0,17.98118393056809,7.225237837996024,447919.29850000003,357919.29850000003
1719158400000.0,359917.3999,88001.89859999999,90000.0,17.98118393056809,7.225237837996024,447919.29850000003,357919.29850000003
1719244800000.0,359917.3999,88001.89859999999,90000.0,17.98118393056809,7.225237837996024,447919.29850000003,357919.29850000003
1719331200000.0,359917.3999,88001.89859999999,90000.0,17.98118393056809,7.225237837996024,447919.29850000003,357919.29850000003
1719417600000.0,359917.3999,88001.89859999999,90000.0,17.98118393056809,7.225237837996024,447919.29850000003,357919.29850000003
1719504000000.0,359917.3999,88001.89859999999,90000.0,17.98118393056809,7.225237837996024,447919.29850000003,357919.29850000003
1719590400000.0,359917.3999,88001.89859999999,90000.0,17.98118393056809,7.225237837996024,447919.29850000003,357919.29850000003
1719676800000.0,359917.3999,88001.89859999999,90000.0,17.98118393056809,7.225237837996024,447919.29850000003,357919.29850000003
1719763200000.0,359917.3999,88001.89859999999,90000.0,17.98118393056809,7.225237837996024,447919.29850000003,357919.29850000003
1719849600000.0,371027.3391,88001.89859999999,91000.0,18.484868918691213,4.626451509012719,459029.23769999994,368029.23769999994
1719936000000.0,365006.38590000005,88456.23029999998,91000.0,18.207535531353592,6.0573661333879425,453462.61620000005,362462.61620000005
1720022400000.0,362238.8007,88456.23029999998,91000.0,18.069480670365888,6.769666666150364,450695.031,359695.031
1720108800000.0,362238.8007,88456.23029999998,91000.0,18.069480670365888,6.769666666150364,450695.031,359695.031
1720195200000.0,362238.8007,88456.23029999998,91000.0,18.069480670365888,6.769666666150364,450695.031,359695.031
1720281600000.0,362238.8007,88456.23029999998,91000.0,18.069480670365888,6.769666666150364,450695.031,359695.031
1720368000000.0,362238.8007,88456.23029999998,91000.0,18.069480670365888,6.769666666150364,450695.031,359695.031
1720454400000.0,362238.8007,88456.23029999998,91000.0,18.069480670365888,6.769666666150364,450695.031,359695.031
1720540800000.0,362238.8007,88456.23029999998,91000.0,18.069480670365888,6.769666666150364,450695.031,359695.031
1720627200000.0,361403.7269,88456.23029999998,91000.0,18.027824862489233,6.984591761369097,449859.9572,358859.9572
1720713600000.0,355925.2001,88456.23029999998,91000.0,17.75454068110562,8.394614317636984,444381.4304,353381.4304
1720800000000.0,354240.1549,88456.23029999998,91000.0,17.670485931555724,8.82829874176555,442696.3852,351696.3852
1720886400000.0,360242.7465,88456.23029999998,91000.0,17.969911925344082,7.283396277828691,448698.9768,357698.9768
1720972800000.0,367728.3014,88456.23029999998,91000.0,18.343312260457637,5.356819728968587,456184.5317,365184.5317
1721059200000.0,385298.9329,88456.23029999998,91000.0,19.219784316023862,0.8346210344452376,473755.1632,382755.1632
1721145600000.0,396361.1444,88456.23029999998,91000.0,19.77159824784033,0.16167326513205627,484817.3747,393817.3747
1721232000000.0,395440.03010000003,88456.23029999998,91000.0,19.72565050009248,2.047447523691981,483896.2604,392896.2604
1721318400000.0,385916.9838,91975.87789999998,91000.0,19.426184245907326,3.5345206104739457,477892.86169999995,386892.86169999995
1721404800000.0,397225.057,91975.87789999998,91000.0,19.995406961337885,0.7079056958653296,489200.93489999993,398200.93489999993
1721491200000.0,402150.00159999996,91975.87789999998,91000.0,20.243317484109973,0.6794248232030009,494125.8794999999,403125.8794999999
1721577600000.0,403839.4425,91975.87789999998,91000.0,20.328360100977495,0.5077644642082602,495815.32039999997,404815.32039999997
1721664000000.0,396530.34979999997,93155.14069999997,91000.0,20.01979838943804,2.1805986098127006,489685.49049999996,398685.49049999996
1721750400000.0,393402.94659999997,93155.14069999997,91000.0,19.86190383842054,2.9520924162364737,486558.08729999996,395558.08729999996
1721836800000.0,393402.94659999997,93155.14069999997,91000.0,19.86190383842054,2.9520924162364737,486558.08729999996,395558.08729999996
1721923200000.0,393402.94659999997,93155.14069999997,91000.0,19.86190383842054,2.9520924162364737,486558.08729999996,395558.08729999996
1722009600000.0,394708.1909,93155.14069999997,91000.0,19.92780226901518,2.630103907265202,487863.3316,396863.3316
1722096000000.0,401617.8786,93155.14069999997,91000.0,20.27665464502562,0.9255647340391304,494773.0193,403773.0193
1722182400000.0,395093.3786,93342.96639999998,91000.0,19.956732243097196,2.4887482006847983,488436.345,397436.345
1722268800000.0,397610.5884,93342.96639999998,91000.0,20.08388011420632,2.9007010329700433,490953.5548,399953.5548
1722355200000.0,391465.537,93342.96639999998,91000.0,19.773484769580644,4.401365754846365,484808.5034,393808.5034
1722441600000.0,391465.537,93342.96639999998,91000.0,19.773484769580644,4.401365754846365,484808.5034,393808.5034
1722528000000.0,392465.537,93342.96639999998,92000.0,19.77348476958064,4.401365754846376,485808.5034,393808.5034
1722614400000.0,392465.537,93342.96639999998,92000.0,19.77348476958064,4.401365754846376,485808.5034,393808.5034
1722700800000.0,392465.537,93342.96639999998,92000.0,19.77348476958064,4.401365754846376,485808.5034,393808.5034
1722787200000.0,392465.537,93342.96639999998,92000.0,19.77348476958064,4.401365754846376,485808.5034,393808.5034
1722873600000.0,392465.537,93342.96639999998,92000.0,19.77348476958064,4.401365754846376,485808.5034,393808.5034
1722960000000.0,392465.537,93342.96639999998,92000.0,19.77348476958064,4.401365754846376,485808.5034,393808.5034
1723046400000.0,392465.537,93342.96639999998,92000.0,19.77348476958064,4.401365754846376,485808.5034,393808.5034
1723132800000.0,392465.537,93342.96639999998,92000.0,19.77348476958064,4.401365754846376,485808.5034,393808.5034
1723219200000.0,393976.94700000004,93342.96639999998,92000.0,19.84963372993023,4.033209271887539,487319.9134,395319.9134
1723305600000.0,396244.92010000005,93342.96639999998,92000.0,19.963900403874312,3.4807655273435545,489587.8865,397587.8865
1723392000000.0,394995.9697,93342.96639999998,92000.0,19.90097487440964,3.7849908445334757,488338.9361,396338.9361
1723478400000.0,393278.76180000004,93433.32469999998,92000.0,19.819009751984133,4.181266657872651,486712.08650000003,394712.08650000003
1723564800000.0,393278.76180000004,93433.32469999998,92000.0,19.819009751984133,4.181266657872651,486712.08650000003,394712.08650000003
1723651200000.0,388354.2343,93433.32469999998,92000.0,19.5708416126732,5.3810822421132105,481787.559,389787.559
1723737600000.0,388354.2343,93433.32469999998,92000.0,19.5708416126732,5.3810822421132105,481787.559,389787.559
1723824000000.0,388354.2343,93433.32469999998,92000.0,19.5708416126732,5.3810822421132105,481787.559,389787.559
1723910400000.0,390029.9159,93433.32469999998,92000.0,19.65528642179439,4.972817916671824,483463.2406,391463.2406
1723996800000.0,393364.1803,93433.32469999998,92000.0,19.82331435789967,4.160455230282412,486797.505,394797.505
1724083200000.0,387117.93460000004,93433.32469999998,92000.0,19.508539148897807,5.682295230943513,480551.25930000003,388551.25930000003
1724169600000.0,382241.2709,93433.32469999998,92000.0,19.262783072507904,6.870449242949784,475674.5956,383674.5956
1724256000000.0,380130.2986,93433.32469999998,92000.0,19.156402091220272,7.384768121956997,473563.6233,381563.6233
1724342400000.0,374413.52339999995,93433.32469999998,92000.0,18.8683091799221,8.777607531739973,467846.84809999994,375846.84809999994
1724428800000.0,380110.3757,93433.32469999998,92000.0,19.155398090527274,7.389622152298648,473543.7004,381543.7004
1724515200000.0,395113.4391999999,93433.32469999998,92000.0,19.911467043895648,3.734264476125515,488546.7638999999,396546.7638999999
1724601600000.0,396072.47579999996,93433.32469999998,92000.0,19.95979702652913,3.5006040775314995,489505.80049999995,397505.80049999995
1724688000000.0,388555.33339999994,95004.63689999998,92000.0,19.660161047769186,4.94925061980549,483559.9702999999,391559.9702999999
1724774400000.0,385626.2299999999,95004.63689999998,92000.0,19.511953985300977,5.665785561549475,480630.8668999999,388630.8668999999
1724860800000.0,385626.2299999999,95004.63689999998,92000.0,19.511953985300977,5.665785561549475,480630.8668999999,388630.8668999999
1724947200000.0,385626.2299999999,95004.63689999998,92000.0,19.511953985300977,5.665785561549475,480630.8668999999,388630.8668999999
1725033600000.0,385626.2299999999,95004.63689999998,92000.0,19.511953985300977,5.665785561549475,480630.8668999999,388630.8668999999
1725120000000.0,385626.2299999999,95004.63689999998,92000.0,19.511953985300977,5.665785561549475,480630.8668999999,388630.8668999999
1725206400000.0,386626.2299999999,95004.63689999998,93000.0,19.51195398530098,5.6657855615494634,481630.8668999999,388630.8668999999
1725292800000.0,386626.2299999999,95004.63689999998,93000.0,19.51195398530098,5.6657855615494634,481630.8668999999,388630.8668999999
1725379200000.0,383287.0694999999,95004.63689999998,93000.0,19.343435812011148,6.48051839188899,478291.7063999999,385291.7063999999
1725465600000.0,383287.0694999999,95004.63689999998,93000.0,19.343435812011148,6.48051839188899,478291.7063999999,385291.7063999999
1725552000000.0,383287.0694999999,95004.63689999998,93000.0,19.343435812011148,6.48051839188899,478291.7063999999,385291.7063999999
1725638400000.0,383287.0694999999,95004.63689999998,93000.0,19.343435812011148,6.48051839188899,478291.7063999999,385291.7063999999
1725724800000.0,383287.0694999999,95004.63689999998,93000.0,19.343435812011148,6.48051839188899,478291.7063999999,385291.7063999999
1725811200000.0,383287.0694999999,95004.63689999998,93000.0,19.343435812011148,6.48051839188899,478291.7063999999,385291.7063999999
1725897600000.0,383287.0694999999,95004.63689999998,93000.0,19.343435812011148,6.48051839188899,478291.7063999999,385291.7063999999
1725984000000.0,383559.1288999999,95004.63689999998,93000.0,19.357165895699644,6.414137717769719,478563.7657999999,385563.7657999999
1726070400000.0,379301.85759999993,95004.63689999998,93000.0,19.142313215609775,7.452883443161551,474306.4944999999,381306.4944999999
1726156800000.0,376384.41449999996,95004.63689999998,93000.0,18.995077950371996,8.164720048265583,471389.05139999994,378389.05139999994
1726243200000.0,386250.59589999996,95004.63689999998,93000.0,19.49299677364333,5.757437769781138,481255.23279999994,388255.23279999994
1726329600000.0,387205.5603999999,95004.63689999998,93000.0,19.541191184512957,5.5244328183992835,482210.1972999999,389210.1972999999
1726416000000.0,389308.5238999999,95004.63689999998,93000.0,19.64732192231822,5.011323788612987,484313.1607999999,391313.1607999999
1726502400000.0,383041.33929999993,95420.13479999999,93000.0,19.352003517183633,6.439096208462591,478461.47409999993,385461.47409999993
1726588800000.0,383041.33929999993,95420.13479999999,93000.0,19.352003517183633,6.439096208462591,478461.47409999993,385461.47409999993
1726675200000.0,378191.49769999995,95420.13479999999,93000.0,19.106979959484875,7.62370872096848,473611.63249999995,380611.63249999995
1726761600000.0,388264.6961999999,95420.13479999999,93000.0,19.615897804116294,5.163249603281928,483684.8309999999,390684.8309999999
1726848000000.0,388264.49119999993,95420.13479999999,93000.0,19.615887447112197,5.163299676167821,483684.62599999993,390684.62599999993
1726934400000.0,388321.8445999999,95420.13479999999,93000.0,19.618785053935916,5.149290650538041,483741.9793999999,390741.9793999999
1727020800000.0,386207.0276999999,95420.13479999999,93000.0,19.511940335395117,5.6658515545887855,481627.1624999999,388627.1624999999
1727107200000.0,390166.7441999999,95420.13479999999,93000.0,19.71199301841645,4.698659200950672,485586.8789999999,392586.8789999999
1727193600000.0,383186.8744,96325.77239999999,93000.0,19.404737143873955,6.184145563741438,479512.6468,386512.6468
1727280000000.0,378251.70109999995,96325.77239999999,93000.0,19.15481798681536,7.392426772891625,474577.47349999996,381577.47349999996
1727366400000.0,389355.5264999999,96325.77239999999,93000.0,19.71712016252493,4.673871057633471,485681.29889999994,392681.29889999994
1727452800000.0,394424.6094999999,96325.77239999999,93000.0,19.973820560547438,3.4328046625541675,490750.3818999999,397750.3818999999
1727539200000.0,391900.5717999999,96325.77239999999,93000.0,19.846002278184766,4.050766208929179,488226.34419999993,395226.34419999993
1727625600000.0,392763.1209999999,96325.77239999999,93000.0,19.889682115929386,3.839587811135614,489088.89339999994,396088.89339999994
1727712000000.0,385996.1160999999,97186.26289999999,93000.0,19.590573855637402,5.285682999139452,483182.3789999999,390182.3789999999
1727798400000.0,386996.1160999999,97186.26289999999,94000.0,19.590573855637402,5.285682999139452,484182.3789999999,390182.3789999999
1727884800000.0,386996.1160999999,97186.26289999999,94000.0,19.590573855637402,5.285682999139452,484182.3789999999,390182.3789999999
1727971200000.0,386996.1160999999,97186.26289999999,94000.0,19.590573855637402,5.285682999139452,484182.3789999999,390182.3789999999
1728057600000.0,386996.1160999999,97186.26289999999,94000.0,19.590573855637402,5.285682999139452,484182.3789999999,390182.3789999999
1728144000000.0,386489.1675999999,97186.26289999999,94000.0,19.564911034701783,5.409754737677774,483675.4304999999,389675.4304999999
1728230400000.0,393860.0250999999,97186.26289999999,94000.0,19.93803965854517,3.605794168619325,491046.2879999999,397046.2879999999
1728316800000.0,405427.7656999999,97186.26289999999,94000.0,20.523623511042015,2.410265519563193,502614.02859999985,408614.02859999985
1728403200000.0,397846.8165999999,98619.57979999999,94000.0,20.212417176815464,3.890050193524852,496466.3963999999,402466.3963999999
1728489600000.0,397846.8165999999,98619.57979999999,94000.0,20.212417176815464,3.890050193524852,496466.3963999999,402466.3963999999
1728576000000.0,397846.8165999999,98619.57979999999,94000.0,20.212417176815464,3.890050193524852,496466.3963999999,402466.3963999999
1728662400000.0,397846.8165999999,98619.57979999999,94000.0,20.212417176815464,3.890050193524852,496466.3963999999,402466.3963999999
1728748800000.0,402125.2808999999,98619.57979999999,94000.0,20.42978250864532,2.856479050148786,500744.8606999999,406744.8606999999
1728835200000.0,396534.0594999999,98619.57979999999,94000.0,20.145723180408037,4.207179836705954,495153.6392999999,401153.6392999999
1728921600000.0,424064.4792999999,98619.57979999999,94000.0,21.54439298705859,0.8415035751359046,522684.0590999999,428684.0590999999
1729008000000.0,415533.7217999999,100730.65329999999,94000.0,21.218244012786954,5.395647353002387,516264.3750999999,422264.3750999999
1729094400000.0,418287.3693999999,100730.65329999999,94000.0,21.358852496856382,4.768725794175577,519018.0226999999,425018.0226999999
1729180800000.0,417714.9123999999,100730.65329999999,94000.0,21.329621337805772,4.899056790342737,518445.5656999999,424445.5656999999
1729267200000.0,421827.6711999999,100730.65329999999,94000.0,21.53962961199859,3.9627070708017853,522558.32449999993,428558.32449999993
1729353600000.0,420000.9679999999,100730.65329999999,94000.0,21.446353345348935,4.378591666077492,520731.6212999999,426731.6212999999
1729440000000.0,421434.7513999999,100730.65329999999,94000.0,21.519566094270733,4.0521629232899254,522165.4046999999,428165.4046999999
1729526400000.0,416595.7474999999,100848.6561,94000.0,21.278499369552183,5.126990860181724,517444.40359999985,423444.40359999985
1729612800000.0,416595.7474999999,100848.6561,94000.0,21.278499369552183,5.126990860181724,517444.40359999985,423444.40359999985
1729699200000.0,416595.7474999999,100848.6561,94000.0,21.278499369552183,5.126990860181724,517444.40359999985,423444.40359999985
1729785600000.0,416595.7474999999,100848.6561,94000.0,21.278499369552183,5.126990860181724,517444.40359999985,423444.40359999985
1729872000000.0,411200.70379999984,100848.6561,94000.0,21.002936225525715,6.355625653818975,512049.3598999998,418049.3598999998
1729958400000.0,411200.70379999984,100848.6561,94000.0,21.002936225525715,6.355625653818975,512049.3598999998,418049.3598999998
1730044800000.0,411200.70379999984,100848.6561,94000.0,21.002936225525715,6.355625653818975,512049.3598999998,418049.3598999998
1730131200000.0,421996.34729999985,100848.6561,94000.0,21.554346303010146,3.897090753758048,522845.0033999998,428845.0033999998
1730217600000.0,467818.00189999986,100848.6561,94000.0,23.89478317585158,0.025008172934926076,568666.6579999998,474666.6579999998
1730304000000.0,455836.86789999984,105808.22979999999,94000.0,23.536142293621204,4.419135912592143,561645.0976999998,467645.0976999998
1730390400000.0,450129.1061999998,105808.22979999999,94000.0,23.241434469376603,5.6159517774525884,555937.3359999998,461937.3359999998
1730476800000.0,451129.1061999998,105808.22979999999,95000.0,23.2414344693766,5.61595177745261,556937.3359999998,461937.3359999998
1730563200000.0,451129.1061999998,105808.22979999999,95000.0,23.2414344693766,5.61595177745261,556937.3359999998,461937.3359999998
1730649600000.0,451129.1061999998,105808.22979999999,95000.0,23.2414344693766,5.61595177745261,556937.3359999998,461937.3359999998
1730736000000.0,451129.1061999998,105808.22979999999,95000.0,23.2414344693766,5.61595177745261,556937.3359999998,461937.3359999998
1730822400000.0,451129.1061999998,105808.22979999999,95000.0,23.2414344693766,5.61595177745261,556937.3359999998,461937.3359999998
1730908800000.0,472784.4171999998,105808.22979999999,95000.0,24.357080710338362,1.0852844150321284,578592.6469999998,483592.64699999976
1730995200000.0,480550.92149999976,105808.22979999999,95000.0,24.757198322489412,0.3094038334937821,586359.1512999998,491359.1512999998
1731081600000.0,482173.4012999998,105808.22979999999,95000.0,24.840785830879685,0.3718965837934962,587981.6310999998,492981.63109999977
1731168000000.0,481698.07109999977,105808.22979999999,95000.0,24.816297595598943,0.7873222767063925,587506.3008999998,492506.3008999998
1731254400000.0,496573.10299999977,105808.22979999999,95000.0,25.582634935359213,0.341492232014462,602381.3327999997,507381.33279999974
1731340800000.0,515818.6863999998,105808.22979999999,95000.0,26.57413594752783,0.1519003720224954,621626.9161999997,526626.9161999997
1731427200000.0,527159.5133999998,105808.22979999999,95000.0,27.158396825238047,2.68245468504541,632967.7431999998,537967.7431999998
1731513600000.0,553205.2902999998,105808.22979999999,95000.0,28.500232695958797,0.10509760554596737,659013.5200999997,564013.5200999997
1731600000000.0,535329.5401999998,115163.83349999998,95000.0,28.061288674161844,2.097234320512542,650493.3736999998,555493.3736999998
1731686400000.0,533373.5551999998,115163.83349999998,95000.0,27.95875844631971,2.4549510664557017,648537.3886999998,553537.3886999998
1731772800000.0,538641.4071999998,115163.83349999998,95000.0,28.234892499392014,1.491549570252948,653805.2406999997,558805.2406999997
1731859200000.0,537978.5702999998,115163.83349999998,95000.0,28.20014743826978,1.6127712866562116,653142.4037999997,558142.4037999997
1731945600000.0,529865.5085999998,115163.83349999998,95000.0,27.774871137787784,3.0965137647222862,645029.3420999998,550029.3420999998
1732032000000.0,536204.2158999998,115163.83349999998,95000.0,28.107138053788464,1.9372708518972104,651368.0493999998,556368.0493999998
1732118400000.0,543997.1649999998,115163.83349999998,95000.0,28.51563446188216,0.5120715822951039,659160.9984999998,564160.9984999998
1732204800000.0,550409.5754999998,115163.83349999998,95000.0,28.85176480520396,1.0170712115837643,665573.4089999998,570573.4089999998
1732291200000.0,557021.0264999998,115163.83349999998,95000.0,29.198328596540346,0.44661079748814503,672184.8599999998,577184.8599999998
1732377600000.0,556144.8100999999,115163.83349999998,95000.0,29.152398455393552,0.7039979945316355,671308.6435999998,576308.6435999998
1732464000000.0,549036.1980999998,117293.91009999998,95000.0,28.89143000784302,1.5928827815240854,666330.1081999998,571330.1081999998
1732550400000.0,542156.8263999999,117293.91009999998,95000.0,28.52942311894153,2.8259146646933964,659450.7364999999,564450.7364999999
1732636800000.0,542156.8263999999,117293.91009999998,95000.0,28.52942311894153,2.8259146646933964,659450.7364999999,564450.7364999999
1732723200000.0,542156.8263999999,117293.91009999998,95000.0,28.52942311894153,2.8259146646933964,659450.7364999999,564450.7364999999
1732809600000.0,538637.3104999999,117293.91009999998,95000.0,28.344218850738034,3.456739034602252,655931.2205999999,560931.2205999999
1732896000000.0,551547.3939999999,117293.91009999998,95000.0,29.023574374338178,1.1427857749058634,668841.3040999998,573841.3040999998
1732982400000.0,542776.5209999998,117753.82229999999,95000.0,28.5862342807668,2.6324101320503446,660530.3432999998,565530.3432999998
1733068800000.0,537442.4877999999,117753.82229999999,96000.0,28.25325529030878,3.766570072780062,655196.3100999999,559196.3100999999
1733155200000.0,533173.4478999998,117753.82229999999,96000.0,28.028832627647798,4.530976239763362,650927.2701999998,554927.2701999998
1733241600000.0,529124.9408999998,117753.82229999999,96000.0,27.81600334002704,5.255894205012401,646878.7631999998,550878.7631999998
1733328000000.0,529124.9408999998,117753.82229999999,96000.0,27.81600334002704,5.255894205012401,646878.7631999998,550878.7631999998
1733414400000.0,553529.4174999997,117753.82229999999,96000.0,29.09894230234956,2.3151835696968215,671283.2397999997,575283.2397999997
1733500800000.0,543571.8964999999,119359.03949999998,96000.0,28.65986318806221,3.789167133493798,662930.9359999999,566930.9359999999
1733587200000.0,545812.6984999999,119359.03949999998,96000.0,28.778009617568685,3.392550921182058,665171.7379999999,569171.7379999999
1733673600000.0,543437.7052,119359.03949999998,96000.0,28.652787943142837,3.812918649750552,662796.7446999999,566796.7446999999
1733760000000.0,535149.0777999999,119359.03949999998,96000.0,28.21576953061932,5.279984461299836,654508.1172999998,558508.1172999998
1733846400000.0,535149.0777999999,119359.03949999998,96000.0,28.21576953061932,5.279984461299836,654508.1172999998,558508.1172999998
1733932800000.0,535149.0777999999,119359.03949999998,96000.0,28.21576953061932,5.279984461299836,654508.1172999998,558508.1172999998
1734019200000.0,537572.9396999999,119359.03949999998,96000.0,28.343567805121832,4.850967115749116,656931.9791999998,560931.9791999998
1734105600000.0,529432.4194999998,119359.03949999998,96000.0,27.91435835423982,6.291818332398846,648791.4589999998,552791.4589999998
1734192000000.0,532131.7846999998,119359.03949999998,96000.0,28.05668255794636,5.814037608680245,651490.8241999998,555490.8241999998
1734278400000.0,536852.6890999998,119359.03949999998,96000.0,28.305592545933425,4.978449626424886,656211.7285999998,560211.7285999998
1734364800000.0,552727.7469999999,119359.03949999998,96000.0,29.142605994285177,2.168605055361761,672086.7864999998,576086.7864999998
1734451200000.0,553368.6127999998,119359.03949999998,96000.0,29.176395684790094,2.0551734508754693,672727.6522999997,576727.6522999997
1734537600000.0,543478.2029999999,120919.68209999999,96000.0,28.737208173666797,3.5295209016107165,664397.8850999998,568397.8850999998
1734624000000.0,536633.4471999998,120919.68209999999,96000.0,28.375281658055435,4.744504074243094,657553.1292999998,561553.1292999998
1734710400000.0,536633.4471999998,120919.68209999999,96000.0,28.375281658055435,4.744504074243094,657553.1292999998,561553.1292999998
1734796800000.0,536633.4471999998,120919.68209999999,96000.0,28.375281658055435,4.744504074243094,657553.1292999998,561553.1292999998
1734883200000.0,536633.4471999998,120919.68209999999,96000.0,28.375281658055435,4.744504074243094,657553.1292999998,561553.1292999998
1734969600000.0,536633.4471999998,120919.68209999999,96000.0,28.375281658055435,4.744504074243094,657553.1292999998,561553.1292999998
1735056000000.0,536633.4471999998,120919.68209999999,96000.0,28.375281658055435,4.744504074243094,657553.1292999998,561553.1292999998
1735142400000.0,538150.6101999999,120919.68209999999,96000.0,28.45550387989197,4.475198993243623,659070.2922999999,563070.2922999999
1735228800000.0,530012.4949999999,120919.68209999999,96000.0,28.025189086487675,5.919760832096044,650932.1770999999,554932.1770999999
1735315200000.0,530012.4949999999,120919.68209999999,96000.0,28.025189086487675,5.919760832096044,650932.1770999999,554932.1770999999
1735401600000.0,530012.4949999999,120919.68209999999,96000.0,28.025189086487675,5.919760832096044,650932.1770999999,554932.1770999999
1735488000000.0,530012.4949999999,120919.68209999999,96000.0,28.025189086487675,5.919760832096044,650932.1770999999,554932.1770999999
1735574400000.0,530012.4949999999,120919.68209999999,96000.0,28.025189086487675,5.919760832096044,650932.1770999999,554932.1770999999
1735660800000.0,530012.4949999999,120919.68209999999,96000.0,28.025189086487675,5.919760832096044,650932.1770999999,554932.1770999999
1735747200000.0,531012.4949999999,120919.68209999999,97000.0,28.02518908648768,5.919760832096033,651932.1770999999,554932.1770999999
1735833600000.0,538035.6083,120919.68209999999,97000.0,28.395847178456545,4.67546585751678,658955.2903999999,561955.2903999999
1735920000000.0,544268.2091999999,120919.68209999999,97000.0,28.72478448288497,3.571227089443929,665187.8912999999,568187.8912999999
1736006400000.0,545066.5576999999,120919.68209999999,97000.0,28.76691883542862,3.4297825499527534,665986.2397999999,568986.2397999999
1736092800000.0,547235.2320999999,120919.68209999999,97000.0,28.8813747299684,3.0455554213061675,668154.9141999999,571154.9141999999
1736179200000.0,571310.0077,120919.68209999999,97000.0,30.151966561154524,0.31357437767451923,692229.6897999999,595229.6897999999
1736265600000.0,559389.7569999999,124072.71119999999,97000.0,29.689259853842216,2.0812077723252997,683462.4681999999,586462.4681999999
1736352000000.0,559389.7569999999,124072.71119999999,97000.0,29.689259853842216,2.0812077723252997,683462.4681999999,586462.4681999999
1736438400000.0,559389.7569999999,124072.71119999999,97000.0,29.689259853842216,2.0812077723252997,683462.4681999999,586462.4681999999
1736524800000.0,559389.7569999999,124072.71119999999,97000.0,29.689259853842216,2.0812077723252997,683462.4681999999,586462.4681999999
1736611200000.0,559389.7569999999,124072.71119999999,97000.0,29.689259853842216,2.0812077723252997,683462.4681999999,586462.4681999999
1736697600000.0,559389.7569999999,124072.71119999999,97000.0,29.689259853842216,2.0812077723252997,683462.4681999999,586462.4681999999
1736784000000.0,559389.7569999999,124072.71119999999,97000.0,29.689259853842216,2.0812077723252997,683462.4681999999,586462.4681999999
1736870400000.0,561488.1463999999,124072.71119999999,97000.0,29.80063055270031,1.7138936535017746,685560.8575999999,588560.8575999999
1736956800000.0,572877.2890999999,124072.71119999999,97000.0,30.40510214500512,0.6125401416951393,696950.0003,599950.0003
1737043200000.0,574249.6682999999,124072.71119999999,97000.0,30.477940308694997,1.216221372702453,698322.3794999999,601322.3794999999
1737129600000.0,595502.1392999999,124072.71119999999,97000.0,31.605901852787497,0.18931784176768884,719574.8505,622574.8505
1737216000000.0,598072.7691999999,124072.71119999999,97000.0,31.74233641944538,0.959333752907976,722145.4803999999,625145.4803999999
1737302400000.0,599732.6815,124072.71119999999,97000.0,31.830435221743063,0.6844527876306961,723805.3927,626805.3927
1737388800000.0,587551.6212999999,127201.8072,97000.0,31.350007909732987,2.5997525917336395,714753.4284999999,617753.4284999999
1737475200000.0,581497.3622999998,127370.942,97000.0,31.035995177010797,3.5753478115036375,708868.3042999998,611868.3042999998
1737561600000.0,574198.7173999998,127370.942,97000.0,30.64644791058958,4.785618642563327,701569.6593999999,604569.6593999999
1737648000000.0,574198.7173999998,127370.942,97000.0,30.64644791058958,4.785618642563327,701569.6593999999,604569.6593999999
1737734400000.0,575236.9825999999,127370.942,97000.0,30.701862768555927,4.613452150881503,702607.9245999999,605607.9245999999
1737820800000.0,570649.2351999999,127370.942,97000.0,30.457003005793517,5.3741984174233925,698020.1771999999,601020.1771999999
1737907200000.0,570956.8485999999,127370.942,97000.0,30.47342111637793,5.323189561620145,698327.7906,601327.7906
1737993600000.0,568234.3823999999,127370.942,97000.0,30.32811616173708,5.774632463083407,695605.3243999999,598605.3243999999
1738080000000.0,568234.3823999999,127370.942,97000.0,30.32811616173708,5.774632463083407,695605.3243999999,598605.3243999999
1738166400000.0,568234.3823999999,127370.942,97000.0,30.32811616173708,5.774632463083407,695605.3243999999,598605.3243999999
1738252800000.0,574433.9838999999,127370.942,97000.0,30.659004682868705,4.746606444220102,701804.9258999999,604804.9258999999
1738339200000.0,574025.3875,127370.942,97000.0,30.637196852391913,4.814360432990794,701396.3295,604396.3295
1738425600000.0,566377.0707999999,127370.942,98000.0,30.176416877994974,6.24594168286674,693748.0127999999,595748.0127999999
1738512000000.0,566377.0707999999,127370.942,98000.0,30.176416877994974,6.24594168286674,693748.0127999999,595748.0127999999
1738598400000.0,566377.0707999999,127370.942,98000.0,30.176416877994974,6.24594168286674,693748.0127999999,595748.0127999999
1738684800000.0,564191.0956999998,127370.942,98000.0,30.059948716935164,6.607792554964586,691562.0376999999,593562.0376999999
1738771200000.0,564191.0624999999,127370.942,98000.0,30.05994694804816,6.607798050657998,691562.0044999999,593562.0044999999
1738857600000.0,564191.0624999999,127370.942,98000.0,30.05994694804816,6.607798050657998,691562.0044999999,593562.0044999999
1738944000000.0,564191.0624999999,127370.942,98000.0,30.05994694804816,6.607798050657998,691562.0044999999,593562.0044999999
1739030400000.0,564191.0624999999,127370.942,98000.0,30.05994694804816,6.607798050657998,691562.0044999999,593562.0044999999
1739116800000.0,564191.0624999999,127370.942,98000.0,30.05994694804816,6.607798050657998,691562.0044999999,593562.0044999999
1739203200000.0,564191.0624999999,127370.942,98000.0,30.05994694804816,6.607798050657998,691562.0044999999,593562.0044999999
1739289600000.0,560898.0181999999,127370.942,98000.0,29.884494439961735,7.152905335645743,688268.9602,590268.9602
1739376000000.0,560898.0181999999,127370.942,98000.0,29.884494439961735,7.152905335645743,688268.9602,590268.9602
1739462400000.0,560898.0181999999,127370.942,98000.0,29.884494439961735,7.152905335645743,688268.9602,590268.9602
1739548800000.0,560898.0181999999,127370.942,98000.0,29.884494439961735,7.152905335645743,688268.9602,590268.9602
1739635200000.0,560636.2098999999,127370.942,98000.0,29.870545364672086,7.196243231707522,688007.1518999999,590007.1518999999
1739721600000.0,557906.4990999999,127370.942,98000.0,29.725107112836053,7.648100269582702,685277.4410999999,587277.4410999999
1739808000000.0,551051.6889999999,127370.942,98000.0,29.359884687950608,8.782797097899786,678422.6309999999,580422.6309999999
1739894400000.0,551051.6889999999,127370.942,98000.0,29.359884687950608,8.782797097899786,678422.6309999999,580422.6309999999
1739980800000.0,551051.6889999999,127370.942,98000.0,29.359884687950608,8.782797097899786,678422.6309999999,580422.6309999999
1740067200000.0,549351.6760999999,127370.942,98000.0,29.269308461240183,9.064205221186528,676722.6181,578722.6181
1740153600000.0,557507.6756999999,127370.942,98000.0,29.703857910141284,7.71411867715881,684878.6177,586878.6177
1740240000000.0,548959.1209999999,127370.942,98000.0,29.248393231871077,9.129186018672042,676330.063,578330.063
1740326400000.0,548959.1209999999,127370.942,98000.0,29.248393231871077,9.129186018672042,676330.063,578330.063
1740412800000.0,548959.1209999999,127370.942,98000.0,29.248393231871077,9.129186018672042,676330.063,578330.063
1740499200000.0,548959.1209999999,127370.942,98000.0,29.248393231871077,9.129186018672042,676330.063,578330.063
1740585600000.0,548959.1209999999,127370.942,98000.0,29.248393231871077,9.129186018672042,676330.063,578330.063
1740672000000.0,548959.1209999999,127370.942,98000.0,29.248393231871077,9.129186018672042,676330.063,578330.063
1740758400000.0,548959.1209999999,127370.942,98000.0,29.248393231871077,9.129186018672042,676330.063,578330.063
1740844800000.0,549959.1209999999,127370.942,99000.0,29.24839323187108,9.12918601867203,677330.063,578330.063
1740931200000.0,549959.1209999999,127370.942,99000.0,29.24839323187108,9.12918601867203,677330.063,578330.063
1741017600000.0,561605.0447999999,127370.942,99000.0,29.867756646067107,7.204907404388406,688975.9868,589975.9868
1741104000000.0,552829.887,127689.91589999999,99000.0,29.418032689314664,8.602139098212424,680519.8029,581519.8029
1741190400000.0,549413.6684999999,127689.91589999999,99000.0,29.23624362568026,9.166933206880291,677103.5843999999,578103.5843999999
1741276800000.0,556785.8306,127689.91589999999,99000.0,29.62854243359317,7.948113707417804,684475.7465,585475.7465
1741363200000.0,548332.8987,127689.91589999999,99000.0,29.178732043810914,9.34561393701101,676022.8146,577022.8146
1741449600000.0,548332.8987,127689.91589999999,99000.0,29.178732043810914,9.34561393701101,676022.8146,577022.8146
1741536000000.0,548332.8987,127689.91589999999,99000.0,29.178732043810914,9.34561393701101,676022.8146,577022.8146
1741622400000.0,548332.8987,127689.91589999999,99000.0,29.178732043810914,9.34561393701101,676022.8146,577022.8146
1741708800000.0,548332.8987,127689.91589999999,99000.0,29.178732043810914,9.34561393701101,676022.8146,577022.8146
1741795200000.0,548332.8987,127689.91589999999,99000.0,29.178732043810914,9.34561393701101,676022.8146,577022.8146
1741881600000.0,545485.0327000001,127689.91589999999,99000.0,29.02718702598017,9.816443873408643,673174.9486000001,574174.9486000001
1741968000000.0,545485.0327000001,127689.91589999999,99000.0,29.02718702598017,9.816443873408643,673174.9486000001,574174.9486000001
1742054400000.0,544411.0582000001,127689.91589999999,99000.0,28.970037046047025,9.9940011550812,672100.9741000001,573100.9741000001
1742140800000.0,538657.9592000002,127689.91589999999,99000.0,28.663894309507782,10.945145357884057,666347.8751000002,567347.8751000002
1742227200000.0,538657.9592000002,127689.91589999999,99000.0,28.663894309507782,10.945145357884057,666347.8751000002,567347.8751000002
1742313600000.0,533734.4561000002,127689.91589999999,99000.0,28.401897303651726,11.759134727969101,661424.3720000002,562424.3720000002
1742400000000.0,533734.4561000002,127689.91589999999,99000.0,28.401897303651726,11.759134727969101,661424.3720000002,562424.3720000002
1742486400000.0,536467.5949000001,127689.91589999999,99000.0,28.54733728157903,11.307272327361096,664157.5108000002,565157.5108000002
1742572800000.0,528361.8605000002,127689.91589999999,99000.0,28.116002498208136,12.647371339045,656051.7764000002,557051.7764000002
1742659200000.0,527533.1326000001,127689.91589999999,99000.0,28.07190295687355,12.784382667684769,655223.0485000001,556223.0485000001
1742745600000.0,533667.8186000001,127689.91589999999,99000.0,28.398351286695274,11.770151724515543,661357.7345000001,562357.7345000001
1742832000000.0,573039.2818000001,127689.91589999999,99000.0,30.493446032258024,5.260974848097044,700729.1977000001,601729.1977000001
1742918400000.0,560697.4,131374.8344,99000.0,30.032778410375997,6.692207033858544,692072.2344,593072.2344
1743004800000.0,553379.7323,131374.8344,99000.0,29.640820301572806,7.909968027126246,684754.5667000001,585754.5667000001
1743091200000.0,547983.782,131374.8344,99000.0,29.351795633947628,8.807928697976497,679358.6163999999,580358.6163999999
1743177600000.0,543808.4861,131374.8344,99000.0,29.128153190514766,9.50275561425894,675183.3204999999,576183.3204999999
1743264000000.0,543808.4861,131374.8344,99000.0,29.128153190514766,9.50275561425894,675183.3204999999,576183.3204999999
1743350400000.0,543808.4861,131374.8344,99000.0,29.128153190514766,9.50275561425894,675183.3204999999,576183.3204999999
1743436800000.0,543808.4861,131374.8344,99000.0,29.128153190514766,9.50275561425894,675183.3204999999,576183.3204999999
1743523200000.0,544808.4861,131374.8344,100000.0,29.128153190514766,9.50275561425894,676183.3204999999,576183.3204999999
1743609600000.0,553384.5819,131374.8344,100000.0,29.586673640567152,8.078194401852134,684759.4162999999,584759.4162999999
1743696000000.0,544890.0715000001,131383.8994,100000.0,29.132999808739985,9.4876978249407,676273.9709000001,576273.9709000001
1743782400000.0,544890.0715000001,131383.8994,100000.0,29.132999808739985,9.4876978249407,676273.9709000001,576273.9709000001
1743868800000.0,544114.4616,131383.8994,100000.0,29.091531181855014,9.61653525713233,675498.361,575498.361
1743955200000.0,544114.4616,131383.8994,100000.0,29.091531181855014,9.61653525713233,675498.361,575498.361
1744041600000.0,544114.4616,131383.8994,100000.0,29.091531181855014,9.61653525713233,675498.361,575498.361
1744128000000.0,544114.4616,131383.8994,100000.0,29.091531181855014,9.61653525713233,675498.361,575498.361
1744214400000.0,544114.4616,131383.8994,100000.0,29.091531181855014,9.61653525713233,675498.361,575498.361
1744300800000.0,537289.9427,131383.8994,100000.0,28.72665261605343,10.750163761641074,668673.8421,568673.8421
1744387200000.0,543965.9941,131383.8994,100000.0,29.08359324377294,9.641197360418941,675349.8935,575349.8935
1744473600000.0,553951.1909,131383.8994,100000.0,29.617460076148564,7.982545097677085,685335.0903,585335.0903
1744560000000.0,549298.2641,131383.8994,100000.0,29.36868748390565,8.755447997817445,680682.1635,580682.1635
1744646400000.0,550308.1637,131383.8994,100000.0,29.42268260400878,8.587692440242245,681692.0631,581692.0631
1744732800000.0,553588.7514000001,131383.8994,100000.0,29.59808194753794,8.042750330365344,684972.6508000001,584972.6508000001
1744819200000.0,549349.0892,132723.8045,100000.0,29.443044028041374,8.52443224126337,682072.8937,582072.8937
1744905600000.0,547326.6122000001,132723.8045,100000.0,29.33464687124729,8.861207591384368,680050.4167000001,580050.4167000001
1744992000000.0,543101.7926000002,132723.8045,100000.0,29.108212438317807,9.564708842566983,675825.5971000001,575825.5971000001
1745078400000.0,546818.3453,132723.8045,100000.0,29.30740567797164,8.945842305748208,679542.1498,579542.1498
1745164800000.0,539859.9180000001,132723.8045,100000.0,28.934460158651348,10.104533747109013,672583.7225,572583.7225
1745251200000.0,573214.9924000001,132723.8045,100000.0,30.722166634233137,4.550370777951751,705938.7969000001,605938.7969000001
1745337600000.0,561818.2097000001,135163.6146,100000.0,30.24210660718584,6.041852551731763,696981.8243000001,596981.8243000001
1745424000000.0,575579.8811000001,135163.6146,100000.0,30.982883474838623,3.7403587086855095,710743.4957000001,610743.4957000001
1745510400000.0,575619.6156000001,135163.6146,100000.0,30.985022342828724,3.7337135342406014,710783.2302000001,610783.2302000001
1745596800000.0,585834.6835000002,135163.6146,100000.0,31.534889127311203,2.025351577701706,720998.2981000001,620998.2981000001
1745683200000.0,582053.6943000001,135163.6146,100000.0,31.331362298716456,2.657681991028127,717217.3089000001,617217.3089000001
1745769600000.0,579458.8051000001,135163.6146,100000.0,31.191682034771045,3.0916497369217755,714622.4197000001,614622.4197000001
1745856000000.0,571818.7944000001,136663.228,100000.0,30.86066013551594,4.120090143630318,708482.0224000001,608482.0224000001
1745942400000.0,572084.8535000001,136663.228,100000.0,30.875019158936418,4.075478594002558,708748.0815000001,608748.0815000001
1746028800000.0,563394.7100000001,136663.228,100000.0,30.406018196203522,5.5326013461380334,700057.9380000001,600057.9380000001
1746115200000.0,580312.0412000001,136663.228,101000.0,31.263543352848238,2.8683863112806796,716975.2692000001,615975.2692000001
1746201600000.0,583429.3410000001,136663.228,101000.0,31.431483754773378,2.3466181272199016,720092.5690000001,619092.5690000001
1746288000000.0,573395.6857000001,137663.3363,101000.0,30.94481336330522,3.8586374119282785,711059.0220000001,610059.0220000001
1746374400000.0,569156.3051000002,137663.3363,101000.0,30.7160239867635,4.56945515537861,706819.6414000002,605819.6414000002
1746460800000.0,569156.3051000002,137663.3363,101000.0,30.7160239867635,4.56945515537861,706819.6414000002,605819.6414000002
1746547200000.0,569156.3051000002,137663.3363,101000.0,30.7160239867635,4.56945515537861,706819.6414000002,605819.6414000002
1746633600000.0,571199.6239000002,137663.3363,101000.0,30.826297085226983,4.226851507438711,708862.9602000002,607862.9602000002
1746720000000.0,595041.4061000003,137663.3363,101000.0,32.112981862994175,0.7848837874842807,732704.7424000002,631704.7424000002
1746806400000.0,608335.4396000003,137663.3363,101000.0,32.83042950999001,1.4756967366308382,745998.7759000002,644998.7759000002
1746892800000.0,609845.1034000003,137663.3363,101000.0,32.91190250620781,1.231195817607067,747508.4397000002,646508.4397000002
1746979200000.0,616133.1724000003,137663.3363,101000.0,33.25125476586606,0.8352430663073007,753796.5087000002,652796.5087000002
1747065600000.0,603085.8034000002,141433.2805,101000.0,32.75057402115898,3.115183414751155,744519.0839000002,643519.0839000002
1747152000000.0,600090.2057000002,141433.2805,101000.0,32.58789809070536,3.596421626779178,741523.4862000002,640523.4862000002
1747238400000.0,599032.9661000002,141433.2805,101000.0,32.53048469516082,3.7662655596908623,740466.2466000002,639466.2466000002
1747324800000.0,596344.4079000002,141433.2805,101000.0,32.38448254448361,4.198178343273673,737777.6884000002,636777.6884000002
1747411200000.0,597455.5686000002,141433.2805,101000.0,32.444824125316046,4.019672067700075,738888.8491000002,637888.8491000002
1747497600000.0,592217.6144000002,141433.2805,101000.0,32.160377027109746,4.861141439202354,733650.8949000002,632650.8949000002
1747584000000.0,611574.0863000002,141433.2805,101000.0,33.21153021654899,1.7515536837015122,753007.3668000002,652007.3668000002
1747670400000.0,601102.0914000002,142420.4446,101000.0,32.69645648832935,3.2752773184139605,743522.5360000001,642522.5360000001
1747756800000.0,600898.8442000002,142420.4446,101000.0,32.68540102316586,3.3079822937202796,743319.2888000002,642319.2888000002
1747843200000.0,617778.3414000002,142420.4446,101000.0,33.60354746391317,0.5918635028638985,760198.7860000001,659198.7860000001
1747929600000.0,607406.7566000002,143120.96289999998,101000.0,33.07749771373427,2.187128543687955,750527.7195000001,649527.7195000001
1748016000000.0,599484.8782000002,143120.96289999998,101000.0,32.64609666029317,3.462816812236491,742605.8411000001,641605.8411000001
1748102400000.0,599484.8782000002,143120.96289999998,101000.0,32.64609666029317,3.462816812236491,742605.8411000001,641605.8411000001
1748188800000.0,599484.8782000002,143120.96289999998,101000.0,32.64609666029317,3.462816812236491,742605.8411000001,641605.8411000001
1748275200000.0,601573.2122000002,143120.96289999998,101000.0,32.75982088604459,3.1265249569347064,744694.1751000001,643694.1751000001
1748361600000.0,592548.0812000001,143120.96289999998,101000.0,32.268340100269846,4.579873917556698,735669.0441,634669.0441
1748448000000.0,585081.5946000002,143120.96289999998,101000.0,31.86173827907251,5.782228824051449,728202.5575000001,627202.5575000001
1748534400000.0,585081.5946000002,143120.96289999998,101000.0,31.86173827907251,5.782228824051449,728202.5575000001,627202.5575000001
1748620800000.0,585081.5946000002,143120.96289999998,101000.0,31.86173827907251,5.782228824051449,728202.5575000001,627202.5575000001
1748707200000.0,585081.5946000002,143120.96289999998,101000.0,31.86173827907251,5.782228824051449,728202.5575000001,627202.5575000001
1748793600000.0,586081.5946000002,143120.96289999998,102000.0,31.86173827907251,5.782228824051449,729202.5575000001,627202.5575000001
1748880000000.0,586081.5946000002,143120.96289999998,102000.0,31.86173827907251,5.782228824051449,729202.5575000001,627202.5575000001
1748966400000.0,586365.1336000003,143120.96289999998,102000.0,31.877152592528436,5.736647435951903,729486.0965000002,627486.0965000002
1749052800000.0,577545.9619000002,143120.96289999998,102000.0,31.39770716524901,7.154406855199847,720666.9248000002,618666.9248000002
1749139200000.0,577545.9619000002,143120.96289999998,102000.0,31.39770716524901,7.154406855199847,720666.9248000002,618666.9248000002
1749225600000.0,577545.9619000002,143120.96289999998,102000.0,31.39770716524901,7.154406855199847,720666.9248000002,618666.9248000002
1749312000000.0,579263.9854000002,143120.96289999998,102000.0,31.49110579031871,6.878219466806634,722384.9483000003,620384.9483000003
1749398400000.0,582583.6069000002,143120.96289999998,102000.0,31.671573684879995,6.344561113158409,725704.5698000002,623704.5698000002
1749484800000.0,595439.7542000003,143120.96289999998,102000.0,32.3704852431407,4.277822359244143,738560.7171000002,636560.7171000002
1749571200000.0,606179.3031000003,143120.96289999998,102000.0,32.95433005150844,2.551345414538697,749300.2660000003,647300.2660000003
1749657600000.0,611786.7161000003,143120.96289999998,102000.0,33.25917143720425,1.6499044551384512,754907.6790000002,652907.6790000002
1749744000000.0,600084.3419000002,145625.22729999997,102000.0,32.75912542004551,3.128581506887762,745709.5692000003,643709.5692000003
1749830400000.0,600084.3419000002,145625.22729999997,102000.0,32.75912542004551,3.128581506887762,745709.5692000003,643709.5692000003
1749916800000.0,600084.3419000002,145625.22729999997,102000.0,32.75912542004551,3.128581506887762,745709.5692000003,643709.5692000003
1750003200000.0,600084.3419000002,145625.22729999997,102000.0,32.75912542004551,3.128581506887762,745709.5692000003,643709.5692000003
1750089600000.0,604615.1416000002,145625.22729999997,102000.0,33.00646571083773,2.397175997359713,750240.3689000001,648240.3689000001
1750176000000.0,595444.3472000002,145625.22729999997,102000.0,32.505824079363336,3.8776143294512733,741069.5745000001,639069.5745000001
1750262400000.0,595444.3472000002,145625.22729999997,102000.0,32.505824079363336,3.8776143294512733,741069.5745000001,639069.5745000001
1750348800000.0,595444.3472000002,145625.22729999997,102000.0,32.505824079363336,3.8776143294512733,741069.5745000001,639069.5745000001
1750435200000.0,595444.3472000002,145625.22729999997,102000.0,32.505824079363336,3.8776143294512733,741069.5745000001,639069.5745000001
1750521600000.0,595444.3472000002,145625.22729999997,102000.0,32.505824079363336,3.8776143294512733,741069.5745000001,639069.5745000001
1750608000000.0,595444.3472000002,145625.22729999997,102000.0,32.505824079363336,3.8776143294512733,741069.5745000001,639069.5745000001
1750694400000.0,595444.3472000002,145625.22729999997,102000.0,32.505824079363336,3.8776143294512733,741069.5745000001,639069.5745000001
1750780800000.0,596756.9184000002,145625.22729999997,102000.0,32.577478481188585,3.6657263911414217,742382.1457000002,640382.1457000002
1750867200000.0,604452.8957000002,145625.22729999997,102000.0,32.99760856624009,2.4233672997821865,750078.1230000001,648078.1230000001
1750953600000.0,605685.4466000001,145625.22729999997,102000.0,33.0648945903877,2.224397012255752,751310.6739,649310.6739
1751040000000.0,605662.3578000002,145625.22729999997,102000.0,33.06363415274222,2.228124229666917,751287.5851000003,649287.5851000003
1751126400000.0,606270.9946000002,145625.22729999997,102000.0,33.09686016427807,2.1298721906678253,751896.2219000002,649896.2219000002
1751212800000.0,607571.9055000002,145625.22729999997,102000.0,33.167878020198906,1.9198665707625628,753197.1328000003,651197.1328000003
1751299200000.0,602679.3637000002,146429.11799999996,102000.0,32.944675005503306,2.579896176811536,749108.4817000001,647108.4817000001
1751385600000.0,598253.6430000003,146429.11799999996,103000.0,32.64857642092263,3.4554839568376017,744682.7610000002,641682.7610000002
1751472000000.0,598253.6430000003,146429.11799999996,103000.0,32.64857642092263,3.4554839568376017,744682.7610000002,641682.7610000002
1751558400000.0,595233.6766000002,146429.11799999996,103000.0,32.48376738891308,3.94283777066905,741662.7946000001,638662.7946000001
1751644800000.0,590612.6176000002,146429.11799999996,103000.0,32.23158171537411,4.688571474060654,737041.7356000002,634041.7356000002
1751731200000.0,590612.6176000002,146429.11799999996,103000.0,32.23158171537411,4.688571474060654,737041.7356000002,634041.7356000002
1751817600000.0,590612.6176000002,146429.11799999996,103000.0,32.23158171537411,4.688571474060654,737041.7356000002,634041.7356000002
1751904000000.0,581395.8312000004,146429.11799999996,103000.0,31.72859279310571,6.175950937391706,727824.9492000004,624824.9492000004
1751990400000.0,581395.8312000004,146429.11799999996,103000.0,31.72859279310571,6.175950937391706,727824.9492000004,624824.9492000004
1752076800000.0,577695.2625000004,146429.11799999996,103000.0,31.52664116035515,6.773138465468254,724124.3805000004,621124.3805000004
1752163200000.0,599203.7725000004,146429.11799999996,103000.0,32.700427965753974,3.302154689512349,745632.8905000004,642632.8905000004
1752249600000.0,650244.1613000005,146429.11799999996,103000.0,35.4858619598273,2.7274447380821742,796673.2793000005,693673.2793000005
1752336000000.0,652078.1703000003,146429.11799999996,103000.0,35.585949579340806,2.453088192616737,798507.2883000004,695507.2883000004
1752422400000.0,666684.0049000004,146429.11799999996,103000.0,36.383035752921295,0.949259404618441,813113.1229000003,710113.1229000003
1752508800000.0,677887.5123000004,146429.11799999996,103000.0,36.99444626719253,4.336839931743297,824316.6303000003,721316.6303000003
1752595200000.0,658578.6633000005,155416.16249999995,103000.0,36.431153043719306,5.7934480240306785,813994.8258000005,710994.8258000005
1752681600000.0,658668.2516000005,155416.16249999995,103000.0,36.43610887549781,5.780632842928246,814084.4141000005,711084.4141000005
1752768000000.0,653618.7178000006,155416.16249999995,103000.0,36.15677954261987,6.502944686437539,809034.8803000005,706034.8803000005
1752854400000.0,649358.2929000005,155416.16249999995,103000.0,35.9211020143115,7.112378247146056,804774.4554000004,701774.4554000004
1752940800000.0,649358.2929000005,155416.16249999995,103000.0,35.9211020143115,7.112378247146056,804774.4554000004,701774.4554000004
1753027200000.0,649358.2929000005,155416.16249999995,103000.0,35.9211020143115,7.112378247146056,804774.4554000004,701774.4554000004
1753113600000.0,644631.7491000005,155416.16249999995,103000.0,35.65963979249761,7.788487904161412,800047.9116000005,697047.9116000005
1753200000000.0,644631.7491000005,155416.16249999995,103000.0,35.65963979249761,7.788487904161412,800047.9116000005,697047.9116000005
1753286400000.0,640292.9320000005,155416.16249999995,103000.0,35.4196257765458,8.409135097007347,795709.0945000005,692709.0945000005
1753372800000.0,630652.1991000006,155416.16249999995,103000.0,34.886321199118996,9.788196180582965,786068.3616000005,683068.3616000005
1753459200000.0,629093.7081000006,155416.16249999995,103000.0,34.80010883406339,10.011130921073763,784509.8706000006,681509.8706000006
1753545600000.0,629093.7081000006,155416.16249999995,103000.0,34.80010883406339,10.011130921073763,784509.8706000006,681509.8706000006
1753632000000.0,632604.5326000006,155416.16249999995,103000.0,34.994320082918975,9.5089241397601,788020.6951000006,685020.6951000006
1753718400000.0,626222.9339000006,155416.16249999995,103000.0,34.64130378910474,10.421781544840458,781639.0964000006,678639.0964000006
1753804800000.0,618296.7380000006,155416.16249999995,103000.0,34.20284370532297,11.555586248265737,773712.9005000006,670712.9005000006
1753891200000.0,618296.7380000006,155416.16249999995,103000.0,34.20284370532297,11.555586248265737,773712.9005000006,670712.9005000006
1753977600000.0,612754.7874000006,155416.16249999995,103000.0,33.89627493575845,12.348335977859259,768170.9499000006,665170.9499000006
1754064000000.0,613754.7874000006,155416.16249999995,104000.0,33.89627493575845,12.348335977859259,769170.9499000006,665170.9499000006
1754150400000.0,613754.7874000006,155416.16249999995,104000.0,33.89627493575845,12.348335977859259,769170.9499000006,665170.9499000006
1754236800000.0,613754.7874000006,155416.16249999995,104000.0,33.89627493575845,12.348335977859259,769170.9499000006,665170.9499000006
1754323200000.0,613754.7874000006,155416.16249999995,104000.0,33.89627493575845,12.348335977859259,769170.9499000006,665170.9499000006
1754409600000.0,613754.7874000006,155416.16249999995,104000.0,33.89627493575845,12.348335977859259,769170.9499000006,665170.9499000006
1754496000000.0,613754.7874000006,155416.16249999995,104000.0,33.89627493575845,12.348335977859259,769170.9499000006,665170.9499000006
1754582400000.0,610283.1744000006,155416.16249999995,104000.0,33.704545679817244,12.844124625928222,765699.3369000006,661699.3369000006
1754668800000.0,606378.7049000007,155416.16249999995,104000.0,33.4889107481356,13.401730457808513,761794.8674000007,657794.8674000007
1754755200000.0,611924.4251000006,155416.16249999995,104000.0,33.795188206943386,12.609734022570308,767340.5876000006,663340.5876000006
1754841600000.0,627494.1168000007,155416.16249999995,104000.0,34.65506671439077,10.386192285978845,782910.2793000006,678910.2793000006
1754928000000.0,639637.0720000006,155416.16249999995,104000.0,35.32569439248258,8.6520302863061,795053.2345000006,691053.2345000006
1755014400000.0,627591.7076000007,157626.65639999995,104000.0,34.78253696011812,10.05656966011541,785218.3640000006,681218.3640000006
1755100800000.0,635421.0982000007,157626.65639999995,104000.0,35.21645930903047,8.93449898979406,793047.7546000007,689047.7546000007
1755187200000.0,625675.8865000007,157626.65639999995,104000.0,34.67635786722578,10.331135941927016,783302.5429000007,679302.5429000007
1755273600000.0,625675.8865000007,157626.65639999995,104000.0,34.67635786722578,10.331135941927016,783302.5429000007,679302.5429000007
1755360000000.0,625675.8865000007,157626.65639999995,104000.0,34.67635786722578,10.331135941927016,783302.5429000007,679302.5429000007
1755446400000.0,625675.8865000007,157626.65639999995,104000.0,34.67635786722578,10.331135941927016,783302.5429000007,679302.5429000007
1755532800000.0,625675.8865000007,157626.65639999995,104000.0,34.67635786722578,10.331135941927016,783302.5429000007,679302.5429000007
1755619200000.0,625675.8865000007,157626.65639999995,104000.0,34.67635786722578,10.331135941927016,783302.5429000007,679302.5429000007
1755705600000.0,625675.8865000007,157626.65639999995,104000.0,34.67635786722578,10.331135941927016,783302.5429000007,679302.5429000007
1755792000000.0,625675.8865000007,157626.65639999995,104000.0,34.67635786722578,10.331135941927016,783302.5429000007,679302.5429000007
1755878400000.0,625675.8865000007,157626.65639999995,104000.0,34.67635786722578,10.331135941927016,783302.5429000007,679302.5429000007
1755964800000.0,617784.0375000008,157626.65639999995,104000.0,34.23897393400606,11.462157850261068,775410.6939000008,671410.6939000008
1756051200000.0,611760.2372000008,157626.65639999995,104000.0,33.90512144035798,12.325459987786669,769386.8936000008,665386.8936000008
1756137600000.0,611760.2372000008,157626.65639999995,104000.0,33.90512144035798,12.325459987786669,769386.8936000008,665386.8936000008
1756224000000.0,611760.2372000008,157626.65639999995,104000.0,33.90512144035798,12.325459987786669,769386.8936000008,665386.8936000008
1756310400000.0,611760.2372000008,157626.65639999995,104000.0,33.90512144035798,12.325459987786669,769386.8936000008,665386.8936000008
1756396800000.0,610469.2109000008,157626.65639999995,104000.0,33.83356987354719,12.510483678627127,768095.8673000007,664095.8673000007
1756483200000.0,605475.8428000008,157626.65639999995,104000.0,33.55682623848881,13.226109220559866,763102.4992000008,659102.4992000008
1756569600000.0,605475.8428000008,157626.65639999995,104000.0,33.55682623848881,13.226109220559866,763102.4992000008,659102.4992000008
1756656000000.0,605475.8428000008,157626.65639999995,104000.0,33.55682623848881,13.226109220559866,763102.4992000008,659102.4992000008
1756742400000.0,606475.8428000008,157626.65639999995,105000.0,33.55682623848881,13.226109220559866,764102.4992000008,659102.4992000008
1756828800000.0,598866.2437000008,157626.65639999995,105000.0,33.13578062261674,14.314882217898306,756492.9001000008,651492.9001000008
1756915200000.0,603759.1749000008,157626.65639999995,105000.0,33.40651068387893,13.614807049891775,761385.8313000008,656385.8313000008
1757001600000.0,594695.9477000008,157626.65639999995,105000.0,32.90503458401284,14.911563543161366,752322.6041000008,647322.6041000008
1757088000000.0,586586.882800001,157626.65639999995,105000.0,32.45635309894392,16.071799553069578,744213.5392000009,639213.5392000009
1757174400000.0,584363.081800001,157626.65639999995,105000.0,32.33330829075923,16.389978533123095,741989.738200001,636989.738200001
1757260800000.0,584363.081800001,157626.65639999995,105000.0,32.33330829075923,16.389978533123095,741989.738200001,636989.738200001
1757347200000.0,584657.604000001,157626.65639999995,105000.0,32.349604455571246,16.347838623482303,742284.260400001,637284.260400001
1757433600000.0,575763.7292000009,157626.65639999995,105000.0,31.857498768603435,17.62036436323502,733390.3856000009,628390.3856000009
1757520000000.0,583550.124500001,157626.65639999995,105000.0,32.288326669183895,16.506295561733598,741176.780900001,636176.780900001
1757606400000.0,586008.7011000009,157626.65639999995,105000.0,32.4243618117863,16.15452514928598,743635.3575000009,638635.3575000009
1757692800000.0,593097.451400001,157626.65639999995,105000.0,32.816588418813055,15.140274620435523,750724.1078000009,645724.1078000009
1757779200000.0,597975.8786000009,157626.65639999995,105000.0,33.086515961370594,14.442274668658628,755602.5350000008,650602.5350000008
1757865600000.0,593872.1984000009,157626.65639999995,105000.0,32.859455831862455,15.029424679159508,751498.8548000009,646498.8548000009
1757952000000.0,583047.241600001,159506.56839999996,105000.0,32.36314662632543,16.312820209118893,742553.810000001,637553.810000001
1758038400000.0,574154.895200001,159506.56839999996,105000.0,31.869560018136465,17.589175431891967,733661.463600001,628661.463600001
1758124800000.0,566860.6708000009,159506.56839999996,105000.0,31.464680212625826,18.63614560042014,726367.2392000009,621367.2392000009
1758211200000.0,570533.0891000009,159506.56839999996,105000.0,31.668524778616653,18.10902822705596,730039.6575000009,625039.6575000009
1758297600000.0,563372.386500001,159506.56839999996,105000.0,31.27105635469382,19.136833459905933,722878.954900001,617878.954900001
1758384000000.0,563372.386500001,159506.56839999996,105000.0,31.27105635469382,19.136833459905933,722878.954900001,617878.954900001
1758470400000.0,563372.386500001,159506.56839999996,105000.0,31.27105635469382,19.136833459905933,722878.954900001,617878.954900001
1758556800000.0,563372.386500001,159506.56839999996,105000.0,31.27105635469382,19.136833459905933,722878.954900001,617878.954900001
1758643200000.0,563372.386500001,159506.56839999996,105000.0,31.27105635469382,19.136833459905933,722878.954900001,617878.954900001
1758729600000.0,563372.386500001,159506.56839999996,105000.0,31.27105635469382,19.136833459905933,722878.954900001,617878.954900001
1758816000000.0,563372.386500001,159506.56839999996,105000.0,31.27105635469382,19.136833459905933,722878.954900001,617878.954900001
1758902400000.0,563372.386500001,159506.56839999996,105000.0,31.27105635469382,19.136833459905933,722878.954900001,617878.954900001
1758988800000.0,563372.386500001,159506.56839999996,105000.0,31.27105635469382,19.136833459905933,722878.954900001,617878.954900001
1759075200000.0,563372.386500001,159506.56839999996,105000.0,31.27105635469382,19.136833459905933,722878.954900001,617878.954900001
1759161600000.0,581983.812900001,159506.56839999996,105000.0,32.30411899273214,16.46545852461364,741490.3813000009,636490.3813000009
1759248000000.0,572199.9466000008,160487.40829999995,105000.0,31.81549026111031,17.728993278708394,732687.3549000008,627687.3549000008
1759334400000.0,607464.6848000009,160487.40829999995,106000.0,33.717356182361584,12.810998216990976,767952.0931000009,661952.0931000009
1759420800000.0,626153.1667000009,160487.40829999995,106000.0,34.75466125786137,10.128652851947573,786640.5750000009,680640.5750000009
1759507200000.0,643791.2973000009,160487.40829999995,106000.0,35.73366653456649,7.597063709710172,804278.7056000009,698278.7056000009
1759593600000.0,640284.0650000009,160487.40829999995,106000.0,35.5389974391732,8.10045442675047,800771.4733000009,694771.4733000009
1759680000000.0,647887.5017000008,160487.40829999995,106000.0,35.96102655434447,7.009138219271582,808374.9100000008,702374.9100000008
1759766400000.0,664395.1785000009,160487.40829999995,106000.0,36.87728593918782,4.639802358336054,824882.5868000009,718882.5868000009
1759852800000.0,646254.0341000009,168604.52909999996,106000.0,36.320902033162284,6.078543792039426,814858.5632000008,708858.5632000008
1759939200000.0,646254.0341000009,168604.52909999996,106000.0,36.320902033162284,6.078543792039426,814858.5632000008,708858.5632000008
1760025600000.0,646254.0341000009,168604.52909999996,106000.0,36.320902033162284,6.078543792039426,814858.5632000008,708858.5632000008
1760112000000.0,646254.0341000009,168604.52909999996,106000.0,36.320902033162284,6.078543792039426,814858.5632000008,708858.5632000008
1760198400000.0,646254.0341000009,168604.52909999996,106000.0,36.320902033162284,6.078543792039426,814858.5632000008,708858.5632000008
1760284800000.0,646254.0341000009,168604.52909999996,106000.0,36.320902033162284,6.078543792039426,814858.5632000008,708858.5632000008
1760371200000.0,646254.0341000009,168604.52909999996,106000.0,36.320902033162284,6.078543792039426,814858.5632000008,708858.5632000008
1760457600000.0,646254.0341000009,168604.52909999996,106000.0,36.320902033162284,6.078543792039426,814858.5632000008,708858.5632000008
1760544000000.0,646254.0341000009,168604.52909999996,106000.0,36.320902033162284,6.078543792039426,814858.5632000008,708858.5632000008
1760630400000.0,646254.0341000009,168604.52909999996,106000.0,36.320902033162284,6.078543792039426,814858.5632000008,708858.5632000008
1760716800000.0,646254.0341000009,168604.52909999996,106000.0,36.320902033162284,6.078543792039426,814858.5632000008,708858.5632000008
1760803200000.0,646254.0341000009,168604.52909999996,106000.0,36.320902033162284,6.078543792039426,814858.5632000008,708858.5632000008
1760889600000.0,646254.0341000009,168604.52909999996,106000.0,36.320902033162284,6.078543792039426,814858.5632000008,708858.5632000008
1760976000000.0,646747.4347000009,168604.52909999996,106000.0,36.34863223507996,6.0068368464720745,815351.9638000008,709351.9638000008
1761062400000.0,637010.0048000009,168604.52909999996,106000.0,35.80136719874603,7.421997986943074,805614.5339000009,699614.5339000009
1761148800000.0,628806.134300001,168604.52909999996,106000.0,35.34029158296559,8.614283718628425,797410.6634000009,691410.6634000009
1761235200000.0,628806.134300001,168604.52909999996,106000.0,35.34029158296559,8.614283718628425,797410.6634000009,691410.6634000009
1761321600000.0,626271.856000001,168604.52909999996,106000.0,35.19785955314119,8.982595707123341,794876.3851000009,688876.3851000009
1761408000000.0,632473.615600001,168604.52909999996,106000.0,35.54641212067529,8.081280957893366,801078.1447000009,695078.1447000009
1761494400000.0,643177.556100001,168604.52909999996,106000.0,36.14799718437354,6.525654801805347,811782.0852000009,705782.0852000009
1761580800000.0,649084.768400001,168604.52909999996,106000.0,36.47999554402199,5.667147230369851,817689.2975000009,711689.2975000009
1761667200000.0,647563.3731000009,168604.52909999996,106000.0,36.394489772716476,5.888254804952275,816167.9022000008,710167.9022000008
1761753600000.0,636879.743700001,169501.59669999997,106000.0,35.84446341524189,7.310556387649935,806381.340400001,700381.340400001
1761840000000.0,636879.743700001,169501.59669999997,106000.0,35.84446341524189,7.310556387649935,806381.340400001,700381.340400001
1761926400000.0,636879.743700001,169501.59669999997,106000.0,35.84446341524189,7.310556387649935,806381.340400001,700381.340400001
1762012800000.0,637879.743700001,169501.59669999997,107000.0,35.8444634152419,7.310556387649925,807381.340400001,700381.340400001
1762099200000.0,637879.743700001,169501.59669999997,107000.0,35.8444634152419,7.310556387649925,807381.340400001,700381.340400001
1762185600000.0,637879.743700001,169501.59669999997,107000.0,35.8444634152419,7.310556387649925,807381.340400001,700381.340400001
1762272000000.0,637879.743700001,169501.59669999997,107000.0,35.8444634152419,7.310556387649925,807381.340400001,700381.340400001
1762358400000.0,637879.743700001,169501.59669999997,107000.0,35.8444634152419,7.310556387649925,807381.340400001,700381.340400001
1762444800000.0,637879.743700001,169501.59669999997,107000.0,35.8444634152419,7.310556387649925,807381.340400001,700381.340400001
1762531200000.0,637879.743700001,169501.59669999997,107000.0,35.8444634152419,7.310556387649925,807381.340400001,700381.340400001
1762617600000.0,637879.743700001,169501.59669999997,107000.0,35.8444634152419,7.310556387649925,807381.340400001,700381.340400001
1762704000000.0,637879.743700001,169501.59669999997,107000.0,35.8444634152419,7.310556387649925,807381.340400001,700381.340400001
1762790400000.0,639924.105500001,169501.59669999997,107000.0,35.95934251662637,7.01349293696688,809425.702200001,702425.702200001
1762876800000.0,635610.5099000011,169501.59669999997,107000.0,35.716948050899205,7.640295684791254,805112.1066000011,698112.1066000011
1762963200000.0,635610.5099000011,169501.59669999997,107000.0,35.716948050899205,7.640295684791254,805112.1066000011,698112.1066000011
1763049600000.0,635610.5099000011,169501.59669999997,107000.0,35.716948050899205,7.640295684791254,805112.1066000011,698112.1066000011
1763136000000.0,635610.5099000011,169501.59669999997,107000.0,35.716948050899205,7.640295684791254,805112.1066000011,698112.1066000011
1763222400000.0,635610.5099000011,169501.59669999997,107000.0,35.716948050899205,7.640295684791254,805112.1066000011,698112.1066000011
1763308800000.0,635610.5099000011,169501.59669999997,107000.0,35.716948050899205,7.640295684791254,805112.1066000011,698112.1066000011
1763395200000.0,635610.5099000011,169501.59669999997,107000.0,35.716948050899205,7.640295684791254,805112.1066000011,698112.1066000011
1763481600000.0,635610.5099000011,169501.59669999997,107000.0,35.716948050899205,7.640295684791254,805112.1066000011,698112.1066000011
1763568000000.0,635610.5099000011,169501.59669999997,107000.0,35.716948050899205,7.640295684791254,805112.1066000011,698112.1066000011
1763654400000.0,635610.5099000011,169501.59669999997,107000.0,35.716948050899205,7.640295684791254,805112.1066000011,698112.1066000011
1763740800000.0,635610.5099000011,169501.59669999997,107000.0,35.716948050899205,7.640295684791254,805112.1066000011,698112.1066000011
1763827200000.0,635610.5099000011,169501.59669999997,107000.0,35.716948050899205,7.640295684791254,805112.1066000011,698112.1066000011
1763913600000.0,635610.5099000011,169501.59669999997,107000.0,35.716948050899205,7.640295684791254,805112.1066000011,698112.1066000011
1764000000000.0,635610.5099000011,169501.59669999997,107000.0,35.716948050899205,7.640295684791254,805112.1066000011,698112.1066000011
1764086400000.0,629223.6194000011,169501.59669999997,107000.0,35.35804864215411,8.5683661129634,798725.2161000011,691725.2161000011
1764172800000.0,627247.0770000012,169501.59669999997,107000.0,35.246980525561284,8.855574818274448,796748.6737000012,689748.6737000012
1764259200000.0,645595.3943000012,169501.59669999997,107000.0,36.27803002146817,6.189405624854027,815096.9910000012,708096.9910000012
1764345600000.0,653851.3692000012,169501.59669999997,107000.0,36.74195914475976,4.989741068146558,823352.9659000012,716352.9659000012
1764432000000.0,642339.0867000013,171178.48659999997,107000.0,36.189277587292025,6.418908676628831,813517.5733000012,706517.5733000012
1764518400000.0,640136.4370000013,171178.48659999997,107000.0,36.06518066859074,6.739808287125948,811314.9236000013,704314.9236000013
1764604800000.0,631425.0008000013,171178.48659999997,108000.0,35.51889335610644,8.152441152070011,802603.4874000013,694603.4874000013
1764691200000.0,631425.0008000013,171178.48659999997,108000.0,35.51889335610644,8.152441152070011,802603.4874000013,694603.4874000013
1764777600000.0,636553.0383000013,171178.48659999997,108000.0,35.807355512115215,7.40651293342347,807731.5249000012,699731.5249000012
1764864000000.0,639400.8405000013,171178.48659999997,108000.0,35.96754996515862,6.992269468529988,810579.3271000013,702579.3271000013
1764950400000.0,629503.1581000014,171178.48659999997,108000.0,35.41078593903866,8.431993846786035,800681.6447000013,692681.6447000013
1765036800000.0,629503.1581000014,171178.48659999997,108000.0,35.41078593903866,8.431993846786035,800681.6447000013,692681.6447000013
1765123200000.0,629503.1581000014,171178.48659999997,108000.0,35.41078593903866,8.431993846786035,800681.6447000013,692681.6447000013
1765209600000.0,621482.2484000014,171178.48659999997,108000.0,34.95959405418724,9.598721446661395,792660.7350000014,684660.7350000014
1765296000000.0,619134.0473000014,171178.48659999997,108000.0,34.827503141816145,9.940292557158713,790312.5339000013,682312.5339000013
1765382400000.0,609814.3071000014,171178.48659999997,108000.0,34.303249496726046,11.295949025278274,780992.7937000013,672992.7937000013
1765468800000.0,604311.1643000015,171178.48659999997,108000.0,33.99368693270186,12.096440344961778,775489.6509000014,667489.6509000014
1765555200000.0,596610.2326000015,171178.48659999997,108000.0,33.560494437237786,13.216623702610741,767788.7192000014,659788.7192000014
1765641600000.0,596610.2326000015,171178.48659999997,108000.0,33.560494437237786,13.216623702610741,767788.7192000014,659788.7192000014
1765728000000.0,596610.2326000015,171178.48659999997,108000.0,33.560494437237786,13.216623702610741,767788.7192000014,659788.7192000014
1765814400000.0,596610.2326000015,171178.48659999997,108000.0,33.560494437237786,13.216623702610741,767788.7192000014,659788.7192000014
1765900800000.0,596610.2326000015,171178.48659999997,108000.0,33.560494437237786,13.216623702610741,767788.7192000014,659788.7192000014
1765987200000.0,596610.2326000015,171178.48659999997,108000.0,33.560494437237786,13.216623702610741,767788.7192000014,659788.7192000014
1766073600000.0,596610.2326000015,171178.48659999997,108000.0,33.560494437237786,13.216623702610741,767788.7192000014,659788.7192000014
1766160000000.0,596610.2326000015,171178.48659999997,108000.0,33.560494437237786,13.216623702610741,767788.7192000014,659788.7192000014
1766246400000.0,595741.8903000015,171178.48659999997,108000.0,33.51164848164335,13.342933431237803,766920.3769000014,658920.3769000014
1766332800000.0,593338.1370000015,171178.48659999997,108000.0,33.37643264918673,13.692585206821505,764516.6236000014,656516.6236000014
1766419200000.0,602294.9736000015,171178.48659999997,108000.0,33.88027225579148,12.389716971215513,773473.4602000015,665473.4602000015
1766505600000.0,593081.5710000015,171178.48659999997,108000.0,33.3620003090335,13.729905491500638,764260.0576000015,656260.0576000015
1766592000000.0,593081.5710000015,171178.48659999997,108000.0,33.3620003090335,13.729905491500638,764260.0576000015,656260.0576000015
1766678400000.0,593081.5710000015,171178.48659999997,108000.0,33.3620003090335,13.729905491500638,764260.0576000015,656260.0576000015
1766764800000.0,584183.7971000015,171178.48659999997,108000.0,32.861483095016894,15.02418242203143,755362.2837000014,647362.2837000014
1766851200000.0,584183.7971000015,171178.48659999997,108000.0,32.861483095016894,15.02418242203143,755362.2837000014,647362.2837000014
1766937600000.0,584183.7971000015,171178.48659999997,108000.0,32.861483095016894,15.02418242203143,755362.2837000014,647362.2837000014
1767024000000.0,582354.2070000016,171178.48659999997,108000.0,32.7585650674365,15.290315983680758,753532.6936000015,645532.6936000015
1767110400000.0,582354.2070000016,171178.48659999997,108000.0,32.7585650674365,15.290315983680758,753532.6936000015,645532.6936000015
1767196800000.0,578510.1725000016,171178.48659999997,108000.0,32.542330595741994,15.849472153463218,749688.6591000016,641688.6591000016
1767283200000.0,579510.1725000016,171178.48659999997,109000.0,32.542330595741994,15.849472153463218,750688.6591000016,641688.6591000016
1767369600000.0,586831.4443000016,171178.48659999997,109000.0,32.95345581597595,14.786352098434396,758009.9309000015,649009.9309000015
1767456000000.0,594021.1232000017,171178.48659999997,109000.0,33.35719145124823,13.742340615646986,765199.6098000016,656199.6098000016
1767542400000.0,611833.9701000017,171178.48659999997,109000.0,34.357469928104706,11.155741552824594,783012.4567000016,674012.4567000016
1767628800000.0,646044.8154000016,171178.48659999997,109000.0,36.27857621845612,6.187993225557397,817223.3020000015,708223.3020000015
1767715200000.0,630550.8244000016,176849.6701,109000.0,35.72697753354548,7.614360656682906,807400.4945000015,698400.4945000015
1767801600000.0,621051.0574000016,176849.6701,109000.0,35.18872122009783,9.006226330227419,797900.7275000016,688900.7275000016
1767888000000.0,621051.0574000016,176849.6701,109000.0,35.18872122009783,9.006226330227419,797900.7275000016,688900.7275000016
1767974400000.0,621051.0574000016,176849.6701,109000.0,35.18872122009783,9.006226330227419,797900.7275000016,688900.7275000016
1768060800000.0,621051.0574000016,176849.6701,109000.0,35.18872122009783,9.006226330227419,797900.7275000016,688900.7275000016
1768147200000.0,621051.0574000016,176849.6701,109000.0,35.18872122009783,9.006226330227419,797900.7275000016,688900.7275000016
1768233600000.0,613256.2853000015,176849.6701,109000.0,34.747069830678434,10.148283363741228,790105.9554000015,681105.9554000015
1768320000000.0,619197.7697000016,176849.6701,109000.0,35.08371403358896,9.27776220398433,796047.4398000016,687047.4398000016
1768406400000.0,644615.5799000015,176849.6701,109000.0,36.52388586245212,5.553652179596458,821465.2500000015,712465.2500000015
1768492800000.0,632299.4682000016,179295.5968,109000.0,35.96464168402689,6.999789931504852,811595.0650000016,702595.0650000016
1768579200000.0,626937.3283000016,179295.5968,109000.0,35.65964784825455,7.788467072949057,806232.9251000015,697232.9251000015
1768665600000.0,628833.0754000016,179295.5968,109000.0,35.7674762881062,7.509635779545254,808128.6722000015,699128.6722000015
1768752000000.0,619395.9630000017,179295.5968,109000.0,35.230701574434406,8.897670215409093,798691.5598000018,689691.5598000018
1768838400000.0,619395.9630000017,179295.5968,109000.0,35.230701574434406,8.897670215409093,798691.5598000018,689691.5598000018
1768924800000.0,619395.9630000017,179295.5968,109000.0,35.230701574434406,8.897670215409093,798691.5598000018,689691.5598000018
1769011200000.0,619395.9630000017,179295.5968,109000.0,35.230701574434406,8.897670215409093,798691.5598000018,689691.5598000018
1769097600000.0,619395.9630000017,179295.5968,109000.0,35.230701574434406,8.897670215409093,798691.5598000018,689691.5598000018
1769184000000.0,619395.9630000017,179295.5968,109000.0,35.230701574434406,8.897670215409093,798691.5598000018,689691.5598000018
1769270400000.0,619395.9630000017,179295.5968,109000.0,35.230701574434406,8.897670215409093,798691.5598000018,689691.5598000018
1769356800000.0,619395.9630000017,179295.5968,109000.0,35.230701574434406,8.897670215409093,798691.5598000018,689691.5598000018
1769443200000.0,619395.9630000017,179295.5968,109000.0,35.230701574434406,8.897670215409093,798691.5598000018,689691.5598000018
1769529600000.0,619395.9630000017,179295.5968,109000.0,35.230701574434406,8.897670215409093,798691.5598000018,689691.5598000018
1769616000000.0,622153.1895000017,179295.5968,109000.0,35.3875302103915,8.492130346086736,801448.7863000017,692448.7863000017
1769702400000.0,614776.8325000016,179295.5968,109000.0,34.9679694646049,9.57706364911971,794072.4293000016,685072.4293000016
1769788800000.0,614776.8325000016,179295.5968,109000.0,34.9679694646049,9.57706364911971,794072.4293000016,685072.4293000016
1769875200000.0,614776.8325000016,179295.5968,109000.0,34.9679694646049,9.57706364911971,794072.4293000016,685072.4293000016
1769961600000.0,615776.8325000016,179295.5968,110000.0,34.96796946460489,9.577063649119733,795072.4293000016,685072.4293000016
1770048000000.0,615776.8325000016,179295.5968,110000.0,34.96796946460489,9.577063649119733,795072.4293000016,685072.4293000016
1770134400000.0,615776.8325000016,179295.5968,110000.0,34.96796946460489,9.577063649119733,795072.4293000016,685072.4293000016
1770220800000.0,615776.8325000016,179295.5968,110000.0,34.96796946460489,9.577063649119733,795072.4293000016,685072.4293000016
1770307200000.0,615776.8325000016,179295.5968,110000.0,34.96796946460489,9.577063649119733,795072.4293000016,685072.4293000016
1770393600000.0,615776.8325000016,179295.5968,110000.0,34.96796946460489,9.577063649119733,795072.4293000016,685072.4293000016
1770480000000.0,615776.8325000016,179295.5968,110000.0,34.96796946460489,9.577063649119733,795072.4293000016,685072.4293000016
1770566400000.0,615776.8325000016,179295.5968,110000.0,34.96796946460489,9.577063649119733,795072.4293000016,685072.4293000016
1770652800000.0,614678.6789000017,179295.5968,110000.0,34.905608882774715,9.738320565319613,793974.2757000017,683974.2757000017
1770739200000.0,614678.6789000017,179295.5968,110000.0,34.905608882774715,9.738320565319613,793974.2757000017,683974.2757000017
1770825600000.0,614678.6789000017,179295.5968,110000.0,34.905608882774715,9.738320565319613,793974.2757000017,683974.2757000017
1770912000000.0,614678.6789000017,179295.5968,110000.0,34.905608882774715,9.738320565319613,793974.2757000017,683974.2757000017
1770998400000.0,614678.6789000017,179295.5968,110000.0,34.905608882774715,9.738320565319613,793974.2757000017,683974.2757000017
1771084800000.0,621579.0228000017,179295.5968,110000.0,35.29745703628652,8.725048671449064,800874.6196000017,690874.6196000017
1771171200000.0,614904.5072000017,179320.6888,110000.0,34.919857832922496,9.70147450499621,794225.1960000017,684225.1960000017
1771257600000.0,613554.6709000017,179320.6888,110000.0,34.84320187879987,9.899697523566465,792875.3597000017,682875.3597000017
1771344000000.0,613554.6709000017,179320.6888,110000.0,34.84320187879987,9.899697523566465,792875.3597000017,682875.3597000017
1771430400000.0,613554.6709000017,179320.6888,110000.0,34.84320187879987,9.899697523566465,792875.3597000017,682875.3597000017
1771516800000.0,613554.6709000017,179320.6888,110000.0,34.84320187879987,9.899697523566465,792875.3597000017,682875.3597000017
1771603200000.0,613554.6709000017,179320.6888,110000.0,34.84320187879987,9.899697523566465,792875.3597000017,682875.3597000017
1771689600000.0,619225.3843000017,179320.6888,110000.0,35.165236444200836,9.06695511799127,798546.0731000017,688546.0731000017
1771776000000.0,612811.2370000017,179320.6888,110000.0,34.80098295571149,10.008870548299498,792131.9258000017,682131.9258000017
1771862400000.0,612811.2370000017,179320.6888,110000.0,34.80098295571149,10.008870548299498,792131.9258000017,682131.9258000017
1771948800000.0,612811.2370000017,179320.6888,110000.0,34.80098295571149,10.008870548299498,792131.9258000017,682131.9258000017
1772035200000.0,612811.2370000017,179320.6888,110000.0,34.80098295571149,10.008870548299498,792131.9258000017,682131.9258000017
1772121600000.0,603601.8666000017,179320.6888,110000.0,34.277991334519605,11.361263575379477,782922.5554000017,672922.5554000017
1772208000000.0,599112.9258000017,179320.6888,110000.0,34.023068541271286,12.020463061686904,778433.6146000017,668433.6146000017
1772294400000.0,599112.9258000017,179320.6888,110000.0,34.023068541271286,12.020463061686904,778433.6146000017,668433.6146000017
1772380800000.0,599119.3194000018,179320.6888,111000.0,33.96673657907405,12.16613069724798,778440.0082000018,667440.0082000018
1772467200000.0,597623.7956000018,179320.6888,111000.0,33.88194868905373,12.38538191772257,776944.4844000018,665944.4844000018
1772553600000.0,590133.9997000018,179320.6888,111000.0,33.45731887637951,13.483423214143642,769454.6885000018,658454.6885000018
1772640000000.0,613182.0112000018,179320.6888,111000.0,34.76401306890861,10.10447020056583,792502.7000000018,681502.7000000018
1772726400000.0,602520.4339000017,180696.9592,111000.0,34.23758775876502,11.465742331645357,783217.3931000017,672217.3931000017
1772812800000.0,599021.6008000016,180696.9592,111000.0,34.03877026051166,11.979860316339941,779718.5600000017,668718.5600000017
1772899200000.0,599021.6008000016,180696.9592,111000.0,34.03877026051166,11.979860316339941,779718.5600000017,668718.5600000017
1772985600000.0,599021.6008000016,180696.9592,111000.0,34.03877026051166,11.979860316339941,779718.5600000017,668718.5600000017
1773072000000.0,599021.6008000016,180696.9592,111000.0,34.03877026051166,11.979860316339941,779718.5600000017,668718.5600000017
1773158400000.0,611590.9806000016,180696.9592,111000.0,34.75301200197461,10.132917628037186,792287.9398000017,681287.9398000017
1773244800000.0,602062.9831000016,181034.8905,111000.0,34.23079618931791,11.483304508152637,783097.8736000016,672097.8736000016
1773331200000.0,599793.2621000016,181034.8905,111000.0,34.1017492969852,11.817004151292942,780828.1526000015,669828.1526000015
1773417600000.0,608982.9300000016,181034.8905,111000.0,34.62423557792661,10.465917872931952,790017.8205000015,679017.8205000015
1773504000000.0,599372.7157000016,181486.8145,111000.0,34.10353329676705,11.812390943800654,780859.5302000016,669859.5302000016
1773590400000.0,607039.5378000016,181486.8145,111000.0,34.53976557080771,10.684347086701484,788526.3523000015,677526.3523000015
1773676800000.0,624344.9729000016,181486.8145,111000.0,35.524422474081376,8.138143522256813,805831.7874000015,694831.7874000015
1773763200000.0,630516.6774000016,181486.8145,111000.0,35.87558448796741,7.230081060620186,812003.4919000015,701003.4919000015
1773849600000.0,618787.4259000017,183644.0045,111000.0,35.33094655311797,8.638448834648782,802431.4304000017,691431.4304000017
1773936000000.0,618787.4259000017,183644.0045,111000.0,35.33094655311797,8.638448834648782,802431.4304000017,691431.4304000017
1774022400000.0,618787.4259000017,183644.0045,111000.0,35.33094655311797,8.638448834648782,802431.4304000017,691431.4304000017
1774108800000.0,618787.4259000017,183644.0045,111000.0,35.33094655311797,8.638448834648782,802431.4304000017,691431.4304000017
1774195200000.0,618787.4259000017,183644.0045,111000.0,35.33094655311797,8.638448834648782,802431.4304000017,691431.4304000017
1774281600000.0,618787.4259000017,183644.0045,111000.0,35.33094655311797,8.638448834648782,802431.4304000017,691431.4304000017
1774368000000.0,616295.7298000017,183644.0045,111000.0,35.18867801621668,9.006338050234486,799939.7343000018,688939.7343000018
1774454400000.0,617241.1309000017,183644.0045,111000.0,35.24265764530623,8.866753263352612,800885.1354000018,689885.1354000018
1774540800000.0,611795.2972000018,183644.0045,111000.0,34.93171651861475,9.670809379226153,795439.3017000018,684439.3017000018
1774627200000.0,611795.2972000018,183644.0045,111000.0,34.93171651861475,9.670809379226153,795439.3017000018,684439.3017000018
1774713600000.0,611795.2972000018,183644.0045,111000.0,34.93171651861475,9.670809379226153,795439.3017000018,684439.3017000018
1774800000000.0,611795.2972000018,183644.0045,111000.0,34.93171651861475,9.670809379226153,795439.3017000018,684439.3017000018
1774886400000.0,611795.2972000018,183644.0045,111000.0,34.93171651861475,9.670809379226153,795439.3017000018,684439.3017000018
1774972800000.0,611795.2972000018,183644.0045,111000.0,34.93171651861475,9.670809379226153,795439.3017000018,684439.3017000018
1775059200000.0,617344.1602000018,183644.0045,112000.0,35.19101941066379,9.000283487607453,800988.1647000018,688988.1647000018
1775145600000.0,608058.1772000018,183644.0045,112000.0,34.661682244998815,10.369085324600835,791702.1817000018,679702.1817000018
1775232000000.0,608058.1772000018,183644.0045,112000.0,34.661682244998815,10.369085324600835,791702.1817000018,679702.1817000018
1775318400000.0,608058.1772000018,183644.0045,112000.0,34.661682244998815,10.369085324600835,791702.1817000018,679702.1817000018
1775404800000.0,605282.8269000017,183644.0045,112000.0,34.50347647814253,10.778186287734194,788926.8314000018,676926.8314000018
1775491200000.0,640281.2788000017,183644.0045,112000.0,36.49852442636815,5.6192337834442,823925.2833000018,711925.2833000018
1775577600000.0,627867.7528000018,186153.4407,112000.0,35.93395276785624,7.079147753993942,814021.1935000018,702021.1935000018
1775664000000.0,654861.3890000018,186153.4407,112000.0,37.47884505435733,3.0842433020024096,841014.8297000019,729014.8297000019
1775750400000.0,662185.5452000018,186153.4407,112000.0,37.898019126893324,2.000309889190799,848338.9859000018,736338.9859000018
1775836800000.0,664989.5334000017,186153.4407,112000.0,38.058496200434824,1.5853356018989184,851142.9741000017,739142.9741000017
1775923200000.0,668490.2052000018,186153.4407,112000.0,38.25884567618986,1.067256108822634,854643.6459000019,742643.6459000019
1776009600000.0,655211.1382000018,189191.5946,112000.0,37.67274058320805,2.7223769353524774,844402.7328000017,732402.7328000017
1776096000000.0,655211.1382000018,189191.5946,112000.0,37.67274058320805,2.7223769353524774,844402.7328000017,732402.7328000017
1776182400000.0,660042.4867000018,189191.5946,112000.0,37.95052911288353,2.005078234405344,849234.0813000018,737234.0813000018
1776268800000.0,650078.6680000018,189191.5946,112000.0,37.377638428921074,3.4843824514335098,839270.2626000019,727270.2626000019
1776355200000.0,656143.6841000018,189191.5946,112000.0,37.726359268429356,2.583924086702949,845335.2787000018,733335.2787000018
1776441600000.0,681406.7571000018,189191.5946,112000.0,39.17891271261872,0.3123381852150664,870598.3517000019,758598.3517000019
1776528000000.0,669070.3529000018,191301.78170000002,112000.0,38.590934881511906,2.105364176345992,860372.1346000019,748372.1346000019
1776614400000.0,663384.6327000018,191301.78170000002,112000.0,38.26299140435489,2.9372669889002667,854686.4144000019,742686.4144000019
1776700800000.0,663384.6327000018,191301.78170000002,112000.0,38.26299140435489,2.9372669889002667,854686.4144000019,742686.4144000019
1776787200000.0,661097.5873000019,191301.78170000002,112000.0,38.13107819116302,3.2718946937070004,852399.3690000019,740399.3690000019
1776873600000.0,666300.3165000019,191301.78170000002,112000.0,38.43116350041801,2.5106604257178144,857602.098200002,745602.098200002
1776960000000.0,656091.4437000018,191413.13090000002,112000.0,37.84875408110486,3.9880736622455837,847504.5746000018,735504.5746000018
1777046400000.0,646223.5476000018,191413.13090000002,112000.0,37.27949262163432,5.432134124486632,837636.6785000018,725636.6785000018
1777132800000.0,636448.3139000018,191413.13090000002,112000.0,36.715576692003935,6.862634441097793,827861.4448000018,715861.4448000018
1777219200000.0,640688.8896000017,191413.13090000002,112000.0,36.96020799816222,6.242071795985438,832102.0205000017,720102.0205000017
1777305600000.0,636377.9850000018,191413.13090000002,112000.0,36.71151954224767,6.872926319205719,827791.1159000018,715791.1159000018
1777392000000.0,636377.9850000018,191413.13090000002,112000.0,36.71151954224767,6.872926319205719,827791.1159000018,715791.1159000018
1777478400000.0,636377.9850000018,191413.13090000002,112000.0,36.71151954224767,6.872926319205719,827791.1159000018,715791.1159000018
1777564800000.0,636377.9850000018,191413.13090000002,112000.0,36.71151954224767,6.872926319205719,827791.1159000018,715791.1159000018
1777651200000.0,648431.8362000019,191413.13090000002,113000.0,37.34819618294761,5.2578520000653555,839844.9671000019,726844.9671000019
1777737600000.0,648909.7161000019,191413.13090000002,113000.0,37.37572097624228,5.188029135603123,840322.8470000019,727322.8470000019
1777824000000.0,650976.4496000018,191413.13090000002,113000.0,37.4947601163749,4.886059429302314,842389.5805000018,729389.5805000018
1777910400000.0,666537.7436000018,191413.13090000002,113000.0,38.39105519124113,2.6124042246806756,857950.8745000018,744950.8745000018
1777996800000.0,683652.8909000019,191413.13090000002,113000.0,39.37684867542053,0.2860277765077024,875066.0218000019,762066.0218000019
1778083200000.0,685700.9804000019,191413.13090000002,113000.0,39.494813963637256,1.8583758644906356,877114.1113000019,764114.1113000019
1778169600000.0,671560.350800002,195211.17150000003,113000.0,38.89910440490355,3.3386690407289477,866771.522300002,753771.522300002
1778256000000.0,671560.350800002,195211.17150000003,113000.0,38.89910440490355,3.3386690407289477,866771.522300002,753771.522300002
1778342400000.0,671560.350800002,195211.17150000003,113000.0,38.89910440490355,3.3386690407289477,866771.522300002,753771.522300002
1778428800000.0,686134.519100002,195211.17150000003,113000.0,39.743290774216426,1.2409297923885343,881345.6906000021,768345.6906000021
1778515200000.0,675401.978700002,195638.01900000003,113000.0,39.146349302605685,2.7242841789076877,871039.997700002,758039.997700002
1778601600000.0,668481.698300002,195638.01900000003,113000.0,38.74524933198996,3.720987254738728,864119.717300002,751119.717300002
1778688000000.0,668481.698300002,195638.01900000003,113000.0,38.74524933198996,3.720987254738728,864119.717300002,751119.717300002
1778774400000.0,668481.698300002,195638.01900000003,113000.0,38.74524933198996,3.720987254738728,864119.717300002,751119.717300002
1778860800000.0,661583.095700002,195638.01900000003,113000.0,38.34540580828685,4.7145681550670115,857221.1147000021,744221.1147000021
1778947200000.0,661583.095700002,195638.01900000003,113000.0,38.34540580828685,4.7145681550670115,857221.1147000021,744221.1147000021
1779033600000.0,661583.095700002,195638.01900000003,113000.0,38.34540580828685,4.7145681550670115,857221.1147000021,744221.1147000021
1779120000000.0,661583.095700002,195638.01900000003,113000.0,38.34540580828685,4.7145681550670115,857221.1147000021,744221.1147000021
1779206400000.0,661583.095700002,195638.01900000003,113000.0,38.34540580828685,4.7145681550670115,857221.1147000021,744221.1147000021
1779292800000.0,661583.095700002,195638.01900000003,113000.0,38.34540580828685,4.7145681550670115,857221.1147000021,744221.1147000021
1779379200000.0,653147.180700002,195638.01900000003,113000.0,37.856459542667785,5.929562626670992,848785.1997000021,735785.1997000021
1779465600000.0,650316.9944000021,195638.01900000003,113000.0,37.69242173261503,6.337184171946064,845955.0134000021,732955.0134000021
1779552000000.0,650316.9944000021,195638.01900000003,113000.0,37.69242173261503,6.337184171946064,845955.0134000021,732955.0134000021
1779638400000.0,650316.9944000021,195638.01900000003,113000.0,37.69242173261503,6.337184171946064,845955.0134000021,732955.0134000021
1779724800000.0,650602.2984000021,195638.01900000003,113000.0,37.70895797383678,6.296092863803848,846240.3174000022,733240.3174000022
1779811200000.0,640789.035200002,195638.01900000003,113000.0,37.140180503322085,7.709461838763277,836427.054200002,723427.054200002
1779897600000.0,640789.035200002,195638.01900000003,113000.0,37.140180503322085,7.709461838763277,836427.054200002,723427.054200002
1779984000000.0,640789.035200002,195638.01900000003,113000.0,37.140180503322085,7.709461838763277,836427.054200002,723427.054200002
1780070400000.0,640789.035200002,195638.01900000003,113000.0,37.140180503322085,7.709461838763277,836427.054200002,723427.054200002
1780156800000.0,640789.035200002,195638.01900000003,113000.0,37.140180503322085,7.709461838763277,836427.054200002,723427.054200002
1780243200000.0,640789.035200002,195638.01900000003,113000.0,37.140180503322085,7.709461838763277,836427.054200002,723427.054200002
1780329600000.0,641789.035200002,195638.01900000003,114000.0,37.140180503322085,7.709461838763277,837427.054200002,723427.054200002
1780416000000.0,641789.035200002,195638.01900000003,114000.0,37.140180503322085,7.709461838763277,837427.054200002,723427.054200002
1780502400000.0,641789.035200002,195638.01900000003,114000.0,37.140180503322085,7.709461838763277,837427.054200002,723427.054200002
1780588800000.0,641789.035200002,195638.01900000003,114000.0,37.140180503322085,7.709461838763277,837427.054200002,723427.054200002
1780675200000.0,641789.035200002,195638.01900000003,114000.0,37.140180503322085,7.709461838763277,837427.054200002,723427.054200002
1780761600000.0,641789.035200002,195638.01900000003,114000.0,37.140180503322085,7.709461838763277,837427.054200002,723427.054200002
1780848000000.0,641789.035200002,195638.01900000003,114000.0,37.140180503322085,7.709461838763277,837427.054200002,723427.054200002
1780934400000.0,641789.035200002,195638.01900000003,114000.0,37.140180503322085,7.709461838763277,837427.054200002,723427.054200002
1781020800000.0,633764.618900002,195638.01900000003,114000.0,36.675809419570356,8.863388843025689,829402.6379000021,715402.6379000021
1781107200000.0,633764.618900002,195638.01900000003,114000.0,36.675809419570356,8.863388843025689,829402.6379000021,715402.6379000021
1781193600000.0,633789.454900002,195638.01900000003,114000.0,36.67724667304835,8.859817376889534,829427.473900002,715427.473900002
1781280000000.0,641087.766800002,195638.01900000003,114000.0,37.09959826596871,7.810305627737191,836725.785800002,722725.785800002
1781366400000.0,647170.962300002,195638.01900000003,114000.0,37.451631358644704,6.9355300307062056,842808.981300002,728808.981300002
1781452800000.0,644825.688100002,195638.01900000003,114000.0,37.31591089235372,7.272785119500636,840463.7071000021,726463.7071000021
1781539200000.0,673091.052200002,195638.01900000003,114000.0,38.951620864149945,3.208169613410894,868729.071200002,754729.071200002
1781625600000.0,660051.239000002,198558.75450000004,114000.0,38.36603221789328,4.663313087991039,858609.9935000021,744609.9935000021
1781712000000.0,651720.903200002,198558.75450000004,114000.0,37.881824458245895,5.866532730817131,850279.6577000021,736279.6577000021
1781798400000.0,651720.903200002,198558.75450000004,114000.0,37.881824458245895,5.866532730817131,850279.6577000021,736279.6577000021
1781884800000.0,651720.903200002,198558.75450000004,114000.0,37.881824458245895,5.866532730817131,850279.6577000021,736279.6577000021
1781971200000.0,651720.903200002,198558.75450000004,114000.0,37.881824458245895,5.866532730817131,850279.6577000021,736279.6577000021
1782057600000.0,643523.494000002,198558.75450000004,114000.0,37.40534316878277,7.050552679895683,842082.2485000021,728082.2485000021
1782144000000.0,638366.794500002,198558.75450000004,114000.0,37.10560568256165,7.795377652083657,836925.5490000021,722925.5490000021
1782230400000.0,628740.967700002,198558.75450000004,114000.0,36.54609642129253,9.185715828391238,827299.722200002,713299.722200002
1782316800000.0,628740.967700002,198558.75450000004,114000.0,36.54609642129253,9.185715828391238,827299.722200002,713299.722200002
1782403200000.0,628740.967700002,198558.75450000004,114000.0,36.54609642129253,9.185715828391238,827299.722200002,713299.722200002
1782489600000.0,628740.967700002,198558.75450000004,114000.0,36.54609642129253,9.185715828391238,827299.722200002,713299.722200002
1782576000000.0,628740.967700002,198558.75450000004,114000.0,36.54609642129253,9.185715828391238,827299.722200002,713299.722200002
1782662400000.0,628740.967700002,198558.75450000004,114000.0,36.54609642129253,9.185715828391238,827299.722200002,713299.722200002
1782748800000.0,628740.967700002,198558.75450000004,114000.0,36.54609642129253,9.185715828391238,827299.722200002,713299.722200002
1782835200000.0,628740.967700002,198558.75450000004,114000.0,36.54609642129253,9.185715828391238,827299.722200002,713299.722200002
1782921600000.0,629740.967700002,198558.75450000004,115000.0,36.546096421292525,9.185715828391249,828299.722200002,713299.722200002
1783008000000.0,633711.077500002,198558.75450000004,115000.0,36.77649593950052,8.613190459926667,832269.832000002,717269.832000002
1783094400000.0,635977.231000002,198558.75450000004,115000.0,36.90800884490817,8.2863908415421,834535.985500002,719535.985500002
1783180800000.0,643442.831100002,198558.75450000004,115000.0,37.34126403250363,7.209784484694803,842001.5856000021,727001.5856000021
1783267200000.0,641955.811900002,198558.75450000004,115000.0,37.254967047154246,7.424225963213593,840514.566400002,725514.566400002
1783353600000.0,634242.883000002,199058.96720000004,115000.0,36.836387606995935,8.464364198190244,833301.8502000021,718301.8502000021
1783440000000.0,636920.618400002,199058.96720000004,115000.0,36.99190862543734,8.07790623560557,835979.5856000021,720979.5856000021
1783526400000.0,627353.514300002,199058.96720000004,115000.0,36.43625784188085,9.458656386767439,826412.4815000021,711412.4815000021
1783612800000.0,627353.514300002,199058.96720000004,115000.0,36.43625784188085,9.458656386767439,826412.4815000021,711412.4815000021
1783699200000.0,635086.7260000021,199058.96720000004,115000.0,36.88539742430823,8.34257851073158,834145.6932000022,719145.6932000022
1783785600000.0,636481.3376000021,199058.96720000004,115000.0,36.96639550065371,8.141304420120187,835540.3048000021,720540.3048000021
1783872000000.0,636483.906000002,199058.96720000004,115000.0,36.9665446715478,8.1409337417361,835542.8732000021,720542.8732000021
1783958400000.0,631909.433500002,199565.18040000004,115000.0,36.73026298754731,8.728075847092798,831474.6139000021,716474.6139000021
1784044800000.0,631909.433500002,199565.18040000004,115000.0,36.73026298754731,8.728075847092798,831474.6139000021,716474.6139000021
1784131200000.0,639638.931700002,199565.18040000004,115000.0,37.17954651869398,7.611640269382081,839204.1121000021,724204.1121000021
1784217600000.0,630010.977600002,199565.18040000004,115000.0,36.61991365458825,9.002285589385629,829576.158000002,714576.158000002
1784304000000.0,625508.936600002,199565.18040000004,115000.0,36.35822876567178,9.652552736703457,825074.1170000021,710074.1170000021
1784390400000.0,623410.570100002,199565.18040000004,115000.0,36.23625946231391,9.955637226156666,822975.7505000021,707975.7505000021
1784476800000.0,632412.7926000019,199565.18040000004,115000.0,36.75952115515808,8.655371514539322,831977.973000002,716977.973000002
1784563200000.0,623505.812100002,199565.18040000004,115000.0,36.241795483018784,9.941880633614552,823070.992500002,708070.992500002
1784649600000.0,632710.0310000019,199565.18040000004,115000.0,36.77679838512683,8.612438905431286,832275.211400002,717275.211400002
1784736000000.0,623102.6125000019,199565.18040000004,115000.0,36.218359169902755,10.00011809828708,822667.792900002,707667.792900002
1784822400000.0,615049.2244000019,199565.18040000004,115000.0,35.75024926811604,11.163335782450867,814614.404800002,699614.404800002
1784908800000.0,615049.2244000019,199565.18040000004,115000.0,35.75024926811604,11.163335782450867,814614.404800002,699614.404800002
1784995200000.0,615049.2244000019,199565.18040000004,115000.0,35.75024926811604,11.163335782450867,814614.404800002,699614.404800002
1785081600000.0,615049.2244000019,199565.18040000004,115000.0,35.75024926811604,11.163335782450867,814614.404800002,699614.404800002
1785168000000.0,606858.2970000019,199565.18040000004,115000.0,35.274144779775774,12.346419409251585,806423.477400002,691423.477400002
1785254400000.0,606858.2970000019,199565.18040000004,115000.0,35.274144779775774,12.346419409251585,806423.477400002,691423.477400002
1785340800000.0,606858.2970000019,199565.18040000004,115000.0,35.274144779775774,12.346419409251585,806423.477400002,691423.477400002
1785427200000.0,606858.2970000019,199565.18040000004,115000.0,35.274144779775774,12.346419409251585,806423.477400002,691423.477400002
1785513600000.0,601000.0211000019,199565.18040000004,115000.0,34.93362760586875,13.192578819548794,800565.201500002,685565.201500002
1785600000000.0,602000.0211000019,199565.18040000004,116000.0,34.93362760586875,13.192578819548794,801565.201500002,685565.201500002
1785686400000.0,602000.0211000019,199565.18040000004,116000.0,34.93362760586875,13.192578819548794,801565.201500002,685565.201500002
1785772800000.0,602000.0211000019,199565.18040000004,116000.0,34.93362760586875,13.192578819548794,801565.201500002,685565.201500002
1785859200000.0,605472.1718000019,199565.18040000004,116000.0,35.13511401001143,12.69190035168737,805037.352200002,689037.352200002
1785945600000.0,608577.6927000019,199565.18040000004,116000.0,35.31532515094231,12.24408930301264,808142.873100002,692142.873100002
1786032000000.0,611458.6314000018,199565.18040000004,116000.0,35.48250394857297,11.828662641284316,811023.8118000019,695023.8118000019
1786118400000.0,614776.5663000019,199565.18040000004,116000.0,35.67504132092277,11.350221840256857,814341.746700002,698341.746700002
1786204800000.0,616762.4836000018,199565.18040000004,116000.0,35.7902826713923,11.063855804628442,816327.6640000019,700327.6640000019
1786291200000.0,618509.2875000018,199565.18040000004,116000.0,35.8916484434924,10.811969531285992,818074.4679000019,702074.4679000019
1786377600000.0,609769.6640000019,200428.47400000005,116000.0,35.434590692689,11.94772345657016,810198.1380000019,694198.1380000019
1786464000000.0,609769.6640000019,200428.47400000005,116000.0,35.434590692689,11.94772345657016,810198.1380000019,694198.1380000019
1786550400000.0,609769.6640000019,200428.47400000005,116000.0,35.434590692689,11.94772345657016,810198.1380000019,694198.1380000019
1786636800000.0,609769.6640000019,200428.47400000005,116000.0,35.434590692689,11.94772345657016,810198.1380000019,694198.1380000019
1786723200000.0,609769.6640000019,200428.47400000005,116000.0,35.434590692689,11.94772345657016,810198.1380000019,694198.1380000019
1786809600000.0,609769.6640000019,200428.47400000005,116000.0,35.434590692689,11.94772345657016,810198.1380000019,694198.1380000019
1786896000000.0,609769.6640000019,200428.47400000005,116000.0,35.434590692689,11.94772345657016,810198.1380000019,694198.1380000019
1786982400000.0,621905.8214000019,200428.47400000005,116000.0,36.13984022450409,10.195231736090948,822334.2954000019,706334.2954000019
1787068800000.0,634473.1320000018,200428.47400000005,116000.0,36.87014468782828,8.380480406712953,834901.6060000019,718901.6060000019
1787155200000.0,623411.1581000019,201944.19550000006,116000.0,36.315398254192814,9.758983316753046,825355.3536000019,709355.3536000019
1787241600000.0,653923.8227000018,201944.19550000006,116000.0,38.09284408965516,5.342164914575498,855868.0182000018,739868.0182000018
1787328000000.0,690240.1591000018,201944.19550000006,116000.0,40.20836961781339,2.4051382941946864,892184.3546000018,776184.3546000018
1787414400000.0,688381.5949000018,201944.19550000006,116000.0,40.10010319006819,2.6679255482815356,890325.7904000018,774325.7904000018
1787500800000.0,672561.1403000018,207405.30460000006,116000.0,39.49664309379425,4.132660507709874,879966.4449000019,763966.4449000019
1787587200000.0,686454.8714000018,207405.30460000006,116000.0,40.312562577713685,2.1522382734069034,893860.1760000018,777860.1760000018
1787673600000.0,689830.3748000019,207405.30460000006,116000.0,40.51079147478053,2.104368255456668,897235.6794000019,781235.6794000019
1787760000000.0,678711.6421000019,208088.69360000006,116000.0,39.897968311229754,3.5852751585183085,886800.335700002,770800.335700002
1787846400000.0,696001.125900002,208088.69360000006,116000.0,40.914328181874616,1.1292088118876276,904089.8195000021,788089.8195000021
1787932800000.0,684440.636800002,208725.24850000005,116000.0,40.27216624813054,2.6896833618263005,893165.8853000021,777165.8853000021
1788019200000.0,684440.636800002,208725.24850000005,116000.0,40.27216624813054,2.6896833618263005,893165.8853000021,777165.8853000021
1788105600000.0,684440.636800002,208725.24850000005,116000.0,40.27216624813054,2.6896833618263005,893165.8853000021,777165.8853000021
1788192000000.0,674163.955200002,208725.24850000005,116000.0,39.66749111982538,4.150770104368606,882889.203700002,766889.203700002
1788278400000.0,667825.753100002,208725.24850000005,117000.0,39.23635426129594,5.192533389695586,876551.0016000019,759551.0016000019
1788364800000.0,667825.753100002,208725.24850000005,117000.0,39.23635426129594,5.192533389695586,876551.0016000019,759551.0016000019
1788451200000.0,667825.753100002,208725.24850000005,117000.0,39.23635426129594,5.192533389695586,876551.0016000019,759551.0016000019
1788537600000.0,659430.4252000019,208725.24850000005,117000.0,38.74310874314232,6.384370880039603,868155.673700002,751155.673700002
1788624000000.0,661449.9051000018,208725.24850000005,117000.0,38.86175799919774,6.0976766753003115,870175.1536000019,753175.1536000019
1788710400000.0,660615.8249000019,208725.24850000005,117000.0,38.81275380003708,6.2160863507953685,869341.073400002,752341.073400002
1788796800000.0,655632.4300000018,208731.85710000005,117000.0,38.520353475372524,6.922618202171337,864364.2871000018,747364.2871000018
1788883200000.0,655632.4300000018,208731.85710000005,117000.0,38.520353475372524,6.922618202171337,864364.2871000018,747364.2871000018
1788969600000.0,655632.4300000018,208731.85710000005,117000.0,38.520353475372524,6.922618202171337,864364.2871000018,747364.2871000018
1789056000000.0,655632.4300000018,208731.85710000005,117000.0,38.520353475372524,6.922618202171337,864364.2871000018,747364.2871000018
1789142400000.0,655632.4300000018,208731.85710000005,117000.0,38.520353475372524,6.922618202171337,864364.2871000018,747364.2871000018
1789228800000.0,655632.4300000018,208731.85710000005,117000.0,38.520353475372524,6.922618202171337,864364.2871000018,747364.2871000018
1789315200000.0,655632.4300000018,208731.85710000005,117000.0,38.520353475372524,6.922618202171337,864364.2871000018,747364.2871000018
1789401600000.0,656042.2827000018,208731.85710000005,117000.0,38.54443353937551,6.864433136129433,864774.1398000019,747774.1398000019
1789488000000.0,647370.8680000019,208731.85710000005,117000.0,38.034962158627096,8.095477452773736,856102.7251000019,739102.7251000019
1789574400000.0,647370.8680000019,208731.85710000005,117000.0,38.034962158627096,8.095477452773736,856102.7251000019,739102.7251000019
1789660800000.0,647370.8680000019,208731.85710000005,117000.0,38.034962158627096,8.095477452773736,856102.7251000019,739102.7251000019
1789747200000.0,682198.9029000018,208731.85710000005,117000.0,40.08121270056659,3.151087649396578,890930.7600000019,773930.7600000019
1789833600000.0,692057.3768000018,208731.85710000005,117000.0,40.660427336663425,1.7515215249231053,900789.2339000019,783789.2339000019
1789920000000.0,678236.998500002,212161.42710000006,117000.0,40.049936472734025,3.22666092784607,890398.425600002,773398.425600002
1790006400000.0,685080.5785000019,212161.42710000006,117000.0,40.454050292611505,2.250193867995154,897242.005600002,780242.005600002
1790092800000.0,688681.2554000019,212161.42710000006,117000.0,40.666670484996715,1.7364360999824968,900842.682500002,783842.682500002
1790179200000.0,677285.0181000018,213068.07170000006,117000.0,40.04725939095589,3.2331296058380143,890353.0898000019,773353.0898000019
1790265600000.0,675623.5070000018,213068.07170000006,117000.0,39.94901572067758,3.4705174484381707,888691.5787000019,771691.5787000019
1790352000000.0,672390.3978000018,213068.07170000006,117000.0,39.75784485566286,3.932446843841364,885458.4695000019,768458.4695000019
1790438400000.0,672390.3978000018,213068.07170000006,117000.0,39.75784485566286,3.932446843841364,885458.4695000019,768458.4695000019
1790524800000.0,672334.1435000018,213068.07170000006,117000.0,39.75451858904873,3.9404841581355488,885402.2152000018,768402.2152000018
1790611200000.0,668065.7766000017,213068.07170000006,117000.0,39.5021338590578,4.550325651109555,881133.8483000018,764133.8483000018
1790697600000.0,668065.7766000017,213068.07170000006,117000.0,39.5021338590578,4.550325651109555,881133.8483000018,764133.8483000018
1790784000000.0,668065.7766000017,213068.07170000006,117000.0,39.5021338590578,4.550325651109555,881133.8483000018,764133.8483000018
