timestamp_ms,trading_bucket,retained_cash,contributions,trading_unit_nav,close_drawdown_pct,total_assets,net_profit
1503072000000.0,8000.0,0.0,8000.0,1.0,0.0,8000.0,0.0
1503158400000.0,8000.0,0.0,8000.0,1.0,0.0,8000.0,0.0
1503244800000.0,8000.0,0.0,8000.0,1.0,0.0,8000.0,0.0
1503331200000.0,8000.0,0.0,8000.0,1.0,0.0,8000.0,0.0
1503417600000.0,8000.0,0.0,8000.0,1.0,0.0,8000.0,0.0
1503504000000.0,8000.0,0.0,8000.0,1.0,0.0,8000.0,0.0
1503590400000.0,8000.0,0.0,8000.0,1.0,0.0,8000.0,0.0
1503676800000.0,8000.0,0.0,8000.0,1.0,0.0,8000.0,0.0
1503763200000.0,7894.1688,0.0,8000.0,0.9867711,1.7531950406162844,7894.1688,-105.83119999999963
1503849600000.0,8051.741400000001,0.0,8000.0,1.0064676750000001,2.8517850206492446,8051.741400000001,51.741400000000795
1503936000000.0,7731.2337,0.0,8000.0,0.9664042125,6.718867853455734,7731.2337,-268.76630000000023
1504022400000.0,8563.5082,0.0,8000.0,1.070438525,1.7983087927004981,8563.5082,563.5082000000002
1504108800000.0,8237.6681,50.6428,8000.0,1.0360388625,5.6124084324952195,8288.3109,288.3109000000004
1504195200000.0,8400.6469,50.6428,8000.0,1.0565364558132841,3.744989616658012,8451.2897,451.28969999999936
1504281600000.0,9836.885,50.6428,9000.0,1.1055651514942932,1.0219559755163643,9887.5278,887.5277999999998
1504368000000.0,9319.5845,59.744600000000005,9000.0,1.0484488211971816,8.701822211034372,9379.3291,379.32910000000084
1504454400000.0,9319.5845,59.744600000000005,9000.0,1.0484488211971816,8.701822211034372,9379.3291,379.32910000000084
1504540800000.0,9319.5845,59.744600000000005,9000.0,1.0484488211971816,8.701822211034372,9379.3291,379.32910000000084
1504627200000.0,9319.5845,59.744600000000005,9000.0,1.0484488211971816,8.701822211034372,9379.3291,379.32910000000084
1504713600000.0,9533.9236,59.744600000000005,9000.0,1.0725618679463649,6.602075247108374,9593.6682,593.6682000000001
1504800000000.0,9810.6473,59.744600000000005,9000.0,1.1036931525076372,3.891185125234331,9870.3919,870.3919000000005
1504886400000.0,9279.408,59.744600000000005,9000.0,1.0439289840665853,9.095406414272023,9339.1526,339.15259999999944
1504972800000.0,9279.408,59.744600000000005,9000.0,1.0439289840665853,9.095406414272023,9339.1526,339.15259999999944
1505059200000.0,9279.408,59.744600000000005,9000.0,1.0439289840665853,9.095406414272023,9339.1526,339.15259999999944
1505145600000.0,9279.408,59.744600000000005,9000.0,1.0439289840665853,9.095406414272023,9339.1526,339.15259999999944
1505232000000.0,9116.7219,59.744600000000005,9000.0,1.0256268752365012,10.68914103641031,9176.4665,176.46650000000045
1505318400000.0,9116.7219,59.744600000000005,9000.0,1.0256268752365012,10.68914103641031,9176.4665,176.46650000000045
1505404800000.0,9116.7219,59.744600000000005,9000.0,1.0256268752365012,10.68914103641031,9176.4665,176.46650000000045
1505491200000.0,9116.7219,59.744600000000005,9000.0,1.0256268752365012,10.68914103641031,9176.4665,176.46650000000045
1505577600000.0,9116.7219,59.744600000000005,9000.0,1.0256268752365012,10.68914103641031,9176.4665,176.46650000000045
1505664000000.0,9116.7219,59.744600000000005,9000.0,1.0256268752365012,10.68914103641031,9176.4665,176.46650000000045
1505750400000.0,9350.349,59.744600000000005,9000.0,1.0519098128068096,8.400441522808567,9410.0936,410.09360000000015
1505836800000.0,8879.363,59.744600000000005,9000.0,0.998924111942101,13.014398675524308,8939.1076,-60.892400000000634
1505923200000.0,9068.975,59.744600000000005,9000.0,1.0202553717085465,11.156887743902699,9128.7196,128.71960000000036
1506009600000.0,8602.4447,59.744600000000005,9000.0,0.9677709349734359,15.727195172666232,8662.1893,-337.8107
1506096000000.0,8602.4447,59.744600000000005,9000.0,0.9677709349734359,15.727195172666232,8662.1893,-337.8107
1506182400000.0,8602.4447,59.744600000000005,9000.0,0.9677709349734359,15.727195172666232,8662.1893,-337.8107
1506268800000.0,8145.464099999999,59.744600000000005,9000.0,0.9163608349437639,20.203950125090152,8205.2087,-794.7913000000008
1506355200000.0,8772.7024,59.744600000000005,9000.0,0.9869248452003075,14.059286290618921,8832.447,-167.55299999999988
1506441600000.0,8820.8093,59.744600000000005,9000.0,0.9923368485569434,13.588012886844748,8880.5539,-119.4460999999992
1506528000000.0,9639.4442,59.744600000000005,9000.0,1.0844328852306675,5.568355503572786,9699.1888,699.1887999999999
1506614400000.0,10015.0532,59.744600000000005,9000.0,1.126688718983884,5.968115220078696,10074.7978,1074.7978000000003
1506700800000.0,9331.1637,191.4889,9000.0,1.0645726467416416,11.152236840939034,9522.6526,522.6525999999994
1506787200000.0,9773.3699,191.4889,9000.0,1.115023012834733,6.941718947541842,9964.8588,964.8588
1506873600000.0,10617.4583,191.4889,10000.0,1.0988864628432689,8.288453128843686,10808.9472,808.9472000000005
1506960000000.0,10932.515800000001,191.4889,10000.0,1.131494306640239,5.567047509726786,11124.004700000001,1124.0047000000013
1507046400000.0,10536.8747,214.3456,10000.0,1.0929118399947941,8.787086902152364,10751.2203,751.2203000000009
1507132800000.0,10536.8747,214.3456,10000.0,1.0929118399947941,8.787086902152364,10751.2203,751.2203000000009
1507219200000.0,10536.8747,214.3456,10000.0,1.0929118399947941,8.787086902152364,10751.2203,751.2203000000009
1507305600000.0,10898.6145,214.3456,10000.0,1.130432425716227,5.655670625423492,11112.9601,1112.9601000000002
1507392000000.0,10678.6185,214.3456,10000.0,1.1076138727774232,7.5600755463507525,10892.964100000001,892.964100000001
1507478400000.0,12069.729800000001,214.3456,10000.0,1.2519035273294081,0.41822230237712477,12284.075400000002,2284.0754000000015
1507564800000.0,12488.2629,214.3456,10000.0,1.295314860712705,1.5832609323284452,12702.6085,2702.6085000000003
1507651200000.0,13432.6798,214.3456,10000.0,1.3932722191599094,2.3737743412191037,13647.0254,3647.0254000000004
1507737600000.0,12575.6213,440.87289999999996,10000.0,1.3278718956687205,9.187504601044427,13016.494200000001,3016.494200000001
1507824000000.0,14997.5657,440.87289999999996,10000.0,1.5836073241546467,0.7059686974678292,15438.4386,5438.4385999999995
1507910400000.0,17436.5808,440.87289999999996,10000.0,1.8411452642007289,2.5030267172061027,17877.4537,7877.453699999998
1507996800000.0,16171.6526,840.4319,10000.0,1.749770101682331,7.341755063084143,17012.0845,7012.084500000001
1508083200000.0,15318.2001,840.4319,10000.0,1.6574266841823757,12.231756891779321,16158.632,6158.632
1508169600000.0,16077.906899999998,840.4319,10000.0,1.7396268326498707,7.878887058634366,16918.338799999998,6918.338799999998
1508256000000.0,15618.076,873.7514,10000.0,1.693478370633894,10.322656953220577,16491.8274,6491.827399999998
1508342400000.0,15248.9382,873.7514,10000.0,1.6534525134102913,12.442207218063261,16122.6896,6122.6896
1508428800000.0,14978.3258,873.7514,10000.0,1.6241098308528925,13.996035040870137,15852.0772,5852.0772
1508515200000.0,16255.4706,873.7514,10000.0,1.7625914911398288,6.6628044720081,17129.222,7129.222000000002
1508601600000.0,17508.613,873.7514,10000.0,1.8984705552271242,0.5720445170642074,18382.364400000002,8382.364400000002
1508688000000.0,16458.5068,1008.1478999999999,10000.0,1.7991795432785553,5.772179061524851,17466.6547,7466.654699999999
1508774400000.0,16055.623,1008.1478999999999,10000.0,1.7551378631865115,8.078759058527519,17063.7709,7063.7708999999995
1508860800000.0,15897.6659,1008.1478999999999,10000.0,1.7378706112730145,8.983090995539012,16905.8138,6905.8138
1508947200000.0,15897.6659,1008.1478999999999,10000.0,1.7378706112730145,8.983090995539012,16905.8138,6905.8138
1509033600000.0,16061.4418,1008.1478999999999,10000.0,1.7557739516271975,8.045445414031116,17069.5897,7069.5897
1509120000000.0,15112.832699999999,1008.1478999999999,10000.0,1.6520757177577747,13.476397899672655,16120.980599999999,6120.980599999999
1509206400000.0,14485.412,1008.1478999999999,10000.0,1.5834885426156464,17.06849079674474,15493.5599,5493.5599
1509292800000.0,14485.412,1008.1478999999999,10000.0,1.5834885426156464,17.06849079674474,15493.5599,5493.5599
1509379200000.0,15289.0176,1008.1478999999999,10000.0,1.6713355614219993,12.467708629679885,16297.1655,6297.165499999999
1509465600000.0,17287.0543,1008.1478999999999,10000.0,1.889753112968036,1.8406286454583531,18295.2022,8295.2022
1509552000000.0,19788.8087,1008.1478999999999,11000.0,2.0449418604697835,1.5989864294297162,20796.9566,9796.956600000001
1509638400000.0,22603.1594,1008.1478999999999,11000.0,2.335772078888765,7.614993130316005,23611.3073,12611.3073
1509724800000.0,20873.5238,1606.8269,11000.0,2.218900945877378,12.237507682875194,22480.3507,11480.350699999999
1509811200000.0,19867.6905,1606.8269,11000.0,2.111978680037196,16.466522300117635,21474.5174,10474.5174
1509897600000.0,20863.9214,1606.8269,11000.0,2.2178801898877882,12.277880863958579,22470.7483,11470.7483
1509984000000.0,19788.4681,1606.8269,11000.0,2.1035571667374304,16.799611975725938,21395.295,10395.294999999998
1510070400000.0,19788.4681,1606.8269,11000.0,2.1035571667374304,16.799611975725938,21395.295,10395.294999999998
1510156800000.0,20375.6,1606.8269,11000.0,2.1659705637636084,14.331022610719513,21982.4269,10982.426899999999
1510243200000.0,19376.0333,1606.8269,11000.0,2.059714451123081,18.53368937986386,20982.8602,9982.8602
1510329600000.0,19376.0333,1606.8269,11000.0,2.059714451123081,18.53368937986386,20982.8602,9982.8602
1510416000000.0,19376.0333,1606.8269,11000.0,2.059714451123081,18.53368937986386,20982.8602,9982.8602
1510502400000.0,19376.0333,1606.8269,11000.0,2.059714451123081,18.53368937986386,20982.8602,9982.8602
1510588800000.0,19376.0333,1606.8269,11000.0,2.059714451123081,18.53368937986386,20982.8602,9982.8602
1510675200000.0,18996.0493,1606.8269,11000.0,2.0193213260764002,20.131327766183205,20602.8762,9602.876199999999
1510761600000.0,21676.769500000002,1606.8269,11000.0,2.304287709539292,8.860270315075613,23283.596400000002,12283.596400000002
1510848000000.0,22410.0498,1606.8269,11000.0,2.382236999120347,5.777201672154442,24016.8767,13016.8767
1510934400000.0,24432.4532,1606.8269,11000.0,2.597222875975774,0.9803778012419273,26039.2801,15039.2801
1511020800000.0,22732.2283,2021.9578000000001,11000.0,2.4606145907881367,6.188594975679829,24754.1861,13754.186099999999
1511107200000.0,23247.9795,2021.9578000000001,11000.0,2.5164412748768448,4.060191896295873,25269.9373,14269.937300000001
1511193600000.0,25468.9881,2021.9578000000001,11000.0,2.7568508860818284,0.42127929560493715,27490.9459,16490.9459
1511280000000.0,24127.4371,2176.981,11000.0,2.6284170353160525,6.451284457073458,26304.4181,15304.418099999999
1511366400000.0,22918.5852,2176.981,11000.0,2.4967260101166056,11.138336051402398,25095.5662,14095.566200000001
1511452800000.0,22791.9382,2176.981,11000.0,2.4829292222152635,11.629381334341504,24968.9192,13968.9192
1511539200000.0,21633.1281,2176.981,11000.0,2.356689696860277,16.12240709434525,23810.1091,12810.109100000001
1511625600000.0,23731.831,2176.981,11000.0,2.585320132474476,7.9851582109479065,25908.811999999998,14908.811999999998
1511712000000.0,26557.3257,2176.981,11000.0,2.8931264847154785,0.059757563607709674,28734.3067,17734.3067
1511798400000.0,29180.5289,2176.981,11000.0,3.1788954186224943,1.529440096859791,31357.5099,20357.5099
1511884800000.0,30526.253,2176.981,11000.0,3.3254971540084446,1.989414109671428,32703.234,21703.234
1511971200000.0,35563.9418,2176.981,11000.0,3.874297551069303,7.3230308240210595,37740.9228,26740.9228
1512057600000.0,32159.093600000004,3346.5327,11000.0,3.6307867556528124,13.148046116045675,35505.6263,24505.626300000004
1512144000000.0,32458.4433,3346.5327,12000.0,3.5540683790810172,14.983224371472403,35804.976,23804.976000000002
1512230400000.0,33044.4802,3346.5327,12000.0,3.6182370514974376,13.448247256986523,36391.0129,24391.0129
1512316800000.0,35391.7958,3346.5327,12000.0,3.8752586243614573,7.300041015236691,38738.3285,26738.328500000003
1512403200000.0,33453.6826,3461.7903,12000.0,3.6756633021917477,12.074555434059874,36915.4729,24915.4729
1512489600000.0,35327.542799999996,3461.7903,12000.0,3.8815503267364737,7.149537369249847,38789.333099999996,26789.333099999996
1512576000000.0,37079.523199999996,3461.7903,12000.0,4.074046027118327,5.127916628390905,40541.3135,28541.313499999997
1512662400000.0,47099.1138,3461.7903,12000.0,5.174930551903213,1.3347061544053962,50560.9041,38560.9041
1512748800000.0,43742.4946,4604.9916,12000.0,4.931735234821908,8.884150284065218,48347.4862,36347.4862
1512835200000.0,42597.863,4604.9916,12000.0,4.802684067433513,11.268424016037281,47202.8546,35202.8546
1512921600000.0,41667.0242,4604.9916,12000.0,4.697736909072331,13.207366204546144,46272.0158,34272.0158
1513008000000.0,43227.8264,4604.9916,12000.0,4.873709113554869,9.956206891572261,47832.818,35832.818
1513094400000.0,43155.935399999995,4604.9916,12000.0,4.865603783005967,10.105956228271696,47760.926999999996,35760.926999999996
1513180800000.0,41002.0423,4604.9916,12000.0,4.622763712030459,14.592527051413274,45607.0339,33607.0339
1513267200000.0,41221.5604,4604.9916,12000.0,4.647513218393802,14.135269677492769,45826.552,33826.552
1513353600000.0,44977.792499999996,4604.9916,12000.0,5.071008548670165,6.311018165285476,49582.7841,37582.7841
1513440000000.0,48068.7207,4604.9916,12000.0,5.41949437810534,0.2647109752504373,52673.7123,40673.7123
1513526400000.0,49268.4985,4604.9916,12000.0,5.554762988282345,2.917145909227603,53873.4901,41873.4901
1513612800000.0,46103.8568,5236.9197,12000.0,5.269212906718578,7.9078209321840065,51340.7765,39340.7765
1513699200000.0,45266.1293,5236.9197,12000.0,5.173468974178142,9.581176618557596,50503.049,38503.049
1513785600000.0,45266.1293,5236.9197,12000.0,5.173468974178142,9.581176618557596,50503.049,38503.049
1513872000000.0,45266.1293,5236.9197,12000.0,5.173468974178142,9.581176618557596,50503.049,38503.049
1513958400000.0,45266.1293,5236.9197,12000.0,5.173468974178142,9.581176618557596,50503.049,38503.049
1514044800000.0,45266.1293,5236.9197,12000.0,5.173468974178142,9.581176618557596,50503.049,38503.049
1514131200000.0,45266.1293,5236.9197,12000.0,5.173468974178142,9.581176618557596,50503.049,38503.049
1514217600000.0,45266.1293,5236.9197,12000.0,5.173468974178142,9.581176618557596,50503.049,38503.049
1514304000000.0,46615.4662,5236.9197,12000.0,5.3276847795897115,6.885884206109971,51852.3859,39852.3859
1514390400000.0,45363.5399,5236.9197,12000.0,5.184602038229548,9.386599525859706,50600.4596,38600.4596
1514476800000.0,43056.0532,5236.9197,12000.0,4.920879227479332,13.995790450923574,48292.9729,36292.9729
1514563200000.0,43056.0532,5236.9197,12000.0,4.920879227479332,13.995790450923574,48292.9729,36292.9729
1514649600000.0,43056.0532,5236.9197,12000.0,4.920879227479332,13.995790450923574,48292.9729,36292.9729
1514736000000.0,43056.0532,5236.9197,12000.0,4.920879227479332,13.995790450923574,48292.9729,36292.9729
1514822400000.0,44056.0532,5236.9197,13000.0,4.920879227479332,13.995790450923574,49292.9729,36292.9729
1514908800000.0,44056.0532,5236.9197,13000.0,4.920879227479332,13.995790450923574,49292.9729,36292.9729
1514995200000.0,45631.789699999994,5236.9197,13000.0,5.096882488044464,10.91970981508197,50868.70939999999,37868.70939999999
1515081600000.0,43432.032699999996,5236.9197,13000.0,4.851178714316448,15.213974694557098,48668.952399999995,35668.952399999995
1515168000000.0,49292.3248,5236.9197,13000.0,5.505749143740463,3.773780823827033,54529.2445,41529.2445
1515254400000.0,50992.505999999994,5236.9197,13000.0,5.695652363442196,4.2260288667307355,56229.42569999999,43229.42569999999
1515340800000.0,50569.474799999996,5236.9197,13000.0,5.6484015251702,5.020564792014981,55806.394499999995,42806.394499999995
1515427200000.0,47603.2391,5700.387000000001,13000.0,5.368852629247956,9.721256860274142,53303.6261,40303.6261
1515513600000.0,47603.2391,5700.387000000001,13000.0,5.368852629247956,9.721256860274142,53303.6261,40303.6261
1515600000000.0,47603.2391,5700.387000000001,13000.0,5.368852629247956,9.721256860274142,53303.6261,40303.6261
1515686400000.0,47603.2391,5700.387000000001,13000.0,5.368852629247956,9.721256860274142,53303.6261,40303.6261
1515772800000.0,47603.2391,5700.387000000001,13000.0,5.368852629247956,9.721256860274142,53303.6261,40303.6261
1515859200000.0,47603.2391,5700.387000000001,13000.0,5.368852629247956,9.721256860274142,53303.6261,40303.6261
1515945600000.0,45195.4599,5700.387000000001,13000.0,5.097295232462145,14.287569658387378,50895.846900000004,37895.846900000004
1516032000000.0,45195.4599,5700.387000000001,13000.0,5.097295232462145,14.287569658387378,50895.846900000004,37895.846900000004
1516118400000.0,45195.4599,5700.387000000001,13000.0,5.097295232462145,14.287569658387378,50895.846900000004,37895.846900000004
1516204800000.0,45195.4599,5700.387000000001,13000.0,5.097295232462145,14.287569658387378,50895.846900000004,37895.846900000004
1516291200000.0,45195.4599,5700.387000000001,13000.0,5.097295232462145,14.287569658387378,50895.846900000004,37895.846900000004
1516377600000.0,45195.4599,5700.387000000001,13000.0,5.097295232462145,14.287569658387378,50895.846900000004,37895.846900000004
1516464000000.0,45362.951,5700.387000000001,13000.0,5.1161854392970545,13.96992560136584,51063.338,38063.338
1516550400000.0,43083.3585,5700.387000000001,13000.0,4.859085367566034,18.293134476678397,48783.745500000005,35783.745500000005
1516636800000.0,43083.3585,5700.387000000001,13000.0,4.859085367566034,18.293134476678397,48783.745500000005,35783.745500000005
1516723200000.0,43083.3585,5700.387000000001,13000.0,4.859085367566034,18.293134476678397,48783.745500000005,35783.745500000005
1516809600000.0,43083.3585,5700.387000000001,13000.0,4.859085367566034,18.293134476678397,48783.745500000005,35783.745500000005
1516896000000.0,40955.2413,5700.387000000001,13000.0,4.619069187142551,22.32907299057739,46655.628300000004,33655.628300000004
1516982400000.0,38806.832200000004,5700.387000000001,13000.0,4.376764418321994,26.40349475188879,44507.21920000001,31507.219200000007
1517068800000.0,38806.832200000004,5700.387000000001,13000.0,4.376764418321994,26.40349475188879,44507.21920000001,31507.219200000007
1517155200000.0,39552.4252,5700.387000000001,13000.0,4.460854892291418,24.989490154588655,45252.8122,32252.8122
1517241600000.0,37550.1229,5700.387000000001,13000.0,4.235028537380535,28.786822824536785,43250.509900000005,30250.509900000005
1517328000000.0,37550.1229,5700.387000000001,13000.0,4.235028537380535,28.786822824536785,43250.509900000005,30250.509900000005
1517414400000.0,37550.1229,5700.387000000001,13000.0,4.235028537380535,28.786822824536785,43250.509900000005,30250.509900000005
1517500800000.0,38550.1229,5700.387000000001,14000.0,4.235028537380535,28.786822824536785,44250.509900000005,30250.509900000005
1517587200000.0,38550.1229,5700.387000000001,14000.0,4.235028537380535,28.786822824536785,44250.509900000005,30250.509900000005
1517673600000.0,38550.1229,5700.387000000001,14000.0,4.235028537380535,28.786822824536785,44250.509900000005,30250.509900000005
1517760000000.0,38550.1229,5700.387000000001,14000.0,4.235028537380535,28.786822824536785,44250.509900000005,30250.509900000005
1517846400000.0,38550.1229,5700.387000000001,14000.0,4.235028537380535,28.786822824536785,44250.509900000005,30250.509900000005
1517932800000.0,38550.1229,5700.387000000001,14000.0,4.235028537380535,28.786822824536785,44250.509900000005,30250.509900000005
1518019200000.0,38550.1229,5700.387000000001,14000.0,4.235028537380535,28.786822824536785,44250.509900000005,30250.509900000005
1518105600000.0,37656.653,5700.387000000001,14000.0,4.136873972903373,30.437318996875675,43357.04,29357.04
1518192000000.0,37656.653,5700.387000000001,14000.0,4.136873972903373,30.437318996875675,43357.04,29357.04
1518278400000.0,35837.8306,5700.387000000001,14000.0,3.937062294263383,33.79720768407623,41538.2176,27538.217600000004
1518364800000.0,34013.7913,5700.387000000001,14000.0,3.736677498893415,37.166733487738654,39714.1783,25714.1783
1518451200000.0,34692.9674,5700.387000000001,14000.0,3.8112902354822995,35.91209966807215,40393.354400000004,26393.354400000004
1518537600000.0,32990.7025,5700.387000000001,14000.0,3.6242832978291584,39.0566730910345,38691.0895,24691.089500000002
1518624000000.0,37237.4138,5700.387000000001,14000.0,4.090817311019461,31.211774515628356,42937.800800000005,28937.800800000005
1518710400000.0,40104.9198,5700.387000000001,14000.0,4.405834977049001,25.914665259727542,45805.306800000006,31805.306800000006
1518796800000.0,41470.1348,5700.387000000001,14000.0,4.5558143817751,23.392720052709805,47170.5218,33170.5218
1518883200000.0,45593.1472,5700.387000000001,14000.0,5.008759116069937,15.776328963647101,51293.5342,37293.5342
1518969600000.0,42239.342599999996,6728.0136,14000.0,4.753210508907733,20.073449532766354,48967.356199999995,34967.356199999995
1519056000000.0,44824.151,6728.0136,14000.0,5.0440800559729135,15.182397581812701,51552.1646,37552.1646
1519142400000.0,46300.3132,6728.0136,14000.0,5.2101931924470675,12.38915920939252,53028.326799999995,39028.326799999995
1519228800000.0,43849.876,6906.9617,14000.0,4.954581594434428,16.687338987098656,50756.8377,36756.8377
1519315200000.0,43849.876,6906.9617,14000.0,4.954581594434428,16.687338987098656,50756.8377,36756.8377
1519401600000.0,43849.876,6906.9617,14000.0,4.954581594434428,16.687338987098656,50756.8377,36756.8377
1519488000000.0,43849.876,6906.9617,14000.0,4.954581594434428,16.687338987098656,50756.8377,36756.8377
1519574400000.0,43849.876,6906.9617,14000.0,4.954581594434428,16.687338987098656,50756.8377,36756.8377
1519660800000.0,43849.876,6906.9617,14000.0,4.954581594434428,16.687338987098656,50756.8377,36756.8377
1519747200000.0,45523.7171,6906.9617,14000.0,5.143708293585593,13.507121187765247,52430.6788,38430.6788
1519833600000.0,45105.7785,6906.9617,14000.0,5.096485562666953,14.301184480122275,52012.7402,38012.7402
1519920000000.0,46912.5807,6908.7215,15000.0,5.185840519939669,12.798656138789388,53821.3022,38821.3022
1520006400000.0,47945.3399,6908.7215,15000.0,5.300004448395229,10.878958079521695,54854.0614,39854.0614
1520092800000.0,52636.8019,6908.7215,15000.0,5.8186110433497715,2.158444627278322,59545.5234,44545.5234
1520179200000.0,49482.7719,7421.7278,15000.0,5.526665311240838,7.067592927646837,56904.4997,41904.4997
1520265600000.0,53389.4968,7421.7278,15000.0,5.9630022454171305,1.898298674273402,60811.2246,45811.2246
1520352000000.0,50818.80730000001,7570.1761,15000.0,5.692465331225015,8.271499844883746,58388.983400000005,43388.983400000005
1520438400000.0,50818.80730000001,7570.1761,15000.0,5.692465331225015,8.271499844883746,58388.983400000005,43388.983400000005
1520524800000.0,50818.80730000001,7570.1761,15000.0,5.692465331225015,8.271499844883746,58388.983400000005,43388.983400000005
1520611200000.0,50818.80730000001,7570.1761,15000.0,5.692465331225015,8.271499844883746,58388.983400000005,43388.983400000005
1520697600000.0,50818.80730000001,7570.1761,15000.0,5.692465331225015,8.271499844883746,58388.983400000005,43388.983400000005
1520784000000.0,50818.80730000001,7570.1761,15000.0,5.692465331225015,8.271499844883746,58388.983400000005,43388.983400000005
1520870400000.0,48713.56539999999,7570.1761,15000.0,5.456646799340809,12.071484382315202,56283.74149999999,41283.74149999999
1520956800000.0,48713.56539999999,7570.1761,15000.0,5.456646799340809,12.071484382315202,56283.74149999999,41283.74149999999
1521043200000.0,48713.56539999999,7570.1761,15000.0,5.456646799340809,12.071484382315202,56283.74149999999,41283.74149999999
1521129600000.0,48713.56539999999,7570.1761,15000.0,5.456646799340809,12.071484382315202,56283.74149999999,41283.74149999999
1521216000000.0,48713.56539999999,7570.1761,15000.0,5.456646799340809,12.071484382315202,56283.74149999999,41283.74149999999
1521302400000.0,48713.56539999999,7570.1761,15000.0,5.456646799340809,12.071484382315202,56283.74149999999,41283.74149999999
1521388800000.0,48713.56539999999,7570.1761,15000.0,5.456646799340809,12.071484382315202,56283.74149999999,41283.74149999999
1521475200000.0,48713.56539999999,7570.1761,15000.0,5.456646799340809,12.071484382315202,56283.74149999999,41283.74149999999
1521561600000.0,48460.1921,7570.1761,15000.0,5.428265205935959,12.528825945865663,56030.3682,41030.3682
1521648000000.0,51991.6753,7570.1761,15000.0,5.823844062502386,6.154460342464518,59561.8514,44561.8514
1521734400000.0,49331.6233,7638.849099999999,15000.0,5.533570915584894,10.83192763523716,56970.4724,41970.4724
1521820800000.0,48207.960300000006,7638.849099999999,15000.0,5.407528663581425,12.862975003946108,55846.809400000006,40846.809400000006
1521907200000.0,49204.1642,7638.849099999999,15000.0,5.519273717935478,11.062312963999442,56843.0133,41843.0133
1521993600000.0,46712.0523,7638.849099999999,15000.0,5.239731367497094,15.566863987770152,54350.9014,39350.9014
1522080000000.0,46712.0523,7638.849099999999,15000.0,5.239731367497094,15.566863987770152,54350.9014,39350.9014
1522166400000.0,46712.0523,7638.849099999999,15000.0,5.239731367497094,15.566863987770152,54350.9014,39350.9014
1522252800000.0,46712.0523,7638.849099999999,15000.0,5.239731367497094,15.566863987770152,54350.9014,39350.9014
1522339200000.0,46712.0523,7638.849099999999,15000.0,5.239731367497094,15.566863987770152,54350.9014,39350.9014
1522425600000.0,46712.0523,7638.849099999999,15000.0,5.239731367497094,15.566863987770152,54350.9014,39350.9014
1522512000000.0,46712.0523,7638.849099999999,15000.0,5.239731367497094,15.566863987770152,54350.9014,39350.9014
1522598400000.0,47712.0523,7638.849099999999,16000.0,5.239731367497094,15.566863987770152,55350.9014,39350.9014
1522684800000.0,47712.0523,7638.849099999999,16000.0,5.239731367497094,15.566863987770152,55350.9014,39350.9014
1522771200000.0,48114.832500000004,7638.849099999999,16000.0,5.283964636585516,14.8540882053368,55753.6816,39753.6816
1522857600000.0,45712.6965,7638.849099999999,16000.0,5.020162374023986,19.10500313837301,53351.5456,37351.5456
1522944000000.0,45712.6965,7638.849099999999,16000.0,5.020162374023986,19.10500313837301,53351.5456,37351.5456
1523030400000.0,45712.6965,7638.849099999999,16000.0,5.020162374023986,19.10500313837301,53351.5456,37351.5456
1523116800000.0,45712.6965,7638.849099999999,16000.0,5.020162374023986,19.10500313837301,53351.5456,37351.5456
1523203200000.0,43426.988,7638.849099999999,16000.0,4.769146164343885,23.149883359650136,51065.8371,35065.8371
1523289600000.0,41364.964,7638.849099999999,16000.0,4.542694957311405,26.798922637142763,49003.8131,33003.8131
1523376000000.0,41364.964,7638.849099999999,16000.0,4.542694957311405,26.798922637142763,49003.8131,33003.8131
1523462400000.0,41364.964,7638.849099999999,16000.0,4.542694957311405,26.798922637142763,49003.8131,33003.8131
1523548800000.0,39408.3727,7638.849099999999,16000.0,4.327822355656793,30.261384036088824,47047.2218,31047.2218
1523635200000.0,43129.4308,7638.849099999999,16000.0,4.736468471406653,23.676452356956045,50768.2799,34768.2799
1523721600000.0,40795.721,7792.9989,16000.0,4.4971094761671635,27.53348799167795,48588.7199,32588.719899999996
1523808000000.0,43197.168999999994,7792.9989,16000.0,4.761832694499858,23.267732758932812,50990.16789999999,34990.16789999999
1523894400000.0,41060.6074,7822.4307,16000.0,4.529553593682048,27.01068283339757,48883.0381,32883.0381
1523980800000.0,42537.805,7822.4307,16000.0,4.692508944840797,24.384817046907912,50360.2357,34360.2357
1524067200000.0,40397.6958,7822.4307,16000.0,4.4564252643609015,28.189074194111342,48220.1265,32220.1265
1524153600000.0,41906.1906,7822.4307,16000.0,4.622833130075784,25.507574519039046,49728.6213,33728.6213
1524240000000.0,44605.9599,7822.4307,16000.0,4.92065506962477,20.70846583088175,52428.3906,36428.3906
1524326400000.0,49104.6794,7822.4307,16000.0,5.416926127665487,12.711544079814828,56927.1101,40927.1101
1524412800000.0,50478.816399999996,7822.4307,16000.0,5.568512467485717,10.268878769331312,58301.24709999999,42301.24709999999
1524499200000.0,47275.1275,8586.5897,16000.0,5.299398537489647,14.605386017602285,55861.7172,39861.7172
1524585600000.0,54397.124299999996,8586.5897,16000.0,6.097752797368182,2.136286739042359,62983.71399999999,46983.71399999999
1524672000000.0,51202.631799999996,9022.979000000001,16000.0,5.788577786379041,15.518677610453313,60225.610799999995,44225.610799999995
1524758400000.0,50738.072700000004,9022.979000000001,16000.0,5.736058288998046,16.28517272440362,59761.0517,43761.0517
1524844800000.0,50624.4886,9022.979000000001,16000.0,5.7232173397141475,16.47257978988238,59647.467599999996,43647.467599999996
1524931200000.0,48077.7207,9022.979000000001,16000.0,5.435299246937456,20.67459660908909,57100.6997,41100.6997
1525017600000.0,48263.592099999994,9022.979000000001,16000.0,5.456312445270029,20.367919762325993,57286.571099999994,41286.571099999994
1525104000000.0,47197.6023,9022.979000000001,16000.0,5.335799794652984,22.126740057140772,56220.5813,40220.5813
1525190400000.0,46991.5115,9022.979000000001,17000.0,5.202287411872451,24.07528477208264,56014.4905,39014.4905
1525276800000.0,46991.5115,9022.979000000001,17000.0,5.202287411872451,24.07528477208264,56014.4905,39014.4905
1525363200000.0,50617.2883,9022.979000000001,17000.0,5.603686141191877,18.21707629500503,59640.2673,42640.2673
1525449600000.0,53534.4676,9022.979000000001,17000.0,5.926638195001955,13.503756792156619,62557.4466,45557.4466
1525536000000.0,58870.3049,9022.979000000001,17000.0,6.517352524707852,4.882584274541402,67893.28390000001,50893.28390000001
1525622400000.0,55002.137,9913.0485,17000.0,6.187656302494666,9.694331454470195,64915.18550000001,47915.18550000001
1525708800000.0,52328.5825,9913.0485,17000.0,5.886885509680052,14.083926835380767,62241.630999999994,45241.630999999994
1525795200000.0,52328.5825,9913.0485,17000.0,5.886885509680052,14.083926835380767,62241.630999999994,45241.630999999994
1525881600000.0,52328.5825,9913.0485,17000.0,5.886885509680052,14.083926835380767,62241.630999999994,45241.630999999994
1525968000000.0,52328.5825,9913.0485,17000.0,5.886885509680052,14.083926835380767,62241.630999999994,45241.630999999994
1526054400000.0,52328.5825,9913.0485,17000.0,5.886885509680052,14.083926835380767,62241.630999999994,45241.630999999994
1526140800000.0,52328.5825,9913.0485,17000.0,5.886885509680052,14.083926835380767,62241.630999999994,45241.630999999994
1526227200000.0,52328.5825,9913.0485,17000.0,5.886885509680052,14.083926835380767,62241.630999999994,45241.630999999994
1526313600000.0,52328.5825,9913.0485,17000.0,5.886885509680052,14.083926835380767,62241.630999999994,45241.630999999994
1526400000000.0,49742.743,9913.0485,17000.0,5.595982520230486,18.329506689831476,59655.79150000001,42655.79150000001
1526486400000.0,49742.743,9913.0485,17000.0,5.595982520230486,18.329506689831476,59655.79150000001,42655.79150000001
1526572800000.0,49742.743,9913.0485,17000.0,5.595982520230486,18.329506689831476,59655.79150000001,42655.79150000001
1526659200000.0,49742.743,9913.0485,17000.0,5.595982520230486,18.329506689831476,59655.79150000001,42655.79150000001
1526745600000.0,49742.743,9913.0485,17000.0,5.595982520230486,18.329506689831476,59655.79150000001,42655.79150000001
1526832000000.0,50290.7336,9913.0485,17000.0,5.657630624735913,17.429784239235303,60203.7821,43203.7821
1526918400000.0,50431.3023,9913.0485,17000.0,5.673444388526373,17.198990471529953,60344.3508,43344.3508
1527004800000.0,48592.446500000005,9913.0485,17000.0,5.466575923029316,20.218129571122123,58505.49500000001,41505.49500000001
1527091200000.0,48592.446500000005,9913.0485,17000.0,5.466575923029316,20.218129571122123,58505.49500000001,41505.49500000001
1527177600000.0,48592.446500000005,9913.0485,17000.0,5.466575923029316,20.218129571122123,58505.49500000001,41505.49500000001
1527264000000.0,48592.446500000005,9913.0485,17000.0,5.466575923029316,20.218129571122123,58505.49500000001,41505.49500000001
1527350400000.0,48592.446500000005,9913.0485,17000.0,5.466575923029316,20.218129571122123,58505.49500000001,41505.49500000001
1527436800000.0,48592.446500000005,9913.0485,17000.0,5.466575923029316,20.218129571122123,58505.49500000001,41505.49500000001
1527523200000.0,48592.446500000005,9913.0485,17000.0,5.466575923029316,20.218129571122123,58505.49500000001,41505.49500000001
1527609600000.0,48592.446500000005,9913.0485,17000.0,5.466575923029316,20.218129571122123,58505.49500000001,41505.49500000001
1527696000000.0,46723.1768,9913.0485,17000.0,5.256285940291603,23.28720395909366,56636.225300000006,39636.225300000006
1527782400000.0,48011.2176,9913.0485,17000.0,5.401188560602343,21.172424572286943,57924.26610000001,40924.26610000001
1527868800000.0,46494.403600000005,9913.0485,18000.0,5.123676714397274,25.2225675627354,56407.45210000001,38407.45210000001
1527955200000.0,48471.150200000004,9913.0485,18000.0,5.341513910714897,22.043345465409846,58384.19870000001,40384.19870000001
1528041600000.0,50509.55590000001,9913.0485,18000.0,5.566145931149818,18.76495639684923,60422.60440000001,42422.60440000001
1528128000000.0,47791.2823,10057.1461,18000.0,5.282472099274698,22.905030406135573,57848.4284,39848.4284
1528214400000.0,47791.2823,10057.1461,18000.0,5.282472099274698,22.905030406135573,57848.4284,39848.4284
1528300800000.0,48420.4114,10057.1461,18000.0,5.352011077047466,21.890144709395955,58477.557499999995,40477.557499999995
1528387200000.0,46188.306899999996,10057.1461,18000.0,5.10529181829438,25.490885687166866,56245.452999999994,38245.452999999994
1528473600000.0,43854.7753,10057.1461,18000.0,4.84736160641187,29.25524477297281,53911.9214,35911.9214
1528560000000.0,41869.187399999995,10057.1461,18000.0,4.627890351872892,32.458315111523774,51926.33349999999,33926.33349999999
1528646400000.0,41450.6179,10057.1461,18000.0,4.58162497461271,33.133534551606026,51507.763999999996,33507.763999999996
1528732800000.0,41450.6179,10057.1461,18000.0,4.58162497461271,33.133534551606026,51507.763999999996,33507.763999999996
1528819200000.0,41450.6179,10057.1461,18000.0,4.58162497461271,33.133534551606026,51507.763999999996,33507.763999999996
1528905600000.0,41450.6179,10057.1461,18000.0,4.58162497461271,33.133534551606026,51507.763999999996,33507.763999999996
1528992000000.0,41450.6179,10057.1461,18000.0,4.58162497461271,33.133534551606026,51507.763999999996,33507.763999999996
1529078400000.0,41450.6179,10057.1461,18000.0,4.58162497461271,33.133534551606026,51507.763999999996,33507.763999999996
1529164800000.0,41450.6179,10057.1461,18000.0,4.58162497461271,33.133534551606026,51507.763999999996,33507.763999999996
1529251200000.0,41450.6179,10057.1461,18000.0,4.58162497461271,33.133534551606026,51507.763999999996,33507.763999999996
1529337600000.0,41450.6179,10057.1461,18000.0,4.58162497461271,33.133534551606026,51507.763999999996,33507.763999999996
1529424000000.0,41931.4007,10057.1461,18000.0,4.634766920268586,32.35795512449252,51988.5468,33988.5468
1529510400000.0,39913.0502,10057.1461,18000.0,4.41167434585555,35.613876768328836,49970.196299999996,31970.196299999996
1529596800000.0,39334.4366,10057.1461,18000.0,4.3477189537596805,36.54727289732528,49391.5827,31391.5827
1529683200000.0,38031.7492,10057.1461,18000.0,4.203730144223663,38.648715684795974,48088.8953,30088.895299999996
1529769600000.0,38031.7492,10057.1461,18000.0,4.203730144223663,38.648715684795974,48088.8953,30088.895299999996
1529856000000.0,38031.7492,10057.1461,18000.0,4.203730144223663,38.648715684795974,48088.8953,30088.895299999996
1529942400000.0,38031.7492,10057.1461,18000.0,4.203730144223663,38.648715684795974,48088.8953,30088.895299999996
1530028800000.0,38031.7492,10057.1461,18000.0,4.203730144223663,38.648715684795974,48088.8953,30088.895299999996
1530115200000.0,38031.7492,10057.1461,18000.0,4.203730144223663,38.648715684795974,48088.8953,30088.895299999996
1530201600000.0,38031.7492,10057.1461,18000.0,4.203730144223663,38.648715684795974,48088.8953,30088.895299999996
1530288000000.0,38031.7492,10057.1461,18000.0,4.203730144223663,38.648715684795974,48088.8953,30088.895299999996
1530374400000.0,37670.7795,10057.1461,18000.0,4.163831395389851,39.23101745002411,47727.925599999995,29727.925599999995
1530460800000.0,37115.1769,10057.1461,19000.0,3.996324262717864,41.67569809526128,47172.323,28172.322999999997
1530547200000.0,43297.2706,10057.1461,19000.0,4.661972472189426,31.96090405470846,53354.4167,34354.4167
1530633600000.0,40741.9335,10460.119,19000.0,4.430219696287518,35.3432168953015,51202.0525,32202.052499999998
1530720000000.0,38649.8217,10460.119,19000.0,4.202726445305811,38.66336415545497,49109.9407,30109.9407
1530806400000.0,36720.5796,10460.119,19000.0,3.992943413032021,41.72503986154666,47180.698599999996,28180.698599999996
1530892800000.0,34863.4622,10460.119,19000.0,3.79100311768992,44.67225484661264,45323.5812,26323.5812
1530979200000.0,34243.9784,10460.119,19000.0,3.7236413334905754,45.65536552037275,44704.0974,25704.0974
1531065600000.0,33673.807700000005,10460.119,19000.0,3.661641785398779,46.56021710976906,44133.9267,25133.926700000004
1531152000000.0,33442.3937,10460.119,19000.0,3.6364781573447322,46.927467348528374,43902.5127,24902.5127
1531238400000.0,32170.9341,10460.119,19000.0,3.4982214552431037,48.945252969419116,42631.0531,23631.053099999997
1531324800000.0,32170.9341,10460.119,19000.0,3.4982214552431037,48.945252969419116,42631.0531,23631.053099999997
1531411200000.0,32170.9341,10460.119,19000.0,3.4982214552431037,48.945252969419116,42631.0531,23631.053099999997
1531497600000.0,32170.9341,10460.119,19000.0,3.4982214552431037,48.945252969419116,42631.0531,23631.053099999997
1531584000000.0,32170.9341,10460.119,19000.0,3.4982214552431037,48.945252969419116,42631.0531,23631.053099999997
1531670400000.0,32170.9341,10460.119,19000.0,3.4982214552431037,48.945252969419116,42631.0531,23631.053099999997
1531756800000.0,37215.8244,10460.119,19000.0,4.046795625702389,40.939094451829426,47675.9434,28675.943399999996
1531843200000.0,40294.1446,10460.119,19000.0,4.38152777044755,36.053850566724854,50754.2636,31754.2636
1531929600000.0,54052.139800000004,10460.119,19000.0,5.877552531188695,14.22013686725393,64512.2588,45512.2588
1532016000000.0,49356.816,12369.6614,19000.0,5.574630638003842,18.641126454233238,61726.4774,42726.4774
1532102400000.0,50952.3603,12369.6614,19000.0,5.754840198909723,16.01106038716018,63322.0217,44322.0217
1532188800000.0,47760.6332,12369.6614,19000.0,5.39434896139134,21.272245013038326,60130.294599999994,41130.294599999994
1532275200000.0,50292.816300000006,12369.6614,19000.0,5.680347667026962,17.098240664224008,62662.4777,43662.4777
1532361600000.0,47831.766500000005,12377.565,19000.0,5.403275824183155,21.141962031402116,60209.33150000001,41209.33150000001
1532448000000.0,56144.2714,12377.565,19000.0,6.342291044634484,7.437516743596251,68521.8364,49521.8364
1532534400000.0,54901.8509,12377.565,19000.0,6.201942043492752,11.500584445589224,67279.41589999999,48279.41589999999
1532620800000.0,56626.7056,12377.565,19000.0,6.39678882383775,8.720193067813664,69004.2706,50004.2706
1532707200000.0,53168.262,12970.5089,19000.0,6.073090027281405,13.33925498583981,66138.7709,47138.7709
1532793600000.0,52025.9408,12970.5089,19000.0,5.942609563434907,15.201162870612684,64996.4497,45996.4497
1532880000000.0,53737.3095,12970.5089,19000.0,6.138088892531118,12.411745256474472,66707.8184,47707.818400000004
1532966400000.0,52377.587700000004,12970.5089,19000.0,5.982776068812014,14.62800171789491,65348.096600000004,46348.096600000004
1533052800000.0,52015.3101,12970.5089,19000.0,5.941395282664304,15.218490207399071,64985.819,45985.819
1533139200000.0,53015.3101,12970.5089,20000.0,5.941395282664305,15.21849020739906,65985.819,45985.819
1533225600000.0,53015.3101,12970.5089,20000.0,5.941395282664305,15.21849020739906,65985.819,45985.819
1533312000000.0,53015.3101,12970.5089,20000.0,5.941395282664305,15.21849020739906,65985.819,45985.819
1533398400000.0,53015.3101,12970.5089,20000.0,5.941395282664305,15.21849020739906,65985.819,45985.819
1533484800000.0,53015.3101,12970.5089,20000.0,5.941395282664305,15.21849020739906,65985.819,45985.819
1533571200000.0,53015.3101,12970.5089,20000.0,5.941395282664305,15.21849020739906,65985.819,45985.819
1533657600000.0,53015.3101,12970.5089,20000.0,5.941395282664305,15.21849020739906,65985.819,45985.819
1533744000000.0,53015.3101,12970.5089,20000.0,5.941395282664305,15.21849020739906,65985.819,45985.819
1533830400000.0,53015.3101,12970.5089,20000.0,5.941395282664305,15.21849020739906,65985.819,45985.819
1533916800000.0,53015.3101,12970.5089,20000.0,5.941395282664305,15.21849020739906,65985.819,45985.819
1534003200000.0,53015.3101,12970.5089,20000.0,5.941395282664305,15.21849020739906,65985.819,45985.819
1534089600000.0,53015.3101,12970.5089,20000.0,5.941395282664305,15.21849020739906,65985.819,45985.819
1534176000000.0,53015.3101,12970.5089,20000.0,5.941395282664305,15.21849020739906,65985.819,45985.819
1534262400000.0,53015.3101,12970.5089,20000.0,5.941395282664305,15.21849020739906,65985.819,45985.819
1534348800000.0,53015.3101,12970.5089,20000.0,5.941395282664305,15.21849020739906,65985.819,45985.819
1534435200000.0,50340.2606,12970.5089,20000.0,5.641604025191428,19.496400398854163,63310.7695,43310.7695
1534521600000.0,50387.2103,12970.5089,20000.0,5.64686565104208,19.421318947047105,63357.7192,43357.7192
1534608000000.0,48493.3609,12979.745700000001,20000.0,5.43565820190769,22.435171007909773,61473.1066,41473.1066
1534694400000.0,48493.3609,12979.745700000001,20000.0,5.43565820190769,22.435171007909773,61473.1066,41473.1066
1534780800000.0,46047.5647,12979.745700000001,20000.0,5.161507020632798,26.3472068099592,59027.3104,39027.3104
1534867200000.0,44494.0926,12979.745700000001,20000.0,4.987377135529294,28.831975766867757,57473.8383,37473.8383
1534953600000.0,44426.604699999996,12979.745700000001,20000.0,4.979812364798697,28.939922242949933,57406.350399999996,37406.350399999996
1535040000000.0,44274.096600000004,12979.745700000001,20000.0,4.962717614316631,29.18385799986316,57253.842300000004,37253.842300000004
1535126400000.0,43832.24,12979.745700000001,20000.0,4.913189567440072,29.890604881950832,56811.9857,36811.9857
1535212800000.0,49150.2868,12979.745700000001,20000.0,5.509293532396416,21.38442211881855,62130.0325,42130.0325
1535299200000.0,46488.5914,13225.8006,20000.0,5.238522526778503,25.248224066372714,59714.392,39714.392
1535385600000.0,48786.7943,13225.8006,20000.0,5.4974933258541165,21.552806694987005,62012.594900000004,42012.594900000004
1535472000000.0,56169.4124,13225.8006,20000.0,6.329396596286456,9.68185519064133,69395.213,49395.213
1535558400000.0,52632.1675,13908.420100000001,20000.0,6.007725859164184,14.27197745180413,66540.5876,46540.5876
1535644800000.0,49958.7295,13908.420100000001,20000.0,5.702564902122615,18.62651126698861,63867.149600000004,43867.149600000004
1535731200000.0,49708.0945,13908.420100000001,20000.0,5.673956040997683,19.034749117564832,63616.5146,43616.5146
1535817600000.0,53414.20360000001,13908.420100000001,21000.0,5.976754720911476,14.713924121927457,67322.62370000001,46322.62370000001
1535904000000.0,54527.1128,13908.420100000001,21000.0,6.101283120976319,12.93694998247582,68435.5329,47435.532900000006
1535990400000.0,56248.144700000004,13908.420100000001,21000.0,6.293857096434118,10.188990688517851,70156.56480000001,49156.56480000001
1536076800000.0,58344.5006,13908.420100000001,21000.0,6.528427756999683,6.841754255045219,72252.9207,51252.9207
1536163200000.0,54937.94,14378.402900000001,21000.0,6.199840900947152,11.530566971381651,69316.3429,48316.3429
1536249600000.0,54937.94,14378.402900000001,21000.0,6.199840900947152,11.530566971381651,69316.3429,48316.3429
1536336000000.0,54937.94,14378.402900000001,21000.0,6.199840900947152,11.530566971381651,69316.3429,48316.3429
1536422400000.0,54937.94,14378.402900000001,21000.0,6.199840900947152,11.530566971381651,69316.3429,48316.3429
1536508800000.0,54937.94,14378.402900000001,21000.0,6.199840900947152,11.530566971381651,69316.3429,48316.3429
1536595200000.0,54937.94,14378.402900000001,21000.0,6.199840900947152,11.530566971381651,69316.3429,48316.3429
1536681600000.0,54937.94,14378.402900000001,21000.0,6.199840900947152,11.530566971381651,69316.3429,48316.3429
1536768000000.0,54937.94,14378.402900000001,21000.0,6.199840900947152,11.530566971381651,69316.3429,48316.3429
1536854400000.0,55963.8852,14378.402900000001,21000.0,6.315620579127483,9.878433852403546,70342.2881,49342.288100000005
1536940800000.0,55963.8852,14378.402900000001,21000.0,6.315620579127483,9.878433852403546,70342.2881,49342.288100000005
1537027200000.0,57914.183,14378.402900000001,21000.0,6.535715036063205,6.737767482260038,72292.5859,51292.585900000005
1537113600000.0,54885.6106,14378.402900000001,21000.0,6.193935438266133,11.6148357362594,69264.0135,48264.0135
1537200000000.0,53670.9603,14378.402900000001,21000.0,6.056860065394712,13.570850529843604,68049.36319999999,47049.36319999999
1537286400000.0,53670.9603,14378.402900000001,21000.0,6.056860065394712,13.570850529843604,68049.36319999999,47049.36319999999
1537372800000.0,53670.9603,14378.402900000001,21000.0,6.056860065394712,13.570850529843604,68049.36319999999,47049.36319999999
1537459200000.0,53420.117,14378.402900000001,21000.0,6.0285519680931285,13.974796592073602,67798.5199,46798.5199
1537545600000.0,50691.8515,14378.402900000001,21000.0,5.720662519825811,18.36826496632534,65070.2544,44070.2544
1537632000000.0,49948.2376,14378.402900000001,21000.0,5.636744413836893,19.56574525272121,64326.6405,43326.6405
1537718400000.0,49964.4982,14378.402900000001,21000.0,5.638579450479219,19.539559959594012,64342.9011,43342.9011
1537804800000.0,49052.124599999996,14378.402900000001,21000.0,5.535616522451258,21.00880280164961,63430.5275,42430.5275
1537891200000.0,48133.0729,14378.402900000001,21000.0,5.431899959366713,22.488799736791098,62511.4758,41511.4758
1537977600000.0,48133.0729,14378.402900000001,21000.0,5.431899959366713,22.488799736791098,62511.4758,41511.4758
1538064000000.0,48133.0729,14378.402900000001,21000.0,5.431899959366713,22.488799736791098,62511.4758,41511.4758
1538150400000.0,45627.4312,14378.402900000001,21000.0,5.149133989350751,26.523765382970467,60005.8341,39005.8341
1538236800000.0,43339.1942,14378.402900000001,21000.0,4.890902513185815,30.208632890290676,57717.5971,36717.5971
1538323200000.0,43861.877700000005,14378.402900000001,21000.0,4.949888244022287,29.366928361536694,58240.280600000006,37240.280600000006
1538409600000.0,42713.7567,14378.402900000001,22000.0,4.712723955596554,32.75117490380764,57092.1596,35092.1596
1538496000000.0,41723.4628,14378.402900000001,22000.0,4.60346215925329,34.310300263411655,56101.8657,34101.8657
1538582400000.0,41723.4628,14378.402900000001,22000.0,4.60346215925329,34.310300263411655,56101.8657,34101.8657
1538668800000.0,41723.4628,14378.402900000001,22000.0,4.60346215925329,34.310300263411655,56101.8657,34101.8657
1538755200000.0,41991.0821,14378.402900000001,22000.0,4.632989318265506,33.88895864215207,56369.485,34369.485
1538841600000.0,41400.7293,14378.402900000001,22000.0,4.567854101938034,34.81841405088804,55779.1322,33779.1322
1538928000000.0,41296.5271,14378.402900000001,22000.0,4.556357192227775,34.98247069361453,55674.93,33674.93
1539014400000.0,43697.5307,14378.402900000001,22000.0,4.82126639379172,31.202314518502718,58075.933600000004,36075.933600000004
1539100800000.0,41746.631,14428.414400000001,22000.0,4.611536272885477,34.19508565280138,56175.0454,34175.0454
1539187200000.0,40300.1372,14428.414400000001,22000.0,4.451749519621388,36.47518343153601,54728.5516,32728.5516
1539273600000.0,40300.1372,14428.414400000001,22000.0,4.451749519621388,36.47518343153601,54728.5516,32728.5516
1539360000000.0,40300.1372,14428.414400000001,22000.0,4.451749519621388,36.47518343153601,54728.5516,32728.5516
1539446400000.0,40300.1372,14428.414400000001,22000.0,4.451749519621388,36.47518343153601,54728.5516,32728.5516
1539532800000.0,40300.1372,14428.414400000001,22000.0,4.451749519621388,36.47518343153601,54728.5516,32728.5516
1539619200000.0,44267.7757,14428.414400000001,22000.0,4.890034200855831,30.2210233855877,58696.1901,36696.1901
1539705600000.0,41902.9895,14606.509000000002,22000.0,4.648481591951559,33.66788963550707,56509.4985,34509.4985
1539792000000.0,42613.68,14606.509000000002,22000.0,4.7273215923010525,32.542872035486056,57220.189,35220.189
1539878400000.0,41957.3264,14606.509000000002,22000.0,4.654509421527147,33.5818747403726,56563.835399999996,34563.835399999996
1539964800000.0,41015.1119,14606.509000000002,22000.0,4.549985452922955,35.07339305318952,55621.62090000001,33621.62090000001
1540051200000.0,41015.1119,14606.509000000002,22000.0,4.549985452922955,35.07339305318952,55621.62090000001,33621.62090000001
1540137600000.0,41015.1119,14606.509000000002,22000.0,4.549985452922955,35.07339305318952,55621.62090000001,33621.62090000001
1540224000000.0,39633.4468,14606.509000000002,22000.0,4.3967113104278965,37.260558288738366,54239.955799999996,32239.955799999996
1540310400000.0,39633.4468,14606.509000000002,22000.0,4.3967113104278965,37.260558288738366,54239.955799999996,32239.955799999996
1540396800000.0,39633.4468,14606.509000000002,22000.0,4.3967113104278965,37.260558288738366,54239.955799999996,32239.955799999996
1540483200000.0,39633.4468,14606.509000000002,22000.0,4.3967113104278965,37.260558288738366,54239.955799999996,32239.955799999996
1540569600000.0,39633.4468,14606.509000000002,22000.0,4.3967113104278965,37.260558288738366,54239.955799999996,32239.955799999996
1540656000000.0,39633.4468,14606.509000000002,22000.0,4.3967113104278965,37.260558288738366,54239.955799999996,32239.955799999996
1540742400000.0,39633.4468,14606.509000000002,22000.0,4.3967113104278965,37.260558288738366,54239.955799999996,32239.955799999996
1540828800000.0,39633.4468,14606.509000000002,22000.0,4.3967113104278965,37.260558288738366,54239.955799999996,32239.955799999996
1540915200000.0,39633.4468,14606.509000000002,22000.0,4.3967113104278965,37.260558288738366,54239.955799999996,32239.955799999996
1541001600000.0,39633.4468,14606.509000000002,22000.0,4.3967113104278965,37.260558288738366,54239.955799999996,32239.955799999996
1541088000000.0,40633.4468,14606.509000000002,23000.0,4.3967113104278965,37.260558288738366,55239.955799999996,32239.955799999996
1541174400000.0,40572.8972,14606.509000000002,23000.0,4.390159586857109,37.354048957116525,55179.4062,32179.406199999998
1541260800000.0,39219.5481,14606.509000000002,23000.0,4.243721473343998,39.44366659138618,53826.057100000005,30826.057100000005
1541347200000.0,39219.5481,14606.509000000002,23000.0,4.243721473343998,39.44366659138618,53826.057100000005,30826.057100000005
1541433600000.0,38602.0249,14606.509000000002,23000.0,4.176902843576865,40.397143686313605,53208.533899999995,30208.533899999995
1541520000000.0,38455.7168,14606.509000000002,23000.0,4.161071686519395,40.62304843313501,53062.2258,30062.2258
1541606400000.0,39956.093,14606.509000000002,23000.0,4.3234187559399695,38.30641589127385,54562.602,31562.602
1541692800000.0,39696.3064,14606.509000000002,23000.0,4.295308743807855,38.70753535151288,54302.81540000001,31302.815400000007
1541779200000.0,38493.7207,14713.927500000002,23000.0,4.176807007079735,40.39851123762662,53207.648199999996,30207.648199999996
1541865600000.0,38493.7207,14713.927500000002,23000.0,4.176807007079735,40.39851123762662,53207.648199999996,30207.648199999996
1541952000000.0,38493.7207,14713.927500000002,23000.0,4.176807007079735,40.39851123762662,53207.648199999996,30207.648199999996
1542038400000.0,38493.7207,14713.927500000002,23000.0,4.176807007079735,40.39851123762662,53207.648199999996,30207.648199999996
1542124800000.0,38227.3352,14713.927500000002,23000.0,4.147902531161292,40.81096740180067,52941.26270000001,29941.262700000007
1542211200000.0,36732.7386,14713.927500000002,23000.0,3.985729547149446,43.12511580936632,51446.6661,28446.666100000002
1542297600000.0,36732.7386,14713.927500000002,23000.0,3.985729547149446,43.12511580936632,51446.6661,28446.666100000002
1542384000000.0,36732.7386,14713.927500000002,23000.0,3.985729547149446,43.12511580936632,51446.6661,28446.666100000002
1542470400000.0,36732.7386,14713.927500000002,23000.0,3.985729547149446,43.12511580936632,51446.6661,28446.666100000002
1542556800000.0,36732.7386,14713.927500000002,23000.0,3.985729547149446,43.12511580936632,51446.6661,28446.666100000002
1542643200000.0,36732.7386,14713.927500000002,23000.0,3.985729547149446,43.12511580936632,51446.6661,28446.666100000002
1542729600000.0,36732.7386,14713.927500000002,23000.0,3.985729547149446,43.12511580936632,51446.6661,28446.666100000002
1542816000000.0,36732.7386,14713.927500000002,23000.0,3.985729547149446,43.12511580936632,51446.6661,28446.666100000002
1542902400000.0,36732.7386,14713.927500000002,23000.0,3.985729547149446,43.12511580936632,51446.6661,28446.666100000002
1542988800000.0,36732.7386,14713.927500000002,23000.0,3.985729547149446,43.12511580936632,51446.6661,28446.666100000002
1543075200000.0,36732.7386,14713.927500000002,23000.0,3.985729547149446,43.12511580936632,51446.6661,28446.666100000002
1543161600000.0,36732.7386,14713.927500000002,23000.0,3.985729547149446,43.12511580936632,51446.6661,28446.666100000002
1543248000000.0,36732.7386,14713.927500000002,23000.0,3.985729547149446,43.12511580936632,51446.6661,28446.666100000002
1543334400000.0,36732.7386,14713.927500000002,23000.0,3.985729547149446,43.12511580936632,51446.6661,28446.666100000002
1543420800000.0,36732.7386,14713.927500000002,23000.0,3.985729547149446,43.12511580936632,51446.6661,28446.666100000002
1543507200000.0,36846.6648,14713.927500000002,23000.0,3.998091245156206,42.94871895799518,51560.592300000004,28560.592300000004
1543593600000.0,34970.8607,14713.927500000002,23000.0,3.7945548873733403,45.85310738689974,49684.788199999995,26684.788199999995
1543680000000.0,35970.8607,14713.927500000002,24000.0,3.7945548873733412,45.85310738689973,50684.788199999995,26684.788199999995
1543766400000.0,35077.5363,14713.927500000002,24000.0,3.7003183747610686,47.197827513528836,49791.4638,25791.463799999998
1543852800000.0,34711.2195,14713.927500000002,24000.0,3.6616757296667584,47.74924374449978,49425.147,25425.146999999997
1543939200000.0,34711.2195,14713.927500000002,24000.0,3.6616757296667584,47.74924374449978,49425.147,25425.146999999997
1544025600000.0,34711.2195,14713.927500000002,24000.0,3.6616757296667584,47.74924374449978,49425.147,25425.146999999997
1544112000000.0,34711.2195,14713.927500000002,24000.0,3.6616757296667584,47.74924374449978,49425.147,25425.146999999997
1544198400000.0,34711.2195,14713.927500000002,24000.0,3.6616757296667584,47.74924374449978,49425.147,25425.146999999997
1544284800000.0,34711.2195,14713.927500000002,24000.0,3.6616757296667584,47.74924374449978,49425.147,25425.146999999997
1544371200000.0,34711.2195,14713.927500000002,24000.0,3.6616757296667584,47.74924374449978,49425.147,25425.146999999997
1544457600000.0,34711.2195,14713.927500000002,24000.0,3.6616757296667584,47.74924374449978,49425.147,25425.146999999997
1544544000000.0,34711.2195,14713.927500000002,24000.0,3.6616757296667584,47.74924374449978,49425.147,25425.146999999997
1544630400000.0,34711.2195,14713.927500000002,24000.0,3.6616757296667584,47.74924374449978,49425.147,25425.146999999997
1544716800000.0,34711.2195,14713.927500000002,24000.0,3.6616757296667584,47.74924374449978,49425.147,25425.146999999997
1544803200000.0,34711.2195,14713.927500000002,24000.0,3.6616757296667584,47.74924374449978,49425.147,25425.146999999997
1544889600000.0,34711.2195,14713.927500000002,24000.0,3.6616757296667584,47.74924374449978,49425.147,25425.146999999997
1544976000000.0,34711.2195,14713.927500000002,24000.0,3.6616757296667584,47.74924374449978,49425.147,25425.146999999997
1545062400000.0,34711.2195,14713.927500000002,24000.0,3.6616757296667584,47.74924374449978,49425.147,25425.146999999997
1545148800000.0,36334.924100000004,14713.927500000002,24000.0,3.83295982200377,45.305083196192484,51048.85160000001,27048.85160000001
1545235200000.0,41936.9301,14713.927500000002,24000.0,4.423913689460012,36.87239041661874,56650.8576,32650.857600000003
1545321600000.0,39317.427200000006,15225.728300000002,24000.0,4.2015728516528705,40.045111809663005,54543.15550000001,30543.155500000008
1545408000000.0,37258.6288,15225.728300000002,24000.0,3.9815637594896276,43.1845600561252,52484.3571,28484.3571
1545494400000.0,36159.5749,15225.728300000002,24000.0,3.864115712717554,44.86050017688809,51385.3032,27385.303200000002
1545580800000.0,37039.9749,15225.728300000002,24000.0,3.95819777764461,43.51798396151444,52265.7032,28265.703200000004
1545667200000.0,38333.2223,15225.728300000002,24000.0,4.096397897878078,41.54591943971776,53558.950600000004,29558.950600000004
1545753600000.0,36397.3887,15225.728300000002,24000.0,3.889529176338806,44.49785946500754,51623.117000000006,27623.117000000006
1545840000000.0,36397.3887,15225.728300000002,24000.0,3.889529176338806,44.49785946500754,51623.117000000006,27623.117000000006
1545926400000.0,36397.3887,15225.728300000002,24000.0,3.889529176338806,44.49785946500754,51623.117000000006,27623.117000000006
1546012800000.0,36397.3887,15225.728300000002,24000.0,3.889529176338806,44.49785946500754,51623.117000000006,27623.117000000006
1546099200000.0,36283.2491,15225.728300000002,24000.0,3.8773318918568105,44.671910196284536,51508.9774,27508.977400000003
1546185600000.0,34284.595799999996,15225.728300000002,24000.0,3.663750077298343,47.71964357220463,49510.3241,25510.324099999998
1546272000000.0,32860.1233,15259.098900000003,24000.0,3.514915098759922,49.843463582506686,48119.222200000004,24119.222200000004
1546358400000.0,33860.1233,15259.098900000003,25000.0,3.5149150987599214,49.8434635825067,49119.222200000004,24119.222200000004
1546444800000.0,34211.3218,15259.098900000003,25000.0,3.5513719332308056,49.32323805943487,49470.4207,24470.420700000002
1546531200000.0,34366.0499,15259.098900000003,25000.0,3.567433780675184,49.09404144624771,49625.1488,24625.148800000003
1546617600000.0,32694.8726,15259.098900000003,25000.0,3.393954012972305,51.56953346867452,47953.9715,22953.9715
1546704000000.0,31036.1786,15259.098900000003,25000.0,3.2217700981894994,54.02653414995904,46295.277500000004,21295.277500000004
1546790400000.0,30558.646500000003,15259.098900000003,25000.0,3.1721989618542543,54.73389590266038,45817.74540000001,20817.745400000007
1546876800000.0,35956.6802,15259.098900000003,25000.0,3.7325522124209725,46.7378625906108,51215.77910000001,26215.779100000007
1546963200000.0,36968.5012,15259.098900000003,25000.0,3.837586233668685,45.239066015511376,52227.6001,27227.600100000003
1547049600000.0,34565.7803,15739.790200000003,25000.0,3.6380662614155566,48.08614211070977,50305.5705,25305.5705
1547136000000.0,32674.2482,15739.790200000003,25000.0,3.438981529184168,50.92700749202537,48414.038400000005,23414.038400000005
1547222400000.0,32674.2482,15739.790200000003,25000.0,3.438981529184168,50.92700749202537,48414.038400000005,23414.038400000005
1547308800000.0,32674.2482,15739.790200000003,25000.0,3.438981529184168,50.92700749202537,48414.038400000005,23414.038400000005
1547395200000.0,32674.2482,15739.790200000003,25000.0,3.438981529184168,50.92700749202537,48414.038400000005,23414.038400000005
1547481600000.0,32674.2482,15739.790200000003,25000.0,3.438981529184168,50.92700749202537,48414.038400000005,23414.038400000005
1547568000000.0,32365.1912,15739.790200000003,25000.0,3.4064531200235537,51.39117584113942,48104.981400000004,23104.981400000004
1547654400000.0,32365.1912,15739.790200000003,25000.0,3.4064531200235537,51.39117584113942,48104.981400000004,23104.981400000004
1547740800000.0,32365.1912,15739.790200000003,25000.0,3.4064531200235537,51.39117584113942,48104.981400000004,23104.981400000004
1547827200000.0,32002.387,15739.790200000003,25000.0,3.368267790253351,51.9360663518402,47742.177200000006,22742.177200000006
1547913600000.0,35633.5023,15739.790200000003,25000.0,3.7504445543705445,46.48254549891077,51373.2925,26373.292500000003
1548000000000.0,33579.2108,15914.992800000004,25000.0,3.5526694753774493,49.30472261365516,49494.20360000001,24494.203600000008
1548086400000.0,33579.2108,15914.992800000004,25000.0,3.5526694753774493,49.30472261365516,49494.20360000001,24494.203600000008
1548172800000.0,33579.2108,15914.992800000004,25000.0,3.5526694753774493,49.30472261365516,49494.20360000001,24494.203600000008
1548259200000.0,33313.282,15914.992800000004,25000.0,3.524534295667277,49.70620120591016,49228.2748,24228.2748
1548345600000.0,33313.282,15914.992800000004,25000.0,3.524534295667277,49.70620120591016,49228.2748,24228.2748
1548432000000.0,31823.3783,15914.992800000004,25000.0,3.3669029734849847,51.955541781551126,47738.371100000004,22738.371100000004
1548518400000.0,30210.6437,15914.992800000004,25000.0,3.1962761824198096,54.390322884195626,46125.63650000001,21125.636500000008
1548604800000.0,29833.1414,15914.992800000004,25000.0,3.1563365630498756,54.960246457637176,45748.1342,20748.1342
1548691200000.0,29833.1414,15914.992800000004,25000.0,3.1563365630498756,54.960246457637176,45748.1342,20748.1342
1548777600000.0,29833.1414,15914.992800000004,25000.0,3.1563365630498756,54.960246457637176,45748.1342,20748.1342
1548864000000.0,29833.1414,15914.992800000004,25000.0,3.1563365630498756,54.960246457637176,45748.1342,20748.1342
1548950400000.0,29833.1414,15914.992800000004,25000.0,3.1563365630498756,54.960246457637176,45748.1342,20748.1342
1549036800000.0,30833.1414,15914.992800000004,26000.0,3.1563365630498756,54.960246457637176,46748.1342,20748.1342
1549123200000.0,29803.9516,15914.992800000004,26000.0,3.050980143023923,56.46364354387483,45718.94440000001,19718.944400000008
1549209600000.0,29480.8127,15914.992800000004,26000.0,3.0179009600830073,56.93567123080881,45395.8055,19395.805500000002
1549296000000.0,29247.0298,15914.992800000004,26000.0,2.9939689998097077,57.27717143871234,45162.022600000004,19162.022600000004
1549382400000.0,28752.9702,15914.992800000004,26000.0,2.943392953743711,57.998872881019416,44667.963,18667.963000000003
1549468800000.0,28594.748,15914.992800000004,26000.0,2.9271960145973743,58.22999720275106,44509.7408,18509.7408
1549555200000.0,28594.748,15914.992800000004,26000.0,2.9271960145973743,58.22999720275106,44509.7408,18509.7408
1549641600000.0,28594.748,15914.992800000004,26000.0,2.9271960145973743,58.22999720275106,44509.7408,18509.7408
1549728000000.0,28245.5758,15914.992800000004,26000.0,2.8914518467436063,58.740053237192114,44160.5686,18160.5686
1549814400000.0,27894.3571,15914.992800000004,26000.0,2.8554981821443564,59.25309871258663,43809.3499,17809.3499
1549900800000.0,28207.06,15914.992800000004,26000.0,2.8875090494068707,58.79631549464367,44122.052800000005,18122.052800000005
1549987200000.0,26795.0841,15914.992800000004,26000.0,2.742967463406968,60.858870383836894,42710.0769,16710.0769
1550073600000.0,26542.2688,15914.992800000004,26000.0,2.717087188519103,61.22817231956954,42457.261600000005,16457.261600000005
1550160000000.0,26140.717,15914.992800000004,26000.0,2.6759810095587424,61.81474226623389,42055.709800000004,16055.709800000004
1550246400000.0,26140.717,15914.992800000004,26000.0,2.6759810095587424,61.81474226623389,42055.709800000004,16055.709800000004
1550332800000.0,26417.3031,15914.992800000004,26000.0,2.704294661059117,61.410716947644595,42332.295900000005,16332.295900000005
1550419200000.0,25648.2328,15914.992800000004,26000.0,2.6255662345276014,62.53414243061375,41563.225600000005,15563.225600000005
1550505600000.0,30254.4981,15914.992800000004,26000.0,3.0971018265999,55.805504204255875,46169.490900000004,20169.490900000004
1550592000000.0,35083.1472,15914.992800000004,26000.0,3.591402472348175,48.75201709487713,50998.14,24998.14
1550678400000.0,32498.2204,16724.504000000004,26000.0,3.409656178638085,51.34546938122983,49222.72440000001,23222.724400000006
1550764800000.0,31789.714500000002,16724.504000000004,26000.0,3.335320984593536,52.40620506400984,48514.2185,22514.218500000003
1550851200000.0,32414.112399999998,16724.504000000004,26000.0,3.400831715072292,51.471391207438,49138.6164,23138.6164
1550937600000.0,32095.4173,16724.504000000004,26000.0,3.36739478518992,51.94852381070516,48819.9213,22819.9213
1551024000000.0,30860.1235,16724.504000000004,26000.0,3.2377899303467514,53.79793707935529,47584.6275,21584.627500000002
1551110400000.0,30860.1235,16724.504000000004,26000.0,3.2377899303467514,53.79793707935529,47584.6275,21584.627500000002
1551196800000.0,30860.1235,16724.504000000004,26000.0,3.2377899303467514,53.79793707935529,47584.6275,21584.627500000002
1551283200000.0,30860.1235,16724.504000000004,26000.0,3.2377899303467514,53.79793707935529,47584.6275,21584.627500000002
1551369600000.0,30860.1235,16724.504000000004,26000.0,3.2377899303467514,53.79793707935529,47584.6275,21584.627500000002
1551456000000.0,31860.1235,16724.504000000004,27000.0,3.2377899303467514,53.79793707935529,48584.6275,21584.627500000002
1551542400000.0,31860.1235,16724.504000000004,27000.0,3.2377899303467514,53.79793707935529,48584.6275,21584.627500000002
1551628800000.0,31860.1235,16724.504000000004,27000.0,3.2377899303467514,53.79793707935529,48584.6275,21584.627500000002
1551715200000.0,31860.1235,16724.504000000004,27000.0,3.2377899303467514,53.79793707935529,48584.6275,21584.627500000002
1551801600000.0,31860.1235,16724.504000000004,27000.0,3.2377899303467514,53.79793707935529,48584.6275,21584.627500000002
1551888000000.0,32001.157700000003,16724.504000000004,27000.0,3.2521225525223847,53.593415870190405,48725.66170000001,21725.66170000001
1551974400000.0,32477.542699999998,16724.504000000004,27000.0,3.3005352511099533,52.902584595024415,49202.046700000006,22202.046700000006
1552060800000.0,33520.6103,16724.504000000004,27000.0,3.4065371557149673,51.38997668295258,50245.1143,23245.1143
1552147200000.0,31715.3266,16724.504000000004,27000.0,3.2230749232073275,54.00791478030534,48439.8306,21439.8306
1552233600000.0,31172.272299999997,16724.504000000004,27000.0,3.1678869467962656,54.795426760223656,47896.7763,20896.776299999998
1552320000000.0,29652.3987,16724.504000000004,27000.0,3.0134295594142033,56.999476461996665,46376.902700000006,19376.902700000006
1552406400000.0,29652.3987,16724.504000000004,27000.0,3.0134295594142033,56.999476461996665,46376.902700000006,19376.902700000006
1552492800000.0,29192.282,16724.504000000004,27000.0,2.966670129305767,57.666716208391236,45916.78600000001,18916.786000000007
1552579200000.0,29192.282,16724.504000000004,27000.0,2.966670129305767,57.666716208391236,45916.78600000001,18916.786000000007
1552665600000.0,30559.4177,16724.504000000004,27000.0,3.105605504207172,55.68415987484596,47283.921700000006,20283.921700000006
1552752000000.0,32871.2538,16724.504000000004,27000.0,3.340546201947785,52.331643147959525,49595.75780000001,22595.757800000007
1552838400000.0,32746.7357,16724.504000000004,27000.0,3.3278920309642386,52.512213480367656,49471.239700000006,22471.239700000006
1552924800000.0,32459.819,16724.504000000004,27000.0,3.2987340773829126,52.92828667689445,49184.323000000004,22184.323000000004
1553011200000.0,33164.5465,16724.504000000004,27000.0,3.370352117505652,51.90632377405422,49889.0505,22889.050499999998
1553097600000.0,33846.0205,16724.504000000004,27000.0,3.4396070171294126,50.91808201074832,50570.5245,23570.5245
1553184000000.0,32002.7714,17036.780500000004,27000.0,3.28402169217244,53.138226963889615,49039.551900000006,22039.551900000006
1553270400000.0,32002.7714,17036.780500000004,27000.0,3.28402169217244,53.138226963889615,49039.551900000006,22039.551900000006
1553356800000.0,30841.1604,17036.780500000004,27000.0,3.164820899397783,54.839178120833765,47877.9409,20877.9409
1553443200000.0,30339.5147,17036.780500000004,27000.0,3.1133436276329687,55.573739720018914,47376.29520000001,20376.295200000008
1553529600000.0,30339.5147,17036.780500000004,27000.0,3.1133436276329687,55.573739720018914,47376.29520000001,20376.295200000008
1553616000000.0,30339.5147,17036.780500000004,27000.0,3.1133436276329687,55.573739720018914,47376.29520000001,20376.295200000008
1553702400000.0,30499.1151,17036.780500000004,27000.0,3.129721308463429,55.34003628140758,47535.8956,20535.895600000003
1553788800000.0,30838.9679,17036.780500000004,27000.0,3.1645959120843377,54.84238860645382,47875.748400000004,20875.748400000004
1553875200000.0,32980.7956,17036.780500000004,27000.0,3.384383396729989,51.70610261717683,50017.576100000006,23017.576100000006
1553961600000.0,32628.4816,17036.780500000004,27000.0,3.348230064757745,52.221997272020516,49665.26210000001,22665.262100000007
1554048000000.0,33350.4799,17036.780500000004,27000.0,3.422319213140426,51.16477256969184,50387.2604,23387.2604
1554134400000.0,36165.6714,17036.780500000004,28000.0,3.6031657330162434,48.584159722647954,53202.4519,25202.4519
1554220800000.0,58398.8404,17036.780500000004,28000.0,5.8182439985661265,16.975813412136098,75435.62090000001,47435.62090000001
1554307200000.0,66945.7603,17036.780500000004,28000.0,6.6697688760087335,4.824868844251718,83982.5408,55982.5408
1554393600000.0,59572.3274,20173.759600000005,28000.0,6.247693339436048,20.398886820640417,79746.087,51746.087
1554480000000.0,60759.8773,20173.759600000005,28000.0,6.372238542289377,18.81207129534943,80933.63690000001,52933.63690000001
1554566400000.0,63254.3437,20173.759600000005,28000.0,6.633847611347287,15.478941453111483,83428.1033,55428.1033
1554652800000.0,63819.345799999996,20173.759600000005,28000.0,6.693102638152524,14.723980247605928,83993.1054,55993.1054
1554739200000.0,65222.9174,20173.759600000005,28000.0,6.840303281798044,12.848514462347127,85396.677,57396.676999999996
1554825600000.0,64512.3965,20173.759600000005,28000.0,6.765786859690619,13.797919279074167,84686.15610000001,56686.15610000001
1554912000000.0,66289.9892,20173.759600000005,28000.0,6.95221325188862,11.422682925634287,86463.7488,58463.7488
1554998400000.0,62501.903399999996,20643.903800000004,28000.0,6.603235636024283,15.868964967381826,83145.8072,55145.807199999996
1555084800000.0,62501.903399999996,20643.903800000004,28000.0,6.603235636024283,15.868964967381826,83145.8072,55145.807199999996
1555171200000.0,62501.903399999996,20643.903800000004,28000.0,6.603235636024283,15.868964967381826,83145.8072,55145.807199999996
1555257600000.0,62501.903399999996,20643.903800000004,28000.0,6.603235636024283,15.868964967381826,83145.8072,55145.807199999996
1555344000000.0,59353.3082,20643.903800000004,28000.0,6.270591110064855,20.107149065223762,79997.212,51997.212
1555430400000.0,56231.3816,20643.903800000004,28000.0,5.94076408309831,24.309435745566088,76875.28540000001,48875.28540000001
1555516800000.0,56929.38220000001,20643.903800000004,28000.0,6.01450683628119,23.36988815202209,77573.28600000001,49573.28600000001
1555603200000.0,58893.49189999999,20643.903800000004,28000.0,6.222012183455959,20.726087355731394,79537.3957,51537.395699999994
1555689600000.0,59861.6073,20643.903800000004,28000.0,6.324292174325229,19.422950231862334,80505.5111,52505.5111
1555776000000.0,60994.7034,20643.903800000004,28000.0,6.444002137375091,17.897739918276557,81638.6072,53638.6072
1555862400000.0,57478.947,20782.522100000002,28000.0,6.087212384797807,22.44355545900918,78261.4691,50261.4691
1555948800000.0,56440.184700000005,20782.522100000002,28000.0,5.977203989246981,23.845159262071558,77222.70680000001,49222.706800000014
1556035200000.0,68795.0645,20782.522100000002,28000.0,7.285627007700122,7.17469816230043,89577.5866,61577.586599999995
1556121600000.0,63944.0855,21621.607500000002,28000.0,6.860754081471829,12.587953271040586,85565.693,57565.693
1556208000000.0,62085.2543,21621.607500000002,28000.0,6.661314467276907,15.128989528657366,83706.8618,55706.8618
1556294400000.0,60360.039699999994,21621.607500000002,28000.0,6.47621098169551,17.487370887206687,81981.64719999999,53981.64719999999
1556380800000.0,60360.039699999994,21621.607500000002,28000.0,6.47621098169551,17.487370887206687,81981.64719999999,53981.64719999999
1556467200000.0,60360.039699999994,21621.607500000002,28000.0,6.47621098169551,17.487370887206687,81981.64719999999,53981.64719999999
1556553600000.0,60360.039699999994,21621.607500000002,28000.0,6.47621098169551,17.487370887206687,81981.64719999999,53981.64719999999
1556640000000.0,60360.039699999994,21621.607500000002,28000.0,6.47621098169551,17.487370887206687,81981.64719999999,53981.64719999999
1556726400000.0,61968.8576,21621.607500000002,29000.0,6.540468325548449,16.668675758821184,83590.4651,54590.4651
1556812800000.0,70610.2527,21621.607500000002,29000.0,7.452519525603161,5.048340563643516,92231.8602,63231.860199999996
1556899200000.0,84087.324,21621.607500000002,29000.0,8.874949458518497,3.299380855991585,105708.93149999999,76708.93149999999
1556985600000.0,77664.0204,23433.160900000003,29000.0,8.388204869758452,11.573578986325039,101097.1813,72097.1813
1557072000000.0,80778.40400000001,23433.160900000003,29000.0,8.724577974643658,8.027615308507418,104211.56490000001,75211.56490000001
1557158400000.0,76678.0833,23433.160900000003,29000.0,8.281717433994755,12.696143703533524,100111.2442,71111.2442
1557244800000.0,82811.6676,23433.160900000003,29000.0,8.944183289217646,5.712589351837005,106244.8285,77244.8285
1557331200000.0,78406.1034,23625.1631,29000.0,8.489091972731677,10.510051618923333,102031.26650000001,73031.26650000001
1557417600000.0,83603.2552,23625.1631,29000.0,9.051791784522706,4.578206696878406,107228.4183,78228.4183
1557504000000.0,95742.0949,23625.1631,29000.0,10.366073736908909,1.4899143354296207,119367.258,90367.258
1557590400000.0,118452.7689,23625.1631,29000.0,12.824976704770542,1.6062858133689462,142077.932,113077.932
1557676800000.0,109061.0112,27031.2639,29000.0,12.176904810646596,21.798290067187164,136092.2751,107092.2751
1557763200000.0,120677.1053,27031.2639,29000.0,13.473867589286352,13.46902178546726,147708.3692,118708.36919999999
1557849600000.0,123466.19959999999,27031.2639,29000.0,13.785276179994677,11.469114201409758,150497.46349999998,121497.46349999998
1557936000000.0,124123.1848,27031.2639,29000.0,13.858630040869238,10.998025904361652,151154.4487,122154.44870000001
1558022400000.0,124353.717,27031.2639,29000.0,13.884369474460598,10.832723822194879,151384.9809,122384.9809
1558108800000.0,117042.3641,28100.2062,29000.0,13.185742068791583,15.31940238122197,145142.57030000002,116142.57030000002
1558195200000.0,117042.3641,28100.2062,29000.0,13.185742068791583,15.31940238122197,145142.57030000002,116142.57030000002
1558281600000.0,115719.4199,28100.2062,29000.0,13.03670200858142,16.276557564592842,143819.6261,114819.6261
1558368000000.0,111158.823,28100.2062,29000.0,12.52291492930001,19.57616684675315,139259.0292,110259.02919999999
1558454400000.0,112527.82019999999,28100.2062,29000.0,12.677143221858035,18.58569214192417,140628.02639999997,111628.02639999997
1558540800000.0,110711.3467,28100.2062,29000.0,12.472503207706142,19.899917659508993,138811.5529,109811.55290000001
1558627200000.0,105136.4709,28100.2062,29000.0,11.844449639841239,23.933361601149805,133236.6771,104236.6771
1558713600000.0,108864.76939999999,28100.2062,29000.0,12.264471763919834,21.235923391413635,136964.9756,107964.9756
1558800000000.0,107970.02530000001,28100.2062,29000.0,12.163671809895556,21.883274166378662,136070.2315,107070.2315
1558886400000.0,104561.1345,28100.2062,29000.0,11.779633473220532,24.349619684780187,132661.3407,103661.3407
1558972800000.0,139329.2567,28100.2062,29000.0,15.696535657063437,2.4536041035403744,167429.46289999998,138429.46289999998
1559059200000.0,129288.4362,30847.6841,29000.0,14.874883299966783,8.199057106865581,160136.1203,131136.1203
1559145600000.0,122736.0929,30847.6841,29000.0,14.121023598407339,12.851532693847044,153583.777,124583.777
1559232000000.0,131216.9017,30847.6841,29000.0,15.096756965575493,6.8297548209053875,162064.5858,133064.5858
1559318400000.0,124116.1848,31001.027599999998,29000.0,14.297448291082503,11.762720579452324,155117.2124,126117.21239999999
1559404800000.0,121951.042,31001.027599999998,30000.0,13.935756751420946,13.994914520595692,152952.0696,122952.06959999999
1559491200000.0,127709.65460000001,31001.027599999998,30000.0,14.593812829525369,9.933694864057008,158710.6822,128710.68220000001
1559577600000.0,123238.8971,31144.1226,30000.0,14.099276244079498,12.985747369180423,154383.0197,124383.0197
1559664000000.0,123288.01269999999,31149.5798,30000.0,14.105519702928277,12.947215610801276,154437.5925,124437.5925
1559750400000.0,123288.01269999999,31149.5798,30000.0,14.105519702928277,12.947215610801276,154437.5925,124437.5925
1559836800000.0,123288.01269999999,31149.5798,30000.0,14.105519702928277,12.947215610801276,154437.5925,124437.5925
1559923200000.0,123288.01269999999,31149.5798,30000.0,14.105519702928277,12.947215610801276,154437.5925,124437.5925
1560009600000.0,121728.69260000001,31149.5798,30000.0,13.927116142744019,14.048240385929656,152878.27240000002,122878.27240000002
1560096000000.0,121728.69260000001,31149.5798,30000.0,13.927116142744019,14.048240385929656,152878.27240000002,122878.27240000002
1560182400000.0,121728.69260000001,31149.5798,30000.0,13.927116142744019,14.048240385929656,152878.27240000002,122878.27240000002
1560268800000.0,115618.9408,31149.5798,30000.0,13.228092592055367,18.3622924536772,146768.5206,116768.52059999999
1560355200000.0,121788.49040000001,31149.5798,30000.0,13.933957676057922,14.006017586840368,152938.07020000002,122938.07020000002
1560441600000.0,122922.75,31149.5798,30000.0,14.063729588068272,13.205124992031136,154072.3298,124072.3298
1560528000000.0,130584.5765,31149.5798,30000.0,14.9403277446072,7.7951640742983,161734.1563,131734.1563
1560614400000.0,143730.6955,31149.5798,30000.0,16.44438995236424,0.9982723706976393,174880.2753,144880.2753
1560700800000.0,159950.5357,31149.5798,30000.0,18.300120047358693,2.857470930827166,191100.1155,161100.1155
1560787200000.0,148001.1257,34921.8197,30000.0,17.36456085199382,7.8236999007175285,182922.9454,152922.9454
1560873600000.0,144487.5151,34921.8197,30000.0,16.95231868298773,10.01200504749129,179409.33479999998,149409.33479999998
1560960000000.0,142483.7049,34921.8197,30000.0,16.71721719987958,11.259994273678664,177405.5246,147405.5246
1561046400000.0,151980.6739,34921.8197,30000.0,17.831470184983726,5.345205041926338,186902.4936,156902.4936
1561132800000.0,165421.6301,34921.8197,30000.0,19.408460229755285,2.248851504461269,200343.4498,170343.4498
1561219200000.0,198556.9565,34921.8197,30000.0,23.29613600858537,5.627233600473103,233478.7762,203478.7762
1561305600000.0,183735.344,39727.6124,30000.0,22.12100770076261,10.387684399814178,223462.95640000002,193462.95640000002
1561392000000.0,189395.7023,39727.6124,30000.0,22.802492421216698,7.626986303590888,229123.3147,199123.3147
1561478400000.0,202494.6444,39727.6124,30000.0,24.379553169343325,1.616877172949871,242222.25679999997,212222.25679999997
1561564800000.0,246418.9222,39727.6124,30000.0,29.66786224647024,1.2981073589780179,286146.5346,256146.5346
1561651200000.0,228844.97160000002,44739.7932,30000.0,28.15547491569622,15.873483073517091,273584.7648,243584.7648
1561737600000.0,228844.97160000002,44739.7932,30000.0,28.15547491569622,15.873483073517091,273584.7648,243584.7648
1561824000000.0,217065.1135,44739.7932,30000.0,26.70616407034046,20.203918760665996,261804.9067,231804.9067
1561910400000.0,214391.6269,44739.7932,30000.0,26.377237092493985,21.186728713338887,259131.4201,229131.4201
1561996800000.0,215391.6269,44739.7932,31000.0,26.37723709249398,21.186728713338898,260131.4201,229131.4201
1562083200000.0,215391.6269,44739.7932,31000.0,26.37723709249398,21.186728713338898,260131.4201,229131.4201
1562169600000.0,219067.9945,44739.7932,31000.0,26.827451528496105,19.841520632697897,263807.7877,232807.7877
1562256000000.0,224837.3638,44739.7932,31000.0,27.53397863027109,17.730468897130947,269577.157,238577.157
1562342400000.0,213451.6708,44739.7932,31000.0,26.1396666598119,21.896571935167096,258191.46399999998,227191.46399999998
1562428800000.0,213451.6708,44739.7932,31000.0,26.1396666598119,21.896571935167096,258191.46399999998,227191.46399999998
1562515200000.0,203037.0311,44739.7932,31000.0,24.864271582698066,25.70735992095082,247776.82429999998,216776.82429999998
1562601600000.0,219258.1963,44739.7932,31000.0,26.850743975125653,19.771924491574122,263997.9895,232997.98950000003
1562688000000.0,237257.0173,44739.7932,31000.0,29.054911220321195,13.186032631573264,281996.8105,250996.81050000002
1562774400000.0,238272.0058,44739.7932,31000.0,29.179208495456617,12.814641388772152,283011.799,252011.799
1562860800000.0,223394.4524,47001.7289,31000.0,27.634277785147916,17.430782297074586,270396.1813,239396.1813
1562947200000.0,223394.4524,47001.7289,31000.0,27.634277785147916,17.430782297074586,270396.1813,239396.1813
1563033600000.0,223394.4524,47001.7289,31000.0,27.634277785147916,17.430782297074586,270396.1813,239396.1813
1563120000000.0,223394.4524,47001.7289,31000.0,27.634277785147916,17.430782297074586,270396.1813,239396.1813
1563206400000.0,223394.4524,47001.7289,31000.0,27.634277785147916,17.430782297074586,270396.1813,239396.1813
1563292800000.0,223394.4524,47001.7289,31000.0,27.634277785147916,17.430782297074586,270396.1813,239396.1813
1563379200000.0,223394.4524,47001.7289,31000.0,27.634277785147916,17.430782297074586,270396.1813,239396.1813
1563465600000.0,223394.4524,47001.7289,31000.0,27.634277785147916,17.430782297074586,270396.1813,239396.1813
1563552000000.0,212044.9424,47001.7289,31000.0,26.230323887923408,21.625694712954846,259046.6713,228046.6713
1563638400000.0,217034.9707,47001.7289,31000.0,26.847598966675317,19.78132154871569,264036.6996,233036.6996
1563724800000.0,211582.399,47001.7289,31000.0,26.17310647421432,21.796656195128385,258584.12790000002,227584.12790000002
1563811200000.0,209786.9633,47001.7289,31000.0,25.95100799170441,22.460270352025436,256788.6922,225788.6922
1563897600000.0,209786.9633,47001.7289,31000.0,25.95100799170441,22.460270352025436,256788.6922,225788.6922
1563984000000.0,209786.9633,47001.7289,31000.0,25.95100799170441,22.460270352025436,256788.6922,225788.6922
1564070400000.0,209786.9633,47001.7289,31000.0,25.95100799170441,22.460270352025436,256788.6922,225788.6922
1564156800000.0,209786.9633,47001.7289,31000.0,25.95100799170441,22.460270352025436,256788.6922,225788.6922
1564243200000.0,209786.9633,47001.7289,31000.0,25.95100799170441,22.460270352025436,256788.6922,225788.6922
1564329600000.0,209786.9633,47001.7289,31000.0,25.95100799170441,22.460270352025436,256788.6922,225788.6922
1564416000000.0,209786.9633,47001.7289,31000.0,25.95100799170441,22.460270352025436,256788.6922,225788.6922
1564502400000.0,209786.9633,47001.7289,31000.0,25.95100799170441,22.460270352025436,256788.6922,225788.6922
1564588800000.0,230008.1913,47001.7289,31000.0,28.452408656337976,14.9862665931367,277009.9202,246009.9202
1564675200000.0,228695.4034,47001.7289,32000.0,28.167553339552818,15.837393619083818,275697.1323,243697.1323
1564761600000.0,267367.6993,47001.7289,32000.0,32.93067468493889,1.6055325091109407,314369.42819999997,282369.42819999997
1564848000000.0,249712.73340000003,51326.8144,32000.0,31.288883413252762,6.511085749495338,301039.54780000006,269039.54780000006
1564934400000.0,236347.8401,51326.8144,32000.0,29.61426881670987,11.514712703870133,287674.6545,255674.6545
1565020800000.0,285431.9308,51326.8144,32000.0,35.76448138475596,1.9887346332751132,336758.7452,304758.7452
1565107200000.0,282472.43110000005,51326.8144,32000.0,35.39365751921233,11.297594141649759,333799.2455000001,301799.2455000001
1565193600000.0,265063.52650000004,54517.446200000006,32000.0,33.61211488852715,15.76243695692563,319580.97270000004,287580.97270000004
1565280000000.0,265620.351,54517.446200000006,32000.0,33.68272456204157,15.585477344480891,320137.79720000003,288137.79720000003
1565366400000.0,267439.66610000003,54517.446200000006,32000.0,33.913427854067805,15.007296436473283,321957.11230000004,289957.11230000004
1565452800000.0,254004.5857,54517.446200000006,32000.0,32.20975525941001,19.276983960546023,308522.0319,276522.0319
1565539200000.0,254004.5857,54517.446200000006,32000.0,32.20975525941001,19.276983960546023,308522.0319,276522.0319
1565625600000.0,254004.5857,54517.446200000006,32000.0,32.20975525941001,19.276983960546023,308522.0319,276522.0319
1565712000000.0,254004.5857,54517.446200000006,32000.0,32.20975525941001,19.276983960546023,308522.0319,276522.0319
1565798400000.0,254004.5857,54517.446200000006,32000.0,32.20975525941001,19.276983960546023,308522.0319,276522.0319
1565884800000.0,254004.5857,54517.446200000006,32000.0,32.20975525941001,19.276983960546023,308522.0319,276522.0319
1565971200000.0,254004.5857,54517.446200000006,32000.0,32.20975525941001,19.276983960546023,308522.0319,276522.0319
1566057600000.0,254004.5857,54517.446200000006,32000.0,32.20975525941001,19.276983960546023,308522.0319,276522.0319
1566144000000.0,254004.5857,54517.446200000006,32000.0,32.20975525941001,19.276983960546023,308522.0319,276522.0319
1566230400000.0,252857.9056,54517.446200000006,32000.0,32.064347312226495,19.64140051566188,307375.3518,275375.3518
1566316800000.0,255082.7935,54517.446200000006,32000.0,32.34648038687603,18.934327999066415,309600.23970000003,277600.23970000003
1566403200000.0,241580.2551,54517.446200000006,32000.0,30.634253593622567,23.225453770802996,296097.7013,264097.7013
1566489600000.0,241580.2551,54517.446200000006,32000.0,30.634253593622567,23.225453770802996,296097.7013,264097.7013
1566576000000.0,241580.2551,54517.446200000006,32000.0,30.634253593622567,23.225453770802996,296097.7013,264097.7013
1566662400000.0,229340.0404,54517.446200000006,32000.0,29.082099254663984,27.11541128803242,283857.4866,251857.4866
1566748800000.0,229340.0404,54517.446200000006,32000.0,29.082099254663984,27.11541128803242,283857.4866,251857.4866
1566835200000.0,228970.9644,54517.446200000006,32000.0,29.03529754988625,27.23270416203969,283488.4106,251488.4106
1566921600000.0,224723.04729999998,54517.446200000006,32000.0,28.49662865232995,28.582698215306777,279240.4935,247240.49349999998
1567008000000.0,224723.04729999998,54517.446200000006,32000.0,28.49662865232995,28.582698215306777,279240.4935,247240.49349999998
1567094400000.0,224723.04729999998,54517.446200000006,32000.0,28.49662865232995,28.582698215306777,279240.4935,247240.49349999998
1567180800000.0,224723.04729999998,54517.446200000006,32000.0,28.49662865232995,28.582698215306777,279240.4935,247240.49349999998
1567267200000.0,224723.04729999998,54517.446200000006,32000.0,28.49662865232995,28.582698215306777,279240.4935,247240.49349999998
1567353600000.0,225723.04729999998,54517.446200000006,33000.0,28.496628652329946,28.58269821530679,280240.4935,247240.49349999998
1567440000000.0,237232.0987,54517.446200000006,33000.0,29.949600193381702,24.941309323383265,291749.5449,258749.54489999998
1567526400000.0,330509.0147,54517.446200000006,33000.0,41.72543641782281,2.7473000379600543,385026.4609,352026.4609
1567612800000.0,305394.3798,63369.8164,33000.0,39.67239077740187,7.532492208914709,368764.1962,335764.1962
1567699200000.0,304362.34990000003,63369.8164,33000.0,39.53832448085256,7.844970889371671,367732.16630000004,334732.16630000004
1567785600000.0,328153.4473,63369.8164,33000.0,42.62891741741592,1.3819597646090753,391523.2637,358523.2637
1567872000000.0,308636.83910000004,63730.08960000001,33000.0,40.14040532207048,7.138901315387736,372366.92870000005,339366.92870000005
1567958400000.0,290980.0248,63730.08960000001,33000.0,37.84401165511456,12.451394729814291,354710.1144,321710.1144
1568044800000.0,290980.0248,63730.08960000001,33000.0,37.84401165511456,12.451394729814291,354710.1144,321710.1144
1568131200000.0,290980.0248,63730.08960000001,33000.0,37.84401165511456,12.451394729814291,354710.1144,321710.1144
1568217600000.0,290980.0248,63730.08960000001,33000.0,37.84401165511456,12.451394729814291,354710.1144,321710.1144
1568304000000.0,290980.0248,63730.08960000001,33000.0,37.84401165511456,12.451394729814291,354710.1144,321710.1144
1568390400000.0,281714.9815,63730.08960000001,33000.0,36.63902720000862,15.239014324116006,345445.0711,312445.0711
1568476800000.0,283218.6729,63730.08960000001,33000.0,36.834592909051395,14.786591224223633,346948.7625,313948.7625
1568563200000.0,275641.6196,63730.08960000001,33000.0,35.84914350030344,17.066336883496326,339371.7092,306371.7092
1568649600000.0,263943.7186,63730.08960000001,33000.0,34.327748682605375,20.58594245725566,327673.8082,294673.8082
1568736000000.0,263943.7186,63730.08960000001,33000.0,34.327748682605375,20.58594245725566,327673.8082,294673.8082
1568822400000.0,263943.7186,63730.08960000001,33000.0,34.327748682605375,20.58594245725566,327673.8082,294673.8082
1568908800000.0,263943.7186,63730.08960000001,33000.0,34.327748682605375,20.58594245725566,327673.8082,294673.8082
1568995200000.0,263701.95420000004,63730.08960000001,33000.0,34.296305511282256,20.658683313053338,327432.04380000004,294432.04380000004
1569081600000.0,250408.1813,63730.08960000001,33000.0,32.567356258102976,24.658446791572352,314138.2709,281138.2709
1569168000000.0,250408.1813,63730.08960000001,33000.0,32.567356258102976,24.658446791572352,314138.2709,281138.2709
1569254400000.0,250408.1813,63730.08960000001,33000.0,32.567356258102976,24.658446791572352,314138.2709,281138.2709
1569340800000.0,250408.1813,63730.08960000001,33000.0,32.567356258102976,24.658446791572352,314138.2709,281138.2709
1569427200000.0,250408.1813,63730.08960000001,33000.0,32.567356258102976,24.658446791572352,314138.2709,281138.2709
1569513600000.0,250408.1813,63730.08960000001,33000.0,32.567356258102976,24.658446791572352,314138.2709,281138.2709
1569600000000.0,250408.1813,63730.08960000001,33000.0,32.567356258102976,24.658446791572352,314138.2709,281138.2709
1569686400000.0,250408.1813,63730.08960000001,33000.0,32.567356258102976,24.658446791572352,314138.2709,281138.2709
1569772800000.0,250408.1813,63730.08960000001,33000.0,32.567356258102976,24.658446791572352,314138.2709,281138.2709
1569859200000.0,250408.1813,63730.08960000001,33000.0,32.567356258102976,24.658446791572352,314138.2709,281138.2709
1569945600000.0,249952.9879,63730.08960000001,34000.0,32.37885084973805,25.094536541745693,313683.0775,279683.0775
1570032000000.0,240071.1073,63730.08960000001,34000.0,31.0987543773953,28.055920810047674,303801.1969,269801.1969
1570118400000.0,228047.4919,63730.08960000001,34000.0,29.54121808634297,31.659136324883306,291777.5815,257777.58149999997
1570204800000.0,228047.4919,63730.08960000001,34000.0,29.54121808634297,31.659136324883306,291777.5815,257777.58149999997
1570291200000.0,228047.4919,63730.08960000001,34000.0,29.54121808634297,31.659136324883306,291777.5815,257777.58149999997
1570377600000.0,228047.4919,63730.08960000001,34000.0,29.54121808634297,31.659136324883306,291777.5815,257777.58149999997
1570464000000.0,228047.4919,63730.08960000001,34000.0,29.54121808634297,31.659136324883306,291777.5815,257777.58149999997
1570550400000.0,224582.6029,63730.08960000001,34000.0,29.092377185962206,32.69748805076963,288312.6925,254312.6925
1570636800000.0,257197.55190000002,63730.08960000001,34000.0,33.31730995438067,22.923498585639777,320927.6415,286927.6415
1570723200000.0,241611.1353,66202.62520000001,34000.0,31.618540915740127,26.853442941553585,307813.7605,273813.7605
1570809600000.0,228296.6722,66202.62520000001,34000.0,29.876138208283198,30.88432973672328,294499.29740000004,260499.29740000004
1570896000000.0,228296.6722,66202.62520000001,34000.0,29.876138208283198,30.88432973672328,294499.29740000004,260499.29740000004
1570982400000.0,228296.6722,66202.62520000001,34000.0,29.876138208283198,30.88432973672328,294499.29740000004,260499.29740000004
1571068800000.0,219375.0337,66202.62520000001,34000.0,28.7086043046929,33.58531095923518,285577.65890000004,251577.65890000004
1571155200000.0,219375.0337,66202.62520000001,34000.0,28.7086043046929,33.58531095923518,285577.65890000004,251577.65890000004
1571241600000.0,219375.0337,66202.62520000001,34000.0,28.7086043046929,33.58531095923518,285577.65890000004,251577.65890000004
1571328000000.0,219375.0337,66202.62520000001,34000.0,28.7086043046929,33.58531095923518,285577.65890000004,251577.65890000004
1571414400000.0,219375.0337,66202.62520000001,34000.0,28.7086043046929,33.58531095923518,285577.65890000004,251577.65890000004
1571500800000.0,219375.0337,66202.62520000001,34000.0,28.7086043046929,33.58531095923518,285577.65890000004,251577.65890000004
1571587200000.0,219375.0337,66202.62520000001,34000.0,28.7086043046929,33.58531095923518,285577.65890000004,251577.65890000004
1571673600000.0,216227.82439999998,66202.62520000001,34000.0,28.296743461032325,34.53811275933219,282430.4496,248430.4496
1571760000000.0,218005.4451,66202.62520000001,34000.0,28.529372527427913,33.99994702537553,284208.0703,250208.07030000002
1571846400000.0,208034.54129999998,66202.62520000001,34000.0,27.224526087400406,37.018588044653846,274237.1665,240237.1665
1571932800000.0,208034.54129999998,66202.62520000001,34000.0,27.224526087400406,37.018588044653846,274237.1665,240237.1665
1572019200000.0,208034.54129999998,66202.62520000001,34000.0,27.224526087400406,37.018588044653846,274237.1665,240237.1665
1572105600000.0,231409.4861,66202.62520000001,34000.0,30.283497883730387,29.941940971131164,297612.1113,263612.1113
1572192000000.0,218407.6202,67355.18950000001,34000.0,28.73283414053268,33.52925748496215,285762.8097,251762.80969999998
1572278400000.0,207329.4207,67355.18950000001,34000.0,27.275430463326952,36.900825499944446,274684.6102,240684.6102
1572364800000.0,206848.0842,67355.18950000001,34000.0,27.21210775596162,37.047316700779334,274203.2737,240203.27370000002
1572451200000.0,200596.3879,67355.18950000001,34000.0,26.389659561524113,38.94997419349403,267951.5774,233951.5774
1572537600000.0,199168.6251,67355.18950000001,34000.0,26.20182879038684,39.38450323311473,266523.81460000004,232523.81460000004
1572624000000.0,200168.6251,67355.18950000001,35000.0,26.20182879038684,39.38450323311473,267523.81460000004,232523.81460000004
1572710400000.0,206000.1174,67355.18950000001,35000.0,26.96516401717738,37.61859809947966,273355.30689999997,238355.30689999997
1572796800000.0,198511.48129999998,67355.18950000001,35000.0,25.984910688926334,39.8863231092366,265866.67079999996,230866.67079999996
1572883200000.0,197567.9655,67355.18950000001,35000.0,25.861405621934573,40.17204060814949,264923.155,229923.15500000003
1572969600000.0,189121.9558,67355.18950000001,35000.0,24.75583325758032,42.72967956584163,256477.1453,221477.1453
1573056000000.0,189260.3568,67355.18950000001,35000.0,24.77394977961072,42.687768675142124,256615.54630000002,221615.54630000002
1573142400000.0,186113.9137,67355.18950000001,35000.0,24.362084216944705,43.64058139221982,253469.1032,218469.1032
1573228800000.0,186113.9137,67355.18950000001,35000.0,24.362084216944705,43.64058139221982,253469.1032,218469.1032
1573315200000.0,186113.9137,67355.18950000001,35000.0,24.362084216944705,43.64058139221982,253469.1032,218469.1032
1573401600000.0,186113.9137,67355.18950000001,35000.0,24.362084216944705,43.64058139221982,253469.1032,218469.1032
1573488000000.0,186113.9137,67355.18950000001,35000.0,24.362084216944705,43.64058139221982,253469.1032,218469.1032
1573574400000.0,186113.9137,67355.18950000001,35000.0,24.362084216944705,43.64058139221982,253469.1032,218469.1032
1573660800000.0,186113.9137,67355.18950000001,35000.0,24.362084216944705,43.64058139221982,253469.1032,218469.1032
1573747200000.0,186113.9137,67355.18950000001,35000.0,24.362084216944705,43.64058139221982,253469.1032,218469.1032
1573833600000.0,186113.9137,67355.18950000001,35000.0,24.362084216944705,43.64058139221982,253469.1032,218469.1032
1573920000000.0,186113.9137,67355.18950000001,35000.0,24.362084216944705,43.64058139221982,253469.1032,218469.1032
1574006400000.0,186113.9137,67355.18950000001,35000.0,24.362084216944705,43.64058139221982,253469.1032,218469.1032
1574092800000.0,186113.9137,67355.18950000001,35000.0,24.362084216944705,43.64058139221982,253469.1032,218469.1032
1574179200000.0,186113.9137,67355.18950000001,35000.0,24.362084216944705,43.64058139221982,253469.1032,218469.1032
1574265600000.0,186113.9137,67355.18950000001,35000.0,24.362084216944705,43.64058139221982,253469.1032,218469.1032
1574352000000.0,186113.9137,67355.18950000001,35000.0,24.362084216944705,43.64058139221982,253469.1032,218469.1032
1574438400000.0,186113.9137,67355.18950000001,35000.0,24.362084216944705,43.64058139221982,253469.1032,218469.1032
1574524800000.0,186113.9137,67355.18950000001,35000.0,24.362084216944705,43.64058139221982,253469.1032,218469.1032
1574611200000.0,186113.9137,67355.18950000001,35000.0,24.362084216944705,43.64058139221982,253469.1032,218469.1032
1574697600000.0,186113.9137,67355.18950000001,35000.0,24.362084216944705,43.64058139221982,253469.1032,218469.1032
1574784000000.0,186113.9137,67355.18950000001,35000.0,24.362084216944705,43.64058139221982,253469.1032,218469.1032
1574870400000.0,186113.9137,67355.18950000001,35000.0,24.362084216944705,43.64058139221982,253469.1032,218469.1032
1574956800000.0,187782.0704,67355.18950000001,35000.0,24.580443893577847,43.13542656585785,255137.2599,220137.2599
1575043200000.0,178417.0243,67355.18950000001,35000.0,23.35457078582336,45.97137011751429,245772.2138,210772.2138
1575129600000.0,169339.876,67355.18950000001,35000.0,22.166383148811153,48.720131833574,236695.0655,201695.0655
1575216000000.0,166726.3306,67355.18950000001,36000.0,21.696151317351887,49.80796949130127,234081.5201,198081.5201
1575302400000.0,166726.3306,67355.18950000001,36000.0,21.696151317351887,49.80796949130127,234081.5201,198081.5201
1575388800000.0,166726.3306,67355.18950000001,36000.0,21.696151317351887,49.80796949130127,234081.5201,198081.5201
1575475200000.0,166726.3306,67355.18950000001,36000.0,21.696151317351887,49.80796949130127,234081.5201,198081.5201
1575561600000.0,162118.6297,67355.18950000001,36000.0,21.096549709185155,51.195092109039486,229473.8192,193473.8192
1575648000000.0,159019.7854,67355.18950000001,36000.0,20.693296098314207,52.12798187568626,226374.9749,190374.9749
1575734400000.0,166917.73070000001,67355.18950000001,36000.0,21.72105827426033,49.750349560340176,234272.92020000002,198272.92020000002
1575820800000.0,170634.1681,67542.9554,36000.0,22.230622415364426,48.5715202582058,238177.12350000002,202177.12350000002
1575907200000.0,161494.3242,67630.13810000001,36000.0,21.051220334103185,51.299957407210364,229124.4623,193124.4623
1575993600000.0,161494.3242,67630.13810000001,36000.0,21.051220334103185,51.299957407210364,229124.4623,193124.4623
1576080000000.0,161494.3242,67630.13810000001,36000.0,21.051220334103185,51.299957407210364,229124.4623,193124.4623
1576166400000.0,161494.3242,67630.13810000001,36000.0,21.051220334103185,51.299957407210364,229124.4623,193124.4623
1576252800000.0,161494.3242,67630.13810000001,36000.0,21.051220334103185,51.299957407210364,229124.4623,193124.4623
1576339200000.0,161494.3242,67630.13810000001,36000.0,21.051220334103185,51.299957407210364,229124.4623,193124.4623
1576425600000.0,161494.3242,67630.13810000001,36000.0,21.051220334103185,51.299957407210364,229124.4623,193124.4623
1576512000000.0,161494.3242,67630.13810000001,36000.0,21.051220334103185,51.299957407210364,229124.4623,193124.4623
1576598400000.0,161494.3242,67630.13810000001,36000.0,21.051220334103185,51.299957407210364,229124.4623,193124.4623
1576684800000.0,161494.3242,67630.13810000001,36000.0,21.051220334103185,51.299957407210364,229124.4623,193124.4623
1576771200000.0,161408.7806,67630.13810000001,36000.0,21.04006949533103,51.325753836801184,229038.9187,193038.9187
1576857600000.0,161764.32189999998,67630.13810000001,36000.0,21.086415261854093,51.21853721145369,229394.46,193394.46
1576944000000.0,161160.8524,67630.13810000001,36000.0,21.00775138637524,51.40051877953067,228790.9905,192790.9905
1577030400000.0,162967.07809999998,67630.13810000001,36000.0,21.243197773560524,50.85583543565505,230597.2162,194597.2162
1577116800000.0,178141.2756,67630.13810000001,36000.0,23.2211953072082,46.27992189676052,245771.4137,209771.4137
1577203200000.0,168090.8638,68363.08690000001,36000.0,22.006638897628488,49.08968531850647,236453.9507,200453.9507
1577289600000.0,168090.8638,68363.08690000001,36000.0,22.006638897628488,49.08968531850647,236453.9507,200453.9507
1577376000000.0,168090.8638,68363.08690000001,36000.0,22.006638897628488,49.08968531850647,236453.9507,200453.9507
1577462400000.0,168090.8638,68363.08690000001,36000.0,22.006638897628488,49.08968531850647,236453.9507,200453.9507
1577548800000.0,168115.3124,68363.08690000001,36000.0,22.009839734958902,49.08228047869909,236478.3993,200478.3993
1577635200000.0,175984.0234,68363.08690000001,36000.0,23.040019946138216,46.699054263475546,244347.1103,208347.1103
1577721600000.0,168793.7835,68441.18900000001,36000.0,22.10889112202199,48.85313429656386,237234.9725,201234.9725
1577808000000.0,168793.7835,68441.18900000001,36000.0,22.10889112202199,48.85313429656386,237234.9725,201234.9725
1577894400000.0,169793.7835,68441.18900000001,37000.0,22.108891122021994,48.85313429656385,238234.9725,201234.9725
1577980800000.0,169793.7835,68441.18900000001,37000.0,22.108891122021994,48.85313429656385,238234.9725,201234.9725
1578067200000.0,169793.7835,68441.18900000001,37000.0,22.108891122021994,48.85313429656385,238234.9725,201234.9725
1578153600000.0,169824.5845,68441.18900000001,37000.0,22.112901727954746,48.84385613232216,238265.7735,201265.7735
1578240000000.0,178739.09,68441.18900000001,37000.0,23.273661724248523,46.1585457150474,247180.279,210180.279
1578326400000.0,169765.5244,68441.18900000001,37000.0,22.105211497525577,48.86164676600063,238206.7134,201206.7134
1578412800000.0,188773.926,68441.18900000001,37000.0,24.580300235848373,43.13575890466923,257215.11500000002,220215.11500000002
1578499200000.0,232737.68550000002,68441.18900000001,37000.0,30.304832383400527,29.892585588110997,301178.87450000003,264178.87450000003
1578585600000.0,215845.9002,73561.23070000001,37000.0,28.772030697708896,33.43857989127985,289407.1309,252407.1309
1578672000000.0,209241.3198,73561.23070000001,37000.0,27.89164710071581,35.475265555630585,282802.5505,245802.5505
1578758400000.0,210529.1996,73561.23070000001,37000.0,28.06332011885618,35.078115976519264,284090.4303,247090.4303
1578844800000.0,213358.11700000003,73561.23070000001,37000.0,28.44041182269983,34.20574935134919,286919.34770000004,249919.34770000004
1578931200000.0,209736.6541,73561.23070000001,37000.0,27.957674640141036,35.32251697710298,283297.8848,246297.8848
1579017600000.0,241277.72100000002,73561.23070000001,37000.0,32.16206557017219,25.59604914675341,314838.95170000003,277838.95170000003
1579104000000.0,245937.9311,73561.23070000001,37000.0,32.78326665822034,24.158958138892782,319499.1618,282499.1618
1579190400000.0,243122.3652,73561.23070000001,37000.0,32.40795469523582,25.0272074989225,316683.5959,279683.5959
1579276800000.0,250642.4682,73561.23070000001,37000.0,33.41037648858677,22.708197804598683,324203.6989,287203.6989
1579363200000.0,253442.5464,73561.23070000001,37000.0,33.783623957506656,21.844724459796815,327003.7771,290003.7771
1579449600000.0,238743.63230000003,76839.26540000002,37000.0,32.261232786828174,25.366635003615535,315582.89770000003,278582.89770000003
1579536000000.0,238743.63230000003,76839.26540000002,37000.0,32.261232786828174,25.366635003615535,315582.89770000003,278582.89770000003
1579622400000.0,238743.63230000003,76839.26540000002,37000.0,32.261232786828174,25.366635003615535,315582.89770000003,278582.89770000003
1579708800000.0,238743.63230000003,76839.26540000002,37000.0,32.261232786828174,25.366635003615535,315582.89770000003,278582.89770000003
1579795200000.0,238743.63230000003,76839.26540000002,37000.0,32.261232786828174,25.366635003615535,315582.89770000003,278582.89770000003
1579881600000.0,238743.63230000003,76839.26540000002,37000.0,32.261232786828174,25.366635003615535,315582.89770000003,278582.89770000003
1579968000000.0,238743.63230000003,76839.26540000002,37000.0,32.261232786828174,25.366635003615535,315582.89770000003,278582.89770000003
1580054400000.0,238743.63230000003,76839.26540000002,37000.0,32.261232786828174,25.366635003615535,315582.89770000003,278582.89770000003
1580140800000.0,262144.43429999996,76839.26540000002,37000.0,35.423364121798535,18.051337920929235,338983.6997,301983.6997
1580227200000.0,290598.6654,76839.26540000002,37000.0,39.268361219496235,9.15629433413626,367437.93080000003,330437.93080000003
1580313600000.0,320856.0473,76839.26540000002,37000.0,43.35701661772383,5.072153420518299,397695.3127,360695.3127
1580400000000.0,332691.54819999996,76839.26540000002,37000.0,44.956338224776445,1.933233733149875,409530.8136,372530.8136
1580486400000.0,307272.2994,84453.56170000002,37000.0,42.550369479862965,8.129844325652547,391725.86110000004,354725.86110000004
1580572800000.0,312489.9578,84453.56170000002,38000.0,43.13252662991874,6.872913571435014,396943.5195,358943.5195
1580659200000.0,314799.6768,84453.56170000002,38000.0,43.45133372687798,6.184579768796883,399253.23850000004,361253.23850000004
1580745600000.0,298822.9636,84453.56170000002,38000.0,41.246091637150975,10.945899977278783,383276.52530000004,345276.52530000004
1580832000000.0,298822.9636,84453.56170000002,38000.0,41.246091637150975,10.945899977278783,383276.52530000004,345276.52530000004
1580918400000.0,298822.9636,84453.56170000002,38000.0,41.246091637150975,10.945899977278783,383276.52530000004,345276.52530000004
1581004800000.0,325301.652,84453.56170000002,38000.0,44.900905828873846,3.054820467069186,409755.2137,371755.2137
1581091200000.0,327107.7192,84453.56170000002,38000.0,45.150194612897046,2.935203848429402,411561.2809,373561.2809
1581177600000.0,330382.2597,84453.56170000002,38000.0,45.60217459430622,1.9635281970571183,414835.8214,376835.8214
1581264000000.0,362308.13529999997,84453.56170000002,38000.0,50.008855977590244,2.2034341809417213,446761.697,408761.697
1581350400000.0,339446.2713,88967.26250000003,38000.0,47.47628615228851,7.810050249002454,428413.53380000003,390413.53380000003
1581436800000.0,335746.42319999996,88967.26250000003,38000.0,46.958810893412085,8.81488912709364,424713.6857,386713.6857
1581523200000.0,345664.57680000004,88967.26250000003,38000.0,48.346002735622065,6.121225477453529,434631.83930000005,396631.83930000005
1581609600000.0,327986.9138,88967.26250000003,38000.0,45.873535491019496,10.92228827140821,416954.1763,378954.1763
1581696000000.0,324242.7918,88967.26250000003,38000.0,45.349867910932936,11.939151463688036,413210.0543,375210.0543
1581782400000.0,308120.2324,88967.26250000003,38000.0,43.09490355191902,16.317864876126322,397087.4949,359087.4949
1581868800000.0,308120.2324,88967.26250000003,38000.0,43.09490355191902,16.317864876126322,397087.4949,359087.4949
1581955200000.0,308120.2324,88967.26250000003,38000.0,43.09490355191902,16.317864876126322,397087.4949,359087.4949
1582041600000.0,308120.2324,88967.26250000003,38000.0,43.09490355191902,16.317864876126322,397087.4949,359087.4949
1582128000000.0,307779.4919,88967.26250000003,38000.0,43.0472462498673,16.410406324446914,396746.75440000003,358746.75440000003
1582214400000.0,288234.5651,88967.26250000003,38000.0,40.313616170418754,21.71859784671132,377201.8276,339201.8276
1582300800000.0,288234.5651,88967.26250000003,38000.0,40.313616170418754,21.71859784671132,377201.8276,339201.8276
1582387200000.0,288234.5651,88967.26250000003,38000.0,40.313616170418754,21.71859784671132,377201.8276,339201.8276
1582473600000.0,289254.8799,88967.26250000003,38000.0,40.45632139803754,21.441491340924824,378222.1424,340222.1424
1582560000000.0,271775.672,88967.26250000003,38000.0,38.01161086167602,26.188655868073475,360742.93450000003,322742.93450000003
1582646400000.0,271775.672,88967.26250000003,38000.0,38.01161086167602,26.188655868073475,360742.93450000003,322742.93450000003
1582732800000.0,271775.672,88967.26250000003,38000.0,38.01161086167602,26.188655868073475,360742.93450000003,322742.93450000003
1582819200000.0,271775.672,88967.26250000003,38000.0,38.01161086167602,26.188655868073475,360742.93450000003,322742.93450000003
1582905600000.0,271775.672,88967.26250000003,38000.0,38.01161086167602,26.188655868073475,360742.93450000003,322742.93450000003
1582992000000.0,271775.672,88967.26250000003,38000.0,38.01161086167602,26.188655868073475,360742.93450000003,322742.93450000003
1583078400000.0,272775.672,88967.26250000003,39000.0,38.01161086167601,26.188655868073496,361742.93450000003,322742.93450000003
1583164800000.0,272775.672,88967.26250000003,39000.0,38.01161086167601,26.188655868073496,361742.93450000003,322742.93450000003
1583251200000.0,258825.6299,88967.26250000003,39000.0,36.06765608036693,29.963447624788376,347792.8924,308792.8924
1583337600000.0,245629.8041,88967.26250000003,39000.0,34.228802227930764,33.53415329691573,334597.0666,295597.0666
1583424000000.0,268526.235,88967.26250000003,39000.0,37.419446815517205,27.338526215653246,357493.4975,318493.4975
1583510400000.0,259924.1259,88967.26250000003,39000.0,36.22073279054037,29.66620166553895,348891.38840000005,309891.38840000005
1583596800000.0,271404.1765,88967.26250000003,39000.0,37.820491349945726,26.55977373787344,360371.439,321371.439
1583683200000.0,255787.6076,90095.90730000002,39000.0,35.80158207902402,30.480112907644894,345883.5149,306883.5149
1583769600000.0,255787.6076,90095.90730000002,39000.0,35.80158207902402,30.480112907644894,345883.5149,306883.5149
1583856000000.0,255787.6076,90095.90730000002,39000.0,35.80158207902402,30.480112907644894,345883.5149,306883.5149
1583942400000.0,255787.6076,90095.90730000002,39000.0,35.80158207902402,30.480112907644894,345883.5149,306883.5149
1584028800000.0,255787.6076,90095.90730000002,39000.0,35.80158207902402,30.480112907644894,345883.5149,306883.5149
1584115200000.0,255787.6076,90095.90730000002,39000.0,35.80158207902402,30.480112907644894,345883.5149,306883.5149
1584201600000.0,255787.6076,90095.90730000002,39000.0,35.80158207902402,30.480112907644894,345883.5149,306883.5149
1584288000000.0,255787.6076,90095.90730000002,39000.0,35.80158207902402,30.480112907644894,345883.5149,306883.5149
1584374400000.0,255787.6076,90095.90730000002,39000.0,35.80158207902402,30.480112907644894,345883.5149,306883.5149
1584460800000.0,255787.6076,90095.90730000002,39000.0,35.80158207902402,30.480112907644894,345883.5149,306883.5149
1584547200000.0,255787.6076,90095.90730000002,39000.0,35.80158207902402,30.480112907644894,345883.5149,306883.5149
1584633600000.0,258190.7453,90095.90730000002,39000.0,36.13793977993458,29.826970000766316,348286.65260000003,309286.65260000003
1584720000000.0,296430.4821,90095.90730000002,39000.0,41.49020484301137,19.433885637842018,386526.38940000004,347526.38940000004
1584806400000.0,278957.3626,92670.32450000002,39000.0,39.40489227345749,23.483167428452944,371627.6871,332627.6871
1584892800000.0,274241.3607,92670.32450000002,39000.0,38.73872040726664,24.776746936181617,366911.68520000007,327911.68520000007
1584979200000.0,266007.87429999997,92670.32450000002,39000.0,37.575676558547016,27.0351576641762,358678.1988,319678.1988
1585065600000.0,274192.4008,92670.32450000002,39000.0,38.73180444144578,24.790176431055322,366862.72530000005,327862.72530000005
1585152000000.0,275447.235,92670.32450000002,39000.0,38.90905951014584,24.445980681957536,368117.5595,329117.5595
1585238400000.0,275437.53380000003,92670.32450000002,39000.0,38.90768914036116,24.44864168035965,368107.8583000001,329107.8583000001
1585324800000.0,275683.0173,92670.32450000002,39000.0,38.94236558977354,24.38130658766483,368353.34180000005,329353.34180000005
1585411200000.0,261634.35760000002,92670.32450000002,39000.0,36.957883384660505,28.23479492043537,354304.68210000003,315304.68210000003
1585497600000.0,261634.35760000002,92670.32450000002,39000.0,36.957883384660505,28.23479492043537,354304.68210000003,315304.68210000003
1585584000000.0,261634.35760000002,92670.32450000002,39000.0,36.957883384660505,28.23479492043537,354304.68210000003,315304.68210000003
1585670400000.0,262596.9041,92670.32450000002,39000.0,37.093850547481296,27.97077245945292,355267.22860000003,316267.22860000003
1585756800000.0,250302.83909999998,92670.32450000002,40000.0,35.223084796410774,31.60344499061646,342973.16359999997,302973.16359999997
1585843200000.0,263904.0331,92670.32450000002,40000.0,37.13707031617963,27.886847859879804,356574.3576,316574.3576
1585929600000.0,257533.138,92670.32450000002,40000.0,36.24054601328634,29.627728142072996,350203.4625,310203.4625
1586016000000.0,258772.4173,92670.32450000002,40000.0,36.41493971983514,29.28908861597247,351442.7418,311442.7418
1586102400000.0,262517.6278,92670.32450000002,40000.0,36.94197276307284,28.265690332093495,355187.9523,315187.9523
1586188800000.0,287033.5987,92670.32450000002,40000.0,40.39190615169111,21.566573541011557,379703.92319999996,339703.92319999996
1586275200000.0,299011.7027,92670.32450000002,40000.0,42.077487403622776,18.29349421003037,391682.0272,351682.0272
1586361600000.0,280195.53599999996,95991.73520000001,40000.0,39.897036289084475,22.527517023841025,376187.27119999996,336187.27119999996
1586448000000.0,265800.96129999997,95991.73520000001,40000.0,37.84739311000172,26.507535618408497,361792.69649999996,321792.69649999996
1586534400000.0,256251.4814,95991.73520000001,40000.0,36.487642874322795,29.147912869043648,352243.2166,312243.2166
1586620800000.0,256251.4814,95991.73520000001,40000.0,36.487642874322795,29.147912869043648,352243.2166,312243.2166
1586707200000.0,256251.4814,95991.73520000001,40000.0,36.487642874322795,29.147912869043648,352243.2166,312243.2166
1586793600000.0,256251.4814,95991.73520000001,40000.0,36.487642874322795,29.147912869043648,352243.2166,312243.2166
1586880000000.0,256251.4814,95991.73520000001,40000.0,36.487642874322795,29.147912869043648,352243.2166,312243.2166
1586966400000.0,256251.4814,95991.73520000001,40000.0,36.487642874322795,29.147912869043648,352243.2166,312243.2166
1587052800000.0,256251.4814,95991.73520000001,40000.0,36.487642874322795,29.147912869043648,352243.2166,312243.2166
1587139200000.0,253888.9118,95991.73520000001,40000.0,36.151236640261,29.801150018103684,349880.647,309880.647
1587225600000.0,267963.1444,95991.73520000001,40000.0,38.15526631467814,25.909704204684292,363954.8796,323954.8796
1587312000000.0,257957.7853,95991.73520000001,40000.0,36.730603449606576,28.676129479015234,353949.5205,313949.5205
1587398400000.0,256499.6946,96019.3144,40000.0,36.52691294817241,29.071657828299703,352519.00899999996,312519.00899999996
1587484800000.0,256499.6946,96019.3144,40000.0,36.52691294817241,29.071657828299703,352519.00899999996,312519.00899999996
1587571200000.0,256499.6946,96019.3144,40000.0,36.52691294817241,29.071657828299703,352519.00899999996,312519.00899999996
1587657600000.0,310051.2958,96019.3144,40000.0,44.152944153854975,14.263350552615162,406070.6102,366070.6102
1587744000000.0,290292.1526,99774.0319,40000.0,41.873829298607134,18.68895965160999,390066.1845,350066.1845
1587830400000.0,291488.4323,99774.0319,40000.0,42.04638929205695,18.353880848812686,391262.4642,351262.4642
1587916800000.0,293253.95780000003,99774.0319,40000.0,42.3010613965117,17.859355888765194,393027.98970000003,353027.98970000003
1588003200000.0,307510.2753,99774.0319,40000.0,44.35749523419906,13.866151122189107,407284.3072,367284.3072
1588089600000.0,312022.9015,99774.0319,40000.0,45.008428914268585,12.60216128388646,411796.9334,371796.9334
1588176000000.0,381917.8368,99774.0319,40000.0,55.09057740976116,0.8663839647801597,481691.8687,441691.8687
1588262400000.0,427763.6298,99774.0319,40000.0,61.70370454029895,14.771399040141986,527537.6617,487537.66170000006
1588348800000.0,394329.3719,111222.6118,41000.0,58.39581754976227,19.3404371949359,505551.98370000004,464551.98370000004
1588435200000.0,408325.49090000003,111222.6118,41000.0,60.46848793591862,16.477549162862193,519548.10270000005,478548.10270000005
1588521600000.0,399638.91150000005,111222.6118,41000.0,59.18210162558675,18.25437773969252,510861.52330000006,469861.52330000006
1588608000000.0,392898.78130000003,111222.6118,41000.0,58.183962908391074,19.633062651145384,504121.39310000004,463121.39310000004
1588694400000.0,392375.6542,111222.6118,41000.0,58.10649357218681,19.74006762258378,503598.266,462598.266
1588780800000.0,432215.5677,111222.6118,41000.0,64.00634401633353,11.590864864447637,543438.1795,502438.17949999997
1588867200000.0,408221.28339999996,113108.771,41000.0,60.73237526912511,16.113053248268795,521330.05439999996,480330.05439999996
1588953600000.0,435607.6344,113108.771,41000.0,64.80672958091203,10.485327645803977,548716.4053999999,507716.40539999993
1589040000000.0,410988.7669,113416.26909999999,41000.0,61.18985003604918,15.48116356433724,524405.036,483405.03599999996
1589126400000.0,390256.4853,113416.26909999999,41000.0,58.103135010774984,19.74470665507786,503672.7544,462672.7544
1589212800000.0,390256.4853,113416.26909999999,41000.0,58.103135010774984,19.74470665507786,503672.7544,462672.7544
1589299200000.0,390256.4853,113416.26909999999,41000.0,58.103135010774984,19.74470665507786,503672.7544,462672.7544
1589385600000.0,390256.4853,113416.26909999999,41000.0,58.103135010774984,19.74470665507786,503672.7544,462672.7544
1589472000000.0,450457.4048,113416.26909999999,41000.0,67.06611778040764,7.364534547515078,563873.6739,522873.67390000005
1589558400000.0,413455.9021,115993.98199999999,41000.0,61.94094963670751,14.443702870161113,529449.8841,488449.8841
1589644800000.0,392030.0782,115993.98199999999,41000.0,58.73108886951527,18.877341733530486,508024.06019999995,467024.06019999995
1589731200000.0,423059.2939,115993.98199999999,41000.0,63.37965979855083,12.456476087034108,539053.2759,498053.2759
1589817600000.0,398920.9105,117386.62329999999,41000.0,59.97205850731355,17.16324519992394,516307.5338,475307.5338
1589904000000.0,378398.468,117386.62329999999,41000.0,56.88680253318988,21.424772967772455,495785.0913,454785.0913
1589990400000.0,359390.16709999996,117386.62329999999,41000.0,54.02917611227699,25.371886090636366,476776.79039999994,435776.79039999994
1590076800000.0,359390.16709999996,117386.62329999999,41000.0,54.02917611227699,25.371886090636366,476776.79039999994,435776.79039999994
1590163200000.0,359390.16709999996,117386.62329999999,41000.0,54.02917611227699,25.371886090636366,476776.79039999994,435776.79039999994
1590249600000.0,359390.16709999996,117386.62329999999,41000.0,54.02917611227699,25.371886090636366,476776.79039999994,435776.79039999994
1590336000000.0,359390.16709999996,117386.62329999999,41000.0,54.02917611227699,25.371886090636366,476776.79039999994,435776.79039999994
1590422400000.0,359390.16709999996,117386.62329999999,41000.0,54.02917611227699,25.371886090636366,476776.79039999994,435776.79039999994
1590508800000.0,359390.16709999996,117386.62329999999,41000.0,54.02917611227699,25.371886090636366,476776.79039999994,435776.79039999994
1590595200000.0,359390.16709999996,117386.62329999999,41000.0,54.02917611227699,25.371886090636366,476776.79039999994,435776.79039999994
1590681600000.0,405432.42079999996,117386.62329999999,41000.0,60.95097103459399,15.811116575171734,522819.04409999994,481819.04409999994
1590768000000.0,382462.3856,119950.2031,41000.0,57.88315206355592,20.0485593810396,502412.58869999996,461412.58869999996
1590854400000.0,395170.6888,119950.2031,41000.0,59.80646968717369,17.391965721329527,515120.8919,474120.8919
1590940800000.0,387742.27410000004,119950.2031,41000.0,58.682228261453595,18.944830732743245,507692.4772,466692.4772
1591027200000.0,396952.7562,119950.2031,42000.0,59.92165392395733,17.23286682399692,516902.9593,474902.9593
1591113600000.0,399485.9853,121730.603,42000.0,60.57281399290043,19.239353111900925,521216.5883,479216.5883
1591200000000.0,399485.9853,121730.603,42000.0,60.57281399290043,19.239353111900925,521216.5883,479216.5883
1591286400000.0,379448.5341,121730.603,42000.0,57.53459776231613,23.29015234002774,501179.1371,459179.1371
1591372800000.0,368081.46400000004,121730.603,42000.0,55.811044375845036,25.58813516865931,489812.06700000004,447812.06700000004
1591459200000.0,361532.3881,121730.603,42000.0,54.81802842306215,26.91210553474379,483262.9911,441262.9911
1591545600000.0,361532.3881,121730.603,42000.0,54.81802842306215,26.91210553474379,483262.9911,441262.9911
1591632000000.0,356928.723,121730.603,42000.0,54.119989042335206,27.842788925934503,478659.326,436659.326
1591718400000.0,338680.4832,121730.603,42000.0,51.35306535595566,31.531878668871105,460411.0862,418411.0862
1591804800000.0,347110.346,121730.603,42000.0,52.63125916039316,29.82768578612288,468840.949,426840.949
1591891200000.0,340870.5577,121973.9446,42000.0,51.722036649609265,31.039935858320877,462844.5023,420844.5023
1591977600000.0,340870.5577,121973.9446,42000.0,51.722036649609265,31.039935858320877,462844.5023,420844.5023
1592064000000.0,340870.5577,121973.9446,42000.0,51.722036649609265,31.039935858320877,462844.5023,420844.5023
1592150400000.0,340870.5577,121973.9446,42000.0,51.722036649609265,31.039935858320877,462844.5023,420844.5023
1592236800000.0,340870.5577,121973.9446,42000.0,51.722036649609265,31.039935858320877,462844.5023,420844.5023
1592323200000.0,331251.0605,121973.9446,42000.0,50.26242104042809,32.98601518062634,453225.0051,411225.0051
1592409600000.0,330049.0201,121973.9446,42000.0,50.08002929019125,33.22919483111948,452022.9647,410022.9647
1592496000000.0,329576.5509,121973.9446,42000.0,50.008339117114694,33.32477805355093,451550.49549999996,409550.49549999996
1592582400000.0,329576.5509,121973.9446,42000.0,50.008339117114694,33.32477805355093,451550.49549999996,409550.49549999996
1592668800000.0,329576.5509,121973.9446,42000.0,50.008339117114694,33.32477805355093,451550.49549999996,409550.49549999996
1592755200000.0,329576.5509,121973.9446,42000.0,50.008339117114694,33.32477805355093,451550.49549999996,409550.49549999996
1592841600000.0,342539.3235,121973.9446,42000.0,51.97524703671221,30.70233498899991,464513.2681,422513.2681
1592928000000.0,377485.7617,121973.9446,42000.0,57.27784920203177,23.632470592215647,499459.70629999996,457459.70629999996
1593014400000.0,354902.12930000003,124787.8977,42000.0,54.278094444081844,27.63198982845394,479690.027,437690.027
1593100800000.0,354902.12930000003,124787.8977,42000.0,54.278094444081844,27.63198982845394,479690.027,437690.027
1593187200000.0,354902.12930000003,124787.8977,42000.0,54.278094444081844,27.63198982845394,479690.027,437690.027
1593273600000.0,354902.12930000003,124787.8977,42000.0,54.278094444081844,27.63198982845394,479690.027,437690.027
1593360000000.0,354902.12930000003,124787.8977,42000.0,54.278094444081844,27.63198982845394,479690.027,437690.027
1593446400000.0,354902.12930000003,124787.8977,42000.0,54.278094444081844,27.63198982845394,479690.027,437690.027
1593532800000.0,352297.9405,124787.8977,42000.0,53.87981448471553,28.163009357524505,477085.8382,435085.8382
1593619200000.0,358525.5981,124787.8977,43000.0,54.67709570997176,27.10000859432774,483313.49580000003,440313.49580000003
1593705600000.0,338673.9885,124787.8977,43000.0,51.64961771719132,31.136490722516285,463461.88619999995,420461.88619999995
1593792000000.0,338673.9885,124787.8977,43000.0,51.64961771719132,31.136490722516285,463461.88619999995,420461.88619999995
1593878400000.0,338673.9885,124787.8977,43000.0,51.64961771719132,31.136490722516285,463461.88619999995,420461.88619999995
1593964800000.0,338673.9885,124787.8977,43000.0,51.64961771719132,31.136490722516285,463461.88619999995,420461.88619999995
1594051200000.0,344650.551,124787.8977,43000.0,52.56107587125591,29.921259907214946,469438.44869999995,426438.44869999995
1594137600000.0,339288.6266,124787.8977,43000.0,51.743353356707146,31.011514674934038,464076.52430000005,421076.52430000005
1594224000000.0,364136.836,124787.8977,43000.0,55.53283988370897,25.959060230102182,488924.7337,445924.7337
1594310400000.0,344871.42829999997,125476.5021,43000.0,52.69977675682976,29.736332503244423,470347.93039999995,427347.93039999995
1594396800000.0,344871.42829999997,125476.5021,43000.0,52.69977675682976,29.736332503244423,470347.93039999995,427347.93039999995
1594483200000.0,344871.42829999997,125476.5021,43000.0,52.69977675682976,29.736332503244423,470347.93039999995,427347.93039999995
1594569600000.0,344871.42829999997,125476.5021,43000.0,52.69977675682976,29.736332503244423,470347.93039999995,427347.93039999995
1594656000000.0,343026.6048,125476.5021,43000.0,52.417869417955686,30.112194503854816,468503.10689999996,425503.10689999996
1594742400000.0,330787.8117,125476.5021,43000.0,50.54766037419007,32.60571069097116,456264.3138,413264.3138
1594828800000.0,330787.8117,125476.5021,43000.0,50.54766037419007,32.60571069097116,456264.3138,413264.3138
1594915200000.0,330787.8117,125476.5021,43000.0,50.54766037419007,32.60571069097116,456264.3138,413264.3138
1595001600000.0,330787.8117,125476.5021,43000.0,50.54766037419007,32.60571069097116,456264.3138,413264.3138
1595088000000.0,330787.8117,125476.5021,43000.0,50.54766037419007,32.60571069097116,456264.3138,413264.3138
1595174400000.0,330787.8117,125476.5021,43000.0,50.54766037419007,32.60571069097116,456264.3138,413264.3138
1595260800000.0,322268.0637,125476.5021,43000.0,49.24575832960006,34.34151334525022,447744.5658,404744.5658
1595347200000.0,348526.0382,125476.5021,43000.0,53.258237417988866,28.99174691634977,474002.5403,431002.5403
1595433600000.0,348550.4309,125476.5021,43000.0,53.26196486462262,28.98677717858229,474026.93299999996,431026.93299999996
1595520000000.0,381105.934,125476.5021,43000.0,58.23676881992111,22.3539602581323,506582.4361,463582.4361
1595606400000.0,385756.2223,125476.5021,43000.0,58.94737902173729,21.406516416565292,511232.7244,468232.7244
1595692800000.0,392988.649,125476.5021,43000.0,60.05256559627885,19.932990971594545,518465.15109999996,475465.15109999996
1595779200000.0,457218.0344,125476.5021,43000.0,69.8674530994092,6.846977434570622,582694.5365,539694.5365
1595865600000.0,516121.106,125476.5021,43000.0,78.86842699542957,4.409025850535119,641597.6081000001,598597.6081000001
1595952000000.0,664282.1849,125476.5021,43000.0,101.50891020556345,5.958787526660303,789758.687,746758.687
1596038400000.0,597809.0993,156386.8168,43000.0,96.07456588622489,10.993343879923124,754195.9161,711195.9161
1596124800000.0,566335.4018,156386.8168,43000.0,91.01639292149821,15.67940264599087,722722.2186,679722.2186
1596211200000.0,611754.0090000001,156386.8168,43000.0,98.31566784890643,8.917112882859357,768140.8258000001,725140.8258000001
1596297600000.0,652277.55,156386.8168,44000.0,104.65717363371701,3.042132137793696,808664.3668000001,764664.3668000001
1596384000000.0,613416.1711,161506.9022,44000.0,99.24342236716537,13.839393807905031,774923.0733,730923.0733
1596470400000.0,610366.9792,161506.9022,44000.0,98.75009947502903,14.267684151194992,771873.8814,727873.8814
1596556800000.0,594779.3123999999,161506.9022,44000.0,96.22820084758177,16.457132170147602,756286.2146,712286.2146
1596643200000.0,632877.6318999999,161506.9022,44000.0,102.39205467431978,11.10583160509455,794384.5340999999,750384.5340999999
1596729600000.0,666742.4381,161506.9022,44000.0,107.8709765277525,6.349171496937467,828249.3403,784249.3403
1596816000000.0,626199.7379,165481.52930000002,44000.0,101.95469832251905,11.485533226565249,791681.2672,747681.2672
1596902400000.0,639731.9602,165481.52930000002,44000.0,104.15794683689337,9.57272910249939,805213.4895,761213.4895
1596988800000.0,616917.6947,166060.06970000002,44000.0,100.53763768097515,12.715789106241326,782977.7644,738977.7644
1597075200000.0,576461.3115,166060.06970000002,44000.0,93.94455527956629,18.43973496411577,742521.3812,698521.3812
1597161600000.0,555360.3322000001,166060.06970000002,44000.0,90.5057779032604,21.42519371024829,721420.4019,677420.4019
1597248000000.0,555360.3322000001,166060.06970000002,44000.0,90.5057779032604,21.42519371024829,721420.4019,677420.4019
1597334400000.0,555360.3322000001,166060.06970000002,44000.0,90.5057779032604,21.42519371024829,721420.4019,677420.4019
1597420800000.0,558264.4006,166060.06970000002,44000.0,90.97904715636871,21.014313424509744,724324.4703,680324.4703
1597507200000.0,574708.5218,166060.06970000002,44000.0,93.65890723072043,18.68772730919124,740768.5915,696768.5915
1597593600000.0,559339.4275000001,166502.19130000003,44000.0,91.22629330850803,20.799660625977936,725841.6188000002,681841.6188000002
1597680000000.0,658153.8266,166502.19130000003,44000.0,107.3425742502812,6.8079168672026675,824656.0179000001,780656.0179000001
1597766400000.0,618192.1719,173041.38510000004,44000.0,101.89148843145512,11.540410440606252,791233.557,747233.557
1597852800000.0,606959.564,173041.38510000004,44000.0,100.0401108341292,13.147729215707681,780000.9491000001,736000.9491000001
1597939200000.0,606959.564,173041.38510000004,44000.0,100.0401108341292,13.147729215707681,780000.9491000001,736000.9491000001
1598025600000.0,606959.564,173041.38510000004,44000.0,100.0401108341292,13.147729215707681,780000.9491000001,736000.9491000001
1598112000000.0,606959.564,173041.38510000004,44000.0,100.0401108341292,13.147729215707681,780000.9491000001,736000.9491000001
1598198400000.0,606959.564,173041.38510000004,44000.0,100.0401108341292,13.147729215707681,780000.9491000001,736000.9491000001
1598284800000.0,603430.5965,173041.38510000004,44000.0,99.45846039022905,13.652703284950562,776471.9816,732471.9816
1598371200000.0,581443.3888,173041.38510000004,44000.0,95.83449130611882,16.798940744932132,754484.7739,710484.7739
1598457600000.0,581443.3888,173041.38510000004,44000.0,95.83449130611882,16.798940744932132,754484.7739,710484.7739
1598544000000.0,581443.3888,173041.38510000004,44000.0,95.83449130611882,16.798940744932132,754484.7739,710484.7739
1598630400000.0,581443.3888,173041.38510000004,44000.0,95.83449130611882,16.798940744932132,754484.7739,710484.7739
1598716800000.0,572911.1852000001,173041.38510000004,44000.0,94.42819895250933,18.01984787187528,745952.5703000001,701952.5703000001
1598803200000.0,570614.1127,173041.38510000004,44000.0,94.049591544168,18.348545160153208,743655.4978000001,699655.4978000001
1598889600000.0,601246.5547,173041.38510000004,44000.0,99.09848289469629,13.965226558441346,774287.9398,730287.9398
1598976000000.0,570843.6194,173736.48900000003,45000.0,94.045569164645,18.352037287387123,744580.1084,699580.1084
1599062400000.0,542179.9989,173736.48900000003,45000.0,89.32328373895302,22.451804961504852,715916.4879000001,670916.4879000001
1599148800000.0,542179.9989,173736.48900000003,45000.0,89.32328373895302,22.451804961504852,715916.4879000001,670916.4879000001
1599235200000.0,542179.9989,173736.48900000003,45000.0,89.32328373895302,22.451804961504852,715916.4879000001,670916.4879000001
1599321600000.0,542179.9989,173736.48900000003,45000.0,89.32328373895302,22.451804961504852,715916.4879000001,670916.4879000001
1599408000000.0,542179.9989,173736.48900000003,45000.0,89.32328373895302,22.451804961504852,715916.4879000001,670916.4879000001
1599494400000.0,542179.9989,173736.48900000003,45000.0,89.32328373895302,22.451804961504852,715916.4879000001,670916.4879000001
1599580800000.0,542179.9989,173736.48900000003,45000.0,89.32328373895302,22.451804961504852,715916.4879000001,670916.4879000001
1599667200000.0,542179.9989,173736.48900000003,45000.0,89.32328373895302,22.451804961504852,715916.4879000001,670916.4879000001
1599753600000.0,546947.0977,173736.48900000003,45000.0,90.10865560731396,21.76996515136762,720683.5867000001,675683.5867000001
1599840000000.0,519659.97719999996,173736.48900000003,45000.0,85.61314634510295,25.67285154862702,693396.4662,648396.4662
1599926400000.0,516573.32129999995,173736.48900000003,45000.0,85.1046247446758,26.114337022520473,690309.8103,645309.8103
1600012800000.0,489049.794,173736.48900000003,45000.0,80.57016784198183,30.05103676714056,662786.283,617786.283
1600099200000.0,494905.5834,173736.48900000003,45000.0,81.53489973757546,29.213481159377707,668642.0724000001,623642.0724000001
1600185600000.0,509219.15800000005,173736.48900000003,45000.0,83.89303815638182,27.166205573721903,682955.6470000001,637955.6470000001
1600272000000.0,545740.882,173736.48900000003,45000.0,89.90993350867498,21.94249060518716,719477.371,674477.371
1600358400000.0,514158.59420000005,176837.36340000003,45000.0,85.21766640996955,26.01619713400837,690995.9576000001,645995.9576000001
1600444800000.0,523997.55340000003,176837.36340000003,45000.0,86.84839504581291,24.600440155382074,700834.9168,655834.9168
1600531200000.0,556626.4617999999,176837.36340000003,45000.0,92.25637511795199,19.905369891013258,733463.8252,688463.8252
1600617600000.0,526796.7268,178241.60030000002,45000.0,87.5450766159945,23.995598998376934,705038.3271,660038.3271
1600704000000.0,532957.7195,178926.15500000003,45000.0,88.68269562750926,23.007947209373402,711883.8745,666883.8745
1600790400000.0,532957.7195,178926.15500000003,45000.0,88.68269562750926,23.007947209373402,711883.8745,666883.8745
1600876800000.0,532957.7195,178926.15500000003,45000.0,88.68269562750926,23.007947209373402,711883.8745,666883.8745
1600963200000.0,532957.7195,178926.15500000003,45000.0,88.68269562750926,23.007947209373402,711883.8745,666883.8745
1601049600000.0,527038.096,178926.15500000003,45000.0,87.69768659232265,23.863106912173492,705964.251,660964.251
1601136000000.0,540796.7547,178926.15500000003,45000.0,89.98708947944021,21.875505760711754,719722.9097000001,674722.9097000001
1601222400000.0,545893.8737,178926.15500000003,45000.0,90.83523603275079,21.13916657137368,724820.0287,679820.0287
1601308800000.0,582191.1208,178926.15500000003,45000.0,96.87499791049538,15.895599469091337,761117.2758000001,716117.2758000001
1601395200000.0,550456.0957000001,181525.65530000004,45000.0,92.02692688487973,20.10457099048837,731981.7510000002,686981.7510000002
1601481600000.0,541994.4955,181525.65530000004,45000.0,90.61229078761887,21.332721942702403,723520.1508,678520.1508
1601568000000.0,515611.7386,181525.65530000004,46000.0,86.04278897617836,25.29984678260364,697137.3939,651137.3939
1601654400000.0,515611.7386,181525.65530000004,46000.0,86.04278897617836,25.29984678260364,697137.3939,651137.3939
1601740800000.0,515611.7386,181525.65530000004,46000.0,86.04278897617836,25.29984678260364,697137.3939,651137.3939
1601827200000.0,515611.7386,181525.65530000004,46000.0,86.04278897617836,25.29984678260364,697137.3939,651137.3939
1601913600000.0,506066.266,181525.65530000004,46000.0,84.44988675321936,26.682763835051947,687591.9213,641591.9213
1602000000000.0,508153.7312,181525.65530000004,46000.0,84.79823283274501,26.380338660056168,689679.3865,643679.3865
1602086400000.0,481448.5734,181525.65530000004,46000.0,80.3418054763781,30.249295144195354,662974.2287000001,616974.2287000001
1602172800000.0,477798.82529999997,181525.65530000004,46000.0,79.73275319522332,30.778058789133254,659324.4806,613324.4806
1602259200000.0,517025.0532,181525.65530000004,46000.0,86.2786360696036,25.095090355895742,698550.7085000001,652550.7085000001
1602345600000.0,571352.6134,181525.65530000004,46000.0,95.34455611745108,17.22428997053902,752878.2687000001,706878.2687000001
1602432000000.0,582993.0513,181525.65530000004,46000.0,97.28705600028833,15.537861152978373,764518.7066000002,718518.7066000002
1602518400000.0,542196.966,188275.47660000005,46000.0,91.605580406398,20.47037324858241,730472.4426000001,684472.4426000001
1602604800000.0,512640.4758,188275.47660000005,46000.0,86.61193490608915,24.805728813238836,700915.9524000001,654915.9524000001
1602691200000.0,499874.8005,188275.47660000005,46000.0,84.45514103141424,26.67820220483429,688150.2771000001,642150.2771000001
1602777600000.0,490506.5028,188275.47660000005,46000.0,82.87234289338774,28.05234714864271,678781.9794000001,632781.9794000001
1602864000000.0,463684.4105,188275.47660000005,46000.0,78.34068099387153,31.986620342844006,651959.8871,605959.8871
1602950400000.0,463684.4105,188275.47660000005,46000.0,78.34068099387153,31.986620342844006,651959.8871,605959.8871
1603036800000.0,466782.0981,188275.47660000005,46000.0,78.86404332953555,31.532250521415506,655057.5747,609057.5747
1603123200000.0,538439.5005,188275.47660000005,46000.0,90.9707468872733,21.021519506280818,726714.9771,680714.9771
1603209600000.0,506101.5176,192988.48840000006,46000.0,86.3034365369504,25.07355922315687,699090.006,653090.006
1603296000000.0,619634.917,192988.48840000006,46000.0,105.66382608173399,8.265363178463215,812623.4054,766623.4054
1603382400000.0,648463.7616000001,192988.48840000006,46000.0,110.57989187850983,6.1160272814163585,841452.2500000001,795452.2500000001
1603468800000.0,647146.5052,192988.48840000006,46000.0,110.3552654939469,6.306738422492075,840134.9936,794134.9936
1603555200000.0,673596.6005,192988.48840000006,46000.0,114.86569283260587,2.4773185341361526,866585.0889,820585.0889
1603641600000.0,650051.5656999999,192988.48840000006,46000.0,110.8506536636696,8.472129482354307,843040.0541,797040.0541
1603728000000.0,655620.7071,192988.48840000006,46000.0,111.8003367305362,7.6879891466491435,848609.1955,802609.1955
1603814400000.0,713328.4075,205972.65390000006,46000.0,124.17632680554172,0.3502517310139175,919301.0614,873301.0614
1603900800000.0,671792.3232,211398.57790000006,46000.0,117.89026414594787,9.828958423625966,883190.9011,837190.9011
1603987200000.0,657933.3285000001,211398.57790000006,46000.0,115.45820219829464,11.689176148871383,869331.9064000001,823331.9064000001
1604073600000.0,625036.5183,211398.57790000006,46000.0,109.68526685785531,16.10473663956663,836435.0962,790435.0962
1604160000000.0,661253.0234000001,211398.57790000006,46000.0,116.04076275328991,11.243591499402772,872651.6013000001,826651.6013000001
1604246400000.0,656495.0938,211398.57790000006,47000.0,115.03185118679325,12.015280387102855,867893.6717000001,820893.6717000001
1604332800000.0,623381.1864,211398.57790000006,47000.0,109.22959294568214,16.45326916324449,834779.7643,787779.7643
1604419200000.0,623381.1864,211398.57790000006,47000.0,109.22959294568214,16.45326916324449,834779.7643,787779.7643
1604505600000.0,613028.3242,211398.57790000006,47000.0,107.41555211705322,17.840779422590703,824426.9021000001,777426.9021000001
1604592000000.0,743275.7512,211398.57790000006,47000.0,130.23766119543598,0.9171655769333653,954674.3291000001,907674.3291000001
1604678400000.0,687544.191,220718.50860000006,47000.0,122.10536027133028,9.234486420050025,908262.6996,861262.6996
1604764800000.0,675800.7523,220718.50860000006,47000.0,120.01976805477446,10.784785671724094,896519.2609000001,849519.2609000001
1604851200000.0,641903.2464000001,220718.50860000006,47000.0,113.99969367352055,15.259733714871594,862621.7550000001,815621.7550000001
1604937600000.0,608937.8248,220718.50860000006,47000.0,108.14515409096693,19.61163350701687,829656.3334,782656.3334
1605024000000.0,604974.1175,220718.50860000006,47000.0,107.44121401815117,20.134898678149828,825692.6261000001,778692.6261000001
1605110400000.0,644226.1810000001,220718.50860000006,47000.0,114.41223845236189,14.95307364161147,864944.6896000002,817944.6896000002
1605196800000.0,691095.6018000001,220718.50860000006,47000.0,122.73607797774386,8.765650191899299,911814.1104000001,864814.1104000001
1605283200000.0,688552.1571,220718.50860000006,47000.0,122.28437140311335,9.101420703060093,909270.6657,862270.6657
1605369600000.0,648500.2271,225952.46800000005,47000.0,116.0957575841195,13.70165045858247,874452.6951000001,827452.6951000001
1605456000000.0,652278.6579,225952.46800000005,47000.0,116.7721795310582,13.198840546927372,878231.1259000001,831231.1259000001
1605542400000.0,662928.1342,225952.46800000005,47000.0,118.67866925497309,11.78167492421014,888880.6022000001,841880.6022000001
1605628800000.0,786910.8592000001,225952.46800000005,47000.0,140.87429507701154,0.8875071388789957,1012863.3272000002,965863.3272000002
1605715200000.0,865334.1724,225952.46800000005,47000.0,154.91378739750803,8.958991089584412,1091286.6404000001,1044286.6404000001
1605801600000.0,802149.4205,244754.81880000007,47000.0,146.96836461462252,13.628422510285287,1046904.2393,999904.2393
1605888000000.0,855525.7361000001,244754.81880000007,47000.0,156.74787652650076,7.881118502900697,1100280.5549,1053280.5549
1605974400000.0,865421.7476,244754.81880000007,47000.0,158.56100583781526,6.81556375428719,1110176.5664000001,1063176.5664000001
1606060800000.0,820001.6436,246738.39910000007,47000.0,150.6026446028796,11.492598950921584,1066740.0427,1019740.0427000001
1606147200000.0,778436.034,246738.39910000007,47000.0,142.96864681866973,15.979009566594925,1025174.4331,978174.4331
1606233600000.0,813079.5109000001,246738.39910000007,47000.0,149.33131606464,12.239743764319899,1059817.9100000001,1012817.9100000001
1606320000000.0,772385.6548,246738.39910000007,47000.0,141.85742574309987,16.632061109275277,1019124.0539,972124.0539
1606406400000.0,731591.4195999999,246738.39910000007,47000.0,134.36509965616725,21.03521293649052,978329.8187,931329.8187
1606492800000.0,731591.4195999999,246738.39910000007,47000.0,134.36509965616725,21.03521293649052,978329.8187,931329.8187
1606579200000.0,731591.4195999999,246738.39910000007,47000.0,134.36509965616725,21.03521293649052,978329.8187,931329.8187
1606665600000.0,762960.4423,246738.39910000007,47000.0,140.12637808054598,17.649377439335233,1009698.8414,962698.8414
1606752000000.0,885882.1174,246738.39910000007,47000.0,162.7023442308118,6.20705867614565,1132620.5165000001,1085620.5165000001
1606838400000.0,820299.0191,256483.68790000008,48000.0,152.27520327807179,12.572540793263109,1076782.7070000002,1028782.7070000002
1606924800000.0,779067.6342,256483.68790000008,48000.0,144.62126566398993,16.966981280753913,1035551.3221,987551.3221
1607011200000.0,821291.7209000001,256483.68790000008,48000.0,152.45948226033286,12.466738647822073,1077775.4088,1029775.4088000001
1607097600000.0,785729.5735,257223.90330000006,48000.0,145.9953555816823,16.178059725311545,1042953.4768000001,994953.4768000001
1607184000000.0,775555.665,257223.90330000006,48000.0,144.10495532285458,17.263416289973343,1032779.5683000002,984779.5683000002
1607270400000.0,756597.7289,257223.90330000006,48000.0,140.58240670643252,19.285856377632292,1013821.6322000001,965821.6322000001
1607356800000.0,768730.6882999999,257223.90330000006,48000.0,142.83681557890333,17.991507491600434,1025954.5915999999,977954.5915999999
1607443200000.0,729821.7327,257223.90330000006,48000.0,135.60719485477784,22.142330195047645,987045.6360000002,939045.6360000002
1607529600000.0,729821.7327,257223.90330000006,48000.0,135.60719485477784,22.142330195047645,987045.6360000002,939045.6360000002
1607616000000.0,729821.7327,257223.90330000006,48000.0,135.60719485477784,22.142330195047645,987045.6360000002,939045.6360000002
1607702400000.0,729821.7327,257223.90330000006,48000.0,135.60719485477784,22.142330195047645,987045.6360000002,939045.6360000002
1607788800000.0,729821.7327,257223.90330000006,48000.0,135.60719485477784,22.142330195047645,987045.6360000002,939045.6360000002
1607875200000.0,780806.4065,257223.90330000006,48000.0,145.0805885409671,16.70326511932274,1038030.3098000002,990030.3098000002
1607961600000.0,779378.084,257223.90330000006,48000.0,144.8151938577252,16.855639126011447,1036601.9873000002,988601.9873000002
1608048000000.0,805136.049,257223.90330000006,48000.0,149.6012467009246,14.1077692778524,1062359.9523,1014359.9523
1608134400000.0,964578.41,257223.90330000006,48000.0,179.2270174165256,1.767970851969236,1221802.3133,1173802.3133
1608220800000.0,1303273.3441,257223.90330000006,48000.0,242.15946772176278,4.28681048848274,1560497.2474000002,1512497.2474000002
1608307200000.0,1174610.2788,306644.85280000005,48000.0,227.43559673173203,10.106399818069356,1481255.1316,1433255.1316
1608393600000.0,1241081.7688,306644.85280000005,48000.0,240.30623413943644,5.019298459087773,1547726.6216,1499726.6216
1608480000000.0,1266451.1686,306644.85280000005,48000.0,245.21842049296768,3.0777637018688964,1573096.0214,1525096.0214
1608566400000.0,1197150.5595,309149.32840000006,48000.0,232.28492352283632,8.18971021461541,1506299.8879,1458299.8879
1608652800000.0,1187007.2741999999,309149.32840000006,48000.0,230.3168066210116,8.9676056559021,1496156.6025999999,1448156.6025999999
1608739200000.0,1159609.4138,309149.32840000006,48000.0,225.0007585623937,11.068766184845158,1468758.7422,1420758.7422
1608825600000.0,1100047.2895,309149.32840000006,48000.0,213.4438300055866,15.63662596557317,1409196.6179,1361196.6179
1608912000000.0,1145019.9933,309719.6403,48000.0,222.28459888974027,12.142324480698875,1454739.6336,1406739.6336
1608998400000.0,1305790.2661000001,309719.6403,48000.0,253.4951941735372,0.2846537051407805,1615509.9064000002,1567509.9064000002
1609084800000.0,1479059.6397,309719.6403,48000.0,287.132260282357,6.680924183568138,1788779.28,1740779.28
1609171200000.0,1374120.6422999997,339601.923,48000.0,272.56137783602753,11.416516354173446,1713722.5652999997,1665722.5652999997
1609257600000.0,1305025.0192,339601.923,48000.0,258.85603228277796,15.87080574511961,1644626.9422,1596626.9422
1609344000000.0,1468113.9375,339601.923,48000.0,291.2052590633553,5.357184100616652,1807715.8605,1759715.8605
1609430400000.0,1526532.6038000002,339601.923,48000.0,302.7927948938482,3.1864540831796906,1866134.5268,1818134.5268
1609516800000.0,1567221.918,339601.923,49000.0,310.6602995681187,2.4276627243028925,1906823.841,1857823.841
1609603200000.0,1804466.6971,339601.923,49000.0,357.68780301206823,0.5521817383178362,2144068.6201,2095068.6201
1609689600000.0,1666961.8244,379706.0124,49000.0,338.3806735171198,12.741675803103014,2046667.8368000002,1997667.8368000002
1609776000000.0,1581292.2097,379706.0124,49000.0,320.9903880901741,17.226113841152568,1960998.2221,1911998.2221
1609862400000.0,1585288.1996,379706.0124,49000.0,321.8015438910673,17.016940855258177,1964994.2119999998,1915994.2119999998
1609948800000.0,1691780.2733999998,379706.0124,49000.0,343.41863141474175,11.442536112435153,2071486.2857999997,2022486.2857999997
1610035200000.0,1881956.9356999998,379706.0124,49000.0,382.0230590233191,1.4876009658968403,2261662.9480999997,2212662.9480999997
1610121600000.0,1769545.146,402693.2356,49000.0,363.87054671120427,7.696962512718786,2172238.3816,2123238.3816
1610208000000.0,1680507.0541,402693.2356,49000.0,345.56169528064834,12.341368648961936,2083200.2897,2034200.2897
1610294400000.0,1664328.6785,402693.2356,49000.0,342.23494524673237,13.185265292608317,2067021.9141,2018021.9141
1610380800000.0,1592500.4,402693.2356,49000.0,327.4649378093976,16.93197291293618,1995193.6356,1946193.6356
1610467200000.0,1592500.4,402693.2356,49000.0,327.4649378093976,16.93197291293618,1995193.6356,1946193.6356
1610553600000.0,1592500.4,402693.2356,49000.0,327.4649378093976,16.93197291293618,1995193.6356,1946193.6356
1610640000000.0,1692311.0956000001,402693.2356,49000.0,347.98895351913734,11.725646078933805,2095004.3312000001,2046004.3312000001
1610726400000.0,1605839.1099,404175.31440000003,49000.0,330.51252803287997,16.158890735259323,2010014.4243,1961014.4243
1610812800000.0,1563497.4333000001,404175.31440000003,49000.0,321.7977978410813,18.369556244890596,1967672.7477000002,1918672.7477000002
1610899200000.0,1563497.4333000001,404175.31440000003,49000.0,321.7977978410813,18.369556244890596,1967672.7477000002,1918672.7477000002
1610985600000.0,1563497.4333000001,404175.31440000003,49000.0,321.7977978410813,18.369556244890596,1967672.7477000002,1918672.7477000002
1611072000000.0,1612488.5904,404175.31440000003,49000.0,331.8811188192242,15.81172032589685,2016663.9048000001,1967663.9048000001
1611158400000.0,1530063.3018,404175.31440000003,49000.0,314.91641149513725,20.115157441786213,1934238.6162,1885238.6162
1611244800000.0,1530063.3018,404175.31440000003,49000.0,314.91641149513725,20.115157441786213,1934238.6162,1885238.6162
1611331200000.0,1530063.3018,404175.31440000003,49000.0,314.91641149513725,20.115157441786213,1934238.6162,1885238.6162
1611417600000.0,1530063.3018,404175.31440000003,49000.0,314.91641149513725,20.115157441786213,1934238.6162,1885238.6162
1611504000000.0,1530063.3018,404175.31440000003,49000.0,314.91641149513725,20.115157441786213,1934238.6162,1885238.6162
1611590400000.0,1528951.8062,404175.31440000003,49000.0,314.6876443550243,20.173188799642883,1933127.1206,1884127.1206
1611676800000.0,1451663.5229000002,404175.31440000003,49000.0,298.7802313749063,24.20842207120212,1855838.8373000002,1806838.8373000002
1611763200000.0,1451663.5229000002,404175.31440000003,49000.0,298.7802313749063,24.20842207120212,1855838.8373000002,1806838.8373000002
1611849600000.0,1451663.5229000002,404175.31440000003,49000.0,298.7802313749063,24.20842207120212,1855838.8373000002,1806838.8373000002
1611936000000.0,1378856.2581,404175.31440000003,49000.0,283.79509805746835,28.00970067111357,1783031.5725,1734031.5725
1612022400000.0,1309487.9003,404175.31440000003,49000.0,269.5177578428593,31.63143340259972,1713663.2147000001,1664663.2147000001
1612108800000.0,1255984.4152,404175.31440000003,49000.0,258.50571310565533,34.424858667097645,1660159.7296,1611159.7296
1612195200000.0,1256984.4152,404175.31440000003,50000.0,258.50571310565533,34.424858667097645,1661159.7296,1611159.7296
1612281600000.0,1301124.082,404175.31440000003,50000.0,267.58327676070235,32.12215319692944,1705299.3964,1655299.3964
1612368000000.0,1444843.7993,404175.31440000003,50000.0,297.14002190305825,24.624493989458095,1849019.1137,1799019.1137
1612454400000.0,1425665.5559,404175.31440000003,50000.0,293.19591135858343,25.624996466866858,1829840.8703,1779840.8703
1612540800000.0,1519387.753,404175.31440000003,50000.0,312.4703932870721,20.73563885308549,1923563.0674,1873563.0674
1612627200000.0,1714275.4021,404175.31440000003,50000.0,352.55010318392414,10.568619294822978,2118450.7165,2068450.7165
1612713600000.0,1584635.7693,441830.91900000005,50000.0,333.6330851870158,15.367299037105164,2026466.6883,1976466.6883
1612800000000.0,1505009.3854,441830.91900000005,50000.0,316.8683518410192,19.62000875622394,1946840.3044,1896840.3044
1612886400000.0,1643485.0554,441830.91900000005,50000.0,346.02335761616183,12.224258769510254,2085315.9744,2035315.9744
1612972800000.0,1556309.0932,447530.8865000001,50000.0,328.86920269483886,16.575753055257415,2003839.9797,1953839.9797
1613059200000.0,1692742.0037999998,447530.8865000001,50000.0,357.6993256610305,9.262416087032355,2140272.8903,2090272.8903
1613145600000.0,1652738.9792999998,447530.8865000001,50000.0,349.2461444580299,11.406734467620094,2100269.8658,2050269.8657999998
1613232000000.0,1655078.3772999998,447530.8865000001,50000.0,349.7404909592535,11.281333596220733,2102609.2638,2052609.2637999998
1613318400000.0,1717444.0203999998,447530.8865000001,50000.0,362.9191965335273,7.938291501578498,2164974.9069,2114974.9069
1613404800000.0,1623753.0513999998,455024.6596000001,50000.0,344.7045608843344,12.558797921624109,2078777.711,2028777.711
1613491200000.0,1540754.1975,455024.6596000001,50000.0,327.0848351120965,17.02839355988083,1995778.8571000001,1945778.8571000001
1613577600000.0,1688997.5077,455024.6596000001,50000.0,358.5552271784718,9.045299558739927,2144022.1673,2094022.1672999999
1613664000000.0,1709552.7541,455024.6596000001,50000.0,362.91887544264114,7.93837295269999,2164577.4137,2114577.4137
1613750400000.0,1822291.8372,455024.6596000001,50000.0,386.8521183092097,1.8672275042105668,2277316.4968,2227316.4968
1613836800000.0,1935272.4439,455024.6596000001,50000.0,410.83663392714243,3.5523694902937497,2390297.1035,2340297.1035
1613923200000.0,1807673.8902,484682.40320000006,50000.0,390.04489844183075,8.43341819954423,2292356.2934,2242356.2934
1614009600000.0,1717289.6463000001,484682.40320000006,50000.0,370.5425349769158,13.011775118571267,2201972.0495,2151972.0495
1614096000000.0,1717289.6463000001,484682.40320000006,50000.0,370.5425349769158,13.011775118571267,2201972.0495,2151972.0495
1614182400000.0,1717289.6463000001,484682.40320000006,50000.0,370.5425349769158,13.011775118571267,2201972.0495,2151972.0495
1614268800000.0,1717289.6463000001,484682.40320000006,50000.0,370.5425349769158,13.011775118571267,2201972.0495,2151972.0495
1614355200000.0,1717289.6463000001,484682.40320000006,50000.0,370.5425349769158,13.011775118571267,2201972.0495,2151972.0495
1614441600000.0,1717289.6463000001,484682.40320000006,50000.0,370.5425349769158,13.011775118571267,2201972.0495,2151972.0495
1614528000000.0,1717289.6463000001,484682.40320000006,50000.0,370.5425349769158,13.011775118571267,2201972.0495,2151972.0495
1614614400000.0,1718289.6463000001,484682.40320000006,51000.0,370.54253497691576,13.011775118571279,2202972.0495,2151972.0495
1614700800000.0,1740227.6566,484682.40320000006,51000.0,375.27338228570085,11.901165753301147,2224910.0598,2173910.0598
1614787200000.0,1851257.7056999998,484682.40320000006,51000.0,399.2165841438481,6.280281695421774,2335940.1089,2284940.1089
1614873600000.0,1750471.6803,492802.48770000006,51000.0,379.2335313907547,10.97148478985689,2243274.168,2192274.168
1614960000000.0,1692169.9139,492802.48770000006,51000.0,366.6026588053716,13.936696826781148,2184972.4016,2133972.4016
1615046400000.0,1692169.9139,492802.48770000006,51000.0,366.6026588053716,13.936696826781148,2184972.4016,2133972.4016
1615132800000.0,1778074.412,492802.48770000006,51000.0,385.2135661073567,9.567617337071932,2270876.8997,2219876.8997
1615219200000.0,1687082.7918,492802.48770000006,51000.0,365.500551698864,14.195426477967555,2179885.2795,2128885.2795
1615305600000.0,1897328.4390000002,492802.48770000006,51000.0,411.0495315221343,3.50238984660447,2390130.9267,2339130.9267
1615392000000.0,2034449.2931000001,492802.48770000006,51000.0,440.7562821727632,0.4445184745940356,2527251.7808000003,2476251.7808000003
1615478400000.0,1907397.2947,517281.87690000003,51000.0,418.5342872392528,7.976987446773687,2424679.1716,2373679.1716
1615564800000.0,1808276.8185999999,517281.87690000003,51000.0,396.7845878291707,12.759087558678628,2325558.6955,2274558.6955
1615651200000.0,1945713.3887,517281.87690000003,51000.0,426.9418692027181,6.12841483479083,2462995.2656,2411995.2656
1615737600000.0,1945070.1553,517281.87690000003,51000.0,426.8007264878021,6.159447842653076,2462352.0322000002,2411352.0322000002
1615824000000.0,1843780.9619000002,521226.78170000005,51000.0,405.4407704056472,10.855855201892616,2365007.7436,2314007.7436
1615910400000.0,1843780.9619000002,521226.78170000005,51000.0,405.4407704056472,10.855855201892616,2365007.7436,2314007.7436
1615996800000.0,1843780.9619000002,521226.78170000005,51000.0,405.4407704056472,10.855855201892616,2365007.7436,2314007.7436
1616083200000.0,1887527.9631,521226.78170000005,51000.0,415.06057787517824,8.740750918877849,2408754.7448,2357754.7448
1616169600000.0,1793481.6934000002,521226.78170000005,51000.0,394.3801430356448,13.28775213925023,2314708.4751000004,2263708.4751000004
1616256000000.0,1816748.4433999998,521226.78170000005,51000.0,399.4964172784998,12.162838402835474,2337975.2251,2286975.2251
1616342400000.0,1745783.0102999997,521226.78170000005,51000.0,383.8913749970214,15.593914530993214,2267009.792,2216009.792
1616428800000.0,1745783.0102999997,521226.78170000005,51000.0,383.8913749970214,15.593914530993214,2267009.792,2216009.792
1616515200000.0,1745783.0102999997,521226.78170000005,51000.0,383.8913749970214,15.593914530993214,2267009.792,2216009.792
1616601600000.0,1745783.0102999997,521226.78170000005,51000.0,383.8913749970214,15.593914530993214,2267009.792,2216009.792
1616688000000.0,1745783.0102999997,521226.78170000005,51000.0,383.8913749970214,15.593914530993214,2267009.792,2216009.792
1616774400000.0,1745783.0102999997,521226.78170000005,51000.0,383.8913749970214,15.593914530993214,2267009.792,2216009.792
1616860800000.0,1740143.8199,521226.78170000005,51000.0,382.6513374071528,15.866561236838162,2261370.6016,2210370.6016
1616947200000.0,1843037.1127,521226.78170000005,51000.0,405.2772006547138,10.891819235670496,2364263.8944,2313263.8944
1617033600000.0,1750262.0739,521724.45540000004,51000.0,384.98574154419487,15.353296475128154,2271986.5293,2220986.5293
1617120000000.0,1811989.9681000002,521724.45540000004,51000.0,398.5633419943926,12.367993395390275,2333714.4235,2282714.4235
1617206400000.0,1720226.5553000001,521724.45540000004,51000.0,378.37916155065153,16.80588330544487,2241951.0107,2190951.0107
1617292800000.0,1718842.6573,521724.45540000004,52000.0,377.8551065831722,16.921107119410117,2240567.1127,2188567.1127
1617379200000.0,1751281.2513000001,521724.45540000004,52000.0,384.9861190357791,15.35321347616283,2273005.7067,2221005.7067
1617465600000.0,1709557.9834,521724.45540000004,52000.0,375.81404632022446,17.369874448457544,2231282.4388,2179282.4388
1617552000000.0,1669658.1469,521724.45540000004,52000.0,367.04282057170775,19.298401314170533,2191382.6023,2139382.6023
1617638400000.0,1669658.1469,521724.45540000004,52000.0,367.04282057170775,19.298401314170533,2191382.6023,2139382.6023
1617724800000.0,1583846.8646,521724.45540000004,52000.0,348.1788302688152,23.44602140020351,2105571.32,2053571.3199999998
1617811200000.0,1583846.8646,521724.45540000004,52000.0,348.1788302688152,23.44602140020351,2105571.32,2053571.3199999998
1617897600000.0,1583846.8646,521724.45540000004,52000.0,348.1788302688152,23.44602140020351,2105571.32,2053571.3199999998
1617984000000.0,1609683.9612,521724.45540000004,52000.0,353.85862815382245,22.197205883750904,2131408.4166,2079408.4166
1618070400000.0,1794417.5678,521724.45540000004,52000.0,394.468823807789,13.268253923555429,2316142.0232,2264142.0232
1618156800000.0,1692261.3527000002,533770.5096,52000.0,374.65980620720154,17.623656887910176,2226031.8623,2174031.8623
1618243200000.0,1727605.7179999999,533770.5096,52000.0,382.4849054642913,15.903154579926571,2261376.2276,2209376.2276
1618329600000.0,2019161.3612,533770.5096,52000.0,447.0341434443734,1.710732314778396,2552931.8707999997,2500931.8707999997
1618416000000.0,1994162.5349,533770.5096,52000.0,441.4995046003072,7.279815171285852,2527933.0445,2475933.0445
1618502400000.0,1870605.0559,553586.4765999999,52000.0,418.5315542186782,12.103359891793097,2424191.5324999997,2372191.5324999997
1618588800000.0,1789967.4006,553586.4765999999,52000.0,400.48958266791635,15.892390047954851,2343553.8772,2291553.8772
1618675200000.0,1789967.4006,553586.4765999999,52000.0,400.48958266791635,15.892390047954851,2343553.8772,2291553.8772
1618761600000.0,1789967.4006,553586.4765999999,52000.0,400.48958266791635,15.892390047954851,2343553.8772,2291553.8772
1618848000000.0,1789967.4006,553586.4765999999,52000.0,400.48958266791635,15.892390047954851,2343553.8772,2291553.8772
1618934400000.0,1789967.4006,553586.4765999999,52000.0,400.48958266791635,15.892390047954851,2343553.8772,2291553.8772
1619020800000.0,1789967.4006,553586.4765999999,52000.0,400.48958266791635,15.892390047954851,2343553.8772,2291553.8772
1619107200000.0,1789967.4006,553586.4765999999,52000.0,400.48958266791635,15.892390047954851,2343553.8772,2291553.8772
1619193600000.0,1789967.4006,553586.4765999999,52000.0,400.48958266791635,15.892390047954851,2343553.8772,2291553.8772
1619280000000.0,1789967.4006,553586.4765999999,52000.0,400.48958266791635,15.892390047954851,2343553.8772,2291553.8772
1619366400000.0,1789967.4006,553586.4765999999,52000.0,400.48958266791635,15.892390047954851,2343553.8772,2291553.8772
1619452800000.0,1784086.0518,553586.4765999999,52000.0,399.1736822075801,16.168744908214606,2337672.5284,2285672.5284
1619539200000.0,1869673.0489,553586.4765999999,52000.0,418.3230257871836,12.147153360435203,2423259.5255,2371259.5255
1619625600000.0,1830619.4125,553586.4765999999,52000.0,409.58511551113173,13.982219192605761,2384205.8891000003,2332205.8891000003
1619712000000.0,1738195.0605000001,553586.4765999999,52000.0,388.90597345054164,18.325086747333742,2291781.5371000003,2239781.5371000003
1619798400000.0,1828475.292,553586.4765999999,52000.0,409.10538726359664,14.082967871405017,2382061.7686,2330061.7686
1619884800000.0,1842985.756,553586.4765999999,53000.0,412.1265832636106,13.44848051953661,2396572.2325999998,2343572.2325999998
1619971200000.0,1743875.7266000002,554106.5506,53000.0,390.07999862190394,18.078527397327626,2297982.2772000004,2244982.2772000004
1620057600000.0,1829436.9576,554106.5506,53000.0,409.21881933112985,14.05914577838432,2383543.5082,2330543.5082
1620144000000.0,1759893.0344,555886.2514,53000.0,394.06093429539783,17.24248321700236,2315779.2857999997,2262779.2857999997
1620230400000.0,1759893.0344,555886.2514,53000.0,394.06093429539783,17.24248321700236,2315779.2857999997,2262779.2857999997
1620316800000.0,1766911.1731,555886.2514,53000.0,395.6323788315594,16.91246103957572,2322797.4244999997,2269797.4244999997
1620403200000.0,1678876.0587,555886.2514,53000.0,375.92027204258426,21.052239602842203,2234762.3101,2181762.3101
1620489600000.0,1594720.8013,555886.2514,53000.0,357.0769112765024,25.00957109431685,2150607.0527,2097607.0527
1620576000000.0,1514344.1967,555886.2514,53000.0,339.0796357119872,28.789214557939424,2070230.4481,2017230.4481
1620662400000.0,1488654.3829,555886.2514,53000.0,333.3273815522029,29.99725683957184,2044540.6343,1991540.6343
1620748800000.0,1488654.3829,555886.2514,53000.0,333.3273815522029,29.99725683957184,2044540.6343,1991540.6343
1620835200000.0,1488654.3829,555886.2514,53000.0,333.3273815522029,29.99725683957184,2044540.6343,1991540.6343
1620921600000.0,1488654.3829,555886.2514,53000.0,333.3273815522029,29.99725683957184,2044540.6343,1991540.6343
1621008000000.0,1488654.3829,555886.2514,53000.0,333.3273815522029,29.99725683957184,2044540.6343,1991540.6343
1621094400000.0,1488654.3829,555886.2514,53000.0,333.3273815522029,29.99725683957184,2044540.6343,1991540.6343
1621180800000.0,1488654.3829,555886.2514,53000.0,333.3273815522029,29.99725683957184,2044540.6343,1991540.6343
1621267200000.0,1488654.3829,555886.2514,53000.0,333.3273815522029,29.99725683957184,2044540.6343,1991540.6343
1621353600000.0,1488654.3829,555886.2514,53000.0,333.3273815522029,29.99725683957184,2044540.6343,1991540.6343
1621440000000.0,1488654.3829,555886.2514,53000.0,333.3273815522029,29.99725683957184,2044540.6343,1991540.6343
1621526400000.0,1488654.3829,555886.2514,53000.0,333.3273815522029,29.99725683957184,2044540.6343,1991540.6343
1621612800000.0,1488654.3829,555886.2514,53000.0,333.3273815522029,29.99725683957184,2044540.6343,1991540.6343
1621699200000.0,1488654.3829,555886.2514,53000.0,333.3273815522029,29.99725683957184,2044540.6343,1991540.6343
1621785600000.0,1488654.3829,555886.2514,53000.0,333.3273815522029,29.99725683957184,2044540.6343,1991540.6343
1621872000000.0,1488654.3829,555886.2514,53000.0,333.3273815522029,29.99725683957184,2044540.6343,1991540.6343
1621958400000.0,1429663.5749,555886.2514,53000.0,320.1186396224721,32.77125087652591,1985549.8262999998,1932549.8262999998
1622044800000.0,1420944.1193,555886.2514,53000.0,318.16625004360503,33.181276076382225,1976830.3706999999,1923830.3706999999
1622131200000.0,1440968.4216,555886.2514,53000.0,322.6499289483526,32.239649794973005,1996854.673,1943854.673
1622217600000.0,1382435.6543,556780.5663999999,53000.0,309.7439955076749,34.95005042178695,1939216.2207,1886216.2207
1622304000000.0,1382435.6543,556780.5663999999,53000.0,309.7439955076749,34.95005042178695,1939216.2207,1886216.2207
1622390400000.0,1382435.6543,556780.5663999999,53000.0,309.7439955076749,34.95005042178695,1939216.2207,1886216.2207
1622476800000.0,1382435.6543,556780.5663999999,53000.0,309.7439955076749,34.95005042178695,1939216.2207,1886216.2207
1622563200000.0,1312793.4471,556780.5663999999,54000.0,293.92757539330347,38.27168811571992,1869574.0135,1815574.0135
1622649600000.0,1374476.9147,556780.5663999999,54000.0,307.7381806439392,35.37129557146413,1931257.4811,1877257.4811
1622736000000.0,1404700.3366,556780.5663999999,54000.0,314.5050464740359,33.95017268471098,1961480.903,1907480.903
1622822400000.0,1330034.1345,560153.5445999999,54000.0,298.542867131056,37.30242156274777,1890187.6790999998,1836187.6790999998
1622908800000.0,1330034.1345,560153.5445999999,54000.0,298.542867131056,37.30242156274777,1890187.6790999998,1836187.6790999998
1622995200000.0,1330034.1345,560153.5445999999,54000.0,298.542867131056,37.30242156274777,1890187.6790999998,1836187.6790999998
1623081600000.0,1330034.1345,560153.5445999999,54000.0,298.542867131056,37.30242156274777,1890187.6790999998,1836187.6790999998
1623168000000.0,1330034.1345,560153.5445999999,54000.0,298.542867131056,37.30242156274777,1890187.6790999998,1836187.6790999998
1623254400000.0,1330034.1345,560153.5445999999,54000.0,298.542867131056,37.30242156274777,1890187.6790999998,1836187.6790999998
1623340800000.0,1306876.989,560153.5445999999,54000.0,293.34495496262895,38.39404538555657,1867030.5336,1813030.5336
1623427200000.0,1281098.9529,560153.5445999999,54000.0,287.5587509798304,39.609217536717686,1841252.4974999998,1787252.4974999998
1623513600000.0,1253827.7274,560153.5445999999,54000.0,281.43738188127844,40.894778377236285,1813981.2719999999,1759981.2719999999
1623600000000.0,1253827.7274,560153.5445999999,54000.0,281.43738188127844,40.894778377236285,1813981.2719999999,1759981.2719999999
1623686400000.0,1331637.4459000002,560153.5445999999,54000.0,298.90275051287614,37.22684174140832,1891790.9905,1837790.9905
1623772800000.0,1262519.3816,561119.2838999999,54000.0,283.60510515222046,40.439530522493605,1823638.6655,1769638.6655
1623859200000.0,1197149.5740999999,561119.2838999999,54000.0,268.92080691489514,43.523409060199704,1758268.8579999998,1704268.8579999998
1623945600000.0,1183638.9581000002,562638.7157999999,54000.0,266.2271761658208,44.089103785362724,1746277.6739,1692277.6739
1624032000000.0,1183638.9581000002,562638.7157999999,54000.0,266.2271761658208,44.089103785362724,1746277.6739,1692277.6739
1624118400000.0,1183638.9581000002,562638.7157999999,54000.0,266.2271761658208,44.089103785362724,1746277.6739,1692277.6739
1624204800000.0,1183638.9581000002,562638.7157999999,54000.0,266.2271761658208,44.089103785362724,1746277.6739,1692277.6739
1624291200000.0,1183638.9581000002,562638.7157999999,54000.0,266.2271761658208,44.089103785362724,1746277.6739,1692277.6739
1624377600000.0,1183638.9581000002,562638.7157999999,54000.0,266.2271761658208,44.089103785362724,1746277.6739,1692277.6739
1624464000000.0,1183638.9581000002,562638.7157999999,54000.0,266.2271761658208,44.089103785362724,1746277.6739,1692277.6739
1624550400000.0,1183638.9581000002,562638.7157999999,54000.0,266.2271761658208,44.089103785362724,1746277.6739,1692277.6739
1624636800000.0,1123839.1559000001,562638.7157999999,54000.0,252.77684795041952,46.91383383634636,1686477.8717,1632477.8717
1624723200000.0,1123839.1559000001,562638.7157999999,54000.0,252.77684795041952,46.91383383634636,1686477.8717,1632477.8717
1624809600000.0,1123839.1559000001,562638.7157999999,54000.0,252.77684795041952,46.91383383634636,1686477.8717,1632477.8717
1624896000000.0,1235336.153,562638.7157999999,54000.0,277.85504471453265,41.64711209620647,1797974.8687999998,1743974.8687999998
1624982400000.0,1303154.1127,562638.7157999999,54000.0,293.10883792630784,38.44363279170489,1865792.8284999998,1811792.8284999998
1625068800000.0,1225618.5841,573947.5410999999,54000.0,278.21295427388674,41.57194680122994,1799566.1252000001,1745566.1252000001
1625155200000.0,1198784.1021,573947.5410999999,55000.0,271.8997338740953,42.89779871325644,1772731.6431999998,1717731.6431999998
1625241600000.0,1198784.1021,573947.5410999999,55000.0,271.8997338740953,42.89779871325644,1772731.6431999998,1717731.6431999998
1625328000000.0,1190857.5414,573947.5410999999,55000.0,270.10188742193486,43.275368005183225,1764805.0825,1709805.0825
1625414400000.0,1273810.5292,573947.5410999999,55000.0,288.9166975844737,39.32403248246935,1847758.0702999998,1792758.0702999998
1625500800000.0,1208526.3783,575030.0162,55000.0,274.35492742610137,42.38217865579259,1783556.3945,1728556.3945
1625587200000.0,1208526.3783,575030.0162,55000.0,274.35492742610137,42.38217865579259,1783556.3945,1728556.3945
1625673600000.0,1183447.1656,575030.0162,55000.0,268.66154273565627,43.57785764364773,1758477.1818,1703477.1818
1625760000000.0,1159914.1937,575030.0162,55000.0,263.31917957861293,44.69981790449018,1734944.2099,1679944.2099
1625846400000.0,1159914.1937,575030.0162,55000.0,263.31917957861293,44.69981790449018,1734944.2099,1679944.2099
1625932800000.0,1172015.7918,575030.0162,55000.0,266.0664370055759,44.12286093455956,1747045.808,1692045.808
1626019200000.0,1109649.0269,575030.0162,55000.0,251.90817818295153,47.096264893585406,1684679.0431,1629679.0431
1626105600000.0,1083139.5916,575030.0162,55000.0,245.8901099566964,48.36013131344775,1658169.6077999999,1603169.6077999999
1626192000000.0,1083139.5916,575030.0162,55000.0,245.8901099566964,48.36013131344775,1658169.6077999999,1603169.6077999999
1626278400000.0,1083139.5916,575030.0162,55000.0,245.8901099566964,48.36013131344775,1658169.6077999999,1603169.6077999999
1626364800000.0,1083139.5916,575030.0162,55000.0,245.8901099566964,48.36013131344775,1658169.6077999999,1603169.6077999999
1626451200000.0,1083139.5916,575030.0162,55000.0,245.8901099566964,48.36013131344775,1658169.6077999999,1603169.6077999999
1626537600000.0,1083139.5916,575030.0162,55000.0,245.8901099566964,48.36013131344775,1658169.6077999999,1603169.6077999999
1626624000000.0,1083139.5916,575030.0162,55000.0,245.8901099566964,48.36013131344775,1658169.6077999999,1603169.6077999999
1626710400000.0,1083139.5916,575030.0162,55000.0,245.8901099566964,48.36013131344775,1658169.6077999999,1603169.6077999999
1626796800000.0,1083139.5916,575030.0162,55000.0,245.8901099566964,48.36013131344775,1658169.6077999999,1603169.6077999999
1626883200000.0,1083139.5916,575030.0162,55000.0,245.8901099566964,48.36013131344775,1658169.6077999999,1603169.6077999999
1626969600000.0,1130607.1485,575030.0162,55000.0,256.66600890456453,46.09706344648284,1705637.1646999998,1650637.1646999998
1627056000000.0,1117763.9134,575030.0162,55000.0,253.75038794912174,46.709378774274356,1692793.9296,1637793.9296
1627142400000.0,1221453.6524999999,575030.0162,55000.0,277.28962660904125,41.765856671682556,1796483.6686999998,1741483.6686999998
1627228800000.0,1243549.4027,575030.0162,55000.0,282.3057173219917,40.712417532620734,1818579.4189,1763579.4189
1627315200000.0,1540450.6006999998,575030.0162,55000.0,349.70706502330944,26.557327093214035,2115480.6169,2060480.6168999998
1627401600000.0,1425293.5662,613047.1244,55000.0,332.19506093163074,30.23505773431998,2038340.6905999999,1983340.6905999999
1627488000000.0,1539588.023,613047.1244,55000.0,358.8338214938151,24.640598902096244,2152635.1474,2097635.1474
1627574400000.0,1553484.4871999999,613047.1244,55000.0,362.0726888269224,23.960397962724265,2166531.6116,2111531.6116
1627660800000.0,1468743.0729,617874.8473,55000.0,343.44709883378727,27.871994983134908,2086617.9202,2031617.9202
1627747200000.0,1707883.3522,617874.8473,55000.0,399.36704606984046,16.128136180772877,2325758.1995,2270758.1995
1627833600000.0,1685994.5230999999,617874.8473,56000.0,394.01788710794534,17.2515236420433,2303869.3704,2247869.3704
1627920000000.0,1587936.4741000002,631007.4474000001,56000.0,374.17076098813703,21.41965788222415,2218943.9215,2162943.9215
1628006400000.0,1587936.4741000002,631007.4474000001,56000.0,374.17076098813703,21.41965788222415,2218943.9215,2162943.9215
1628092800000.0,1587936.4741000002,631007.4474000001,56000.0,374.17076098813703,21.41965788222415,2218943.9215,2162943.9215
1628179200000.0,1587936.4741000002,631007.4474000001,56000.0,374.17076098813703,21.41965788222415,2218943.9215,2162943.9215
1628265600000.0,1679317.7447000002,631007.4474000001,56000.0,395.7032341809605,16.89758056740277,2310325.1921,2254325.1921
1628352000000.0,1758426.2691000002,631007.4474000001,56000.0,414.34383930477264,12.982830189678939,2389433.7165,2333433.7165
1628438400000.0,1799954.1039,631007.4474000001,56000.0,424.12918135261015,10.927791137915877,2430961.5513,2374961.5513
1628524800000.0,1927460.6184,631007.4474000001,56000.0,454.17396610286295,4.618026424353305,2558468.0658,2502468.0658
1628611200000.0,1879801.4927,631007.4474000001,56000.0,442.94388755623515,6.976477447819263,2510808.9401000002,2454808.9401000002
1628697600000.0,1967024.6825,631007.4474000001,56000.0,463.4965783191173,2.6601661804101617,2598032.1299,2542032.1299
1628784000000.0,1840591.6485000001,659080.2445,56000.0,440.3196280492989,7.527603381113169,2499671.893,2443671.893
1628870400000.0,1819252.4534999998,659080.2445,56000.0,435.21471169648976,8.599696968615822,2478332.698,2422332.698
1628956800000.0,1888058.8398000002,659080.2445,56000.0,451.6750723895979,6.812787350830907,2547139.0843,2491139.0843
1629043200000.0,1792641.1161000002,659080.2445,56000.0,428.84855536006853,11.52223364641005,2451721.3606000002,2395721.3606000002
1629129600000.0,1805430.5465,660501.2923,56000.0,432.2480885919648,10.820859925445925,2465931.8388,2409931.8388
1629216000000.0,1762381.3342,660501.2923,56000.0,421.941439151399,12.94727334037532,2422882.6265,2366882.6265
1629302400000.0,1762381.3342,660501.2923,56000.0,421.941439151399,12.94727334037532,2422882.6265,2366882.6265
1629388800000.0,1762381.3342,660501.2923,56000.0,421.941439151399,12.94727334037532,2422882.6265,2366882.6265
1629475200000.0,1923700.4342999998,660501.2923,56000.0,460.5637349837027,4.97892548428741,2584201.7265999997,2528201.7265999997
1629561600000.0,1968813.1420999998,660501.2923,56000.0,471.3644172672501,2.750585825452123,2629314.4343999997,2573314.4343999997
1629648000000.0,1856727.2048000002,670984.1668,56000.0,447.03906740788943,7.769263385223246,2527711.3716,2471711.3716
1629734400000.0,1959691.1927,670984.1668,56000.0,471.8294216443219,5.429480806636333,2630675.3595000003,2574675.3595000003
1629820800000.0,1857793.2929,671102.621,56000.0,447.32426637719857,10.341139872850336,2528895.9139,2472895.9139
1629907200000.0,1857793.2929,671102.621,56000.0,447.32426637719857,10.341139872850336,2528895.9139,2472895.9139
1629993600000.0,1857793.2929,671102.621,56000.0,447.32426637719857,10.341139872850336,2528895.9139,2472895.9139
1630080000000.0,1857793.2929,671102.621,56000.0,447.32426637719857,10.341139872850336,2528895.9139,2472895.9139
1630166400000.0,1820016.2728,671102.621,56000.0,438.22821792728155,12.16429456616892,2491118.8937999997,2435118.8937999997
1630252800000.0,1728279.7146,671102.621,56000.0,416.139652555874,16.59158756568275,2399382.3356,2343382.3356
1630339200000.0,1697355.2448,671102.621,56000.0,408.693578862285,18.084031705136162,2368457.8658,2312457.8658
1630425600000.0,1697355.2448,671102.621,56000.0,408.693578862285,18.084031705136162,2368457.8658,2312457.8658
1630512000000.0,1698355.2448,671102.621,57000.0,408.69357886228505,18.084031705136148,2369457.8658,2312457.8658
1630598400000.0,1683046.0383000001,671102.621,57000.0,405.0095590359362,18.822433448889832,2354148.6593000004,2297148.6593000004
1630684800000.0,1598629.1609999998,671102.621,57000.0,384.69541344964085,22.894072916327957,2269731.7819999997,2212731.7819999997
1630771200000.0,1550191.0381,671102.621,57000.0,373.03922440321827,25.230366075187284,2221293.6591,2164293.6591
1630857600000.0,1472556.9797999999,671102.621,57000.0,354.35730186352794,28.974853029713298,2143659.6008,2086659.6008000001
1630944000000.0,1606592.3561,671102.621,57000.0,386.6116831550292,22.50998787915175,2277694.9771,2220694.9771
1631030400000.0,1514085.2136,675716.8691,57000.0,365.46106600418034,26.749284441551502,2189802.0827,2132802.0827
1631116800000.0,1514085.2136,675716.8691,57000.0,365.46106600418034,26.749284441551502,2189802.0827,2132802.0827
1631203200000.0,1514085.2136,675716.8691,57000.0,365.46106600418034,26.749284441551502,2189802.0827,2132802.0827
1631289600000.0,1514085.2136,675716.8691,57000.0,365.46106600418034,26.749284441551502,2189802.0827,2132802.0827
1631376000000.0,1514085.2136,675716.8691,57000.0,365.46106600418034,26.749284441551502,2189802.0827,2132802.0827
1631462400000.0,1514085.2136,675716.8691,57000.0,365.46106600418034,26.749284441551502,2189802.0827,2132802.0827
1631548800000.0,1514085.2136,675716.8691,57000.0,365.46106600418034,26.749284441551502,2189802.0827,2132802.0827
1631635200000.0,1514085.2136,675716.8691,57000.0,365.46106600418034,26.749284441551502,2189802.0827,2132802.0827
1631721600000.0,1641980.5668000001,675716.8691,57000.0,396.33170108971757,20.561768670080838,2317697.4359,2260697.4359
1631808000000.0,1553122.0191,680054.2919000001,57000.0,375.9304844815835,24.65086010503996,2233176.3109999998,2176176.3109999998
1631894400000.0,1540911.9994,680054.2919000001,57000.0,372.9750704414101,25.243224691454515,2220966.2913,2163966.2913
1631980800000.0,1463436.2702,680054.2919000001,57000.0,354.2222048870362,29.001931017270234,2143490.5620999997,2086490.5620999997
1632067200000.0,1390104.1203,680054.2919000001,57000.0,336.4722854982441,32.55961312702177,2070158.4122000001,2013158.4122000001
1632153600000.0,1390104.1203,680054.2919000001,57000.0,336.4722854982441,32.55961312702177,2070158.4122000001,2013158.4122000001
1632240000000.0,1390104.1203,680054.2919000001,57000.0,336.4722854982441,32.55961312702177,2070158.4122000001,2013158.4122000001
1632326400000.0,1390104.1203,680054.2919000001,57000.0,336.4722854982441,32.55961312702177,2070158.4122000001,2013158.4122000001
1632412800000.0,1390104.1203,680054.2919000001,57000.0,336.4722854982441,32.55961312702177,2070158.4122000001,2013158.4122000001
1632499200000.0,1319838.4714000002,680054.2919000001,57000.0,319.4646073451156,35.968525075771474,1999892.7633000002,1942892.7633000002
1632585600000.0,1319838.4714000002,680054.2919000001,57000.0,319.4646073451156,35.968525075771474,1999892.7633000002,1942892.7633000002
1632672000000.0,1319838.4714000002,680054.2919000001,57000.0,319.4646073451156,35.968525075771474,1999892.7633000002,1942892.7633000002
1632758400000.0,1266449.0444,680054.2919000001,57000.0,306.5417893620606,38.55869336548893,1946503.3363,1889503.3363
1632844800000.0,1266449.0444,680054.2919000001,57000.0,306.5417893620606,38.55869336548893,1946503.3363,1889503.3363
1632931200000.0,1266449.0444,680054.2919000001,57000.0,306.5417893620606,38.55869336548893,1946503.3363,1889503.3363
1633017600000.0,1270318.5758,680054.2919000001,57000.0,307.4784027099041,38.370964481859104,1950372.8677,1893372.8677
1633104000000.0,1549473.5276000001,680054.2919000001,58000.0,374.75236685496134,24.886994586082345,2229527.8195,2171527.8195
1633190400000.0,1580151.577,680054.2919000001,58000.0,382.17209453559536,23.399831075622235,2260205.8689,2202205.8689
1633276800000.0,1583537.2236000001,680054.2919000001,58000.0,382.99093981051254,23.23570688320101,2263591.5155,2205591.5155
1633363200000.0,1575512.6473,680054.2919000001,58000.0,381.050132879728,23.624710007378237,2255566.9392,2197566.9392
1633449600000.0,1709838.9985,680054.2919000001,58000.0,413.5380180526755,17.113042808684366,2389893.2904000003,2331893.2904000003
1633536000000.0,2052404.3906999999,680054.2919000001,58000.0,496.39015411233004,1.44437164167448,2732458.6826,2674458.6826
1633622400000.0,1878507.2765000002,747949.6510000001,58000.0,470.7527954179647,7.413910289009729,2626456.9275,2568456.9275
1633708800000.0,1908330.9812,747949.6510000001,58000.0,478.22659790618457,6.029688418969082,2656280.6322,2598280.6322
1633795200000.0,1954864.6965,747949.6510000001,58000.0,489.88791901614235,3.7382684457869186,2702814.3475,2644814.3475
1633881600000.0,1983088.0421000002,747949.6510000001,58000.0,496.9606724749429,2.378284003030784,2731037.6931000003,2673037.6931000003
1633968000000.0,2134087.7906,747949.6510000001,58000.0,534.8011187713374,0.5461273235477848,2882037.4416,2824037.4416
1634054400000.0,2049430.5918,747949.6510000001,58000.0,513.5860755900264,5.004699237387222,2797380.2428,2739380.2428
1634140800000.0,1934553.3777,759850.3476000001,58000.0,487.7035319338705,9.792056480850874,2694403.7253,2636403.7253
1634227200000.0,1958384.5209,759850.3476000001,58000.0,493.7113954762453,8.68081372861511,2718234.8685,2660234.8685
1634313600000.0,2148169.6742000002,759850.3476000001,58000.0,541.5564901838749,0.9980333331022218,2908020.0218,2850020.0218
1634400000000.0,2211454.5275,759850.3476000001,58000.0,557.5106875857689,5.939833874418343,2971304.8751,2913304.8751
1634486400000.0,2199051.0664999997,759850.3476000001,58000.0,554.3837582347184,6.467392360330814,2958901.4140999997,2900901.4140999997
1634572800000.0,2070569.0891000002,774963.2044,58000.0,525.8032490762728,11.289340170943019,2845532.2935,2787532.2935
1634659200000.0,2107183.7494,774963.2044,58000.0,535.1012278063291,9.720635851087845,2882146.9538000003,2824146.9538000003
1634745600000.0,2398610.8651,774963.2044,58000.0,609.1066426029886,0.27716690920007725,3173574.0695,3115574.0695
1634832000000.0,2257853.4797,795772.5811000001,58000.0,578.6468752729824,5.264034693885611,3053626.0608,2995626.0608
1634918400000.0,2269909.2624,797112.1125,58000.0,582.0798512020913,4.7019884746549945,3067021.3749,3009021.3749
1635004800000.0,2269909.2624,797112.1125,58000.0,582.0798512020913,4.7019884746549945,3067021.3749,3009021.3749
1635091200000.0,2269909.2624,797112.1125,58000.0,582.0798512020913,4.7019884746549945,3067021.3749,3009021.3749
1635177600000.0,2298860.6572000002,797112.1125,58000.0,589.5039468945594,3.486516825181174,3095972.7697,3037972.7697
1635264000000.0,2183837.3882,797112.1125,58000.0,560.0081743483438,8.315559552314323,2980949.5006999997,2922949.5006999997
1635350400000.0,2134293.5042,797112.1125,58000.0,547.3034829739395,10.39556940409595,2931405.6167,2873405.6167
1635436800000.0,2134293.5042,797112.1125,58000.0,547.3034829739395,10.39556940409595,2931405.6167,2873405.6167
1635523200000.0,2160165.7723000003,797112.1125,58000.0,553.9379886854084,9.309369288337221,2957277.8848,2899277.8848
1635609600000.0,2048740.1152,797112.1125,58000.0,525.3647628832952,13.987372823733068,2845852.2276999997,2787852.2276999997
1635696000000.0,2019424.8237,797112.1125,58000.0,517.8473520347998,15.218122014245672,2816536.9362000003,2758536.9362000003
1635782400000.0,2027097.9296,797112.1125,59000.0,519.5577102622515,14.938102464117708,2824210.0421,2765210.0421
1635868800000.0,2203772.3284,797112.1125,59000.0,564.8404490792168,7.524420377774355,3000884.4409,2941884.4409
1635955200000.0,2082589.1611000001,807813.8208000001,59000.0,536.523369264627,12.160487736852177,2890402.9819,2831402.9819
1636041600000.0,1956870.7397,807813.8208000001,59000.0,504.1353820955536,17.463043336649918,2764684.5605,2705684.5605
1636128000000.0,1956870.7397,807813.8208000001,59000.0,504.1353820955536,17.463043336649918,2764684.5605,2705684.5605
1636214400000.0,1956870.7397,807813.8208000001,59000.0,504.1353820955536,17.463043336649918,2764684.5605,2705684.5605
1636300800000.0,1967200.4015,807813.8208000001,59000.0,506.79654304645993,17.02735853078259,2775014.2223,2716014.2223
1636387200000.0,2521961.5810000002,807813.8208000001,59000.0,649.7159160664114,0.5936590292262678,3329775.4018,3270775.4018
1636473600000.0,2570886.3359000003,807813.8208000001,59000.0,662.3200699867792,7.824662717302456,3378700.1567,3319700.1567
1636560000000.0,2767930.602,807813.8208000001,59000.0,713.0832524314665,2.8554666786478,3575744.4228,3516744.4228
1636646400000.0,2561754.9108,875023.1731000001,59000.0,677.2822938201114,7.732691609815834,3436778.0839000004,3377778.0839000004
1636732800000.0,2561754.9108,875023.1731000001,59000.0,677.2822938201114,7.732691609815834,3436778.0839000004,3377778.0839000004
1636819200000.0,2561754.9108,875023.1731000001,59000.0,677.2822938201114,7.732691609815834,3436778.0839000004,3377778.0839000004
1636905600000.0,2561754.9108,875023.1731000001,59000.0,677.2822938201114,7.732691609815834,3436778.0839000004,3377778.0839000004
1636992000000.0,2427637.7623,875023.1731000001,59000.0,641.8241125578273,12.56321940499715,3302660.9354000003,3243660.9354000003
1637078400000.0,2427637.7623,875023.1731000001,59000.0,641.8241125578273,12.56321940499715,3302660.9354000003,3243660.9354000003
1637164800000.0,2427637.7623,875023.1731000001,59000.0,641.8241125578273,12.56321940499715,3302660.9354000003,3243660.9354000003
1637251200000.0,2427637.7623,875023.1731000001,59000.0,641.8241125578273,12.56321940499715,3302660.9354000003,3243660.9354000003
1637337600000.0,2427637.7623,875023.1731000001,59000.0,641.8241125578273,12.56321940499715,3302660.9354000003,3243660.9354000003
1637424000000.0,2427637.7623,875023.1731000001,59000.0,641.8241125578273,12.56321940499715,3302660.9354000003,3243660.9354000003
1637510400000.0,2427637.7623,875023.1731000001,59000.0,641.8241125578273,12.56321940499715,3302660.9354000003,3243660.9354000003
1637596800000.0,2305365.9052,875023.1731000001,59000.0,609.4976150083519,16.967112649789694,3180389.0783,3121389.0783
1637683200000.0,2305365.9052,875023.1731000001,59000.0,609.4976150083519,16.967112649789694,3180389.0783,3121389.0783
1637769600000.0,2305365.9052,875023.1731000001,59000.0,609.4976150083519,16.967112649789694,3180389.0783,3121389.0783
1637856000000.0,2341474.5297,875023.1731000001,59000.0,619.0440911075865,15.666580120998152,3216497.7028,3157497.7028
1637942400000.0,2223327.0201,875023.1731000001,59000.0,587.8079974541023,19.92192580525458,3098350.1932,3039350.1932
1638028800000.0,2223327.0201,875023.1731000001,59000.0,587.8079974541023,19.92192580525458,3098350.1932,3039350.1932
1638115200000.0,2223327.0201,875023.1731000001,59000.0,587.8079974541023,19.92192580525458,3098350.1932,3039350.1932
1638201600000.0,2182692.8371,875023.1731000001,59000.0,577.065044428533,21.385456402283197,3057716.0102000004,2998716.0102000004
1638288000000.0,2152039.6998,875023.1731000001,59000.0,568.9609018129369,22.489497409665336,3027062.8729000003,2968062.8729000003
1638374400000.0,2269545.6403,875023.1731000001,60000.0,599.7486322942258,18.29523299603598,3144568.8134000003,3084568.8134000003
1638460800000.0,2151257.5193000003,879514.6365000001,60000.0,569.6768026983104,22.391969025459403,3030772.1558000003,2970772.1558000003
1638547200000.0,2151257.5193000003,879514.6365000001,60000.0,569.6768026983104,22.391969025459403,3030772.1558000003,2970772.1558000003
1638633600000.0,2151257.5193000003,879514.6365000001,60000.0,569.6768026983104,22.391969025459403,3030772.1558000003,2970772.1558000003
1638720000000.0,2151257.5193000003,879514.6365000001,60000.0,569.6768026983104,22.391969025459403,3030772.1558000003,2970772.1558000003
1638806400000.0,2151257.5193000003,879514.6365000001,60000.0,569.6768026983104,22.391969025459403,3030772.1558000003,2970772.1558000003
1638892800000.0,2151257.5193000003,879514.6365000001,60000.0,569.6768026983104,22.391969025459403,3030772.1558000003,2970772.1558000003
1638979200000.0,2042535.9691,879514.6365000001,60000.0,540.886132800969,26.314170509857803,2922050.6056000004,2862050.6056000004
1639065600000.0,2042535.9691,879514.6365000001,60000.0,540.886132800969,26.314170509857803,2922050.6056000004,2862050.6056000004
1639152000000.0,2042535.9691,879514.6365000001,60000.0,540.886132800969,26.314170509857803,2922050.6056000004,2862050.6056000004
1639238400000.0,2042535.9691,879514.6365000001,60000.0,540.886132800969,26.314170509857803,2922050.6056000004,2862050.6056000004
1639324800000.0,2022028.0571,879514.6365000001,60000.0,535.4554107077907,27.05400693364264,2901542.6936000003,2841542.6936000003
1639411200000.0,1920893.4803,879514.6365000001,60000.0,508.6738553445733,30.7025033588616,2800408.1168,2740408.1168
1639497600000.0,1920893.4803,879514.6365000001,60000.0,508.6738553445733,30.7025033588616,2800408.1168,2740408.1168
1639584000000.0,1920893.4803,879514.6365000001,60000.0,508.6738553445733,30.7025033588616,2800408.1168,2740408.1168
1639670400000.0,1885541.5178999999,879514.6365000001,60000.0,499.3122644013858,31.977848671236263,2765056.1544,2705056.1544
1639756800000.0,1848319.1982999998,879514.6365000001,60000.0,489.45538216924723,33.320668350677074,2727833.8348,2667833.8348
1639843200000.0,1848319.1982999998,879514.6365000001,60000.0,489.45538216924723,33.320668350677074,2727833.8348,2667833.8348
1639929600000.0,1848319.1982999998,879514.6365000001,60000.0,489.45538216924723,33.320668350677074,2727833.8348,2667833.8348
1640016000000.0,1848319.1982999998,879514.6365000001,60000.0,489.45538216924723,33.320668350677074,2727833.8348,2667833.8348
1640102400000.0,1830790.2958999998,879514.6365000001,60000.0,484.8135347918621,33.95303504234658,2710304.9324,2650304.9324
1640188800000.0,1874942.0959,879514.6365000001,60000.0,496.5054201341431,32.36022979646569,2754456.7324,2694456.7324
1640275200000.0,1825987.9238,879514.6365000001,60000.0,483.54181350384744,34.12628377679346,2705502.5603,2645502.5603
1640361600000.0,2079781.5093,879514.6365000001,60000.0,550.7491641050091,24.970513131988103,2959296.1458,2899296.1458
1640448000000.0,2044542.3943,879514.6365000001,60000.0,541.4174564024137,26.241787400131177,2924057.0308000003,2864057.0308000003
1640534400000.0,1921247.7513000001,896160.2073000001,60000.0,513.1041128357983,30.098961914000867,2817407.9586000005,2757407.9586000005
1640620800000.0,2092551.2802000002,896160.2073000001,60000.0,558.8538320807013,23.866400553914623,2988711.4875000003,2928711.4875000003
1640707200000.0,1981070.0025,902807.1241000001,60000.0,530.855911610577,27.680604447729895,2883877.1266,2823877.1266
1640793600000.0,1981070.0025,902807.1241000001,60000.0,530.855911610577,27.680604447729895,2883877.1266,2823877.1266
1640880000000.0,1981070.0025,902807.1241000001,60000.0,530.855911610577,27.680604447729895,2883877.1266,2823877.1266
1640966400000.0,1981070.0025,902807.1241000001,60000.0,530.855911610577,27.680604447729895,2883877.1266,2823877.1266
1641052800000.0,1982070.0025,902807.1241000001,61000.0,530.855911610577,27.680604447729895,2884877.1266,2823877.1266
1641139200000.0,1982070.0025,902807.1241000001,61000.0,530.855911610577,27.680604447729895,2884877.1266,2823877.1266
1641225600000.0,1982070.0025,902807.1241000001,61000.0,530.855911610577,27.680604447729895,2884877.1266,2823877.1266
1641312000000.0,1982070.0025,902807.1241000001,61000.0,530.855911610577,27.680604447729895,2884877.1266,2823877.1266
1641398400000.0,1982070.0025,902807.1241000001,61000.0,530.855911610577,27.680604447729895,2884877.1266,2823877.1266
1641484800000.0,1982070.0025,902807.1241000001,61000.0,530.855911610577,27.680604447729895,2884877.1266,2823877.1266
1641571200000.0,1982070.0025,902807.1241000001,61000.0,530.855911610577,27.680604447729895,2884877.1266,2823877.1266
1641657600000.0,1982070.0025,902807.1241000001,61000.0,530.855911610577,27.680604447729895,2884877.1266,2823877.1266
1641744000000.0,1982070.0025,902807.1241000001,61000.0,530.855911610577,27.680604447729895,2884877.1266,2823877.1266
1641830400000.0,1982070.0025,902807.1241000001,61000.0,530.855911610577,27.680604447729895,2884877.1266,2823877.1266
1641916800000.0,1982070.0025,902807.1241000001,61000.0,530.855911610577,27.680604447729895,2884877.1266,2823877.1266
1642003200000.0,2068874.0104,902807.1241000001,61000.0,554.1045459610715,24.513403806519207,2971681.1345,2910681.1345
1642089600000.0,2031581.3097,902807.1241000001,61000.0,544.1164776276884,25.874095189635838,2934388.4338,2873388.4338
1642176000000.0,1978245.7067999998,903846.9151000001,61000.0,530.1082969205136,27.782453256999716,2882092.6218999997,2821092.6218999997
1642262400000.0,1917176.9925000002,903846.9151000001,61000.0,513.7437816222271,30.011818757117048,2821023.9076000005,2760023.9076000005
1642348800000.0,1818974.7829,903846.9151000001,61000.0,487.4286449807348,33.59677417376537,2722821.698,2661821.698
1642435200000.0,1727712.696,903846.9151000001,61000.0,462.9732452830763,36.928374492123,2631559.6111000003,2570559.6111000003
1642521600000.0,1727712.696,903846.9151000001,61000.0,462.9732452830763,36.928374492123,2631559.6111000003,2570559.6111000003
1642608000000.0,1727712.696,903846.9151000001,61000.0,462.9732452830763,36.928374492123,2631559.6111000003,2570559.6111000003
1642694400000.0,1727712.696,903846.9151000001,61000.0,462.9732452830763,36.928374492123,2631559.6111000003,2570559.6111000003
1642780800000.0,1640031.5973,903846.9151000001,61000.0,439.4774390016802,40.12924778206819,2543878.5124000004,2482878.5124000004
1642867200000.0,1640031.5973,903846.9151000001,61000.0,439.4774390016802,40.12924778206819,2543878.5124000004,2482878.5124000004
1642953600000.0,1640031.5973,903846.9151000001,61000.0,439.4774390016802,40.12924778206819,2543878.5124000004,2482878.5124000004
1643040000000.0,1640031.5973,903846.9151000001,61000.0,439.4774390016802,40.12924778206819,2543878.5124000004,2482878.5124000004
1643126400000.0,1640031.5973,903846.9151000001,61000.0,439.4774390016802,40.12924778206819,2543878.5124000004,2482878.5124000004
1643212800000.0,1696225.7933999998,903846.9151000001,61000.0,454.53573509148936,38.07783072624574,2600072.7084999997,2539072.7084999997
1643299200000.0,1605984.2221,904090.0319000001,61000.0,430.41894955950045,41.36330106610815,2510074.2539999997,2449074.2539999997
1643385600000.0,1605984.2221,904090.0319000001,61000.0,430.41894955950045,41.36330106610815,2510074.2539999997,2449074.2539999997
1643472000000.0,1663846.0848,904090.0319000001,61000.0,445.9264756112348,39.250684655432835,2567936.1167,2506936.1167
1643558400000.0,1697250.0722,904090.0319000001,61000.0,454.87905993301996,38.03105900443852,2601340.1041,2540340.1041
1643644800000.0,1611987.9054,904757.1078000001,61000.0,432.2067760699465,41.11974244735694,2516745.0132,2455745.0132
1643731200000.0,1635412.7709,904757.1078000001,62000.0,438.2156114673536,40.30114867377503,2540169.8787000002,2478169.8787000002
1643817600000.0,1548271.8808,904757.1078000001,62000.0,414.8658497934453,43.48212606069609,2453028.9886,2391028.9886
1643904000000.0,1548271.8808,904757.1078000001,62000.0,414.8658497934453,43.48212606069609,2453028.9886,2391028.9886
1643990400000.0,1548271.8808,904757.1078000001,62000.0,414.8658497934453,43.48212606069609,2453028.9886,2391028.9886
1644076800000.0,1653268.2744,904757.1078000001,62000.0,443.0000674307273,39.649354174081374,2558025.3822,2496025.3822
1644163200000.0,1636135.5817999998,904757.1078000001,62000.0,438.40929163553795,40.27476329803144,2540892.6896,2478892.6896
1644249600000.0,1799863.2156,904757.1078000001,62000.0,482.2807878329693,34.29807542929125,2704620.3234,2642620.3234
1644336000000.0,1771142.8395,904757.1078000001,62000.0,474.5850443496237,35.34647953456407,2675899.9473,2613899.9473
1644422400000.0,1802128.1581000001,904757.1078000001,62000.0,482.88768853732773,34.21539632345575,2706885.2659,2644885.2659
1644508800000.0,1878437.0692,904757.1078000001,62000.0,503.3349766673402,31.429827799297783,2783194.177,2721194.177
1644595200000.0,1759188.5897,928192.2976000002,62000.0,477.66140967576166,34.927381101225976,2687380.8873,2625380.8873
1644681600000.0,1744147.9696,928192.2976000002,62000.0,473.5775247293565,35.483735630523725,2672340.2672,2610340.2672
1644768000000.0,1744147.9696,928192.2976000002,62000.0,473.5775247293565,35.483735630523725,2672340.2672,2610340.2672
1644854400000.0,1744147.9696,928192.2976000002,62000.0,473.5775247293565,35.483735630523725,2672340.2672,2610340.2672
1644940800000.0,1817392.5738,928192.2976000002,62000.0,493.4651712830904,32.7744080215316,2745584.8714,2683584.8714
1645027200000.0,1726483.0543,928192.2976000002,62000.0,468.781081418273,36.13716318679958,2654675.3519,2592675.3519
1645113600000.0,1672409.9552,928192.2976000002,62000.0,454.098953025178,38.13733428329924,2600602.2528,2538602.2528
1645200000000.0,1672409.9552,928192.2976000002,62000.0,454.098953025178,38.13733428329924,2600602.2528,2538602.2528
1645286400000.0,1672409.9552,928192.2976000002,62000.0,454.098953025178,38.13733428329924,2600602.2528,2538602.2528
1645372800000.0,1672409.9552,928192.2976000002,62000.0,454.098953025178,38.13733428329924,2600602.2528,2538602.2528
1645459200000.0,1672409.9552,928192.2976000002,62000.0,454.098953025178,38.13733428329924,2600602.2528,2538602.2528
1645545600000.0,1672409.9552,928192.2976000002,62000.0,454.098953025178,38.13733428329924,2600602.2528,2538602.2528
1645632000000.0,1672409.9552,928192.2976000002,62000.0,454.098953025178,38.13733428329924,2600602.2528,2538602.2528
1645718400000.0,1672409.9552,928192.2976000002,62000.0,454.098953025178,38.13733428329924,2600602.2528,2538602.2528
1645804800000.0,1718399.7474000002,928192.2976000002,62000.0,466.58627195253285,36.43616577948649,2646592.0450000004,2584592.0450000004
1645891200000.0,1704755.895,928192.2976000002,62000.0,462.88164255182517,36.940853686590145,2632948.1926,2570948.1926
1645977600000.0,1619515.6989,928192.2976000002,62000.0,439.73690840077666,40.09389982851515,2547707.9965000004,2485707.9965000004
1646064000000.0,1535500.1112000002,928192.2976000002,62000.0,416.9246844638518,43.201647543551736,2463692.4088000003,2401692.4088000003
1646150400000.0,1682778.9324,928192.2976000002,63000.0,456.6170026927931,37.794296133116404,2610971.2300000004,2547971.2300000004
1646236800000.0,1711834.3373,928192.2976000002,63000.0,464.50109943421216,36.72023234604245,2640026.6349,2577026.6349
1646323200000.0,1616414.0395000002,937071.6229000002,63000.0,441.0184668006368,39.91931096774193,2553485.6624000003,2490485.6624000003
1646409600000.0,1612572.4243,937071.6229000002,63000.0,439.97032987275776,40.062100427974656,2549644.0472000004,2486644.0472000004
1646496000000.0,1612572.4243,937071.6229000002,63000.0,439.97032987275776,40.062100427974656,2549644.0472000004,2486644.0472000004
1646582400000.0,1612572.4243,937071.6229000002,63000.0,439.97032987275776,40.062100427974656,2549644.0472000004,2486644.0472000004
1646668800000.0,1612572.4243,937071.6229000002,63000.0,439.97032987275776,40.062100427974656,2549644.0472000004,2486644.0472000004
1646755200000.0,1612572.4243,937071.6229000002,63000.0,439.97032987275776,40.062100427974656,2549644.0472000004,2486644.0472000004
1646841600000.0,1679609.7118,937071.6229000002,63000.0,458.2606200021782,37.57038337687837,2616681.3347,2553681.3347
1646928000000.0,1594511.9315,937071.6229000002,63000.0,435.04274903661025,40.73339307031139,2531583.5544000003,2468583.5544000003
1647014400000.0,1594511.9315,937071.6229000002,63000.0,435.04274903661025,40.73339307031139,2531583.5544000003,2468583.5544000003
1647100800000.0,1594511.9315,937071.6229000002,63000.0,435.04274903661025,40.73339307031139,2531583.5544000003,2468583.5544000003
1647187200000.0,1594511.9315,937071.6229000002,63000.0,435.04274903661025,40.73339307031139,2531583.5544000003,2468583.5544000003
1647273600000.0,1594511.9315,937071.6229000002,63000.0,435.04274903661025,40.73339307031139,2531583.5544000003,2468583.5544000003
1647360000000.0,1594511.9315,937071.6229000002,63000.0,435.04274903661025,40.73339307031139,2531583.5544000003,2468583.5544000003
1647446400000.0,1716284.8061000002,937071.6229000002,63000.0,468.2669633416347,36.20720235888335,2653356.4290000005,2590356.4290000005
1647532800000.0,1621521.6383999998,940072.7014000001,63000.0,443.23081857891947,39.617918556251254,2561594.3398,2498594.3398
1647619200000.0,1633310.094,940072.7014000001,63000.0,446.45310479554064,39.17894107406509,2573382.7954,2510382.7954
1647705600000.0,1729887.1110999999,940072.7014000001,63000.0,472.8517104825921,35.582614528660095,2669959.8125,2606959.8125
1647792000000.0,1672572.2110000001,940072.7014000001,63000.0,457.1851109833967,37.71690178318812,2612644.9124000003,2549644.9124000003
1647878400000.0,1586780.0091,942229.4060000002,63000.0,434.3045184261331,40.83396347060309,2529009.4151,2466009.4151
1647964800000.0,1506639.6856,942229.4060000002,63000.0,412.36996895829407,43.82214411346867,2448869.0916,2385869.0916
1648051200000.0,1431283.0156,942229.4060000002,63000.0,391.74471398478977,46.631957360663854,2373512.4216,2310512.4216
1648137600000.0,1571680.4276,942229.4060000002,63000.0,430.1717360403044,41.39697938048609,2513909.8336000005,2450909.8336000005
1648224000000.0,1603342.1594,942229.4060000002,63000.0,438.8376085009334,40.21641296956611,2545571.5654,2482571.5654
1648310400000.0,1592108.3143,942229.4060000002,63000.0,435.7628850621144,40.635287725827475,2534337.7203,2471337.7203
1648396800000.0,1657004.9142,942229.4060000002,63000.0,453.5252001942851,38.215497598464545,2599234.3202,2536234.3202
1648483200000.0,1912228.1245,942229.4060000002,63000.0,523.3802480300483,28.699026696915574,2854457.5305000003,2791457.5305000003
1648569600000.0,1913968.4252,942229.4060000002,63000.0,523.8565714353695,28.63413635660511,2856197.8312,2793197.8312
1648656000000.0,1886188.2903,942229.4060000002,63000.0,516.2530989688864,29.66997022573561,2828417.6963,2765417.6963
1648742400000.0,1798578.6047999999,983040.0270000002,63000.0,503.4441115516614,31.414960170068916,2781618.6318,2718618.6318
1648828800000.0,1799578.6047999999,983040.0270000002,64000.0,503.4441115516615,31.414960170068905,2782618.6318,2718618.6318
1648915200000.0,1749065.4495,983040.0270000002,64000.0,489.3127196114323,33.34010351137409,2732105.4765000003,2668105.4765000003
1649001600000.0,1755457.7353,983750.2809000002,64000.0,491.29970244146233,33.069413491544516,2739208.0162000004,2675208.0162000004
1649088000000.0,1667000.3027,983750.2809000002,64000.0,466.5431335755712,36.44204259328612,2650750.5836,2586750.5836
1649174400000.0,1579763.3687,983750.2809000002,64000.0,442.12814547631,39.7681375714837,2563513.6496,2499513.6496
1649260800000.0,1579763.3687,983750.2809000002,64000.0,442.12814547631,39.7681375714837,2563513.6496,2499513.6496
1649347200000.0,1579763.3687,983750.2809000002,64000.0,442.12814547631,39.7681375714837,2563513.6496,2499513.6496
1649433600000.0,1579763.3687,983750.2809000002,64000.0,442.12814547631,39.7681375714837,2563513.6496,2499513.6496
1649520000000.0,1579763.3687,983750.2809000002,64000.0,442.12814547631,39.7681375714837,2563513.6496,2499513.6496
1649606400000.0,1579763.3687,983750.2809000002,64000.0,442.12814547631,39.7681375714837,2563513.6496,2499513.6496
1649692800000.0,1579763.3687,983750.2809000002,64000.0,442.12814547631,39.7681375714837,2563513.6496,2499513.6496
1649779200000.0,1579763.3687,983750.2809000002,64000.0,442.12814547631,39.7681375714837,2563513.6496,2499513.6496
1649865600000.0,1579763.3687,983750.2809000002,64000.0,442.12814547631,39.7681375714837,2563513.6496,2499513.6496
1649952000000.0,1498662.0262000002,983750.2809000002,64000.0,419.43032448260567,42.860299980748685,2482412.3071000003,2418412.3071000003
1650038400000.0,1498662.0262000002,983750.2809000002,64000.0,419.43032448260567,42.860299980748685,2482412.3071000003,2418412.3071000003
1650124800000.0,1498662.0262000002,983750.2809000002,64000.0,419.43032448260567,42.860299980748685,2482412.3071000003,2418412.3071000003
1650211200000.0,1498662.0262000002,983750.2809000002,64000.0,419.43032448260567,42.860299980748685,2482412.3071000003,2418412.3071000003
1650297600000.0,1498662.0262000002,983750.2809000002,64000.0,419.43032448260567,42.860299980748685,2482412.3071000003,2418412.3071000003
1650384000000.0,1588774.4833,983750.2809000002,64000.0,444.65008481590297,39.42456952473159,2572524.7642,2508524.7642
1650470400000.0,1565463.1593,983750.2809000002,64000.0,438.12594794013864,40.31336368720796,2549213.4402,2485213.4402
1650556800000.0,1676057.1238000002,983750.2809000002,64000.0,469.07786478670755,36.09673188831402,2659807.4047000003,2595807.4047000003
1650643200000.0,1582032.8445,993013.7051000003,64000.0,445.35585653101043,39.32842105446288,2575046.5496,2511046.5496
1650729600000.0,1582032.8445,993013.7051000003,64000.0,445.35585653101043,39.32842105446288,2575046.5496,2511046.5496
1650816000000.0,1582032.8445,993013.7051000003,64000.0,445.35585653101043,39.32842105446288,2575046.5496,2511046.5496
1650902400000.0,1582032.8445,993013.7051000003,64000.0,445.35585653101043,39.32842105446288,2575046.5496,2511046.5496
1650988800000.0,1502704.6533,993013.7051000003,64000.0,423.02428821891414,42.370688243623924,2495718.3584000003,2431718.3584000003
1651075200000.0,1502704.6533,993013.7051000003,64000.0,423.02428821891414,42.370688243623924,2495718.3584000003,2431718.3584000003
1651161600000.0,1502704.6533,993013.7051000003,64000.0,423.02428821891414,42.370688243623924,2495718.3584000003,2431718.3584000003
1651248000000.0,1425597.5704,993013.7051000003,64000.0,401.31798100227087,45.327775059925735,2418611.2755000005,2354611.2755000005
1651334400000.0,1425597.5704,993013.7051000003,64000.0,401.31798100227087,45.327775059925735,2418611.2755000005,2354611.2755000005
1651420800000.0,1426597.5704,993013.7051000003,65000.0,401.31798100227087,45.327775059925735,2419611.2755000005,2354611.2755000005
1651507200000.0,1426597.5704,993013.7051000003,65000.0,401.31798100227087,45.327775059925735,2419611.2755000005,2354611.2755000005
1651593600000.0,1421070.1482000002,993013.7051000003,65000.0,399.76305481742594,45.53960527478613,2414083.8533000005,2349083.8533000005
1651680000000.0,1421070.1482000002,993013.7051000003,65000.0,399.76305481742594,45.53960527478613,2414083.8533000005,2349083.8533000005
1651766400000.0,1348980.0395,993013.7051000003,65000.0,379.4832944463169,48.30235120999456,2341993.7446000003,2276993.7446000003
1651852800000.0,1348980.0395,993013.7051000003,65000.0,379.4832944463169,48.30235120999456,2341993.7446000003,2276993.7446000003
1651939200000.0,1348980.0395,993013.7051000003,65000.0,379.4832944463169,48.30235120999456,2341993.7446000003,2276993.7446000003
1652025600000.0,1348980.0395,993013.7051000003,65000.0,379.4832944463169,48.30235120999456,2341993.7446000003,2276993.7446000003
1652112000000.0,1348980.0395,993013.7051000003,65000.0,379.4832944463169,48.30235120999456,2341993.7446000003,2276993.7446000003
1652198400000.0,1348980.0395,993013.7051000003,65000.0,379.4832944463169,48.30235120999456,2341993.7446000003,2276993.7446000003
1652284800000.0,1348980.0395,993013.7051000003,65000.0,379.4832944463169,48.30235120999456,2341993.7446000003,2276993.7446000003
1652371200000.0,1348980.0395,993013.7051000003,65000.0,379.4832944463169,48.30235120999456,2341993.7446000003,2276993.7446000003
1652457600000.0,1348980.0395,993013.7051000003,65000.0,379.4832944463169,48.30235120999456,2341993.7446000003,2276993.7446000003
1652544000000.0,1348980.0395,993013.7051000003,65000.0,379.4832944463169,48.30235120999456,2341993.7446000003,2276993.7446000003
1652630400000.0,1348980.0395,993013.7051000003,65000.0,379.4832944463169,48.30235120999456,2341993.7446000003,2276993.7446000003
1652716800000.0,1280671.0904,993013.7051000003,65000.0,360.26721690209934,50.920189840946485,2273684.7955000005,2208684.7955000005
1652803200000.0,1237717.7053,993013.7051000003,65000.0,348.1839453872658,52.5663142847631,2230731.4104000004,2165731.4104000004
1652889600000.0,1202919.9849,993013.7051000003,65000.0,338.3949543051529,53.899885038411014,2195933.6900000004,2130933.6900000004
1652976000000.0,1202919.9849,993013.7051000003,65000.0,338.3949543051529,53.899885038411014,2195933.6900000004,2130933.6900000004
1653062400000.0,1142440.6465,993013.7051000003,65000.0,321.3814345272973,56.21766551262321,2135454.3516,2070454.3516000002
1653148800000.0,1142440.6465,993013.7051000003,65000.0,321.3814345272973,56.21766551262321,2135454.3516,2070454.3516000002
1653235200000.0,1142440.6465,993013.7051000003,65000.0,321.3814345272973,56.21766551262321,2135454.3516,2070454.3516000002
1653321600000.0,1197263.5913,993013.7051000003,65000.0,336.80374701137504,54.11665788989015,2190277.2964000003,2125277.2964000003
1653408000000.0,1136924.7533,993013.7051000003,65000.0,319.8297515801383,56.42905389574745,2129938.4584000004,2064938.4584000004
1653494400000.0,1120381.1046,993013.7051000003,65000.0,315.1758366762784,57.063064566887434,2113394.8097,2048394.8097
1653580800000.0,1085138.5574,993013.7051000003,65000.0,305.2617108000402,58.41368264444334,2078152.2625000002,2013152.2625000002
1653667200000.0,1085138.5574,993013.7051000003,65000.0,305.2617108000402,58.41368264444334,2078152.2625000002,2013152.2625000002
1653753600000.0,1085138.5574,993013.7051000003,65000.0,305.2617108000402,58.41368264444334,2078152.2625000002,2013152.2625000002
1653840000000.0,1085138.5574,993013.7051000003,65000.0,305.2617108000402,58.41368264444334,2078152.2625000002,2013152.2625000002
1653926400000.0,1287809.9542999999,993013.7051000003,65000.0,362.2754598056636,50.646603525467256,2280823.6594000002,2215823.6594000002
1654012800000.0,1536666.91,993013.7051000003,65000.0,432.2817272296948,41.109531724540474,2529680.6151,2464680.6151
1654099200000.0,1420626.9182,1030179.0785000003,66000.0,409.8267090166233,44.16861670177593,2450805.9967,2384805.9967
1654185600000.0,1420626.9182,1030179.0785000003,66000.0,409.8267090166233,44.16861670177593,2450805.9967,2384805.9967
1654272000000.0,1420626.9182,1030179.0785000003,66000.0,409.8267090166233,44.16861670177593,2450805.9967,2384805.9967
1654358400000.0,1420626.9182,1030179.0785000003,66000.0,409.8267090166233,44.16861670177593,2450805.9967,2384805.9967
1654444800000.0,1420626.9182,1030179.0785000003,66000.0,409.8267090166233,44.16861670177593,2450805.9967,2384805.9967
1654531200000.0,1462667.1798,1030179.0785000003,66000.0,421.9546096195178,42.51641236207415,2492846.2583000003,2426846.2583000003
1654617600000.0,1386598.4462,1030179.0785000003,66000.0,400.0100734777907,45.5059535063552,2416777.5247,2350777.5247
1654704000000.0,1374602.2048,1030179.0785000003,66000.0,396.54936182257285,45.97741208788768,2404781.2833000002,2338781.2833000002
1654790400000.0,1350336.3513,1030179.0785000003,66000.0,389.54907571368716,46.93107286290217,2380515.4298,2314515.4298
1654876800000.0,1350336.3513,1030179.0785000003,66000.0,389.54907571368716,46.93107286290217,2380515.4298,2314515.4298
1654963200000.0,1350336.3513,1030179.0785000003,66000.0,389.54907571368716,46.93107286290217,2380515.4298,2314515.4298
1655049600000.0,1350336.3513,1030179.0785000003,66000.0,389.54907571368716,46.93107286290217,2380515.4298,2314515.4298
1655136000000.0,1350336.3513,1030179.0785000003,66000.0,389.54907571368716,46.93107286290217,2380515.4298,2314515.4298
1655222400000.0,1350336.3513,1030179.0785000003,66000.0,389.54907571368716,46.93107286290217,2380515.4298,2314515.4298
1655308800000.0,1350336.3513,1030179.0785000003,66000.0,389.54907571368716,46.93107286290217,2380515.4298,2314515.4298
1655395200000.0,1350336.3513,1030179.0785000003,66000.0,389.54907571368716,46.93107286290217,2380515.4298,2314515.4298
1655481600000.0,1350336.3513,1030179.0785000003,66000.0,389.54907571368716,46.93107286290217,2380515.4298,2314515.4298
1655568000000.0,1350336.3513,1030179.0785000003,66000.0,389.54907571368716,46.93107286290217,2380515.4298,2314515.4298
1655654400000.0,1350336.3513,1030179.0785000003,66000.0,389.54907571368716,46.93107286290217,2380515.4298,2314515.4298
1655740800000.0,1350336.3513,1030179.0785000003,66000.0,389.54907571368716,46.93107286290217,2380515.4298,2314515.4298
1655827200000.0,1381557.6682,1030179.0785000003,66000.0,398.5558947401099,45.70405872668698,2411736.7467,2345736.7467
1655913600000.0,1309987.7006,1031395.7951000003,66000.0,378.25730980233584,48.469369164339426,2341383.4957000003,2275383.4957000003
1656000000000.0,1309987.7006,1031395.7951000003,66000.0,378.25730980233584,48.469369164339426,2341383.4957000003,2275383.4957000003
1656086400000.0,1297754.9328,1031395.7951000003,66000.0,374.72511340282364,48.95056623306873,2329150.7279000003,2263150.7279000003
1656172800000.0,1306260.3684999999,1031395.7951000003,66000.0,377.1810473212147,48.61599021609361,2337656.1636,2271656.1636
1656259200000.0,1346119.4752,1031395.7951000003,66000.0,388.69031451857904,47.04806334788244,2377515.2703000004,2311515.2703000004
1656345600000.0,1276953.5803999999,1031856.8616000003,66000.0,368.848114292928,49.75119972700382,2308810.4420000003,2242810.4420000003
1656432000000.0,1276953.5803999999,1031856.8616000003,66000.0,368.848114292928,49.75119972700382,2308810.4420000003,2242810.4420000003
1656518400000.0,1276953.5803999999,1031856.8616000003,66000.0,368.848114292928,49.75119972700382,2308810.4420000003,2242810.4420000003
1656604800000.0,1276953.5803999999,1031856.8616000003,66000.0,368.848114292928,49.75119972700382,2308810.4420000003,2242810.4420000003
1656691200000.0,1277953.5803999999,1031856.8616000003,67000.0,368.848114292928,49.75119972700382,2309810.4420000003,2242810.4420000003
1656777600000.0,1277953.5803999999,1031856.8616000003,67000.0,368.848114292928,49.75119972700382,2309810.4420000003,2242810.4420000003
1656864000000.0,1277953.5803999999,1031856.8616000003,67000.0,368.848114292928,49.75119972700382,2309810.4420000003,2242810.4420000003
1656950400000.0,1277953.5803999999,1031856.8616000003,67000.0,368.848114292928,49.75119972700382,2309810.4420000003,2242810.4420000003
1657036800000.0,1228560.7223,1031856.8616000003,67000.0,354.59214846667265,51.69331397876129,2260417.5839000004,2193417.5839000004
1657123200000.0,1288307.8743,1031856.8616000003,67000.0,371.83661234045053,49.34407160112452,2320164.7359,2253164.7359
1657209600000.0,1388491.4163000002,1031856.8616000003,67000.0,400.7519901105259,45.404880953038806,2420348.2779000006,2353348.2779000006
1657296000000.0,1533986.3440999999,1031856.8616000003,67000.0,442.74532271766043,39.684058475693526,2565843.2057000003,2498843.2057000003
1657382400000.0,1428850.6749,1054111.3007000003,67000.0,418.8238079603759,42.94292674880529,2482961.9756000005,2415961.9756000005
1657468800000.0,1351513.7449,1054111.3007000003,67000.0,396.15485585253447,46.03115630109307,2405625.0456000003,2338625.0456000003
1657555200000.0,1351513.7449,1054111.3007000003,67000.0,396.15485585253447,46.03115630109307,2405625.0456000003,2338625.0456000003
1657641600000.0,1351513.7449,1054111.3007000003,67000.0,396.15485585253447,46.03115630109307,2405625.0456000003,2338625.0456000003
1657728000000.0,1351513.7449,1054111.3007000003,67000.0,396.15485585253447,46.03115630109307,2405625.0456000003,2338625.0456000003
1657814400000.0,1351513.7449,1054111.3007000003,67000.0,396.15485585253447,46.03115630109307,2405625.0456000003,2338625.0456000003
1657900800000.0,1364367.3584,1054111.3007000003,67000.0,399.92249892867164,45.517883934781324,2418478.6591000003,2351478.6591000003
1657987200000.0,1382705.0515,1054111.3007000003,67000.0,405.2976319557028,44.78562050316845,2436816.3522000005,2369816.3522000005
1658073600000.0,1410311.8933,1054111.3007000003,67000.0,413.38973199914847,43.68322007568713,2464423.194,2397423.194
1658160000000.0,1578263.5414,1055486.5086000003,67000.0,463.0860714175341,36.913003997666735,2633750.0500000003,2566750.0500000003
1658246400000.0,1482708.6354000003,1068688.5107000002,67000.0,438.9225006725319,40.20484796595054,2551397.1461000005,2484397.1461000005
1658332800000.0,1570650.0636,1068688.5107000002,67000.0,464.9555800359933,36.65831768767249,2639338.5743000004,2572338.5743000004
1658419200000.0,1490569.7870999998,1069561.9720000003,67000.0,441.5081861462881,39.852595675902556,2560131.7591000004,2493131.7591000004
1658505600000.0,1518636.0526,1069561.9720000003,67000.0,449.82144063463625,38.72006700565471,2588198.0246,2521198.0246
1658592000000.0,1441925.0139000001,1069561.9720000003,67000.0,427.09955813913217,41.815507353863545,2511486.9859000007,2444486.9859000007
1658678400000.0,1441925.0139000001,1069561.9720000003,67000.0,427.09955813913217,41.815507353863545,2511486.9859000007,2444486.9859000007
1658764800000.0,1441925.0139000001,1069561.9720000003,67000.0,427.09955813913217,41.815507353863545,2511486.9859000007,2444486.9859000007
1658851200000.0,1441925.0139000001,1069561.9720000003,67000.0,427.09955813913217,41.815507353863545,2511486.9859000007,2444486.9859000007
1658937600000.0,1441925.0139000001,1069561.9720000003,67000.0,427.09955813913217,41.815507353863545,2511486.9859000007,2444486.9859000007
1659024000000.0,1570248.2182,1069561.9720000003,67000.0,465.1090130880346,36.637415244394234,2639810.1902,2572810.1902
1659110400000.0,1605854.0153,1069561.9720000003,67000.0,475.6554839946391,35.20065173758648,2675415.9873,2608415.9873
1659196800000.0,1675456.9908,1069561.9720000003,67000.0,496.2719514216203,32.39203563266479,2745018.9628000003,2678018.9628000003
1659283200000.0,1573284.4256,1084157.4621000004,67000.0,470.33153862778164,35.92594178798133,2657441.8877000003,2590441.8877000003
1659369600000.0,1494801.4209,1084157.4621000004,68000.0,446.58528078046635,39.16093451686701,2578958.8830000004,2510958.8830000004
1659456000000.0,1494801.4209,1084157.4621000004,68000.0,446.58528078046635,39.16093451686701,2578958.8830000004,2510958.8830000004
1659542400000.0,1494801.4209,1084157.4621000004,68000.0,446.58528078046635,39.16093451686701,2578958.8830000004,2510958.8830000004
1659628800000.0,1494801.4209,1084157.4621000004,68000.0,446.58528078046635,39.16093451686701,2578958.8830000004,2510958.8830000004
1659715200000.0,1494801.4209,1084157.4621000004,68000.0,446.58528078046635,39.16093451686701,2578958.8830000004,2510958.8830000004
1659801600000.0,1474397.2197,1084157.4621000004,68000.0,440.4893433572086,39.991394346233776,2558554.6818000004,2490554.6818000004
1659888000000.0,1430779.5754,1084157.4621000004,68000.0,427.45818239204846,41.76665136745735,2514937.0375000006,2446937.0375000006
1659974400000.0,1635535.8409,1084157.4621000004,68000.0,488.6309462397184,33.43298264687509,2719693.3030000003,2651693.3030000003
1660060800000.0,1539264.047,1096211.2922000003,68000.0,463.47007705367145,36.86069026264613,2635475.3392000003,2567475.3392000003
1660147200000.0,1539264.047,1096211.2922000003,68000.0,463.47007705367145,36.86069026264613,2635475.3392000003,2567475.3392000003
1660233600000.0,1598183.0389999999,1096211.2922000003,68000.0,481.2104964543492,34.44388302768792,2694394.3312,2626394.3312
1660320000000.0,1518099.8175,1096211.2922000003,68000.0,457.0975595533347,37.728829062066126,2614311.1097,2546311.1097
1660406400000.0,1618584.0439,1096211.2922000003,68000.0,487.3532081816864,33.607051056042195,2714795.3361,2646795.3361
1660492800000.0,1620887.0689,1096211.2922000003,68000.0,488.0466455268169,33.512582917783995,2717098.3611000003,2649098.3611000003
1660579200000.0,1534910.1845,1100762.6965000003,68000.0,463.5083266657523,36.85547945352581,2635672.881,2567672.881
1660665600000.0,1534910.1845,1100762.6965000003,68000.0,463.5083266657523,36.85547945352581,2635672.881,2567672.881
1660752000000.0,1534910.1845,1100762.6965000003,68000.0,463.5083266657523,36.85547945352581,2635672.881,2567672.881
1660838400000.0,1534910.1845,1100762.6965000003,68000.0,463.5083266657523,36.85547945352581,2635672.881,2567672.881
1660924800000.0,1534910.1845,1100762.6965000003,68000.0,463.5083266657523,36.85547945352581,2635672.881,2567672.881
1661011200000.0,1534910.1845,1100762.6965000003,68000.0,463.5083266657523,36.85547945352581,2635672.881,2567672.881
1661097600000.0,1534910.1845,1100762.6965000003,68000.0,463.5083266657523,36.85547945352581,2635672.881,2567672.881
1661184000000.0,1534910.1845,1100762.6965000003,68000.0,463.5083266657523,36.85547945352581,2635672.881,2567672.881
1661270400000.0,1534910.1845,1100762.6965000003,68000.0,463.5083266657523,36.85547945352581,2635672.881,2567672.881
1661356800000.0,1534910.1845,1100762.6965000003,68000.0,463.5083266657523,36.85547945352581,2635672.881,2567672.881
1661443200000.0,1502890.5901,1100762.6965000003,68000.0,453.839129880994,38.17273042814177,2603653.2866,2535653.2866
1661529600000.0,1445642.24,1100762.6965000003,68000.0,436.5514167449515,40.52786472566989,2546404.9365000003,2478404.9365000003
1661616000000.0,1445642.24,1100762.6965000003,68000.0,436.5514167449515,40.52786472566989,2546404.9365000003,2478404.9365000003
1661702400000.0,1445642.24,1100762.6965000003,68000.0,436.5514167449515,40.52786472566989,2546404.9365000003,2478404.9365000003
1661788800000.0,1445642.24,1100762.6965000003,68000.0,436.5514167449515,40.52786472566989,2546404.9365000003,2478404.9365000003
1661875200000.0,1445642.24,1100762.6965000003,68000.0,436.5514167449515,40.52786472566989,2546404.9365000003,2478404.9365000003
1661961600000.0,1445642.24,1100762.6965000003,68000.0,436.5514167449515,40.52786472566989,2546404.9365000003,2478404.9365000003
1662048000000.0,1446642.24,1100762.6965000003,69000.0,436.5514167449515,40.52786472566989,2547404.9365000003,2478404.9365000003
1662134400000.0,1446642.24,1100762.6965000003,69000.0,436.5514167449515,40.52786472566989,2547404.9365000003,2478404.9365000003
1662220800000.0,1446642.24,1100762.6965000003,69000.0,436.5514167449515,40.52786472566989,2547404.9365000003,2478404.9365000003
1662307200000.0,1446642.24,1100762.6965000003,69000.0,436.5514167449515,40.52786472566989,2547404.9365000003,2478404.9365000003
1662393600000.0,1446642.24,1100762.6965000003,69000.0,436.5514167449515,40.52786472566989,2547404.9365000003,2478404.9365000003
1662480000000.0,1446642.24,1100762.6965000003,69000.0,436.5514167449515,40.52786472566989,2547404.9365000003,2478404.9365000003
1662566400000.0,1446642.24,1100762.6965000003,69000.0,436.5514167449515,40.52786472566989,2547404.9365000003,2478404.9365000003
1662652800000.0,1446642.24,1100762.6965000003,69000.0,436.5514167449515,40.52786472566989,2547404.9365000003,2478404.9365000003
1662739200000.0,1575865.5885,1100762.6965000003,69000.0,475.5469847605803,35.21543277110876,2676628.285,2607628.285
1662825600000.0,1567454.7758,1100762.6965000003,69000.0,473.00886434722815,35.56120519281094,2668217.4723000005,2599217.4723000005
1662912000000.0,1642607.6842,1100762.6965000003,69000.0,495.68766338086044,32.47163417722649,2743370.3807000006,2674370.3807000006
1662998400000.0,1726190.9119000002,1100762.6965000003,69000.0,520.9104693100934,29.03548881454199,2826953.6084000003,2757953.6084000003
1663084800000.0,1620361.8136000002,1120064.8713000002,69000.0,494.7993479864778,32.59265088058508,2740426.6849000007,2671426.6849000007
1663171200000.0,1620361.8136000002,1120064.8713000002,69000.0,494.7993479864778,32.59265088058508,2740426.6849000007,2671426.6849000007
1663257600000.0,1620361.8136000002,1120064.8713000002,69000.0,494.7993479864778,32.59265088058508,2740426.6849000007,2671426.6849000007
1663344000000.0,1620361.8136000002,1120064.8713000002,69000.0,494.7993479864778,32.59265088058508,2740426.6849000007,2671426.6849000007
1663430400000.0,1620361.8136000002,1120064.8713000002,69000.0,494.7993479864778,32.59265088058508,2740426.6849000007,2671426.6849000007
1663516800000.0,1620361.8136000002,1120064.8713000002,69000.0,494.7993479864778,32.59265088058508,2740426.6849000007,2671426.6849000007
1663603200000.0,1620361.8136000002,1120064.8713000002,69000.0,494.7993479864778,32.59265088058508,2740426.6849000007,2671426.6849000007
1663689600000.0,1620361.8136000002,1120064.8713000002,69000.0,494.7993479864778,32.59265088058508,2740426.6849000007,2671426.6849000007
1663776000000.0,1620361.8136000002,1120064.8713000002,69000.0,494.7993479864778,32.59265088058508,2740426.6849000007,2671426.6849000007
1663862400000.0,1620361.8136000002,1120064.8713000002,69000.0,494.7993479864778,32.59265088058508,2740426.6849000007,2671426.6849000007
1663948800000.0,1563470.2648,1120064.8713000002,69000.0,477.4267457590533,34.95934976210571,2683535.1361000002,2614535.1361000002
1664035200000.0,1563470.2648,1120064.8713000002,69000.0,477.4267457590533,34.95934976210571,2683535.1361000002,2614535.1361000002
1664121600000.0,1563470.2648,1120064.8713000002,69000.0,477.4267457590533,34.95934976210571,2683535.1361000002,2614535.1361000002
1664208000000.0,1563470.2648,1120064.8713000002,69000.0,477.4267457590533,34.95934976210571,2683535.1361000002,2614535.1361000002
1664294400000.0,1690612.7426999998,1120064.8713000002,69000.0,516.2514172850604,29.670199324357572,2810677.614,2741677.614
1664380800000.0,1600778.6671,1124210.2493000003,69000.0,490.085217028778,33.234864886228834,2724988.9164000005,2655988.9164000005
1664467200000.0,1547747.6721,1124210.2493000003,69000.0,473.84955170665677,35.44667693692723,2671957.9214000003,2602957.9214000003
1664553600000.0,1546763.1981000002,1124210.2493000003,69000.0,473.5481507922985,35.487737291476485,2670973.4474000004,2601973.4474000004
1664640000000.0,1470354.685,1124210.2493000003,70000.0,449.86451606116816,38.714198767698214,2594564.9343000003,2524564.9343000003
1664726400000.0,1470354.685,1124210.2493000003,70000.0,449.86451606116816,38.714198767698214,2594564.9343000003,2524564.9343000003
1664812800000.0,1470354.685,1124210.2493000003,70000.0,449.86451606116816,38.714198767698214,2594564.9343000003,2524564.9343000003
1664899200000.0,1631335.4672,1124210.2493000003,70000.0,499.11762649659437,32.00436452105203,2755545.7165,2685545.7165
1664985600000.0,1541846.3145,1132153.7636000002,70000.0,474.1682115493329,35.40326536948476,2674000.0781000005,2604000.0781000005
1665072000000.0,1463640.248,1132153.7636000002,70000.0,450.1172861517269,38.67976347223839,2595794.0116,2525794.0116
1665158400000.0,1391105.3993000002,1132153.7636000002,70000.0,427.81044586574563,41.718661920724756,2523259.1629000003,2453259.1629000003
1665244800000.0,1391105.3993000002,1132153.7636000002,70000.0,427.81044586574563,41.718661920724756,2523259.1629000003,2453259.1629000003
1665331200000.0,1391105.3993000002,1132153.7636000002,70000.0,427.81044586574563,41.718661920724756,2523259.1629000003,2453259.1629000003
1665417600000.0,1391105.3993000002,1132153.7636000002,70000.0,427.81044586574563,41.718661920724756,2523259.1629000003,2453259.1629000003
1665504000000.0,1391105.3993000002,1132153.7636000002,70000.0,427.81044586574563,41.718661920724756,2523259.1629000003,2453259.1629000003
1665590400000.0,1391105.3993000002,1132153.7636000002,70000.0,427.81044586574563,41.718661920724756,2523259.1629000003,2453259.1629000003
1665676800000.0,1391105.3993000002,1132153.7636000002,70000.0,427.81044586574563,41.718661920724756,2523259.1629000003,2453259.1629000003
1665763200000.0,1319121.7765000002,1132153.7636000002,70000.0,405.67312558750086,44.73446637284527,2451275.5401000003,2381275.5401000003
1665849600000.0,1319121.7765000002,1132153.7636000002,70000.0,405.67312558750086,44.73446637284527,2451275.5401000003,2381275.5401000003
1665936000000.0,1319121.7765000002,1132153.7636000002,70000.0,405.67312558750086,44.73446637284527,2451275.5401000003,2381275.5401000003
1666022400000.0,1385513.2927,1132153.7636000002,70000.0,426.0906900376979,41.95294715568535,2517667.0563000003,2447667.0563000003
1666108800000.0,1315766.7317,1132153.7636000002,70000.0,404.641339489546,44.875028331959456,2447920.4953,2377920.4953
1666195200000.0,1297104.9495,1132153.7636000002,70000.0,398.9022305998467,45.6568768087947,2429258.7131000003,2359258.7131000003
1666281600000.0,1297104.9495,1132153.7636000002,70000.0,398.9022305998467,45.6568768087947,2429258.7131000003,2359258.7131000003
1666368000000.0,1297104.9495,1132153.7636000002,70000.0,398.9022305998467,45.6568768087947,2429258.7131000003,2359258.7131000003
1666454400000.0,1297104.9495,1132153.7636000002,70000.0,398.9022305998467,45.6568768087947,2429258.7131000003,2359258.7131000003
1666540800000.0,1273438.6243,1132153.7636000002,70000.0,391.62406092204196,46.64839413075271,2405592.3879000004,2335592.3879000004
1666627200000.0,1310462.5098,1132153.7636000002,70000.0,403.01011763018755,45.09725243514886,2442616.2734000003,2372616.2734000003
1666713600000.0,1380169.0951,1134983.4976000001,70000.0,425.3742254962223,42.05055232771207,2515152.5927,2445152.5927
1666800000000.0,1745099.0363,1134983.4976000001,70000.0,537.8472490188108,26.72816276928751,2880082.5339,2810082.5339
1666886400000.0,1620049.5633,1171035.2318000002,70000.0,510.41775190329815,30.46492939147366,2791084.7951,2721084.7951
1666972800000.0,1532642.5577,1171035.2318000002,70000.0,482.8790343790804,34.216575294019655,2703677.7895,2633677.7895
1667059200000.0,1578927.7209,1171035.2318000002,70000.0,497.46177893344964,32.22994342537281,2749962.9527000003,2679962.9527000003
1667145600000.0,1525916.694,1171035.2318000002,70000.0,480.7599632672256,34.50525992310604,2696951.9258000003,2626951.9258000003
1667232000000.0,1448913.2669000002,1171035.2318000002,70000.0,456.4990288861994,37.81036790362371,2619948.4987000003,2549948.4987000003
1667318400000.0,1449913.2669000002,1171035.2318000002,71000.0,456.4990288861994,37.81036790362371,2620948.4987000003,2549948.4987000003
1667404800000.0,1449913.2669000002,1171035.2318000002,71000.0,456.4990288861994,37.81036790362371,2620948.4987000003,2549948.4987000003
1667491200000.0,1449913.2669000002,1171035.2318000002,71000.0,456.4990288861994,37.81036790362371,2620948.4987000003,2549948.4987000003
1667577600000.0,1469950.9747000001,1171035.2318000002,71000.0,462.80781601204086,36.95091120053347,2640986.2065000003,2569986.2065000003
1667664000000.0,1594151.8223,1171035.2318000002,71000.0,501.9119249339942,31.62369253536704,2765187.0541000003,2694187.0541000003
1667750400000.0,1578477.0346,1171035.2318000002,71000.0,496.97678465601996,32.29601501320464,2749512.2664,2678512.2664
1667836800000.0,1494562.2492000002,1175996.2298,71000.0,472.1185203047682,35.68249826231621,2670558.4790000003,2599558.4790000003
1667923200000.0,1494562.2492000002,1175996.2298,71000.0,472.1185203047682,35.68249826231621,2670558.4790000003,2599558.4790000003
1668009600000.0,1494562.2492000002,1175996.2298,71000.0,472.1185203047682,35.68249826231621,2670558.4790000003,2599558.4790000003
1668096000000.0,1494562.2492000002,1175996.2298,71000.0,472.1185203047682,35.68249826231621,2670558.4790000003,2599558.4790000003
1668182400000.0,1494562.2492000002,1175996.2298,71000.0,472.1185203047682,35.68249826231621,2670558.4790000003,2599558.4790000003
1668268800000.0,1494562.2492000002,1175996.2298,71000.0,472.1185203047682,35.68249826231621,2670558.4790000003,2599558.4790000003
1668355200000.0,1494562.2492000002,1175996.2298,71000.0,472.1185203047682,35.68249826231621,2670558.4790000003,2599558.4790000003
1668441600000.0,1494562.2492000002,1175996.2298,71000.0,472.1185203047682,35.68249826231621,2670558.4790000003,2599558.4790000003
1668528000000.0,1494562.2492000002,1175996.2298,71000.0,472.1185203047682,35.68249826231621,2670558.4790000003,2599558.4790000003
1668614400000.0,1478286.5956000001,1175996.2298,71000.0,466.97719046137223,36.382910292166606,2654282.8254000004,2583282.8254000004
1668700800000.0,1478286.5956000001,1175996.2298,71000.0,466.97719046137223,36.382910292166606,2654282.8254000004,2583282.8254000004
1668787200000.0,1457370.3839,1175996.2298,71000.0,460.36995083420305,37.28302568252965,2633366.6137,2562366.6137
1668873600000.0,1457370.3839,1175996.2298,71000.0,460.36995083420305,37.28302568252965,2633366.6137,2562366.6137
1668960000000.0,1457370.3839,1175996.2298,71000.0,460.36995083420305,37.28302568252965,2633366.6137,2562366.6137
1669046400000.0,1457370.3839,1175996.2298,71000.0,460.36995083420305,37.28302568252965,2633366.6137,2562366.6137
1669132800000.0,1457370.3839,1175996.2298,71000.0,460.36995083420305,37.28302568252965,2633366.6137,2562366.6137
1669219200000.0,1408974.8117,1175996.2298,71000.0,445.0822330100731,39.3656972478899,2584971.0415000003,2513971.0415000003
1669305600000.0,1368880.9146,1175996.2298,71000.0,432.4169382843192,41.09111169468199,2544877.1444,2473877.1444
1669392000000.0,1343354.7733,1175996.2298,71000.0,424.3534641358873,42.189612368239025,2519351.0031000003,2448351.0031000003
1669478400000.0,1343302.4575,1175996.2298,71000.0,424.336938054021,42.191863744225,2519298.6873000003,2448298.6873000003
1669564800000.0,1347270.4531,1175996.2298,71000.0,425.590391506529,42.02110366779812,2523266.6829000004,2452266.6829000004
1669651200000.0,1288730.5752,1175996.2298,71000.0,407.09818046094455,44.54032874562437,2464726.805,2393726.805
1669737600000.0,1288730.5752,1175996.2298,71000.0,407.09818046094455,44.54032874562437,2464726.805,2393726.805
1669824000000.0,1437056.1409,1175996.2298,71000.0,453.9528676037085,38.15723574648088,2613052.3707,2542052.3707
1669910400000.0,1479913.7929,1175996.2298,72000.0,467.1661216736548,36.35717187468948,2655910.0227,2583910.0227
1669996800000.0,1465443.1434000002,1175996.2298,72000.0,462.59815478433575,36.979473702950315,2641439.3732000003,2569439.3732000003
1670083200000.0,1473868.4764,1175996.2298,72000.0,465.25778952813124,36.61714717920953,2649864.7062,2577864.7062
1670169600000.0,1437692.4086,1191559.6046000002,72000.0,458.77807224678253,37.499889985473125,2629252.0132,2557252.0132
1670256000000.0,1460403.0014,1191559.6046000002,72000.0,466.025187083058,36.512603316917,2651962.606,2579962.606
1670342400000.0,1386744.8666,1191559.6046000002,72000.0,442.52034217555484,39.7147079541306,2578304.4712000005,2506304.4712000005
1670428800000.0,1386744.8666,1191559.6046000002,72000.0,442.52034217555484,39.7147079541306,2578304.4712000005,2506304.4712000005
1670515200000.0,1386744.8666,1191559.6046000002,72000.0,442.52034217555484,39.7147079541306,2578304.4712000005,2506304.4712000005
1670601600000.0,1368212.5186,1191559.6046000002,72000.0,436.6065355512813,40.52035579778542,2559772.1232000003,2487772.1232000003
1670688000000.0,1378757.467,1191559.6046000002,72000.0,439.97150504681105,40.06194033203272,2570317.0716000004,2498317.0716000004
1670774400000.0,1356951.1578,1191559.6046000002,72000.0,433.0129536642276,41.00991551494263,2548510.7624000004,2476510.7624000004
1670860800000.0,1335800.8892,1191559.6046000002,72000.0,426.263749594034,41.92937096064817,2527360.4938000003,2455360.4938000003
1670947200000.0,1563262.7385,1191559.6046000002,72000.0,498.8484750243927,32.04103147974252,2754822.3431,2682822.3431
1671033600000.0,1683430.912,1191559.6046000002,72000.0,537.1950105238964,26.817018318743525,2874990.5166,2802990.5166
1671120000000.0,1569874.8728,1217567.8250000002,72000.0,509.25786673833056,30.62294250238734,2787442.6978,2715442.6978
1671206400000.0,1569874.8728,1217567.8250000002,72000.0,509.25786673833056,30.62294250238734,2787442.6978,2715442.6978
1671292800000.0,1569874.8728,1217567.8250000002,72000.0,509.25786673833056,30.62294250238734,2787442.6978,2715442.6978
1671379200000.0,1569874.8728,1217567.8250000002,72000.0,509.25786673833056,30.62294250238734,2787442.6978,2715442.6978
1671465600000.0,1569874.8728,1217567.8250000002,72000.0,509.25786673833056,30.62294250238734,2787442.6978,2715442.6978
1671552000000.0,1569874.8728,1217567.8250000002,72000.0,509.25786673833056,30.62294250238734,2787442.6978,2715442.6978
1671638400000.0,1538545.3798,1217567.8250000002,72000.0,499.09476963574633,32.00747834972869,2756113.2048000004,2684113.2048000004
1671724800000.0,1538545.3798,1217567.8250000002,72000.0,499.09476963574633,32.00747834972869,2756113.2048000004,2684113.2048000004
1671811200000.0,1538545.3798,1217567.8250000002,72000.0,499.09476963574633,32.00747834972869,2756113.2048000004,2684113.2048000004
1671897600000.0,1532151.9105,1217567.8250000002,72000.0,497.02076705554845,32.2900232167882,2749719.7355000004,2677719.7355000004
1671984000000.0,1525227.6030000001,1217770.5853000002,72000.0,494.8403379987105,32.587066742133366,2742998.1883000005,2670998.1883000005
1672070400000.0,1486982.7513,1217770.5853000002,72000.0,482.43229128836083,34.27743585821676,2704753.3366,2632753.3366
1672156800000.0,1481527.6843,1217770.5853000002,72000.0,480.6624654651354,34.51854221300924,2699298.2696,2627298.2696
1672243200000.0,1481527.6843,1217770.5853000002,72000.0,480.6624654651354,34.51854221300924,2699298.2696,2627298.2696
1672329600000.0,1481527.6843,1217770.5853000002,72000.0,480.6624654651354,34.51854221300924,2699298.2696,2627298.2696
1672416000000.0,1481527.6843,1217770.5853000002,72000.0,480.6624654651354,34.51854221300924,2699298.2696,2627298.2696
1672502400000.0,1481527.6843,1217770.5853000002,72000.0,480.6624654651354,34.51854221300924,2699298.2696,2627298.2696
1672588800000.0,1482527.6843,1217770.5853000002,73000.0,480.6624654651354,34.51854221300924,2700298.2696,2627298.2696
1672675200000.0,1486979.836,1217770.5853000002,73000.0,482.1059341000953,34.321896048022126,2704750.4213,2631750.4213
1672761600000.0,1441510.1747,1217770.5853000002,73000.0,467.36384210695854,36.330236086819134,2659280.7600000002,2586280.7600000002
1672848000000.0,1523403.5374,1217770.5853000002,73000.0,493.9151612070794,32.71310513576593,2741174.1227,2668174.1227
1672934400000.0,1518598.4179,1217770.5853000002,73000.0,492.35725398539057,32.92534146229986,2736369.0032,2663369.0032
1673020800000.0,1481388.0624,1222201.4617,73000.0,481.7295500930964,34.37317147565957,2703589.5241,2630589.5241
1673107200000.0,1524022.5429,1222201.4617,73000.0,495.59376949043906,32.48442550016895,2746224.0046,2673224.0046
1673193600000.0,1550412.0293,1222201.4617,73000.0,504.1753125265455,31.315347428881925,2772613.4910000004,2699613.4910000004
1673280000000.0,1668291.8115,1222201.4617,73000.0,542.5083974795043,26.093166658508515,2890493.2732,2817493.2732
1673366400000.0,1694329.4967,1222201.4617,73000.0,550.97553900388,24.939673697978815,2916530.9584,2843530.9584
1673452800000.0,1696409.5212,1222201.4617,73000.0,551.6519379110944,24.847526734834812,2918610.9829,2845610.9829
1673539200000.0,2028065.691,1222201.4617,73000.0,659.5025285284592,10.15485900181573,3250267.1527000004,3177267.1527000004
1673625600000.0,2544584.5887,1222201.4617,73000.0,827.4682510282647,0.6785165247776836,3766786.0504,3693786.0504
1673712000000.0,3215447.4613,1222201.4617,73000.0,1045.6247746255892,5.847597761435908,4437648.923,4364648.923
1673798400000.0,3268894.8564,1222201.4617,73000.0,1063.0052235765938,4.282589872915121,4491096.3181,4418096.3181
1673884800000.0,3306665.1111,1222201.4617,73000.0,1075.2876553480871,5.3677895824192685,4528866.5728,4455866.5728
1673971200000.0,3386651.5081,1222201.4617,73000.0,1101.2982679744318,4.729808690785353,4608852.9698,4535852.9698
1674057600000.0,3328019.4431,1222201.4617,73000.0,1082.231826836976,7.269601593648067,4550220.9048,4477220.9048
1674144000000.0,2992652.5928,1390119.7428000001,73000.0,1027.779569557568,11.93531127472669,4382772.3356,4309772.3356
1674230400000.0,3029395.1832999997,1390119.7428000001,73000.0,1040.3982356664822,10.854088281076368,4419514.9261,4346514.9261
1674316800000.0,3941188.4982000003,1390119.7428000001,73000.0,1353.5393409748654,3.9554389650387933,5331308.241,5258308.241
1674403200000.0,3840676.9723000005,1390119.7428000001,73000.0,1319.0202347232364,6.404848676964159,5230796.715100001,5157796.715100001
1674489600000.0,3577095.9091000003,1455057.8890000002,73000.0,1250.7994421657877,11.245665545957529,5032153.7981,4959153.7981
1674576000000.0,3583626.2052999996,1455057.8890000002,73000.0,1253.0828841119085,11.083636875844382,5038684.0943,4965684.0943
1674662400000.0,3403106.0091,1455057.8890000002,73000.0,1189.9605730404594,15.562675256807246,4858163.8981,4785163.8981
1674748800000.0,3520588.8782,1455057.8890000002,73000.0,1231.0406868726013,12.647709004380026,4975646.767200001,4902646.767200001
1674835200000.0,3329233.5579000004,1455057.8890000002,73000.0,1164.129669117163,17.395586760260418,4784291.446900001,4711291.446900001
1674921600000.0,3269726.1563,1455057.8890000002,73000.0,1143.3217772916562,18.872074939026163,4724784.0453,4651784.0453
1675008000000.0,3518026.7494,1455057.8890000002,73000.0,1230.1447899340694,12.711280136440283,4973084.6384000005,4900084.6384000005
1675094400000.0,3334305.4843,1455621.4363000002,73000.0,1166.1002194013663,17.255760283619324,4789926.920600001,4716926.920600001
1675180800000.0,3334305.4843,1455621.4363000002,73000.0,1166.1002194013663,17.255760283619324,4789926.920600001,4716926.920600001
1675267200000.0,3335305.4843,1455621.4363000002,74000.0,1166.1002194013663,17.255760283619324,4790926.920600001,4716926.920600001
1675353600000.0,3402878.2791,1455621.4363000002,74000.0,1189.725237023517,15.579374250149158,4858499.7154,4784499.7154
1675440000000.0,3217220.2821,1455621.4363000002,74000.0,1124.8148916130558,20.185288125607926,4672841.7184,4598841.7184
1675526400000.0,3157284.4006,1455621.4363000002,74000.0,1103.859916155438,21.672213077398194,4612905.8368999995,4538905.8368999995
1675612800000.0,3157284.4006,1455621.4363000002,74000.0,1103.859916155438,21.672213077398194,4612905.8368999995,4538905.8368999995
1675699200000.0,3157284.4006,1455621.4363000002,74000.0,1103.859916155438,21.672213077398194,4612905.8368999995,4538905.8368999995
1675785600000.0,3157284.4006,1455621.4363000002,74000.0,1103.859916155438,21.672213077398194,4612905.8368999995,4538905.8368999995
1675872000000.0,3108076.3734999998,1455621.4363000002,74000.0,1086.655647620599,22.892995044596955,4563697.8098,4489697.8098
1675958400000.0,3108076.3734999998,1455621.4363000002,74000.0,1086.655647620599,22.892995044596955,4563697.8098,4489697.8098
1676044800000.0,3108076.3734999998,1455621.4363000002,74000.0,1086.655647620599,22.892995044596955,4563697.8098,4489697.8098
1676131200000.0,3108076.3734999998,1455621.4363000002,74000.0,1086.655647620599,22.892995044596955,4563697.8098,4489697.8098
1676217600000.0,3108076.3734999998,1455621.4363000002,74000.0,1086.655647620599,22.892995044596955,4563697.8098,4489697.8098
1676304000000.0,3108076.3734999998,1455621.4363000002,74000.0,1086.655647620599,22.892995044596955,4563697.8098,4489697.8098
1676390400000.0,3108076.3734999998,1455621.4363000002,74000.0,1086.655647620599,22.892995044596955,4563697.8098,4489697.8098
1676476800000.0,3364939.2597000003,1455621.4363000002,74000.0,1176.4608751668704,16.52058798023027,4820560.696,4746560.696
1676563200000.0,4397283.8701,1455621.4363000002,74000.0,1537.392514667925,0.0,5852905.3064,5778905.3064
1676649600000.0,4069618.5031,1562459.4507000002,74000.0,1460.1861461572073,6.6774779214360365,5632077.9538,5558077.9538
1676736000000.0,4290107.442600001,1562459.4507000002,74000.0,1539.297958380773,3.003958126741224,5852566.893300001,5778566.893300001
1676822400000.0,4387958.1119,1562459.4507000002,74000.0,1574.4069474900057,0.9535882353390313,5950417.5626,5876417.5626
1676908800000.0,4157597.6851,1572234.9153000002,74000.0,1495.2606821558722,7.139572998282018,5729832.6004,5655832.6004
1676995200000.0,4007625.1238,1572234.9153000002,74000.0,1441.323747584795,10.489227567017501,5579860.039100001,5505860.039100001
1677081600000.0,3948666.6411,1572234.9153000002,74000.0,1420.119603331776,11.806072123314149,5520901.5564,5446901.5564
1677168000000.0,3948666.6411,1572234.9153000002,74000.0,1420.119603331776,11.806072123314149,5520901.5564,5446901.5564
1677254400000.0,3948666.6411,1572234.9153000002,74000.0,1420.119603331776,11.806072123314149,5520901.5564,5446901.5564
1677340800000.0,3948666.6411,1572234.9153000002,74000.0,1420.119603331776,11.806072123314149,5520901.5564,5446901.5564
1677427200000.0,3948666.6411,1572234.9153000002,74000.0,1420.119603331776,11.806072123314149,5520901.5564,5446901.5564
1677513600000.0,3948666.6411,1572234.9153000002,74000.0,1420.119603331776,11.806072123314149,5520901.5564,5446901.5564
1677600000000.0,3747492.7343,1572234.9153000002,74000.0,1347.768342845038,16.29931468836585,5319727.6496,5245727.6496
1677686400000.0,3723166.6551,1572234.9153000002,75000.0,1338.6623660662085,16.86482470413827,5295401.570400001,5220401.570400001
1677772800000.0,3536874.8074000003,1572234.9153000002,75000.0,1271.681242543488,21.024564745190354,5109109.722700001,5034109.722700001
1677859200000.0,3536874.8074000003,1572234.9153000002,75000.0,1271.681242543488,21.024564745190354,5109109.722700001,5034109.722700001
1677945600000.0,3536874.8074000003,1572234.9153000002,75000.0,1271.681242543488,21.024564745190354,5109109.722700001,5034109.722700001
1678032000000.0,3536874.8074000003,1572234.9153000002,75000.0,1271.681242543488,21.024564745190354,5109109.722700001,5034109.722700001
1678118400000.0,3536874.8074000003,1572234.9153000002,75000.0,1271.681242543488,21.024564745190354,5109109.722700001,5034109.722700001
1678204800000.0,3536874.8074000003,1572234.9153000002,75000.0,1271.681242543488,21.024564745190354,5109109.722700001,5034109.722700001
1678291200000.0,3536874.8074000003,1572234.9153000002,75000.0,1271.681242543488,21.024564745190354,5109109.722700001,5034109.722700001
1678377600000.0,3536874.8074000003,1572234.9153000002,75000.0,1271.681242543488,21.024564745190354,5109109.722700001,5034109.722700001
1678464000000.0,3536874.8074000003,1572234.9153000002,75000.0,1271.681242543488,21.024564745190354,5109109.722700001,5034109.722700001
1678550400000.0,3536874.8074000003,1572234.9153000002,75000.0,1271.681242543488,21.024564745190354,5109109.722700001,5034109.722700001
1678636800000.0,3536874.8074000003,1572234.9153000002,75000.0,1271.681242543488,21.024564745190354,5109109.722700001,5034109.722700001
1678723200000.0,3955312.6715,1572234.9153000002,75000.0,1422.1303287912137,11.681199700080624,5527547.586800001,5452547.586800001
1678809600000.0,4479078.9643,1572234.9153000002,75000.0,1610.4501892049138,2.705916557650412,6051313.879600001,5976313.879600001
1678896000000.0,4180669.7810000004,1643767.6901000002,75000.0,1528.8769108798112,7.634102105535556,5824437.471100001,5749437.471100001
1678982400000.0,4379247.0116,1643767.6901000002,75000.0,1601.496887772168,3.2468232323934254,6023014.7017,5948014.7017
1679068800000.0,4768753.8287,1643767.6901000002,75000.0,1743.9400871850703,2.776816410905425,6412521.518800001,6337521.518800001
1679155200000.0,4973274.7642,1643767.6901000002,75000.0,1818.733685449771,2.552412360000078,6617042.4543,6542042.4543
1679241600000.0,5054685.2209,1643767.6901000002,75000.0,1848.5056057574875,1.008296439127676,6698452.911,6623452.911
1679328000000.0,5092251.0686,1643767.6901000002,75000.0,1862.2434899231246,3.6917249606397418,6736018.7587,6661018.7587
1679414400000.0,5180321.433800001,1643767.6901000002,75000.0,1894.4509482827816,2.0260755572157896,6824089.123900001,6749089.123900001
1679500800000.0,5321094.2642,1643767.6901000002,75000.0,1945.9317734500537,0.6684836713515607,6964861.9543,6889861.9543
1679587200000.0,4963661.256,1730766.7428000001,75000.0,1847.0336896164745,6.2681196136806,6694427.9988,6619427.9988
1679673600000.0,4843287.7733,1730766.7428000001,75000.0,1802.2413747471605,8.541206413969926,6574054.5161,6499054.5161
1679760000000.0,4780412.931,1730766.7428000001,75000.0,1778.844944981321,9.728510884162855,6511179.6738,6436179.6738
1679846400000.0,4780412.931,1730766.7428000001,75000.0,1778.844944981321,9.728510884162855,6511179.6738,6436179.6738
1679932800000.0,4540875.9625,1730766.7428000001,75000.0,1689.7105685785612,14.251835366147525,6271642.7053000005,6196642.7053000005
1680019200000.0,4540875.9625,1730766.7428000001,75000.0,1689.7105685785612,14.251835366147525,6271642.7053000005,6196642.7053000005
1680105600000.0,4565397.4726,1730766.7428000001,75000.0,1698.8352958593002,13.788780549744251,6296164.2154,6221164.2154
1680192000000.0,4501746.226299999,1730766.7428000001,75000.0,1675.1499575094954,14.990746336071837,6232512.969099999,6157512.969099999
1680278400000.0,4276304.6989,1730766.7428000001,75000.0,1591.260651879894,19.24789790031748,6007071.4417,5932071.4417
1680364800000.0,4261903.7183,1730766.7428000001,76000.0,1585.531115137878,19.538656133689592,5992670.4611,5916670.4611
1680451200000.0,4145335.3896000003,1730766.7428000001,76000.0,1542.1648815460992,21.739373230882254,5876102.1324000005,5800102.1324000005
1680537600000.0,4145331.1547,1730766.7428000001,76000.0,1542.1633060610193,21.739453182417456,5876097.8975,5800097.8975
1680624000000.0,4145331.1547,1730766.7428000001,76000.0,1542.1633060610193,21.739453182417456,5876097.8975,5800097.8975
1680710400000.0,3935806.154,1730766.7428000001,76000.0,1464.214945429905,25.695118125649973,5666572.8968,5590572.8968
1680796800000.0,3892265.0829000003,1730766.7428000001,76000.0,1448.0166153927785,26.5171388294593,5623031.8257,5547031.8257
1680883200000.0,3892265.0829000003,1730766.7428000001,76000.0,1448.0166153927785,26.5171388294593,5623031.8257,5547031.8257
1680969600000.0,3892265.0829000003,1730766.7428000001,76000.0,1448.0166153927785,26.5171388294593,5623031.8257,5547031.8257
1681056000000.0,3892265.0829000003,1730766.7428000001,76000.0,1448.0166153927785,26.5171388294593,5623031.8257,5547031.8257
1681142400000.0,3967799.7166,1730766.7428000001,76000.0,1476.1173234138555,25.091105174626826,5698566.4594,5622566.4594
1681228800000.0,5173313.4615,1730766.7428000001,76000.0,1924.5975516410087,2.5920088472654146,6904080.2043,6828080.2043
1681315200000.0,4762696.9956,1827481.3997000002,76000.0,1807.8184974520298,10.141982815409667,6590178.3953,6514178.3953
1681401600000.0,5121225.3016,1827481.3997000002,76000.0,1943.9082180548178,3.377613234167509,6948706.7013,6872706.7013
1681488000000.0,5006643.3463,1827481.3997000002,76000.0,1900.415344488238,7.796831351943778,6834124.746,6758124.746
1681574400000.0,5055833.5362,1827481.3997000002,76000.0,1919.0868945105365,6.890936711269735,6883314.9359,6807314.9359
1681660800000.0,5060173.847,1827481.3997000002,76000.0,1920.7343841904762,6.811004832564382,6887655.2467,6811655.2467
1681747200000.0,4800284.9777,1831657.8421000002,76000.0,1823.671384842576,11.520247011815798,6631942.8198,6555942.8198
1681833600000.0,4800284.9777,1831657.8421000002,76000.0,1823.671384842576,11.520247011815798,6631942.8198,6555942.8198
1681920000000.0,4551053.422,1831657.8421000002,76000.0,1728.986077940721,16.114129789117648,6382711.2641,6306711.2641
1682006400000.0,4551053.422,1831657.8421000002,76000.0,1728.986077940721,16.114129789117648,6382711.2641,6306711.2641
1682092800000.0,4551053.422,1831657.8421000002,76000.0,1728.986077940721,16.114129789117648,6382711.2641,6306711.2641
1682179200000.0,4551053.422,1831657.8421000002,76000.0,1728.986077940721,16.114129789117648,6382711.2641,6306711.2641
1682265600000.0,4551053.422,1831657.8421000002,76000.0,1728.986077940721,16.114129789117648,6382711.2641,6306711.2641
1682352000000.0,4551053.422,1831657.8421000002,76000.0,1728.986077940721,16.114129789117648,6382711.2641,6306711.2641
1682438400000.0,4551053.422,1831657.8421000002,76000.0,1728.986077940721,16.114129789117648,6382711.2641,6306711.2641
1682524800000.0,5468148.4076000005,1831657.8421000002,76000.0,2077.3987013976484,2.054397055641166,7299806.2497000005,7223806.2497000005
1682611200000.0,5123953.999600001,1895313.4618000002,76000.0,1970.8194955926108,7.079414432845699,7019267.4614,6943267.4614
1682697600000.0,5127934.8598,1895313.4618000002,76000.0,1972.3506484663485,7.007223335721524,7023248.321599999,6947248.321599999
1682784000000.0,5171642.8434,1895313.4618000002,76000.0,1989.1619910737659,6.214598844871566,7066956.305199999,6990956.305199999
1682870400000.0,5306637.6511,1895313.4618000002,76000.0,2041.0848613492808,3.7665291352315777,7201951.1129,7125951.1129
1682956800000.0,5016623.7643,1895313.4618000002,77000.0,1929.1736726367672,9.04293989224827,6911937.2261,6834937.2261
1683043200000.0,5016623.7643,1895313.4618000002,77000.0,1929.1736726367672,9.04293989224827,6911937.2261,6834937.2261
1683129600000.0,5016623.7643,1895313.4618000002,77000.0,1929.1736726367672,9.04293989224827,6911937.2261,6834937.2261
1683216000000.0,4914853.0652,1895313.4618000002,77000.0,1890.0371213277508,10.888157718053915,6810166.527000001,6733166.527000001
1683302400000.0,5164045.3781,1895313.4618000002,77000.0,1985.8655653285186,6.37001937486531,7059358.8399,6982358.8399
1683388800000.0,4950255.1877999995,1895313.4618000002,77000.0,1903.651226368157,10.246277213443367,6845568.649599999,6768568.649599999
1683475200000.0,4950255.1877999995,1895313.4618000002,77000.0,1903.651226368157,10.246277213443367,6845568.649599999,6768568.649599999
1683561600000.0,4950255.1877999995,1895313.4618000002,77000.0,1903.651226368157,10.246277213443367,6845568.649599999,6768568.649599999
1683648000000.0,4950255.1877999995,1895313.4618000002,77000.0,1903.651226368157,10.246277213443367,6845568.649599999,6768568.649599999
1683734400000.0,4950255.1877999995,1895313.4618000002,77000.0,1903.651226368157,10.246277213443367,6845568.649599999,6768568.649599999
1683820800000.0,4950255.1877999995,1895313.4618000002,77000.0,1903.651226368157,10.246277213443367,6845568.649599999,6768568.649599999
1683907200000.0,4950255.1877999995,1895313.4618000002,77000.0,1903.651226368157,10.246277213443367,6845568.649599999,6768568.649599999
1683993600000.0,4950255.1877999995,1895313.4618000002,77000.0,1903.651226368157,10.246277213443367,6845568.649599999,6768568.649599999
1684080000000.0,4950255.1877999995,1895313.4618000002,77000.0,1903.651226368157,10.246277213443367,6845568.649599999,6768568.649599999
1684166400000.0,4936579.8018,1895313.4618000002,77000.0,1898.3922721643178,10.494227421559543,6831893.263599999,6754893.263599999
1684252800000.0,4685297.8445,1895313.4618000002,77000.0,1801.7602424949694,15.050253380049728,6580611.306299999,6503611.306299999
1684339200000.0,4685297.8445,1895313.4618000002,77000.0,1801.7602424949694,15.050253380049728,6580611.306299999,6503611.306299999
1684425600000.0,4570324.3806,1895313.4618000002,77000.0,1757.5464863854988,17.134852257320322,6465637.8423999995,6388637.8423999995
1684512000000.0,4570332.661900001,1895313.4618000002,77000.0,1757.549671010595,17.13470210798934,6465646.1237,6388646.1237
1684598400000.0,4570332.661900001,1895313.4618000002,77000.0,1757.549671010595,17.13470210798934,6465646.1237,6388646.1237
1684684800000.0,4412946.7836,1895313.4618000002,77000.0,1697.0259588235513,19.98828600529443,6308260.2454,6231260.2454
1684771200000.0,4412946.7836,1895313.4618000002,77000.0,1697.0259588235513,19.98828600529443,6308260.2454,6231260.2454
1684857600000.0,4355808.4541,1895313.4618000002,77000.0,1675.0530610841838,21.024268513644483,6251121.915899999,6174121.915899999
1684944000000.0,4136823.0686,1895313.4618000002,77000.0,1590.840877701968,24.994721114333384,6032136.5304000005,5955136.5304000005
1685030400000.0,4136823.0686,1895313.4618000002,77000.0,1590.840877701968,24.994721114333384,6032136.5304000005,5955136.5304000005
1685116800000.0,4136823.0686,1895313.4618000002,77000.0,1590.840877701968,24.994721114333384,6032136.5304000005,5955136.5304000005
1685203200000.0,4037055.2593,1895313.4618000002,77000.0,1552.4745500439358,26.80362428381097,5932368.721100001,5855368.721100001
1685289600000.0,4463455.8381,1895313.4618000002,77000.0,1716.4495278909783,19.07249974704723,6358769.299900001,6281769.299900001
1685376000000.0,4734280.9426,1895313.4618000002,77000.0,1820.5969955979579,14.162134436418473,6629594.4044,6552594.4044
1685462400000.0,4766454.3665,1895313.4618000002,77000.0,1832.9694845990587,13.578793889262087,6661767.828299999,6584767.828299999
1685548800000.0,4467178.1601,1943104.8952000001,77000.0,1736.25946089882,18.138497125675134,6410283.0553,6333283.0553
1685635200000.0,4468178.1601,1943104.8952000001,78000.0,1736.25946089882,18.138497125675134,6411283.0553,6333283.0553
1685721600000.0,4468178.1601,1943104.8952000001,78000.0,1736.25946089882,18.138497125675134,6411283.0553,6333283.0553
1685808000000.0,4578369.3325,1943104.8952000001,78000.0,1779.0779114466268,16.119684389715218,6521474.2277,6443474.2277
1685894400000.0,4448605.6988,1943104.8952000001,78000.0,1728.6539290942333,18.497084236474592,6391710.5940000005,6313710.5940000005
1685980800000.0,4334358.1101,1943104.8952000001,78000.0,1684.2592228722206,20.590214585274392,6277463.0053,6199463.0053
1686067200000.0,4334358.1101,1943104.8952000001,78000.0,1684.2592228722206,20.590214585274392,6277463.0053,6199463.0053
1686153600000.0,4143530.7938,1943104.8952000001,78000.0,1610.106912590038,24.086362308587773,6086635.689,6008635.689
1686240000000.0,4143530.7938,1943104.8952000001,78000.0,1610.106912590038,24.086362308587773,6086635.689,6008635.689
1686326400000.0,4017079.8548,1943104.8952000001,78000.0,1560.9701881105073,26.40307026773906,5960184.75,5882184.75
1686412800000.0,4017072.0779,1943104.8952000001,78000.0,1560.9671661369607,26.403212748342753,5960176.9731,5882176.9731
1686499200000.0,4017072.0779,1943104.8952000001,78000.0,1560.9671661369607,26.403212748342753,5960176.9731,5882176.9731
1686585600000.0,4017072.0779,1943104.8952000001,78000.0,1560.9671661369607,26.403212748342753,5960176.9731,5882176.9731
1686672000000.0,4017072.0779,1943104.8952000001,78000.0,1560.9671661369607,26.403212748342753,5960176.9731,5882176.9731
1686758400000.0,4017072.0779,1943104.8952000001,78000.0,1560.9671661369607,26.403212748342753,5960176.9731,5882176.9731
1686844800000.0,4017072.0779,1943104.8952000001,78000.0,1560.9671661369607,26.403212748342753,5960176.9731,5882176.9731
1686931200000.0,4017072.0779,1943104.8952000001,78000.0,1560.9671661369607,26.403212748342753,5960176.9731,5882176.9731
1687017600000.0,4040120.3098,1943104.8952000001,78000.0,1569.923324387479,25.98094603597698,5983225.205,5905225.205
1687104000000.0,4119113.7314,1943104.8952000001,78000.0,1600.6188496524562,24.533707367853598,6062218.6266,5984218.6266
1687190400000.0,4057446.9557999996,1943104.8952000001,78000.0,1576.6561698482496,25.66350451271874,6000551.851,5922551.851
1687276800000.0,4385352.9464,1943104.8952000001,78000.0,1704.0749651748683,19.65593806612712,6328457.8416,6250457.8416
1687363200000.0,5836890.358,1943104.8952000001,78000.0,2268.118177740654,1.2454026828242926,7779995.2532,7701995.2532
1687449600000.0,5836404.7106,1943104.8952000001,78000.0,2267.929463266276,7.8215158523289645,7779509.6058,7701509.6058
1687536000000.0,6560880.9677,1943104.8952000001,78000.0,2549.448845554803,1.1954327227635675,8503985.8629,8425985.8629
1687622400000.0,5982161.246600001,2161448.1361000002,78000.0,2409.4125598891796,6.790070986644281,8143609.382700002,8065609.382700002
1687708800000.0,6031367.658600001,2161448.1361000002,78000.0,2429.231241167165,6.0233704614572225,8192815.7947,8114815.7947
1687795200000.0,5681426.3944,2161448.1361000002,78000.0,2288.286715864342,11.47591496006376,7842874.5305,7764874.5305
1687881600000.0,5733806.0988,2161448.1361000002,78000.0,2309.383492173468,10.659770371577547,7895254.2349,7817254.2349
1687968000000.0,5494739.315400001,2161448.1361000002,78000.0,2213.0954640124683,14.384744840099273,7656187.4515,7578187.4515
1688054400000.0,5374057.8053,2161448.1361000002,78000.0,2164.489026607158,16.26512126693648,7535505.941400001,7457505.941400001
1688140800000.0,5046595.9156,2161448.1361000002,78000.0,2032.59843432721,21.36740758709612,7208044.0517,7130044.0517
1688227200000.0,5015919.5706,2165374.3951000003,79000.0,2021.4238509613506,21.799704711974353,7181293.9657000005,7102293.9657000005
1688313600000.0,4741055.8098,2165374.3951000003,79000.0,1910.6533025054482,26.08494632241073,6906430.2049,6827430.2049
1688400000000.0,5132568.0391,2165374.3951000003,79000.0,2068.4333759517617,19.98110603765295,7297942.4342,7218942.4342
1688486400000.0,5051696.3811,2165374.3951000003,79000.0,2035.8419645371575,21.24192919221476,7217070.7762,7138070.7762
1688572800000.0,4790705.3664,2170891.0125,79000.0,1932.8853615168218,25.22488247250443,6961596.3789,6882596.3789
1688659200000.0,4790705.3664,2170891.0125,79000.0,1932.8853615168218,25.22488247250443,6961596.3789,6882596.3789
1688745600000.0,4790705.3664,2170891.0125,79000.0,1932.8853615168218,25.22488247250443,6961596.3789,6882596.3789
1688832000000.0,4790705.3664,2170891.0125,79000.0,1932.8853615168218,25.22488247250443,6961596.3789,6882596.3789
1688918400000.0,4790705.3664,2170891.0125,79000.0,1932.8853615168218,25.22488247250443,6961596.3789,6882596.3789
1689004800000.0,4790705.3664,2170891.0125,79000.0,1932.8853615168218,25.22488247250443,6961596.3789,6882596.3789
1689091200000.0,4793457.2835,2170891.0125,79000.0,1933.9956657146138,25.18192952323277,6964348.296,6885348.296
1689177600000.0,4745033.5631,2170891.0125,79000.0,1914.458354785873,25.93774502577316,6915924.5756,6836924.5756
1689264000000.0,4690290.3807,2170891.0125,79000.0,1892.3713576088126,26.792197049998812,6861181.3932,6782181.3932
1689350400000.0,4969449.773700001,2170891.0125,79000.0,2005.0026014427651,22.43497304560018,7140340.786200001,7061340.786200001
1689436800000.0,4716110.3001999995,2173759.8924000002,79000.0,1903.9463045443247,26.34441156064199,6889870.1926,6810870.1926
1689523200000.0,4716110.3001999995,2173759.8924000002,79000.0,1903.9463045443247,26.34441156064199,6889870.1926,6810870.1926
1689609600000.0,4716110.3001999995,2173759.8924000002,79000.0,1903.9463045443247,26.34441156064199,6889870.1926,6810870.1926
1689696000000.0,4716110.3001999995,2173759.8924000002,79000.0,1903.9463045443247,26.34441156064199,6889870.1926,6810870.1926
1689782400000.0,4716110.3001999995,2173759.8924000002,79000.0,1903.9463045443247,26.34441156064199,6889870.1926,6810870.1926
1689868800000.0,4716110.3001999995,2173759.8924000002,79000.0,1903.9463045443247,26.34441156064199,6889870.1926,6810870.1926
1689955200000.0,4716110.3001999995,2173759.8924000002,79000.0,1903.9463045443247,26.34441156064199,6889870.1926,6810870.1926
1690041600000.0,4716110.3001999995,2173759.8924000002,79000.0,1903.9463045443247,26.34441156064199,6889870.1926,6810870.1926
1690128000000.0,4716110.3001999995,2173759.8924000002,79000.0,1903.9463045443247,26.34441156064199,6889870.1926,6810870.1926
1690214400000.0,4680510.9193,2173759.8924000002,79000.0,1889.5744376043708,26.90039799466477,6854270.8117,6775270.8117
1690300800000.0,4680510.9193,2173759.8924000002,79000.0,1889.5744376043708,26.90039799466477,6854270.8117,6775270.8117
1690387200000.0,4680510.9193,2173759.8924000002,79000.0,1889.5744376043708,26.90039799466477,6854270.8117,6775270.8117
1690473600000.0,4680510.9193,2173759.8924000002,79000.0,1889.5744376043708,26.90039799466477,6854270.8117,6775270.8117
1690560000000.0,4680510.9193,2173759.8924000002,79000.0,1889.5744376043708,26.90039799466477,6854270.8117,6775270.8117
1690646400000.0,4680510.9193,2173759.8924000002,79000.0,1889.5744376043708,26.90039799466477,6854270.8117,6775270.8117
1690732800000.0,4680510.9193,2173759.8924000002,79000.0,1889.5744376043708,26.90039799466477,6854270.8117,6775270.8117
1690819200000.0,4589307.2112,2173759.8924000002,79000.0,1852.7544838831082,28.32480547463233,6763067.1036,6684067.1036
1690905600000.0,4590307.2112,2173759.8924000002,80000.0,1852.7544838831084,28.32480547463233,6764067.1036,6684067.1036
1690992000000.0,4360749.356000001,2173759.8924000002,80000.0,1760.099607866389,31.90922873199964,6534509.248400001,6454509.248400001
1691078400000.0,4360749.356000001,2173759.8924000002,80000.0,1760.099607866389,31.90922873199964,6534509.248400001,6454509.248400001
1691164800000.0,4360749.356000001,2173759.8924000002,80000.0,1760.099607866389,31.90922873199964,6534509.248400001,6454509.248400001
1691251200000.0,4360749.356000001,2173759.8924000002,80000.0,1760.099607866389,31.90922873199964,6534509.248400001,6454509.248400001
1691337600000.0,4360749.356000001,2173759.8924000002,80000.0,1760.099607866389,31.90922873199964,6534509.248400001,6454509.248400001
1691424000000.0,4360749.356000001,2173759.8924000002,80000.0,1760.099607866389,31.90922873199964,6534509.248400001,6454509.248400001
1691510400000.0,4588667.2411,2173759.8924000002,80000.0,1852.092553904044,28.35041273151624,6762427.1335,6682427.1335
1691596800000.0,4757481.1972,2173759.8924000002,80000.0,1920.2297830078355,25.71447300344274,6931241.0896000005,6851241.0896000005
1691683200000.0,4503185.0612,2189586.0818000003,80000.0,1823.9777801448263,29.438053806336473,6692771.143000001,6612771.143000001
1691769600000.0,4474514.7582,2189586.0818000003,80000.0,1812.365111575508,29.887298585342503,6664100.84,6584100.84
1691856000000.0,4474514.7582,2189586.0818000003,80000.0,1812.365111575508,29.887298585342503,6664100.84,6584100.84
1691942400000.0,4474514.7582,2189586.0818000003,80000.0,1812.365111575508,29.887298585342503,6664100.84,6584100.84
1692028800000.0,4474514.7582,2189586.0818000003,80000.0,1812.365111575508,29.887298585342503,6664100.84,6584100.84
1692115200000.0,4433546.1006,2189586.0818000003,80000.0,1795.771096421965,30.529250486921132,6623132.182399999,6543132.182399999
1692201600000.0,4433546.1006,2189586.0818000003,80000.0,1795.771096421965,30.529250486921132,6623132.182399999,6543132.182399999
1692288000000.0,4433546.1006,2189586.0818000003,80000.0,1795.771096421965,30.529250486921132,6623132.182399999,6543132.182399999
1692374400000.0,4433546.1006,2189586.0818000003,80000.0,1795.771096421965,30.529250486921132,6623132.182399999,6543132.182399999
1692460800000.0,4433546.1006,2189586.0818000003,80000.0,1795.771096421965,30.529250486921132,6623132.182399999,6543132.182399999
1692547200000.0,4433546.1006,2189586.0818000003,80000.0,1795.771096421965,30.529250486921132,6623132.182399999,6543132.182399999
1692633600000.0,4433546.1006,2189586.0818000003,80000.0,1795.771096421965,30.529250486921132,6623132.182399999,6543132.182399999
1692720000000.0,4433546.1006,2189586.0818000003,80000.0,1795.771096421965,30.529250486921132,6623132.182399999,6543132.182399999
1692806400000.0,4433546.1006,2189586.0818000003,80000.0,1795.771096421965,30.529250486921132,6623132.182399999,6543132.182399999
1692892800000.0,4206205.0577,2189586.0818000003,80000.0,1703.6884915258534,34.09153500747922,6395791.1395,6315791.1395
1692979200000.0,4206205.0577,2189586.0818000003,80000.0,1703.6884915258534,34.09153500747922,6395791.1395,6315791.1395
1693065600000.0,4206205.0577,2189586.0818000003,80000.0,1703.6884915258534,34.09153500747922,6395791.1395,6315791.1395
1693152000000.0,4206205.0577,2189586.0818000003,80000.0,1703.6884915258534,34.09153500747922,6395791.1395,6315791.1395
1693238400000.0,4206205.0577,2189586.0818000003,80000.0,1703.6884915258534,34.09153500747922,6395791.1395,6315791.1395
1693324800000.0,4165114.0443,2189586.0818000003,80000.0,1687.044917169782,34.735404143916895,6354700.1261,6274700.1261
1693411200000.0,3983067.8278,2189586.0818000003,80000.0,1613.3086062381253,37.587948545014626,6172653.909600001,6092653.909600001
1693497600000.0,3777764.0242,2189586.0818000003,80000.0,1530.1520024440476,40.80492402927716,5967350.106000001,5887350.106000001
1693584000000.0,3778764.0242,2189586.0818000003,81000.0,1530.1520024440479,40.804924029277146,5968350.106000001,5887350.106000001
1693670400000.0,3778764.0242,2189586.0818000003,81000.0,1530.1520024440479,40.804924029277146,5968350.106000001,5887350.106000001
1693756800000.0,3778764.0242,2189586.0818000003,81000.0,1530.1520024440479,40.804924029277146,5968350.106000001,5887350.106000001
1693843200000.0,3778764.0242,2189586.0818000003,81000.0,1530.1520024440479,40.804924029277146,5968350.106000001,5887350.106000001
1693929600000.0,3778764.0242,2189586.0818000003,81000.0,1530.1520024440479,40.804924029277146,5968350.106000001,5887350.106000001
1694016000000.0,3778764.0242,2189586.0818000003,81000.0,1530.1520024440479,40.804924029277146,5968350.106000001,5887350.106000001
1694102400000.0,3778764.0242,2189586.0818000003,81000.0,1530.1520024440479,40.804924029277146,5968350.106000001,5887350.106000001
1694188800000.0,3588708.9473,2189586.0818000003,81000.0,1453.1921407986094,43.78217390348671,5778295.029100001,5697295.029100001
1694275200000.0,3575017.7304,2189586.0818000003,81000.0,1447.6480944328491,43.99664948844965,5764603.8122000005,5683603.8122000005
1694361600000.0,3575017.7304,2189586.0818000003,81000.0,1447.6480944328491,43.99664948844965,5764603.8122000005,5683603.8122000005
1694448000000.0,3575017.7304,2189586.0818000003,81000.0,1447.6480944328491,43.99664948844965,5764603.8122000005,5683603.8122000005
1694534400000.0,3575017.7304,2189586.0818000003,81000.0,1447.6480944328491,43.99664948844965,5764603.8122000005,5683603.8122000005
1694620800000.0,3642615.0304000005,2189586.0818000003,81000.0,1475.02057477097,42.93772459044336,5832201.112200001,5751201.112200001
1694707200000.0,3822865.8015,2189586.0818000003,81000.0,1548.0103345374955,40.11406108017567,6012451.883300001,5931451.883300001
1694793600000.0,3674431.4856000002,2189586.0818000003,81000.0,1487.9041558369397,42.43931360986306,5864017.567400001,5783017.567400001
1694880000000.0,3748461.4879,2189586.0818000003,81000.0,1517.8814594036169,41.27961917480528,5938047.569700001,5857047.569700001
1694966400000.0,3765528.4875,2189586.0818000003,81000.0,1524.7924767220852,41.01226129496832,5955114.5693,5874114.5693
1695052800000.0,4052011.9734000005,2189586.0818000003,81000.0,1640.7995300362552,36.5244415730691,6241598.055200001,6160598.055200001
1695139200000.0,3818340.3911,2216621.9329000004,81000.0,1557.1255890737443,39.76143063306723,6034962.324000001,5953962.324000001
1695225600000.0,3765781.8042,2216621.9329000004,81000.0,1535.6921095499429,40.59060083753177,5982403.7371000005,5901403.7371000005
1695312000000.0,3576832.3561,2216621.9329000004,81000.0,1458.6382090219408,43.571488676328286,5793454.289000001,5712454.289000001
1695398400000.0,3576832.3561,2216621.9329000004,81000.0,1458.6382090219408,43.571488676328286,5793454.289000001,5712454.289000001
1695484800000.0,3576832.3561,2216621.9329000004,81000.0,1458.6382090219408,43.571488676328286,5793454.289000001,5712454.289000001
1695571200000.0,3576832.3561,2216621.9329000004,81000.0,1458.6382090219408,43.571488676328286,5793454.289000001,5712454.289000001
1695657600000.0,3576832.3561,2216621.9329000004,81000.0,1458.6382090219408,43.571488676328286,5793454.289000001,5712454.289000001
1695744000000.0,3576832.3561,2216621.9329000004,81000.0,1458.6382090219408,43.571488676328286,5793454.289000001,5712454.289000001
1695830400000.0,3576832.3561,2216621.9329000004,81000.0,1458.6382090219408,43.571488676328286,5793454.289000001,5712454.289000001
1695916800000.0,3962154.8301,2216621.9329000004,81000.0,1615.7733575040158,37.49259779672277,6178776.763,6097776.763
1696003200000.0,3741793.208,2234950.9164000005,81000.0,1533.3841100379145,40.67988752685198,5976744.124400001,5895744.124400001
1696089600000.0,3784987.7688999996,2234950.9164000005,81000.0,1551.085209388492,39.99510724414207,6019938.6853,5938938.6853
1696176000000.0,3881550.0875000004,2234950.9164000005,82000.0,1590.2362336397928,38.48052055524735,6116501.003900001,6034501.003900001
1696262400000.0,4413377.0193,2234950.9164000005,82000.0,1808.1209544108572,30.051486983221874,6648327.9357,6566327.9357
1696348800000.0,4147669.7397,2279937.1977000004,82000.0,1717.6935423951911,33.5497391278149,6427606.9374,6345606.9374
1696435200000.0,3925691.3071,2279937.1977000004,82000.0,1625.7645933329147,37.10607935738576,6205628.5048,6123628.5048
1696521600000.0,3943818.5585,2279937.1977000004,82000.0,1633.2717153135106,36.81566072233965,6223755.756200001,6141755.756200001
1696608000000.0,3743411.2448,2279937.1977000004,82000.0,1550.2761129162582,40.02640774701044,6023348.442500001,5941348.442500001
1696694400000.0,3769805.0305,2279937.1977000004,82000.0,1561.2066927602386,39.60355008108248,6049742.2282,5967742.2282
1696780800000.0,3747818.5169,2279937.1977000004,82000.0,1552.101316777908,39.95579836893568,6027755.7146000005,5945755.7146000005
1696867200000.0,3710689.9952,2279937.1977000004,82000.0,1536.725111350476,40.550638389381014,5990627.1929,5908627.1929
1696953600000.0,3710689.9952,2279937.1977000004,82000.0,1536.725111350476,40.550638389381014,5990627.1929,5908627.1929
1697040000000.0,3710689.9952,2279937.1977000004,82000.0,1536.725111350476,40.550638389381014,5990627.1929,5908627.1929
1697126400000.0,3710689.9952,2279937.1977000004,82000.0,1536.725111350476,40.550638389381014,5990627.1929,5908627.1929
1697212800000.0,3710689.9952,2279937.1977000004,82000.0,1536.725111350476,40.550638389381014,5990627.1929,5908627.1929
1697299200000.0,3710689.9952,2279937.1977000004,82000.0,1536.725111350476,40.550638389381014,5990627.1929,5908627.1929
1697385600000.0,3710689.9952,2279937.1977000004,82000.0,1536.725111350476,40.550638389381014,5990627.1929,5908627.1929
1697472000000.0,4337305.7729,2279937.1977000004,82000.0,1796.2283848671575,30.51155994100775,6617242.970600001,6535242.970600001
1697558400000.0,4609012.7095,2279937.1977000004,82000.0,1908.751627967886,26.158514025843317,6888949.9072,6806949.9072
1697644800000.0,4462572.8129,2279937.1977000004,82000.0,1848.1058001838658,28.50464328440613,6742510.010600001,6660510.010600001
1697731200000.0,4758254.695,2279937.1977000004,82000.0,1970.5578977134926,23.767492201074013,7038191.892700001,6956191.892700001
1697817600000.0,5353452.5368,2279937.1977000004,82000.0,2217.0499169602713,14.231763866775083,7633389.7345,7551389.7345
1697904000000.0,5617518.6555,2279937.1977000004,82000.0,2326.4088330077097,10.001132313070515,7897455.853200001,7815455.853200001
1697990400000.0,5541137.8143,2279937.1977000004,82000.0,2294.77688400363,11.224837945849309,7821075.012,7739075.012
1698076800000.0,6264028.8949,2279937.1977000004,82000.0,2594.151091433056,0.9620163544257099,8543966.0926,8461966.0926
1698163200000.0,8167788.5571,2279937.1977000004,82000.0,3382.5638347943236,11.607919745031959,10447725.7548,10365725.7548
1698249600000.0,8968024.1242,2279937.1977000004,82000.0,3713.9690700872484,2.947743740782216,11247961.321899999,11165961.321899999
1698336000000.0,8032663.5951,2760156.4865000006,82000.0,3525.479335271092,7.873297427523029,10792820.0816,10710820.0816
1698422400000.0,8178157.5443,2760156.4865000006,82000.0,3589.335602278773,6.204625806291442,10938314.0308,10856314.0308
1698508800000.0,8306661.1748,2760156.4865000006,82000.0,3645.7349383733927,4.730816327480625,11066817.6613,10984817.6613
1698595200000.0,8477341.8882,2760156.4865000006,82000.0,3720.6454983510434,2.7732774448798403,11237498.3747,11155498.3747
1698681600000.0,8614365.940200001,2760156.4865000006,82000.0,3780.784387281459,1.4464542031568106,11374522.426700002,11292522.426700002
1698768000000.0,8158895.0547,2784384.4959000004,82000.0,3591.396595660499,6.383217711191735,10943279.5506,10861279.5506
1698854400000.0,7943934.5413999995,2784384.4959000004,83000.0,3496.346371722144,11.867708142413747,10728319.0373,10645319.0373
1698940800000.0,8007246.328299999,2784384.4959000004,83000.0,3524.211648715734,12.020112425624985,10791630.8242,10708630.8242
1699027200000.0,7714035.8421,2790715.6745000007,83000.0,3397.8481791997087,15.174702714088273,10504751.516600002,10421751.516600002
1699113600000.0,7684081.4517,2790715.6745000007,83000.0,3384.6539870850957,15.504088021948936,10474797.126200002,10391797.126200002
1699200000000.0,7876183.4853,2790715.6745000007,83000.0,3469.270335576241,13.391690252105015,10666899.1598,10583899.1598
1699286400000.0,7461444.7327,2790715.6745000007,83000.0,3286.5878404192267,17.952252155808324,10252160.407200001,10169160.407200001
1699372800000.0,7085098.8078,2790715.6745000007,83000.0,3120.816467062142,22.090637770736098,9875814.4823,9792814.4823
1699459200000.0,6951774.5945,2790715.6745000007,83000.0,3062.09034176567,23.556701224429368,9742490.269000001,9659490.269000001
1699545600000.0,8515958.3055,2790715.6745000007,83000.0,3751.075833037166,7.884340472236473,11306673.98,11223673.98
1699632000000.0,7982724.5328,2890451.8661000007,83000.0,3560.130522854743,12.573409412478554,10873176.3989,10790176.3989
1699718400000.0,7773591.610400001,2890451.8661000007,83000.0,3466.861552178024,14.863827716393574,10664043.4765,10581043.4765
1699804800000.0,7783093.3905,2890451.8661000007,83000.0,3471.09915015807,14.759764468909342,10673545.2566,10590545.2566
1699891200000.0,7360410.5999,2890451.8661000007,83000.0,3282.59134206355,19.388975351777603,10250862.466,10167862.466
1699977600000.0,7171588.5049,2890451.8661000007,83000.0,3198.3805815598193,21.456950004493414,10062040.371000001,9979040.371000001
1700064000000.0,7171588.5049,2890451.8661000007,83000.0,3198.3805815598193,21.456950004493414,10062040.371000001,9979040.371000001
1700150400000.0,6812064.184,2890451.8661000007,83000.0,3038.0401485052216,25.394450976803174,9702516.0501,9619516.0501
1700236800000.0,6812064.184,2890451.8661000007,83000.0,3038.0401485052216,25.394450976803174,9702516.0501,9619516.0501
1700323200000.0,6812064.184,2890451.8661000007,83000.0,3038.0401485052216,25.394450976803174,9702516.0501,9619516.0501
1700409600000.0,6729464.646,2890451.8661000007,83000.0,3001.202457914844,26.299078959614384,9619916.5121,9536916.5121
1700496000000.0,7554254.0383,2890451.8661000007,83000.0,3369.0415181741487,17.266007077294255,10444705.9044,10361705.9044
1700582400000.0,7128428.8412999995,2934781.2211000007,83000.0,3198.9022398029856,21.444139574831045,10063210.0624,9980210.0624
1700668800000.0,6945697.0854,2934781.2211000007,83000.0,3116.9008568551776,23.457858254122588,9880478.3065,9797478.3065
1700755200000.0,6707547.9919,2934781.2211000007,83000.0,3010.0307897528073,26.08228046073534,9642329.213,9559329.213
1700841600000.0,7440409.965,2934781.2211000007,83000.0,3338.9046355059604,18.00608244411063,10375191.1861,10292191.1861
1700928000000.0,6983488.4587,2965441.2729000007,83000.0,3147.6186239739923,22.703518031925906,9948929.731600001,9865929.731600001
1701014400000.0,6653644.2194,2965441.2729000007,83000.0,2998.950250456771,26.354386712543977,9619085.4923,9536085.4923
1701100800000.0,6522089.036,2965441.2729000007,83000.0,2939.6553081368925,27.810500361420498,9487530.3089,9404530.3089
1701187200000.0,6522089.036,2965441.2729000007,83000.0,2939.6553081368925,27.810500361420498,9487530.3089,9404530.3089
1701273600000.0,6193227.5569,2965441.2729000007,83000.0,2791.4298872108748,31.450491397358917,9158668.8298,9075668.8298
1701360000000.0,6122686.6086,2965441.2729000007,83000.0,2759.63546184095,32.23127125695602,9088127.8815,9005127.8815
1701446400000.0,6656154.3617,2965441.2729000007,84000.0,2999.5917149382117,26.338634185428656,9621595.6346,9537595.6346
1701532800000.0,6979109.7353,2965441.2729000007,84000.0,3145.131347931025,22.76459839482009,9944551.008200001,9860551.008200001
1701619200000.0,7748420.6562,2965441.2729000007,84000.0,3491.8208234367817,14.250899629714164,10713861.929100001,10629861.929100001
1701705600000.0,8972861.4549,2965441.2729000007,84000.0,4043.614287895259,7.309711459344981,11938302.7278,11854302.7278
1701792000000.0,9782143.425,2965441.2729000007,84000.0,4408.316691212246,1.7616130722550194,12747584.697900001,12663584.697900001
1701878400000.0,11012260.7776,2965441.2729000007,84000.0,4962.668291062807,4.920645102754384,13977702.0505,13893702.0505
1701964800000.0,9997361.9709,3395849.646400001,84000.0,4699.26805038095,9.96710871768336,13393211.6173,13309211.6173
1702051200000.0,10048423.9682,3395849.646400001,84000.0,4723.269783358008,9.507261483487916,13444273.6146,13360273.6146
1702137600000.0,10271305.5612,3395849.646400001,84000.0,4828.035455747544,7.50006455595763,13667155.207600001,13583155.207600001
1702224000000.0,10160421.655000001,3395849.646400001,84000.0,4775.914386287038,8.498647852323415,13556271.301400002,13472271.301400002
1702310400000.0,9647674.7695,3395849.646400001,84000.0,4534.897299581956,13.116274455415411,13043524.415900001,12959524.415900001
1702396800000.0,9647674.7695,3395849.646400001,84000.0,4534.897299581956,13.116274455415411,13043524.415900001,12959524.415900001
1702483200000.0,9647674.7695,3395849.646400001,84000.0,4534.897299581956,13.116274455415411,13043524.415900001,12959524.415900001
1702569600000.0,9079078.848000001,3395849.646400001,84000.0,4267.628328501446,18.23685875885336,12474928.494400002,12390928.494400002
1702656000000.0,8623033.9087,3395849.646400001,84000.0,4053.2640372985857,22.343846638192023,12018883.555100001,11934883.555100001
1702742400000.0,8623033.9087,3395849.646400001,84000.0,4053.2640372985857,22.343846638192023,12018883.555100001,11934883.555100001
1702828800000.0,8623033.9087,3395849.646400001,84000.0,4053.2640372985857,22.343846638192023,12018883.555100001,11934883.555100001
1702915200000.0,8623033.9087,3395849.646400001,84000.0,4053.2640372985857,22.343846638192023,12018883.555100001,11934883.555100001
1703001600000.0,8191306.1571,3395849.646400001,84000.0,3850.3300597691073,26.231842075038514,11587155.8035,11503155.8035
1703088000000.0,9237817.527,3395849.646400001,84000.0,4342.243572478375,16.807311417234093,12633667.173400002,12549667.173400002
1703174400000.0,9119825.9261,3395849.646400001,84000.0,4286.781525396694,17.869904229915846,12515675.572500002,12431675.572500002
1703260800000.0,9031052.0671,3395849.646400001,84000.0,4245.053301439011,18.669371851406737,12426901.7135,12342901.7135
1703347200000.0,9080487.6505,3395849.646400001,84000.0,4268.290537251795,18.224171555700185,12476337.2969,12392337.2969
1703433600000.0,8930546.4379,3469309.450200001,84000.0,4232.645034216995,18.907100825754387,12399855.8881,12315855.8881
1703520000000.0,8746831.4749,3469309.450200001,84000.0,4145.57306933103,20.575305461938164,12216140.9251,12132140.9251
1703606400000.0,8746831.4749,3469309.450200001,84000.0,4145.57306933103,20.575305461938164,12216140.9251,12132140.9251
1703692800000.0,8746831.4749,3469309.450200001,84000.0,4145.57306933103,20.575305461938164,12216140.9251,12132140.9251
1703779200000.0,8431555.000500001,3469309.450200001,84000.0,3996.14734123545,23.4381407350441,11900864.450700002,11816864.450700002
1703865600000.0,8431555.000500001,3469309.450200001,84000.0,3996.14734123545,23.4381407350441,11900864.450700002,11816864.450700002
1703952000000.0,8431555.000500001,3469309.450200001,84000.0,3996.14734123545,23.4381407350441,11900864.450700002,11816864.450700002
1704038400000.0,8431555.000500001,3469309.450200001,84000.0,3996.14734123545,23.4381407350441,11900864.450700002,11816864.450700002
1704124800000.0,8411699.3937,3469309.450200001,85000.0,3986.26396927301,23.62749544813073,11881008.8439,11796008.8439
1704211200000.0,10604186.767700002,3469309.450200001,85000.0,5025.273212590474,5.6437166737118405,14073496.217900002,13988496.217900002
1704297600000.0,9867033.482400002,3653787.986900001,85000.0,4763.363301886671,10.561428546255303,13520821.469300002,13435821.469300002
1704384000000.0,9867033.482400002,3653787.986900001,85000.0,4763.363301886671,10.561428546255303,13520821.469300002,13435821.469300002
1704470400000.0,9855088.539,3653787.986900001,85000.0,4757.596816434264,10.66970208923026,13508876.525900003,13423876.525900003
1704556800000.0,9848606.6258,3653787.986900001,85000.0,4754.467638093279,10.728456633636064,13502394.6127,13417394.6127
1704643200000.0,9999748.2513,3653787.986900001,85000.0,4827.4320679372,9.358451039145177,13653536.238200001,13568536.238200001
1704729600000.0,9497191.5021,3653787.986900001,85000.0,4584.8201035079,13.913817938736662,13150979.489,13065979.489
1704816000000.0,10635488.6471,3653787.986900001,85000.0,5134.339151639935,3.595856545348053,14289276.634,14204276.634
1704902400000.0,10026470.434500001,3712596.757100001,85000.0,4868.722594145271,10.56133767230314,13739067.191600002,13654067.191600002
1704988800000.0,9418961.5066,3712596.757100001,85000.0,4573.724223309381,15.980471575750288,13131558.263700001,13046558.263700001
1705075200000.0,9372469.193799999,3712596.757100001,85000.0,4551.148165736364,16.39519481185987,13085065.9509,13000065.9509
1705161600000.0,9372469.193799999,3712596.757100001,85000.0,4551.148165736364,16.39519481185987,13085065.9509,13000065.9509
1705248000000.0,9372469.193799999,3712596.757100001,85000.0,4551.148165736364,16.39519481185987,13085065.9509,13000065.9509
1705334400000.0,9372469.193799999,3712596.757100001,85000.0,4551.148165736364,16.39519481185987,13085065.9509,13000065.9509
1705420800000.0,9372469.193799999,3712596.757100001,85000.0,4551.148165736364,16.39519481185987,13085065.9509,13000065.9509
1705507200000.0,9372469.193799999,3712596.757100001,85000.0,4551.148165736364,16.39519481185987,13085065.9509,13000065.9509
1705593600000.0,9372469.193799999,3712596.757100001,85000.0,4551.148165736364,16.39519481185987,13085065.9509,13000065.9509
1705680000000.0,9372469.193799999,3712596.757100001,85000.0,4551.148165736364,16.39519481185987,13085065.9509,13000065.9509
1705766400000.0,9372469.193799999,3712596.757100001,85000.0,4551.148165736364,16.39519481185987,13085065.9509,13000065.9509
1705852800000.0,9372469.193799999,3712596.757100001,85000.0,4551.148165736364,16.39519481185987,13085065.9509,13000065.9509
1705939200000.0,9372469.193799999,3712596.757100001,85000.0,4551.148165736364,16.39519481185987,13085065.9509,13000065.9509
1706025600000.0,9372469.193799999,3712596.757100001,85000.0,4551.148165736364,16.39519481185987,13085065.9509,13000065.9509
1706112000000.0,9372469.193799999,3712596.757100001,85000.0,4551.148165736364,16.39519481185987,13085065.9509,13000065.9509
1706198400000.0,9372469.193799999,3712596.757100001,85000.0,4551.148165736364,16.39519481185987,13085065.9509,13000065.9509
1706284800000.0,9241678.8573,3712596.757100001,85000.0,4487.6380930170235,17.56187782542551,12954275.614400001,12869275.614400001
1706371200000.0,9536726.1466,3712596.757100001,85000.0,4630.909188577569,14.929981082619125,13249322.903700002,13164322.903700002
1706457600000.0,9871766.0353,3712596.757100001,85000.0,4793.600166096513,11.941340197723061,13584362.7924,13499362.7924
1706544000000.0,10161327.5472,3712596.757100001,85000.0,4934.207440071156,9.358377982344713,13873924.3043,13788924.3043
1706630400000.0,10714998.677,3712596.757100001,85000.0,5203.062881972992,4.419490909144486,14427595.4341,14342595.4341
1706716800000.0,10080927.2752,3791314.321600001,85000.0,4933.390339369757,9.373388160539719,13872241.596800001,13787241.596800001
1706803200000.0,9574269.714,3791314.321600001,86000.0,4684.978221352133,13.936730415488363,13365584.035600001,13279584.035600001
1706889600000.0,9280708.2713,3791314.321600001,86000.0,4541.329775385843,16.575559102940595,13072022.5929,12986022.5929
1706976000000.0,9428246.108,3791314.321600001,86000.0,4613.524477688221,15.249339036750008,13219560.4296,13133560.4296
1707062400000.0,9181078.0131,3791314.321600001,86000.0,4492.577692584984,17.471137149765713,12972392.334700001,12886392.334700001
1707148800000.0,9181078.0131,3791314.321600001,86000.0,4492.577692584984,17.471137149765713,12972392.334700001,12886392.334700001
1707235200000.0,9181078.0131,3791314.321600001,86000.0,4492.577692584984,17.471137149765713,12972392.334700001,12886392.334700001
1707321600000.0,8721891.9359,3791314.321600001,86000.0,4267.884129995619,21.59876842943722,12513206.257500002,12427206.257500002
1707408000000.0,10923018.1022,3791314.321600001,86000.0,5344.96138597523,1.8128087376190538,14714332.4238,14628332.4238
1707494400000.0,12665093.4772,3791314.321600001,86000.0,6197.41127882654,4.180563447857155,16456407.7988,16370407.7988
1707580800000.0,12860194.5453,3791314.321600001,86000.0,6292.880101234423,6.080122725215443,16651508.8669,16565508.8669
1707667200000.0,13663780.2407,3791314.321600001,86000.0,6686.0987585732755,3.1583874447257743,17455094.5623,17369094.5623
1707753600000.0,15445866.0059,3791314.321600001,86000.0,7558.126939097086,0.18368997069598825,19237180.3275,19151180.3275
1707840000000.0,14076767.5146,4386300.497,86000.0,7179.330493080027,7.6767282746027625,18463068.0116,18377068.0116
1707926400000.0,16064558.9414,4386300.497,86000.0,8193.129406041176,2.01074385244433,20450859.4384,20364859.4384
1708012800000.0,16352580.6295,4386300.497,86000.0,8340.024130692986,4.082961035418564,20738881.1265,20652881.1265
1708099200000.0,16304162.9479,4386300.497,86000.0,8315.330497189798,4.366957840438057,20690463.4449,20604463.4449
1708185600000.0,15575466.6728,4552822.625600001,86000.0,8028.61453145387,7.664423894049532,20128289.2984,20042289.2984
1708272000000.0,15708927.9228,4553325.566000001,86000.0,8097.670585102795,6.8702232916546535,20262253.4888,20176253.4888
1708358400000.0,16202078.4734,4553325.566000001,86000.0,8351.880848670487,3.9465991661459365,20755404.0394,20669404.0394
1708444800000.0,15380160.889,4553325.566000001,86000.0,7928.197076023301,8.81930604238903,19933486.455000002,19847486.455000002
1708531200000.0,15049742.993,4553325.566000001,86000.0,7757.872577089968,10.77817586636085,19603068.559,19517068.559
1708617600000.0,15049742.993,4553325.566000001,86000.0,7757.872577089968,10.77817586636085,19603068.559,19517068.559
1708704000000.0,15049742.993,4553325.566000001,86000.0,7757.872577089968,10.77817586636085,19603068.559,19517068.559
1708790400000.0,15049742.993,4553325.566000001,86000.0,7757.872577089968,10.77817586636085,19603068.559,19517068.559
1708876800000.0,14898356.7582,4553325.566000001,86000.0,7679.8356883504,11.675663353280852,19451682.3242,19365682.3242
1708963200000.0,14152302.2598,4553325.566000001,86000.0,7295.2579758377005,16.09861883373762,18705627.8258,18619627.8258
1709049600000.0,16172626.3739,4553325.566000001,86000.0,8336.69881963816,4.121204808460077,20725951.9399,20639951.9399
1709136000000.0,19966304.0766,4553325.566000001,86000.0,10292.271631066436,1.7374763236017388,24519629.6426,24433629.6426
1709222400000.0,18024352.4815,4983553.368400001,86000.0,9513.005130570271,18.605231503800688,23007905.8499,22921905.8499
1709308800000.0,17586333.5469,4983553.368400001,87000.0,9281.309834650057,20.58765290631639,22569886.9153,22482886.9153
1709395200000.0,17828261.7408,4983553.368400001,87000.0,9408.989121485773,19.495208841469147,22811815.1092,22724815.1092
1709481600000.0,18015919.336999997,4983553.368400001,87000.0,9508.026722956993,18.647827542549823,22999472.705399998,22912472.705399998
1709568000000.0,20060735.1057,4983553.368400001,87000.0,10587.192465689552,9.414315671892393,25044288.4741,24957288.4741
1709654400000.0,20214035.9506,4983553.368400001,87000.0,10668.098052725987,8.722074741030516,25197589.319,25110589.319
1709740800000.0,19036442.5311,5095896.707200001,87000.0,10105.90491428722,13.532287678509714,24132339.238300003,24045339.238300003
1709827200000.0,19093329.1431,5095896.707200001,87000.0,10136.104395667671,13.273896164794674,24189225.850300003,24102225.850300003
1709913600000.0,19220007.865000002,5095896.707200001,87000.0,10203.35451953369,12.698493525115106,24315904.572200004,24228904.572200004
1710000000000.0,19457572.5365,5095896.707200001,87000.0,10329.470834451808,11.619422493883725,24553469.2437,24466469.2437
1710086400000.0,19778752.4622,5095896.707200001,87000.0,10499.976105286909,10.160552572495074,24874649.169400003,24787649.169400003
1710172800000.0,20776045.8358,5095896.707200001,87000.0,11029.410740397167,5.630626543107365,25871942.543,25784942.543
1710259200000.0,20667434.2154,5095896.707200001,87000.0,10971.751925912482,6.123964430802253,25763330.9226,25676330.9226
1710345600000.0,19574017.4813,5155627.257200001,87000.0,10422.997384686583,10.81919461634957,24729644.7385,24642644.7385
1710432000000.0,18586482.9954,5155627.257200001,87000.0,9897.143692481752,15.318481534879613,23742110.2526,23655110.2526
1710518400000.0,18506429.7678,5155627.257200001,87000.0,9854.516031465935,15.683210508773149,23662057.025,23575057.025
1710604800000.0,18506429.7678,5155627.257200001,87000.0,9854.516031465935,15.683210508773149,23662057.025,23575057.025
1710691200000.0,18506429.7678,5155627.257200001,87000.0,9854.516031465935,15.683210508773149,23662057.025,23575057.025
1710777600000.0,18506429.7678,5155627.257200001,87000.0,9854.516031465935,15.683210508773149,23662057.025,23575057.025
1710864000000.0,18506429.7678,5155627.257200001,87000.0,9854.516031465935,15.683210508773149,23662057.025,23575057.025
1710950400000.0,18506429.7678,5155627.257200001,87000.0,9854.516031465935,15.683210508773149,23662057.025,23575057.025
1711036800000.0,18125031.1207,5155627.257200001,87000.0,9651.424504392146,17.42089356505462,23280658.377900004,23193658.377900004
1711123200000.0,17616964.6195,5155627.257200001,87000.0,9380.883425213402,19.73568560040231,22772591.8767,22685591.8767
1711209600000.0,17616964.6195,5155627.257200001,87000.0,9380.883425213402,19.73568560040231,22772591.8767,22685591.8767
1711296000000.0,17616964.6195,5155627.257200001,87000.0,9380.883425213402,19.73568560040231,22772591.8767,22685591.8767
1711382400000.0,20121754.758899998,5155627.257200001,87000.0,10714.662813992256,8.323659318004095,25277382.016099997,25190382.016099997
1711468800000.0,20474836.7856,5155627.257200001,87000.0,10902.67598218268,6.714989072476829,25630464.0428,25543464.0428
1711555200000.0,19220566.2713,5333805.2185,87000.0,10329.665874456201,11.617753700922172,24554371.4898,24467371.4898
1711641600000.0,20927298.7759,5333805.2185,87000.0,11246.911301086358,3.7696575283635347,26261103.9944,26174103.9944
1711728000000.0,19796596.8502,5397808.6161,87000.0,10673.637900681908,8.674674930383164,25194405.466300003,25107405.466300003
1711814400000.0,19590193.8468,5397808.6161,87000.0,10562.3525652995,9.62684976747694,24988002.462899998,24901002.462899998
1711900800000.0,19761020.3704,5397808.6161,87000.0,10654.456297599341,8.838795744033767,25158828.986500002,25071828.986500002
1711987200000.0,18748894.885,5397808.6161,88000.0,10108.241841493103,13.51229256168759,24146703.501100004,24058703.501100004
1712073600000.0,18748894.885,5397808.6161,88000.0,10108.241841493103,13.51229256168759,24146703.501100004,24058703.501100004
1712160000000.0,18748894.885,5397808.6161,88000.0,10108.241841493103,13.51229256168759,24146703.501100004,24058703.501100004
1712246400000.0,18748894.885,5397808.6161,88000.0,10108.241841493103,13.51229256168759,24146703.501100004,24058703.501100004
1712332800000.0,17727183.3094,5397808.6161,88000.0,9557.398297819474,18.225396580822427,23124991.925499998,23036991.925499998
1712419200000.0,17809478.668899998,5397808.6161,88000.0,9601.766854012305,17.845772233914335,23207287.284999996,23119287.284999996
1712505600000.0,18676752.3937,5397808.6161,88000.0,10069.347082437644,13.845082239143046,24074561.009800002,23986561.009800002
1712592000000.0,20020209.234399997,5397808.6161,88000.0,10793.655727437754,7.647783523290719,25418017.850499995,25330017.850499995
1712678400000.0,18877941.626199998,5525670.6513,88000.0,10246.75112745272,12.327185320545897,24403612.277499996,24315612.277499996
1712764800000.0,18877941.626199998,5525670.6513,88000.0,10246.75112745272,12.327185320545897,24403612.277499996,24315612.277499996
1712851200000.0,18018369.9512,5525670.6513,88000.0,9780.184527961355,16.319202546692612,23544040.6025,23456040.6025
1712937600000.0,17578700.502499998,5525670.6513,88000.0,9541.536506456685,18.361112563121264,23104371.153799996,23016371.153799996
1713024000000.0,17578700.502499998,5525670.6513,88000.0,9541.536506456685,18.361112563121264,23104371.153799996,23016371.153799996
1713110400000.0,17578700.502499998,5525670.6513,88000.0,9541.536506456685,18.361112563121264,23104371.153799996,23016371.153799996
1713196800000.0,17578700.502499998,5525670.6513,88000.0,9541.536506456685,18.361112563121264,23104371.153799996,23016371.153799996
1713283200000.0,17578700.502499998,5525670.6513,88000.0,9541.536506456685,18.361112563121264,23104371.153799996,23016371.153799996
1713369600000.0,17578700.502499998,5525670.6513,88000.0,9541.536506456685,18.361112563121264,23104371.153799996,23016371.153799996
1713456000000.0,17578700.502499998,5525670.6513,88000.0,9541.536506456685,18.361112563121264,23104371.153799996,23016371.153799996
1713542400000.0,17376417.0662,5525670.6513,88000.0,9431.739153015602,19.300555992633704,22902087.7175,22814087.7175
1713628800000.0,16493183.5323,5525670.6513,88000.0,8952.32914166493,23.402463471191847,22018854.1836,21930854.1836
1713715200000.0,16706442.452,5525670.6513,88000.0,9068.08387378268,22.412047772498855,22232113.103299998,22144113.103299998
1713801600000.0,17401960.2124,5525670.6513,88000.0,9445.603708130038,19.181928677883718,22927630.863700002,22839630.863700002
1713888000000.0,17713018.7503,5525670.6513,88000.0,9614.44305974171,17.737312623455438,23238689.401600003,23150689.401600003
1713974400000.0,16792915.2652,5558974.1771,88000.0,9133.097229634308,21.855783271841833,22351889.4423,22263889.4423
1714060800000.0,16792915.2652,5558974.1771,88000.0,9133.097229634308,21.855783271841833,22351889.4423,22263889.4423
1714147200000.0,16792915.2652,5558974.1771,88000.0,9133.097229634308,21.855783271841833,22351889.4423,22263889.4423
1714233600000.0,16792915.2652,5558974.1771,88000.0,9133.097229634308,21.855783271841833,22351889.4423,22263889.4423
1714320000000.0,16792915.2652,5558974.1771,88000.0,9133.097229634308,21.855783271841833,22351889.4423,22263889.4423
1714406400000.0,16792915.2652,5558974.1771,88000.0,9133.097229634308,21.855783271841833,22351889.4423,22263889.4423
1714492800000.0,16792915.2652,5558974.1771,88000.0,9133.097229634308,21.855783271841833,22351889.4423,22263889.4423
1714579200000.0,16793915.2652,5558974.1771,89000.0,9133.09722963431,21.855783271841823,22352889.4423,22263889.4423
1714665600000.0,16793915.2652,5558974.1771,89000.0,9133.09722963431,21.855783271841823,22352889.4423,22263889.4423
1714752000000.0,16793915.2652,5558974.1771,89000.0,9133.09722963431,21.855783271841823,22352889.4423,22263889.4423
1714838400000.0,18030169.220799997,5558974.1771,89000.0,9805.413803745612,16.10333689397817,23589143.397899996,23500143.397899996
1714924800000.0,18603294.228299998,5558974.1771,89000.0,10117.098502374469,13.436513577844567,24162268.405399997,24073268.405399997
1715011200000.0,17570939.6467,5645310.2194,89000.0,9602.621731232999,17.83845776992362,23216249.8661,23127249.8661
1715097600000.0,17948954.34,5645310.2194,89000.0,9809.208981635951,16.07086475488583,23594264.5594,23505264.5594
1715184000000.0,17524300.1672,5645310.2194,89000.0,9577.132981719014,18.056543520690372,23169610.3866,23080610.3866
1715270400000.0,17524300.1672,5645310.2194,89000.0,9577.132981719014,18.056543520690372,23169610.3866,23080610.3866
1715356800000.0,16646037.615600001,5645310.2194,89000.0,9097.157338224832,22.163290636854427,22291347.835,22202347.835
1715443200000.0,16646037.615600001,5645310.2194,89000.0,9097.157338224832,22.163290636854427,22291347.835,22202347.835
1715529600000.0,16646037.615600001,5645310.2194,89000.0,9097.157338224832,22.163290636854427,22291347.835,22202347.835
1715616000000.0,16884653.7645,5645310.2194,89000.0,9227.56246526541,21.047523854381446,22529963.9839,22440963.9839
1715702400000.0,16034000.967,5645310.2194,89000.0,8762.675714570676,25.025168029948063,21679311.1864,21590311.1864
1715788800000.0,16779372.433399998,5645310.2194,89000.0,9170.02559938107,21.53981833066667,22424682.652799997,22335682.652799997
1715875200000.0,17633244.404799998,5645310.2194,89000.0,9636.67164752206,17.547121329374793,23278554.624199998,23189554.624199998
1715961600000.0,16678417.459,5716912.0518,89000.0,9153.983934853351,21.677073336062534,22395329.5108,22306329.5108
1716048000000.0,16577703.7762,5716912.0518,89000.0,9098.707021642762,22.150031301732287,22294615.828,22205615.828
1716134400000.0,16633418.1646,5716912.0518,89000.0,9129.285979005324,21.888392931814604,22350330.216399997,22261330.216399997
1716220800000.0,15797961.3371,5716912.0518,89000.0,8670.743770429555,25.81175220687928,21514873.388899997,21425873.388899997
1716307200000.0,17291035.9018,5716912.0518,89000.0,9490.220834869302,18.800177522274886,23007947.953599997,22918947.953599997
1716393600000.0,17869496.8993,5716912.0518,89000.0,9807.710350350693,16.083687279929226,23586408.9511,23497408.9511
1716480000000.0,16847038.112099998,5833476.1378999995,89000.0,9310.508169093178,20.337827363298942,22680514.249999996,22591514.249999996
1716566400000.0,16847038.112099998,5833476.1378999995,89000.0,9310.508169093178,20.337827363298942,22680514.249999996,22591514.249999996
1716652800000.0,16629235.5194,5833476.1378999995,89000.0,9190.139662469657,21.367719242508663,22462711.6573,22373711.6573
1716739200000.0,16528788.214,5833476.1378999995,89000.0,9134.627503521171,21.842690007721043,22362264.3519,22273264.3519
1716825600000.0,16365431.0731,5833476.1378999995,89000.0,9044.348251779184,22.615133488481444,22198907.211,22109907.211
1716912000000.0,15529804.951499999,5833476.1378999995,89000.0,8582.53984488322,26.5664388702165,21363281.089399997,21274281.089399997
1716998400000.0,15529804.951499999,5833476.1378999995,89000.0,8582.53984488322,26.5664388702165,21363281.089399997,21274281.089399997
1717084800000.0,15529804.951499999,5833476.1378999995,89000.0,8582.53984488322,26.5664388702165,21363281.089399997,21274281.089399997
1717171200000.0,14946551.0117,5833476.1378999995,89000.0,8260.204812752949,29.324388115313315,20780027.1496,20691027.1496
1717257600000.0,14947551.0117,5833476.1378999995,90000.0,8260.204812752949,29.324388115313315,20781027.1496,20691027.1496
1717344000000.0,14947551.0117,5833476.1378999995,90000.0,8260.204812752949,29.324388115313315,20781027.1496,20691027.1496
1717430400000.0,16138115.4251,5833476.1378999995,90000.0,8918.125691548505,23.69511357132176,21971591.563,21881591.563
1717516800000.0,15246232.5393,5866662.974199999,90000.0,8443.599447401895,27.75523476936098,21112895.513499998,21022895.513499998
1717603200000.0,15864287.169400001,5866662.974199999,90000.0,8785.887663177473,24.82656294593265,21730950.143600002,21640950.143600002
1717689600000.0,15638318.3815,5866662.974199999,90000.0,8660.742652583916,25.897323344556167,21504981.3557,21414981.3557
1717776000000.0,14823135.9792,5866662.974199999,90000.0,8209.282026894938,29.760091482357108,20689798.9534,20599798.9534
1717862400000.0,14081283.1799,5866662.974199999,90000.0,7798.432469794413,33.27538492832611,19947946.1541,19857946.1541
1717948800000.0,14081283.1799,5866662.974199999,90000.0,7798.432469794413,33.27538492832611,19947946.1541,19857946.1541
1718035200000.0,14081283.1799,5866662.974199999,90000.0,7798.432469794413,33.27538492832611,19947946.1541,19857946.1541
1718121600000.0,14081283.1799,5866662.974199999,90000.0,7798.432469794413,33.27538492832611,19947946.1541,19857946.1541
1718208000000.0,14081283.1799,5866662.974199999,90000.0,7798.432469794413,33.27538492832611,19947946.1541,19857946.1541
1718294400000.0,14081283.1799,5866662.974199999,90000.0,7798.432469794413,33.27538492832611,19947946.1541,19857946.1541
1718380800000.0,14081283.1799,5866662.974199999,90000.0,7798.432469794413,33.27538492832611,19947946.1541,19857946.1541
1718467200000.0,14081283.1799,5866662.974199999,90000.0,7798.432469794413,33.27538492832611,19947946.1541,19857946.1541
1718553600000.0,14081283.1799,5866662.974199999,90000.0,7798.432469794413,33.27538492832611,19947946.1541,19857946.1541
1718640000000.0,14081283.1799,5866662.974199999,90000.0,7798.432469794413,33.27538492832611,19947946.1541,19857946.1541
1718726400000.0,14081283.1799,5866662.974199999,90000.0,7798.432469794413,33.27538492832611,19947946.1541,19857946.1541
1718812800000.0,14081283.1799,5866662.974199999,90000.0,7798.432469794413,33.27538492832611,19947946.1541,19857946.1541
1718899200000.0,14081283.1799,5866662.974199999,90000.0,7798.432469794413,33.27538492832611,19947946.1541,19857946.1541
1718985600000.0,14081283.1799,5866662.974199999,90000.0,7798.432469794413,33.27538492832611,19947946.1541,19857946.1541
1719072000000.0,14081283.1799,5866662.974199999,90000.0,7798.432469794413,33.27538492832611,19947946.1541,19857946.1541
1719158400000.0,14081283.1799,5866662.974199999,90000.0,7798.432469794413,33.27538492832611,19947946.1541,19857946.1541
1719244800000.0,14081283.1799,5866662.974199999,90000.0,7798.432469794413,33.27538492832611,19947946.1541,19857946.1541
1719331200000.0,14081283.1799,5866662.974199999,90000.0,7798.432469794413,33.27538492832611,19947946.1541,19857946.1541
1719417600000.0,14081283.1799,5866662.974199999,90000.0,7798.432469794413,33.27538492832611,19947946.1541,19857946.1541
1719504000000.0,14081283.1799,5866662.974199999,90000.0,7798.432469794413,33.27538492832611,19947946.1541,19857946.1541
1719590400000.0,14081283.1799,5866662.974199999,90000.0,7798.432469794413,33.27538492832611,19947946.1541,19857946.1541
1719676800000.0,14081283.1799,5866662.974199999,90000.0,7798.432469794413,33.27538492832611,19947946.1541,19857946.1541
1719763200000.0,14081283.1799,5866662.974199999,90000.0,7798.432469794413,33.27538492832611,19947946.1541,19857946.1541
1719849600000.0,15323534.7384,5866662.974199999,91000.0,8485.807970864122,27.39409200231526,21190197.7126,21099197.7126
1719936000000.0,14499825.4375,5913056.558299999,91000.0,8055.349071001432,31.0771660699261,20412881.9958,20321881.9958
1720022400000.0,14060057.778,5913056.558299999,91000.0,7811.037025819971,33.16753836400537,19973114.3363,19882114.3363
1720108800000.0,14060057.778,5913056.558299999,91000.0,7811.037025819971,33.16753836400537,19973114.3363,19882114.3363
1720195200000.0,14060057.778,5913056.558299999,91000.0,7811.037025819971,33.16753836400537,19973114.3363,19882114.3363
1720281600000.0,14060057.778,5913056.558299999,91000.0,7811.037025819971,33.16753836400537,19973114.3363,19882114.3363
1720368000000.0,14060057.778,5913056.558299999,91000.0,7811.037025819971,33.16753836400537,19973114.3363,19882114.3363
1720454400000.0,14060057.778,5913056.558299999,91000.0,7811.037025819971,33.16753836400537,19973114.3363,19882114.3363
1720540800000.0,14060057.778,5913056.558299999,91000.0,7811.037025819971,33.16753836400537,19973114.3363,19882114.3363
1720627200000.0,13930406.453,5913056.558299999,91000.0,7739.009491082082,33.7838172826935,19843463.011299998,19752463.011299998
1720713600000.0,13226698.8911,5913056.558299999,91000.0,7348.066160112906,37.12878992620783,19139755.4494,19048755.4494
1720800000000.0,13226698.8911,5913056.558299999,91000.0,7348.066160112906,37.12878992620783,19139755.4494,19048755.4494
1720886400000.0,14123203.3867,5913056.558299999,91000.0,7846.117442654773,32.86738479866741,20036259.945,19945259.945
1720972800000.0,15241192.7368,5913056.558299999,91000.0,8467.214193890577,27.553183283299454,21154249.2951,21063249.2951
1721059200000.0,17865417.560900003,5913056.558299999,91000.0,9925.097055310567,15.07930816485481,23778474.119200002,23687474.119200002
1721145600000.0,19517590.976400003,5913056.558299999,91000.0,10842.95869751085,7.225939554934291,25430647.534700003,25339647.534700003
1721232000000.0,19380019.8701,5913056.558299999,91000.0,10766.531344084626,7.879864014505344,25293076.4284,25202076.4284
1721318400000.0,17891728.0562,6431393.132199999,91000.0,10227.674647145377,12.490406687193623,24323121.1884,24232121.1884
1721404800000.0,19988769.443499997,6431393.132199999,91000.0,11426.432920439747,2.23364231058808,26420162.575699996,26329162.575699996
1721491200000.0,20902082.6419,6431393.132199999,91000.0,11948.521687653152,2.382574205811072,27333475.7741,27242475.7741
1721577600000.0,21215383.365599997,6431393.132199999,91000.0,12127.617740234187,1.769680635518478,27646776.497799996,27555776.497799996
1721664000000.0,19914835.4211,6656182.839399999,91000.0,11512.668462247688,7.287886908609254,26571018.2605,26480018.2605
1721750400000.0,18904598.2724,6656182.839399999,91000.0,10928.655332573171,11.990974772451878,25560781.1118,25469781.1118
1721836800000.0,18904598.2724,6656182.839399999,91000.0,10928.655332573171,11.990974772451878,25560781.1118,25469781.1118
1721923200000.0,18904598.2724,6656182.839399999,91000.0,10928.655332573171,11.990974772451878,25560781.1118,25469781.1118
1722009600000.0,19155487.285,6656182.839399999,91000.0,11073.693037470506,10.822978652086556,25811670.124399997,25720670.124399997
1722096000000.0,20483640.7467,6656182.839399999,91000.0,11841.492024919737,4.639853793651216,27139823.586099997,27048823.586099997
1722182400000.0,19386057.503599998,6709678.309499999,91000.0,11237.910015735772,9.500530853786692,26095735.813099995,26004735.813099995
1722268800000.0,19880105.5184,6709678.309499999,91000.0,11524.304871045795,10.49588080319669,26589783.827899996,26498783.827899996
1722355200000.0,18861451.4067,6709678.309499999,91000.0,10933.80093581719,15.082060637580597,25571129.716199998,25480129.716199998
1722441600000.0,18861451.4067,6709678.309499999,91000.0,10933.80093581719,15.082060637580597,25571129.716199998,25480129.716199998
1722528000000.0,18862451.4067,6709678.309499999,92000.0,10933.80093581719,15.082060637580597,25572129.716199998,25480129.716199998
1722614400000.0,18862451.4067,6709678.309499999,92000.0,10933.80093581719,15.082060637580597,25572129.716199998,25480129.716199998
1722700800000.0,18862451.4067,6709678.309499999,92000.0,10933.80093581719,15.082060637580597,25572129.716199998,25480129.716199998
1722787200000.0,18862451.4067,6709678.309499999,92000.0,10933.80093581719,15.082060637580597,25572129.716199998,25480129.716199998
1722873600000.0,18862451.4067,6709678.309499999,92000.0,10933.80093581719,15.082060637580597,25572129.716199998,25480129.716199998
1722960000000.0,18862451.4067,6709678.309499999,92000.0,10933.80093581719,15.082060637580597,25572129.716199998,25480129.716199998
1723046400000.0,18862451.4067,6709678.309499999,92000.0,10933.80093581719,15.082060637580597,25572129.716199998,25480129.716199998
1723132800000.0,18862451.4067,6709678.309499999,92000.0,10933.80093581719,15.082060637580597,25572129.716199998,25480129.716199998
1723219200000.0,19153013.461,6709678.309499999,92000.0,11102.228018422678,13.77396285240603,25862691.770499997,25770691.770499997
1723305600000.0,19589021.5087,6709678.309499999,92000.0,11354.964266600513,11.811073503730807,26298699.818199996,26206699.818199996
1723392000000.0,19348916.178400002,6709678.309499999,92000.0,11215.784908174372,12.892017302571624,26058594.4879,25966594.4879
1723478400000.0,19018790.3796,6727049.306399998,92000.0,11034.493586491713,14.300025876346723,25745839.685999997,25653839.685999997
1723564800000.0,19018790.3796,6727049.306399998,92000.0,11034.493586491713,14.300025876346723,25745839.685999997,25653839.685999997
1723651200000.0,18066198.3274,6727049.306399998,92000.0,10481.810125517315,18.592471010581125,24793247.633799996,24701247.633799996
1723737600000.0,18066198.3274,6727049.306399998,92000.0,10481.810125517315,18.592471010581125,24793247.633799996,24701247.633799996
1723824000000.0,18066198.3274,6727049.306399998,92000.0,10481.810125517315,18.592471010581125,24793247.633799996,24701247.633799996
1723910400000.0,18378008.4649,6727049.306399998,92000.0,10662.718947465182,17.18743314109046,25105057.771299995,25013057.771299995
1723996800000.0,18998446.9912,6727049.306399998,92000.0,11022.690575661534,14.391694580016633,25725496.297599997,25633496.297599997
1724083200000.0,18034295.3257,6727049.306399998,92000.0,10463.300353832463,18.736228124760657,24761344.632099997,24669344.632099997
1724169600000.0,17125557.352399997,6727049.306399998,92000.0,9936.060548458929,22.831063771118377,23852606.658799995,23760606.658799995
1724256000000.0,16568526.4643,6727049.306399998,92000.0,9612.877336512382,25.341083164751833,23295575.770699997,23203575.770699997
1724342400000.0,16970654.9465,6727049.306399998,92000.0,9846.187871473694,23.529064638279763,23697704.252899997,23605704.252899997
1724428800000.0,17939956.3589,6727049.306399998,92000.0,10408.565919973438,19.161325980735988,24667005.665299997,24575005.665299997
1724515200000.0,20043589.7134,6727049.306399998,92000.0,11629.070920305037,9.682209777863381,26770639.019799996,26678639.019799996
1724601600000.0,20178059.6717,6727049.306399998,92000.0,11707.088915289027,9.076278921236458,26905108.978099998,26813108.978099998
1724688000000.0,19661716.0428,6727049.306399998,92000.0,11407.512004886024,11.402958733802649,26388765.3492,26296765.3492
1724774400000.0,18555222.513,7003929.625599998,92000.0,10921.921428705627,15.174323453638506,25559152.1386,25467152.1386
1724860800000.0,18555222.513,7003929.625599998,92000.0,10921.921428705627,15.174323453638506,25559152.1386,25467152.1386
1724947200000.0,18555222.513,7003929.625599998,92000.0,10921.921428705627,15.174323453638506,25559152.1386,25467152.1386
1725033600000.0,18555222.513,7003929.625599998,92000.0,10921.921428705627,15.174323453638506,25559152.1386,25467152.1386
1725120000000.0,18555222.513,7003929.625599998,92000.0,10921.921428705627,15.174323453638506,25559152.1386,25467152.1386
1725206400000.0,18556222.513,7003929.625599998,93000.0,10921.921428705627,15.174323453638506,25560152.1386,25467152.1386
1725292800000.0,18556222.513,7003929.625599998,93000.0,10921.921428705627,15.174323453638506,25560152.1386,25467152.1386
1725379200000.0,17915167.149,7003929.625599998,93000.0,10544.605608518992,18.10476659296163,24919096.7746,24826096.7746
1725465600000.0,17915167.149,7003929.625599998,93000.0,10544.605608518992,18.10476659296163,24919096.7746,24826096.7746
1725552000000.0,17915167.149,7003929.625599998,93000.0,10544.605608518992,18.10476659296163,24919096.7746,24826096.7746
1725638400000.0,17915167.149,7003929.625599998,93000.0,10544.605608518992,18.10476659296163,24919096.7746,24826096.7746
1725724800000.0,17915167.149,7003929.625599998,93000.0,10544.605608518992,18.10476659296163,24919096.7746,24826096.7746
1725811200000.0,17915167.149,7003929.625599998,93000.0,10544.605608518992,18.10476659296163,24919096.7746,24826096.7746
1725897600000.0,17915167.149,7003929.625599998,93000.0,10544.605608518992,18.10476659296163,24919096.7746,24826096.7746
1725984000000.0,17966032.3149,7003929.625599998,93000.0,10574.544101928881,17.872247711110123,24969961.9405,24876961.9405
1726070400000.0,17170078.2354,7003929.625599998,93000.0,10106.057161169985,21.51077614792549,24174007.860999998,24081007.860999998
1726156800000.0,17170467.5662,7003929.625599998,93000.0,10106.286315589987,21.50899640808419,24174397.1918,24081397.1918
1726243200000.0,18731080.9423,7003929.625599998,93000.0,11024.840545170387,14.374996728879996,25735010.5679,25642010.5679
1726329600000.0,18882135.370899998,7003929.625599998,93000.0,11113.748974645805,13.684484740659208,25886064.996499997,25793064.996499997
1726416000000.0,19214778.0466,7003929.625599998,93000.0,11309.537593007359,12.163882150629002,26218707.672199998,26125707.672199998
1726502400000.0,18105180.5459,7107829.882299998,93000.0,10717.598890378706,16.76120518139921,25213010.428199995,25120010.428199995
1726588800000.0,18105180.5459,7107829.882299998,93000.0,10717.598890378706,16.76120518139921,25213010.428199995,25120010.428199995
1726675200000.0,17188232.4493,7107829.882299998,93000.0,10174.799448100815,20.976885565181856,24296062.331599995,24203062.331599995
1726761600000.0,20146164.376199998,7107829.882299998,93000.0,11925.786015574635,7.377756402872892,27253994.258499995,27160994.258499995
1726848000000.0,20146118.5423,7107829.882299998,93000.0,11925.758883596884,7.377967124803442,27253948.424599998,27160948.424599998
1726934400000.0,20158942.869,7107829.882299998,93000.0,11933.35041184822,7.319007121827415,27266772.751299996,27173772.751299996
1727020800000.0,19686065.2997,7107829.882299998,93000.0,11653.424337696899,9.493067682311306,26793895.181999996,26700895.181999996
1727107200000.0,20571466.3516,7107829.882299998,93000.0,12177.549093444362,5.4224252325199345,27679296.233899996,27586296.233899996
1727193600000.0,19273498.989299998,7380886.707799998,93000.0,11567.777145281272,10.15825110158196,26654385.697099995,26561385.697099995
1727280000000.0,18976914.079,7380886.707799998,93000.0,11389.769605036074,11.540756014313436,26357800.786799997,26264800.786799997
1727366400000.0,20761420.5041,7380886.707799998,93000.0,12460.813978003303,3.2224336256047814,28142307.211899996,28049307.211899996
1727452800000.0,21757394.7488,7380886.707799998,93000.0,13058.588575730764,2.580274675675154,29138281.456599995,29045281.456599995
1727539200000.0,21261471.41,7380886.707799998,93000.0,12760.939940806351,4.800793998214104,28642358.117799997,28549358.117799997
1727625600000.0,21430945.212199997,7380886.707799998,93000.0,12862.656560964499,4.041967334883767,28811831.919999994,28718831.919999994
1727712000000.0,20158434.921899997,7556297.360099998,93000.0,12204.187430600656,8.954280900977029,27714732.281999994,27621732.281999994
1727798400000.0,20159434.921899997,7556297.360099998,94000.0,12204.187430600656,8.954280900977029,27715732.281999994,27621732.281999994
1727884800000.0,20159434.921899997,7556297.360099998,94000.0,12204.187430600656,8.954280900977029,27715732.281999994,27621732.281999994
1727971200000.0,20159434.921899997,7556297.360099998,94000.0,12204.187430600656,8.954280900977029,27715732.281999994,27621732.281999994
1728057600000.0,20159434.921899997,7556297.360099998,94000.0,12204.187430600656,8.954280900977029,27715732.281999994,27621732.281999994
1728144000000.0,20053802.9129,7556297.360099998,94000.0,12140.239564923808,9.431344978245937,27610100.273,27516100.273
1728230400000.0,20652741.6245,7556297.360099998,94000.0,12502.827123758017,6.726368082557999,28209038.984599996,28115038.984599996
1728316800000.0,22119393.0317,7556297.360099998,94000.0,13390.713552031773,5.428025216695376,29675690.391799998,29581690.391799998
1728403200000.0,20862168.412800003,7705130.315099998,94000.0,12719.711628359004,10.166979325343428,28567298.727900002,28473298.727900002
1728489600000.0,20862168.412800003,7705130.315099998,94000.0,12719.711628359004,10.166979325343428,28567298.727900002,28473298.727900002
1728576000000.0,20862168.412800003,7705130.315099998,94000.0,12719.711628359004,10.166979325343428,28567298.727900002,28473298.727900002
1728662400000.0,20862168.412800003,7705130.315099998,94000.0,12719.711628359004,10.166979325343428,28567298.727900002,28473298.727900002
1728748800000.0,21759579.5838,7705130.315099998,94000.0,13266.865264612097,6.3027043045048465,29464709.8989,29370709.8989
1728835200000.0,20638370.1785,7705130.315099998,94000.0,12583.261334846591,11.130660137951986,28343500.4936,28249500.4936
1728921600000.0,26330548.011,7705130.315099998,94000.0,16053.795132393483,2.5927667084203576,34035678.3261,33941678.3261
1729008000000.0,24553411.7748,8140134.936899998,94000.0,15235.494428234766,15.918302219446245,32693546.711699996,32599546.711699996
1729094400000.0,25204251.3275,8140134.936899998,94000.0,15639.343085593768,13.689540893905438,33344386.264399998,33250386.264399998
1729180800000.0,25068948.0022,8140134.936899998,94000.0,15555.386807841545,14.15287908131998,33209082.939099997,33115082.939099997
1729267200000.0,26041020.8283,8140134.936899998,94000.0,16158.562051336015,10.824073523278754,34181155.7652,34087155.7652
1729353600000.0,25609269.6413,8140134.936899998,94000.0,15890.65863879791,12.3025797754725,33749404.5782,33655404.5782
1729440000000.0,25948152.117799997,8140134.936899998,94000.0,16100.936629078718,11.14209689702208,34088287.054699995,33994287.054699995
1729526400000.0,24804427.302199997,8168025.550999998,94000.0,15408.556852463113,14.963204731820845,32972452.853199996,32878452.853199996
1729612800000.0,24804427.302199997,8168025.550999998,94000.0,15408.556852463113,14.963204731820845,32972452.853199996,32878452.853199996
1729699200000.0,24804427.302199997,8168025.550999998,94000.0,15408.556852463113,14.963204731820845,32972452.853199996,32878452.853199996
1729785600000.0,24804427.302199997,8168025.550999998,94000.0,15408.556852463113,14.963204731820845,32972452.853199996,32878452.853199996
1729872000000.0,23519527.3139,8168025.550999998,94000.0,14610.374565154521,19.36821581770314,31687552.8649,31593552.8649
1729958400000.0,22439311.6661,8168025.550999998,94000.0,13939.342574806155,23.07150941800752,30607337.2171,30513337.2171
1730044800000.0,22439311.6661,8168025.550999998,94000.0,13939.342574806155,23.07150941800752,30607337.2171,30513337.2171
1730131200000.0,23967983.3962,8168025.550999998,94000.0,14888.956326215359,17.830777859845824,32136008.9472,32042008.9472
1730217600000.0,30456366.2269,8168025.550999998,94000.0,18919.551933577728,0.054377502867275496,38624391.777899995,38530391.777899995
1730304000000.0,28284094.2725,8817445.840499997,94000.0,17973.5536176078,10.915885451378315,37101540.113,37007540.113
1730390400000.0,26837834.891799998,8817445.840499997,94000.0,17054.506315843795,15.471051160275174,35655280.7323,35561280.7323
1730476800000.0,26838834.891799998,8817445.840499997,95000.0,17054.506315843795,15.471051160275174,35656280.7323,35561280.7323
1730563200000.0,26838834.891799998,8817445.840499997,95000.0,17054.506315843795,15.471051160275174,35656280.7323,35561280.7323
1730649600000.0,26838834.891799998,8817445.840499997,95000.0,17054.506315843795,15.471051160275174,35656280.7323,35561280.7323
1730736000000.0,26838834.891799998,8817445.840499997,95000.0,17054.506315843795,15.471051160275174,35656280.7323,35561280.7323
1730822400000.0,26838834.891799998,8817445.840499997,95000.0,17054.506315843795,15.471051160275174,35656280.7323,35561280.7323
1730908800000.0,31992156.29,8817445.840499997,95000.0,20329.139983344277,3.505142109253445,40809602.130499996,40714602.130499996
1730995200000.0,33840353.8177,8817445.840499997,95000.0,21503.561173241636,1.037928916306552,42657799.658199996,42562799.658199996
1731081600000.0,34226455.8766,8817445.840499997,95000.0,21748.906398867737,1.2359568097436546,43043901.717099994,42948901.717099994
1731168000000.0,34113341.3914,8817445.840499997,95000.0,21677.028774148414,2.5973448136727972,42930787.2319,42835787.2319
1731254400000.0,37653157.5474,8817445.840499997,95000.0,23926.37444182762,1.0639606466667173,46470603.387899995,46375603.387899995
1731340800000.0,42233035.2721,8817445.840499997,95000.0,26836.618269347586,0.4402207689219839,51050481.1126,50955481.1126
1731427200000.0,44931815.541099995,8817445.840499997,95000.0,28551.534931277547,7.145843196585721,53749261.38159999,53654261.38159999
1731513600000.0,51129937.5008,8817445.840499997,95000.0,32490.078110749542,0.2701522063594419,59947383.341299996,59852383.341299996
1731600000000.0,46378090.21259999,10988474.209399998,95000.0,30850.118971811702,6.418626341269606,57366564.42199999,57271564.42199999
1731686400000.0,45700265.8974,10988474.209399998,95000.0,30399.23881115719,7.786335322491745,56688740.1068,56593740.1068
1731772800000.0,47525780.051,10988474.209399998,95000.0,31613.54773515824,4.102826119240211,58514254.2604,58419254.2604
1731859200000.0,47296081.458299994,10988474.209399998,95000.0,31460.75513675738,4.566310271645069,58284555.66769999,58189555.66769999
1731945600000.0,44895782.3936,10988474.209399998,95000.0,29864.10656036116,9.409616294741419,55884256.603,55789256.603
1732032000000.0,45825023.3815,10988474.209399998,95000.0,30482.225911520007,7.5346005769951985,56813497.5909,56718497.5909
1732118400000.0,48522037.0144,10988474.209399998,95000.0,32276.245265532958,2.0925860527633344,59510511.223799996,59415511.223799996
1732204800000.0,50741268.5449,10988474.209399998,95000.0,33752.45000850706,3.7141503937090814,61729742.7543,61634742.7543
1732291200000.0,53029384.779599994,10988474.209399998,95000.0,35274.47598539067,1.6046634926387249,64017858.98899999,63922858.98899999
1732377600000.0,52726140.4593,10988474.209399998,95000.0,35072.761699272014,2.5228174737982334,63714614.668699995,63619614.668699995
1732464000000.0,50392413.1318,11599210.957999999,95000.0,33926.65016033817,5.708187494955119,61991624.0898,61896624.0898
1732550400000.0,47866764.442,11599210.957999999,95000.0,32226.259283984433,10.434057480370662,59465975.4,59370975.4
1732636800000.0,47866764.442,11599210.957999999,95000.0,32226.259283984433,10.434057480370662,59465975.4,59370975.4
1732723200000.0,47866764.442,11599210.957999999,95000.0,32226.259283984433,10.434057480370662,59465975.4,59370975.4
1732809600000.0,45989652.7075,11599210.957999999,95000.0,30962.495372506666,13.946416915461901,57588863.6655,57493863.6655
1732896000000.0,50398798.9613,11599210.957999999,95000.0,33930.94941472917,5.6962386439181945,61998009.9193,61903009.9193
1732982400000.0,47687903.5657,11787903.681499999,95000.0,32232.87856692117,10.41566060998591,59475807.2472,59380807.2472
1733068800000.0,47376761.364,11787903.681499999,96000.0,32021.90198891815,11.002024540465339,59164665.045499995,59068665.045499995
1733155200000.0,46051780.5566,11820397.085099999,96000.0,31148.311144486896,13.429982022855768,57872177.6417,57776177.6417
1733241600000.0,44653054.077199996,11820397.085099999,96000.0,30202.246365670435,16.059365186834473,56473451.16229999,56377451.16229999
1733328000000.0,44653054.077199996,11820397.085099999,96000.0,30202.246365670435,16.059365186834473,56473451.16229999,56377451.16229999
1733414400000.0,52891066.1734,11820397.085099999,96000.0,35774.238607514584,7.725906778222946,64711463.258499995,64615463.258499995
1733500800000.0,49659910.9108,12376714.510999998,96000.0,33965.042954456665,12.392446021119174,62036625.4218,61940625.4218
1733587200000.0,50478776.1296,12376714.510999998,96000.0,34525.10824294279,10.947844580204247,62855490.6406,62759490.6406
1733673600000.0,47946278.5813,12376714.510999998,96000.0,32792.9990540123,15.415551259392535,60322993.0923,60226993.0923
1733760000000.0,45538223.983500004,12376714.510999998,96000.0,31146.00298916101,19.66372185196148,57914938.494500004,57818938.494500004
1733846400000.0,45538223.983500004,12376714.510999998,96000.0,31146.00298916101,19.66372185196148,57914938.494500004,57818938.494500004
1733932800000.0,45538223.983500004,12376714.510999998,96000.0,31146.00298916101,19.66372185196148,57914938.494500004,57818938.494500004
1734019200000.0,46363252.9248,12376714.510999998,96000.0,31710.28397388243,18.208246677249495,58739967.4358,58643967.4358
1734105600000.0,44008886.2097,12376714.510999998,96000.0,30100.00789520498,22.361703767611417,56385600.7207,56289600.7207
1734192000000.0,44906421.41,12376714.510999998,96000.0,30713.879750232743,20.77831664375077,57283135.921,57187135.921
1734278400000.0,46476115.5799,12376714.510999998,96000.0,31787.476720669893,18.00913997392429,58852830.0909,58756830.0909
1734364800000.0,51754550.3124,12376714.510999998,96000.0,35397.67776882901,8.697186986692419,64131264.8234,64035264.8234
1734451200000.0,51967637.288899995,12376714.510999998,96000.0,35543.41923668742,8.321269502074847,64344351.799899995,64248351.799899995
1734537600000.0,48825653.618499994,12911910.889699997,96000.0,33760.49935801992,12.920034465211373,61737564.50819999,61641564.50819999
1734624000000.0,46365943.7769,12911910.889699997,96000.0,32059.732929431084,17.30689736121469,59277854.6666,59181854.6666
1734710400000.0,46365943.7769,12911910.889699997,96000.0,32059.732929431084,17.30689736121469,59277854.6666,59181854.6666
1734796800000.0,46365943.7769,12911910.889699997,96000.0,32059.732929431084,17.30689736121469,59277854.6666,59181854.6666
1734883200000.0,46365943.7769,12911910.889699997,96000.0,32059.732929431084,17.30689736121469,59277854.6666,59181854.6666
1734969600000.0,46365943.7769,12911910.889699997,96000.0,32059.732929431084,17.30689736121469,59277854.6666,59181854.6666
1735056000000.0,46365943.7769,12911910.889699997,96000.0,32059.732929431084,17.30689736121469,59277854.6666,59181854.6666
1735142400000.0,46890284.5185,12911910.889699997,96000.0,32422.288347705366,16.371741959839525,59802195.408199996,59706195.408199996
1735228800000.0,44477404.6161,12911910.889699997,96000.0,30753.902481692312,20.675084222951902,57389315.505799994,57293315.505799994
1735315200000.0,44477404.6161,12911910.889699997,96000.0,30753.902481692312,20.675084222951902,57389315.505799994,57293315.505799994
1735401600000.0,44477404.6161,12911910.889699997,96000.0,30753.902481692312,20.675084222951902,57389315.505799994,57293315.505799994
1735488000000.0,44477404.6161,12911910.889699997,96000.0,30753.902481692312,20.675084222951902,57389315.505799994,57293315.505799994
1735574400000.0,44477404.6161,12911910.889699997,96000.0,30753.902481692312,20.675084222951902,57389315.505799994,57293315.505799994
1735660800000.0,44477404.6161,12911910.889699997,96000.0,30753.902481692312,20.675084222951902,57389315.505799994,57293315.505799994
1735747200000.0,44478404.6161,12911910.889699997,97000.0,30753.902481692316,20.675084222951888,57390315.505799994,57293315.505799994
1735833600000.0,46831470.7279,12911910.889699997,97000.0,32380.893520599264,16.478513488290325,59743381.617599994,59646381.617599994
1735920000000.0,48919678.8075,12911910.889699997,97000.0,33824.75258424594,12.754303245837928,61831589.69719999,61734589.69719999
1736006400000.0,49187162.2945,12911910.889699997,97000.0,34009.69988947558,12.277260391869504,62099073.1842,62002073.1842
1736092800000.0,49913767.997999996,12911910.889699997,97000.0,34512.100124847144,10.981397000843195,62825678.88769999,62728678.88769999
1736179200000.0,57979925.540199995,12911910.889699997,97000.0,40089.3195551725,1.0278182149159876,70891836.42989999,70794836.42989999
1736265600000.0,53986093.08929999,13968320.719999997,97000.0,38058.28427858908,6.784230810829184,67954413.80929999,67857413.80929999
1736352000000.0,53986093.08929999,13968320.719999997,97000.0,38058.28427858908,6.784230810829184,67954413.80929999,67857413.80929999
1736438400000.0,53986093.08929999,13968320.719999997,97000.0,38058.28427858908,6.784230810829184,67954413.80929999,67857413.80929999
1736524800000.0,53986093.08929999,13968320.719999997,97000.0,38058.28427858908,6.784230810829184,67954413.80929999,67857413.80929999
1736611200000.0,53986093.08929999,13968320.719999997,97000.0,38058.28427858908,6.784230810829184,67954413.80929999,67857413.80929999
1736697600000.0,53986093.08929999,13968320.719999997,97000.0,38058.28427858908,6.784230810829184,67954413.80929999,67857413.80929999
1736784000000.0,53986093.08929999,13968320.719999997,97000.0,38058.28427858908,6.784230810829184,67954413.80929999,67857413.80929999
1736870400000.0,54796146.1452,13968320.719999997,97000.0,38629.34300349416,5.385542475208094,68764466.8652,68667466.8652
1736956800000.0,59192760.9567,13968320.719999997,97000.0,41728.800785755615,2.2507982665389226,73161081.6767,73064081.6767
1737043200000.0,59722548.184,13968320.719999997,97000.0,42102.28202416265,4.370284117475787,73690868.904,73593868.904
1737129600000.0,67926759.05939999,13968320.719999997,97000.0,47885.960225528004,0.6378306381614185,81895079.77939999,81798079.77939999
1737216000000.0,68919113.76179999,13968320.719999997,97000.0,48585.5351569212,3.1428915678636593,82887434.48179999,82790434.48179999
1737302400000.0,69559899.0439,13968320.719999997,97000.0,49037.266094134204,2.2423487987765944,83528219.7639,83431219.7639
1737388800000.0,64857575.8881,15176263.253099997,97000.0,46573.851471847556,8.435385902583903,80033839.14119999,79936839.14119999
1737475200000.0,61512224.3294,15176263.253099997,97000.0,44171.5737967642,13.158285583895568,76688487.5825,76591487.5825
1737561600000.0,58423949.7646,15176263.253099997,97000.0,41953.90162946893,17.51824916379653,73600213.0177,73503213.0177
1737648000000.0,57711000.98810001,15176263.253099997,97000.0,41441.937221779146,18.524775829302452,72887264.2412,72790264.2412
1737734400000.0,58128412.7818,15176263.253099997,97000.0,41741.67822529618,17.935482299803407,73304676.0349,73207676.0349
1737820800000.0,57022368.670499995,15176263.253099997,97000.0,40947.43432309,19.49697300985762,72198631.92359999,72101631.92359999
1737907200000.0,57174083.0852,15176263.253099997,97000.0,41056.3795699578,19.282785667133183,72350346.33829999,72253346.33829999
1737993600000.0,56275851.339499995,15176263.253099997,97000.0,40411.36452986892,20.550891081787746,71452114.59259999,71355114.59259999
1738080000000.0,56275851.339499995,15176263.253099997,97000.0,40411.36452986892,20.550891081787746,71452114.59259999,71355114.59259999
1738166400000.0,56275851.339499995,15176263.253099997,97000.0,40411.36452986892,20.550891081787746,71452114.59259999,71355114.59259999
1738252800000.0,58731794.61490001,15176263.253099997,97000.0,42174.96324236335,17.083640029341208,73908057.868,73811057.868
1738339200000.0,58569931.064799994,15176263.253099997,97000.0,42058.72995985414,17.312155716188894,73746194.31789999,73649194.31789999
1738425600000.0,55605828.465900004,15176263.253099997,98000.0,39929.54322414285,21.498156135642887,70782091.719,70684091.719
1738512000000.0,55605828.465900004,15176263.253099997,98000.0,39929.54322414285,21.498156135642887,70782091.719,70684091.719
1738598400000.0,55605828.465900004,15176263.253099997,98000.0,39929.54322414285,21.498156135642887,70782091.719,70684091.719
1738684800000.0,54747368.902799994,15176263.253099997,98000.0,39313.09888410391,22.710091295059986,69923632.15589999,69825632.15589999
1738771200000.0,54747355.847,15176263.253099997,98000.0,39313.08950896924,22.71010972665971,69923619.1001,69825619.1001
1738857600000.0,54747355.847,15176263.253099997,98000.0,39313.08950896924,22.71010972665971,69923619.1001,69825619.1001
1738944000000.0,54747355.847,15176263.253099997,98000.0,39313.08950896924,22.71010972665971,69923619.1001,69825619.1001
1739030400000.0,54747355.847,15176263.253099997,98000.0,39313.08950896924,22.71010972665971,69923619.1001,69825619.1001
1739116800000.0,54747355.847,15176263.253099997,98000.0,39313.08950896924,22.71010972665971,69923619.1001,69825619.1001
1739203200000.0,54747355.847,15176263.253099997,98000.0,39313.08950896924,22.71010972665971,69923619.1001,69825619.1001
1739289600000.0,53469168.5438,15176263.253099997,98000.0,38395.246243618494,24.514597904850298,68645431.79689999,68547431.79689999
1739376000000.0,53469168.5438,15176263.253099997,98000.0,38395.246243618494,24.514597904850298,68645431.79689999,68547431.79689999
1739462400000.0,53469168.5438,15176263.253099997,98000.0,38395.246243618494,24.514597904850298,68645431.79689999,68547431.79689999
1739548800000.0,53469168.5438,15176263.253099997,98000.0,38395.246243618494,24.514597904850298,68645431.79689999,68547431.79689999
1739635200000.0,53369338.140599996,15176263.253099997,98000.0,38323.559830347935,24.655534043041804,68545601.39369999,68447601.39369999
1739721600000.0,52328468.9603,15176263.253099997,98000.0,37576.13043181008,26.124987014599267,67504732.21339999,67406732.21339999
1739808000000.0,50721113.085,15176263.253099997,98000.0,36421.917147518674,28.394180792273794,65897376.3381,65799376.3381
1739894400000.0,50721113.085,15176263.253099997,98000.0,36421.917147518674,28.394180792273794,65897376.3381,65799376.3381
1739980800000.0,50721113.085,15176263.253099997,98000.0,36421.917147518674,28.394180792273794,65897376.3381,65799376.3381
1740067200000.0,50095207.7812,15176263.253099997,98000.0,35972.465829701716,29.277806156526974,65271471.0343,65173471.0343
1740153600000.0,53098057.6742,15176263.253099997,98000.0,38128.75821677919,25.038515780825676,68274320.92729999,68176320.92729999
1740240000000.0,50441058.2725,15176263.253099997,98000.0,36220.81483415766,28.789549762953172,65617321.5256,65519321.5256
1740326400000.0,50441058.2725,15176263.253099997,98000.0,36220.81483415766,28.789549762953172,65617321.5256,65519321.5256
1740412800000.0,50441058.2725,15176263.253099997,98000.0,36220.81483415766,28.789549762953172,65617321.5256,65519321.5256
1740499200000.0,50441058.2725,15176263.253099997,98000.0,36220.81483415766,28.789549762953172,65617321.5256,65519321.5256
1740585600000.0,50441058.2725,15176263.253099997,98000.0,36220.81483415766,28.789549762953172,65617321.5256,65519321.5256
1740672000000.0,50441058.2725,15176263.253099997,98000.0,36220.81483415766,28.789549762953172,65617321.5256,65519321.5256
1740758400000.0,50441058.2725,15176263.253099997,98000.0,36220.81483415766,28.789549762953172,65617321.5256,65519321.5256
1740844800000.0,50442058.2725,15176263.253099997,99000.0,36220.81483415766,28.789549762953172,65618321.5256,65519321.5256
1740931200000.0,50442058.2725,15176263.253099997,99000.0,36220.81483415766,28.789549762953172,65618321.5256,65519321.5256
1741017600000.0,54714698.5427,15176263.253099997,99000.0,39288.859981003916,22.757745198234325,69890961.7958,69791961.7958
1741104000000.0,51794417.393,15326525.377499996,99000.0,37299.79867703281,26.668257748915426,67120942.77049999,67021942.77049999
1741190400000.0,50514160.6769,15326525.377499996,99000.0,36377.82059196021,28.480875020153494,65840686.0544,65741686.0544
1741276800000.0,53276940.6927,15326525.377499996,99000.0,38367.439233605495,24.56926673855374,68603466.0702,68504466.0702
1741363200000.0,50603120.6672,15326525.377499996,99000.0,36441.885213120506,28.35492339432789,65929646.0447,65830646.0447
1741449600000.0,50603120.6672,15326525.377499996,99000.0,36441.885213120506,28.35492339432789,65929646.0447,65830646.0447
1741536000000.0,50603120.6672,15326525.377499996,99000.0,36441.885213120506,28.35492339432789,65929646.0447,65830646.0447
1741622400000.0,50603120.6672,15326525.377499996,99000.0,36441.885213120506,28.35492339432789,65929646.0447,65830646.0447
1741708800000.0,50603120.6672,15326525.377499996,99000.0,36441.885213120506,28.35492339432789,65929646.0447,65830646.0447
1741795200000.0,50603120.6672,15326525.377499996,99000.0,36441.885213120506,28.35492339432789,65929646.0447,65830646.0447
1741881600000.0,49551854.890499994,15326525.377499996,99000.0,35684.81516965547,29.84332996118638,64878380.26799999,64779380.26799999
1741968000000.0,49551854.890499994,15326525.377499996,99000.0,35684.81516965547,29.84332996118638,64878380.26799999,64779380.26799999
1742054400000.0,49161615.5757,15326525.377499996,99000.0,35403.78395798148,30.39583987035317,64488140.9532,64389140.9532
1742140800000.0,47071169.7429,15326525.377499996,99000.0,33898.34741417319,33.3555417594116,62397695.1204,62298695.1204
1742227200000.0,45910444.647300005,15326525.377499996,99000.0,33062.45013866661,34.99892337888335,61236970.0248,61137970.0248
1742313600000.0,44231901.0674,15326525.377499996,99000.0,31853.64539189562,37.37544446656096,59558426.4449,59459426.4449
1742400000000.0,44231901.0674,15326525.377499996,99000.0,31853.64539189562,37.37544446656096,59558426.4449,59459426.4449
1742486400000.0,45137909.1216,15326525.377499996,99000.0,32506.107949105455,36.09269716574895,60464434.4991,60365434.4991
1742572800000.0,42804811.0406,15326525.377499996,99000.0,30825.92515923527,39.395951758308854,58131336.4181,58032336.4181
1742659200000.0,42599194.0772,15326525.377499996,99000.0,30677.84990855315,39.68706904317163,57925719.4547,57826719.4547
1742745600000.0,43618093.747,15326525.377499996,99000.0,31411.611469519594,38.24448716415263,58944619.1245,58845619.1245
1742832000000.0,51526564.733,15326525.377499996,99000.0,37106.904330576515,27.04748978227046,66853090.1105,66754090.1105
1742918400000.0,48262837.741299994,15979526.123299995,99000.0,35226.7873551498,30.743816795659274,64242363.86459999,64143363.86459999
1743004800000.0,45743322.5491,15979526.123299995,99000.0,33387.806680423564,34.35926946904828,61722848.67239999,61623848.67239999
1743091200000.0,44693475.2105,15979526.123299995,99000.0,32621.528718268328,35.86577888750405,60673001.333799995,60574001.333799995
1743177600000.0,44390370.706,15979526.123299995,99000.0,32400.29436019674,36.300727640543286,60369896.829299994,60270896.829299994
1743264000000.0,44390370.706,15979526.123299995,99000.0,32400.29436019674,36.300727640543286,60369896.829299994,60270896.829299994
1743350400000.0,44390370.706,15979526.123299995,99000.0,32400.29436019674,36.300727640543286,60369896.829299994,60270896.829299994
1743436800000.0,44390370.706,15979526.123299995,99000.0,32400.29436019674,36.300727640543286,60369896.829299994,60270896.829299994
1743523200000.0,44391370.706,15979526.123299995,100000.0,32400.294360196745,36.30072764054327,60370896.829299994,60270896.829299994
1743609600000.0,47186515.4781,15979526.123299995,100000.0,34440.40963384303,32.28984252277321,63166041.601399995,63066041.601399995
1743696000000.0,44759546.728599995,16020434.570199996,100000.0,32698.876202099484,35.71371303328353,60779981.29879999,60679981.29879999
1743782400000.0,44759546.728599995,16020434.570199996,100000.0,32698.876202099484,35.71371303328353,60779981.29879999,60679981.29879999
1743868800000.0,44504699.3835,16020434.570199996,100000.0,32512.69867357385,36.07973974171165,60525133.9537,60425133.9537
1743955200000.0,44504699.3835,16020434.570199996,100000.0,32512.69867357385,36.07973974171165,60525133.9537,60425133.9537
1744041600000.0,44504699.3835,16020434.570199996,100000.0,32512.69867357385,36.07973974171165,60525133.9537,60425133.9537
1744128000000.0,44504699.3835,16020434.570199996,100000.0,32512.69867357385,36.07973974171165,60525133.9537,60425133.9537
1744214400000.0,44504699.3835,16020434.570199996,100000.0,32512.69867357385,36.07973974171165,60525133.9537,60425133.9537
1744300800000.0,42271910.6391,16020434.570199996,100000.0,30881.54536495632,39.28660192976944,58292345.2093,58192345.2093
1744387200000.0,44775285.9066,16020434.570199996,100000.0,32710.374384511062,35.69110750245312,60795720.476799995,60695720.476799995
1744473600000.0,47807549.1712,16020434.570199996,100000.0,34925.58004113972,31.33599310487697,63827983.741399996,63727983.741399996
1744560000000.0,46394567.6075,16020434.570199996,100000.0,33893.33300996608,33.36540012352886,62415002.1777,62315002.1777
1744646400000.0,46701249.7478,16020434.570199996,100000.0,34117.37820416499,32.924925241188404,62721684.317999996,62621684.317999996
1744732800000.0,47697485.0361,16020434.570199996,100000.0,34845.17320525846,31.494073672955224,63717919.6063,63617919.6063
1744819200000.0,46362399.9752,16474933.385299996,100000.0,34201.865067861996,32.75882330144667,62837333.36049999,62737333.36049999
1744905600000.0,45679650.9688,16474933.385299996,100000.0,33698.196375028994,33.74904051635923,62154584.3541,62054584.3541
1744992000000.0,44612783.5418,16474933.385299996,100000.0,32911.160850486056,35.29635949059722,61087716.927099995,60987716.927099995
1745078400000.0,46338914.4678,16474933.385299996,100000.0,34184.53964563245,32.7928852385721,62813847.853099994,62713847.853099994
1745164800000.0,44874679.422800004,16504030.515399996,100000.0,33125.828419607955,34.87432110414858,61378709.9382,61278709.9382
1745251200000.0,52517273.9773,16504030.515399996,100000.0,38767.47932718786,23.782784288964955,69021304.4927,68921304.4927
1745337600000.0,49378176.7616,17004419.108499996,100000.0,36819.623427025675,27.61228664230876,66382595.8701,66282595.8701
1745424000000.0,54216227.4649,17004419.108499996,100000.0,40427.19293848024,20.519772287003345,71220646.57339999,71120646.57339999
1745510400000.0,51291494.55600001,17217009.974499997,100000.0,38404.84105654847,24.495734415671166,68508504.53050001,68408504.53050001
1745596800000.0,55199657.0677,17217009.974499997,100000.0,41331.10322504754,18.742676471377074,72416667.0422,72316667.0422
1745683200000.0,53614762.2749,17217009.974499997,100000.0,40144.40291273007,21.075740040584236,70831772.24939999,70731772.24939999
1745769600000.0,52527050.5313,17217009.974499997,100000.0,39329.971650979816,22.676919282462272,69744060.5058,69644060.5058
1745856000000.0,49885114.3689,17229716.466399997,100000.0,37361.03733358774,26.547861995115994,67114830.8353,67014830.8353
1745942400000.0,49962938.6542,17229716.466399997,100000.0,37419.32317827984,26.43327149620052,67192655.1206,67092655.1206
1746028800000.0,47436930.2324,17229716.466399997,100000.0,35527.49039116964,30.152631901540705,64666646.6988,64566646.6988
1746115200000.0,51260127.0788,17229716.466399997,101000.0,38390.03226574933,24.52484863259592,68489843.54519999,68388843.54519999
1746201600000.0,52364791.6513,17229716.466399997,101000.0,39217.34407705079,22.89834611356242,69594508.1177,69493508.1177
1746288000000.0,49413453.1484,17553968.6051,101000.0,37249.85129008385,26.766454764335567,66967421.7535,66866421.7535
1746374400000.0,48048639.6467,17553968.6051,101000.0,36220.999899667106,28.78918592248434,65602608.2518,65501608.2518
1746460800000.0,48048639.6467,17553968.6051,101000.0,36220.999899667106,28.78918592248434,65602608.2518,65501608.2518
1746547200000.0,48048639.6467,17553968.6051,101000.0,36220.999899667106,28.78918592248434,65602608.2518,65501608.2518
1746633600000.0,48738634.2368,17553968.6051,101000.0,36741.14561372999,27.766574734500836,66292602.8419,66191602.8419
1746720000000.0,56789605.0352,17553968.6051,101000.0,42810.29168373943,15.834578555546674,74343573.6403,74242573.6403
1746806400000.0,61278777.654,17553968.6051,101000.0,46194.41082157044,9.181369659939643,78832746.25909999,78731746.25909999
1746892800000.0,61788565.8716,17553968.6051,101000.0,46578.709713574746,8.42583455531749,79342534.47670001,79241534.47670001
1746979200000.0,63911941.5176,17553968.6051,101000.0,48179.395802218336,5.278871197856116,81465910.1227,81364910.1227
1747065600000.0,59411289.1229,18816485.213499997,101000.0,45738.35861879131,10.077972423852977,78227774.3364,78126774.3364
1747152000000.0,59781184.363199994,18988741.492699996,101000.0,46155.73923770563,9.257398344302526,78769925.85589999,78668925.85589999
1747238400000.0,59359894.1347,18988741.492699996,101000.0,45830.47030673394,9.896880010539743,78348635.6274,78247635.6274
1747324800000.0,58288553.9498,18988741.492699996,101000.0,45003.31208402802,11.523080573002442,77277295.4425,77176295.4425
1747411200000.0,58722987.1631,18988741.492699996,101000.0,45338.72842485275,10.863649007027087,77711728.65579998,77610728.65579998
1747497600000.0,55693184.0287,18988741.492699996,101000.0,42999.48398025735,15.462624785922563,74681925.5214,74580925.5214
1747584000000.0,60243975.5337,18988741.492699996,101000.0,46513.05013434721,8.554921883158562,79232717.0264,79131717.0264
1747670400000.0,57041822.7458,19138590.238999996,101000.0,44156.433233578544,13.188052068339095,76180412.9848,76079412.9848
1747756800000.0,56964673.882,19138590.238999996,101000.0,44096.71181358444,13.305464921309074,76103264.12099999,76002264.12099999
1747843200000.0,63371820.355100006,19138590.238999996,101000.0,49056.52413792027,3.5544289403588225,82510410.5941,82409410.5941
1747929600000.0,59869269.511999995,19452750.990799997,101000.0,46588.37134384675,8.406839702638347,79322020.50279999,79221020.50279999
1748016000000.0,56745978.1562,19452750.990799997,101000.0,44157.92482787796,13.185119580427962,76198729.147,76097729.147
1748102400000.0,55352659.632,19452750.990799997,101000.0,43073.68843523784,15.31673815490806,74805410.6228,74704410.6228
1748188800000.0,55352659.632,19452750.990799997,101000.0,43073.68843523784,15.31673815490806,74805410.6228,74704410.6228
1748275200000.0,56123954.1095,19452750.990799997,101000.0,43673.88539481534,14.136745492729885,75576705.1003,75475705.1003
1748361600000.0,53070202.9112,19452750.990799997,101000.0,41297.5528292476,18.808636853590556,72522953.902,72421953.902
1748448000000.0,50395328.279599994,19452750.990799997,101000.0,39216.050020695075,22.900890240085914,69848079.27039999,69747079.27039999
1748534400000.0,50395328.279599994,19452750.990799997,101000.0,39216.050020695075,22.900890240085914,69848079.27039999,69747079.27039999
1748620800000.0,50395328.279599994,19452750.990799997,101000.0,39216.050020695075,22.900890240085914,69848079.27039999,69747079.27039999
1748707200000.0,50395328.279599994,19452750.990799997,101000.0,39216.050020695075,22.900890240085914,69848079.27039999,69747079.27039999
1748793600000.0,50396328.279599994,19452750.990799997,102000.0,39216.050020695075,22.900890240085914,69849079.27039999,69747079.27039999
1748880000000.0,50396328.279599994,19452750.990799997,102000.0,39216.050020695075,22.900890240085914,69849079.27039999,69747079.27039999
1748966400000.0,50489335.3166,19452750.990799997,102000.0,39288.42371814052,22.758602894977663,69942086.3074,69840086.3074
1749052800000.0,47945622.0681,19452750.990799997,102000.0,37309.02582553927,26.65011709132511,67398373.0589,67296373.0589
1749139200000.0,47000312.6582,19452750.990799997,102000.0,36573.43054768491,28.09630407436493,66453063.649000004,66351063.649000004
1749225600000.0,47000312.6582,19452750.990799997,102000.0,36573.43054768491,28.09630407436493,66453063.649000004,66351063.649000004
1749312000000.0,47492642.2806,19452750.990799997,102000.0,36956.5382810815,27.34311079836115,66945393.27139999,66843393.27139999
1749398400000.0,48443937.7412,19452750.990799997,102000.0,37696.79162176884,25.887766021575164,67896688.732,67794688.732
1749484800000.0,52128091.0461,19452750.990799997,102000.0,40563.62627462888,20.251543111625303,71580842.0369,71478842.0369
1749571200000.0,55205696.1701,19452750.990799997,102000.0,42958.4736892487,15.543251389726198,74658447.1609,74556447.1609
1749657600000.0,56812598.1996,19452750.990799997,102000.0,44208.88919606126,13.084923170684116,76265349.1904,76163349.1904
1749744000000.0,53268333.2448,20149197.722599998,102000.0,41992.85112949,17.441674093751637,73417530.9674,73315530.9674
1749830400000.0,53268333.2448,20149197.722599998,102000.0,41992.85112949,17.441674093751637,73417530.9674,73315530.9674
1749916800000.0,53268333.2448,20149197.722599998,102000.0,41992.85112949,17.441674093751637,73417530.9674,73315530.9674
1750003200000.0,53268333.2448,20149197.722599998,102000.0,41992.85112949,17.441674093751637,73417530.9674,73315530.9674
1750089600000.0,54562800.5101,20149197.722599998,102000.0,43013.31427996876,15.435434291344452,74711998.23269999,74609998.23269999
1750176000000.0,51769592.5717,20149197.722599998,102000.0,40811.35379076214,19.764508569726512,71918790.29429999,71816790.29429999
1750262400000.0,51769592.5717,20149197.722599998,102000.0,40811.35379076214,19.764508569726512,71918790.29429999,71816790.29429999
1750348800000.0,51769592.5717,20149197.722599998,102000.0,40811.35379076214,19.764508569726512,71918790.29429999,71816790.29429999
1750435200000.0,51769592.5717,20149197.722599998,102000.0,40811.35379076214,19.764508569726512,71918790.29429999,71816790.29429999
1750521600000.0,51769592.5717,20149197.722599998,102000.0,40811.35379076214,19.764508569726512,71918790.29429999,71816790.29429999
1750608000000.0,51769592.5717,20149197.722599998,102000.0,40811.35379076214,19.764508569726512,71918790.29429999,71816790.29429999
1750694400000.0,51769592.5717,20149197.722599998,102000.0,40811.35379076214,19.764508569726512,71918790.29429999,71816790.29429999
1750780800000.0,52226067.00830001,20149197.722599998,102000.0,41171.20479215298,19.05703823962427,72375264.7309,72273264.7309
1750867200000.0,54902505.92,20149197.722599998,102000.0,43281.11313600309,14.90893931329147,75051703.6426,74949703.6426
1750953600000.0,55331151.584,20149197.722599998,102000.0,43619.0259720014,14.244599615178865,75480349.3066,75378349.3066
1751040000000.0,55323121.9821,20149197.722599998,102000.0,43612.69602216674,14.25704435392282,75472319.7047,75370319.7047
1751126400000.0,55534788.291600004,20149197.722599998,102000.0,43779.55823246182,13.928991736192742,75683986.0142,75581986.0142
1751212800000.0,55987207.5806,20149197.722599998,102000.0,44136.212452592525,13.227806307020696,76136405.3032,76034405.3032
1751299200000.0,54285722.649,20428767.731099997,102000.0,43015.27890638723,15.431571818000123,74714490.3801,74612490.3801
1751385600000.0,52683009.8058,20428767.731099997,103000.0,41744.54175612617,17.929852572239156,73111777.5369,73008777.5369
1751472000000.0,52683009.8058,20428767.731099997,103000.0,41744.54175612617,17.929852572239156,73111777.5369,73008777.5369
1751558400000.0,51642070.6906,20428767.731099997,103000.0,40919.73074930956,19.551438486990403,72070838.4217,71967838.4217
1751644800000.0,50049257.8568,20428767.731099997,103000.0,39657.630461278226,22.032739091808995,70478025.5879,70375025.5879
1751731200000.0,50049257.8568,20428767.731099997,103000.0,39657.630461278226,22.032739091808995,70478025.5879,70375025.5879
1751817600000.0,50049257.8568,20428767.731099997,103000.0,39657.630461278226,22.032739091808995,70478025.5879,70375025.5879
1751904000000.0,47539527.702,20428767.731099997,103000.0,37668.99056333292,25.942423154424134,67968295.4331,67865295.4331
1751990400000.0,47539527.702,20428767.731099997,103000.0,37668.99056333292,25.942423154424134,67968295.4331,67865295.4331
1752076800000.0,47476284.9271,20428767.731099997,103000.0,37618.878759407555,26.040943415109997,67905052.6582,67802052.6582
1752163200000.0,52489968.0863,20428767.731099997,103000.0,41591.58090309126,18.230574995606265,72918735.8174,72815735.8174
1752249600000.0,64276525.6181,20428767.731099997,103000.0,50930.919047607065,6.1476330570621185,84705293.3492,84602293.3492
1752336000000.0,64700046.1349,20428767.731099997,103000.0,51266.50484582369,5.5292361762670605,85128813.866,85025813.866
1752422400000.0,68072914.4464,20428767.731099997,103000.0,53939.07124979983,2.1214528775460484,88501682.1775,88398682.1775
1752508800000.0,70660096.6366,20428767.731099997,103000.0,55989.08197180721,9.12684527336749,91088864.3677,90985864.3677
1752595200000.0,65026296.628299996,22473026.485999998,103000.0,53144.82999588086,13.743212264704008,87499323.1143,87396323.1143
1752681600000.0,65061679.4676,22473026.485999998,103000.0,53173.74775803052,13.696277251990319,87534705.9536,87431705.9536
1752768000000.0,61796162.8628,22473026.485999998,103000.0,50504.89940268233,18.02795516125837,84269189.3488,84166189.3488
1752854400000.0,60827111.8674,22473026.485999998,103000.0,49712.911344339496,19.313392443542675,83300138.35339999,83197138.35339999
1752940800000.0,60827111.8674,22473026.485999998,103000.0,49712.911344339496,19.313392443542675,83300138.35339999,83197138.35339999
1753027200000.0,60827111.8674,22473026.485999998,103000.0,49712.911344339496,19.313392443542675,83300138.35339999,83197138.35339999
1753113600000.0,59178200.1181,22473026.485999998,103000.0,48365.28524323041,21.500658797747228,81651226.6041,81548226.6041
1753200000000.0,59178200.1181,22473026.485999998,103000.0,48365.28524323041,21.500658797747228,81651226.6041,81548226.6041
1753286400000.0,56155506.9222,22473026.485999998,103000.0,45894.89211990591,25.51023367601577,78628533.4082,78525533.4082
1753372800000.0,53320211.5204,22473026.485999998,103000.0,43577.65586427105,29.27122709438441,75793238.0064,75690238.0064
1753459200000.0,52793144.0224,22473026.485999998,103000.0,43146.89301862294,29.97037730982778,75266170.5084,75163170.5084
1753545600000.0,52793144.0224,22473026.485999998,103000.0,43146.89301862294,29.97037730982778,75266170.5084,75163170.5084
1753632000000.0,53529709.4406,22473026.485999998,103000.0,43748.8747700187,28.993330019344576,76002735.9266,75899735.9266
1753718400000.0,52190860.1754,22473026.485999998,103000.0,42654.65719530604,30.769301324277443,74663886.66139999,74560886.66139999
1753804800000.0,49801630.1936,22473026.485999998,103000.0,40701.982234749215,33.938593042810226,72274656.6796,72171656.6796
1753891200000.0,49801630.1936,22473026.485999998,103000.0,40701.982234749215,33.938593042810226,72274656.6796,72171656.6796
1753977600000.0,48399868.3168,22473026.485999998,103000.0,39556.347307035656,35.798017351620494,70872894.8028,70769894.8028
1754064000000.0,48400868.3168,22473026.485999998,104000.0,39556.347307035656,35.798017351620494,70873894.8028,70769894.8028
1754150400000.0,48400868.3168,22473026.485999998,104000.0,39556.347307035656,35.798017351620494,70873894.8028,70769894.8028
1754236800000.0,48400868.3168,22473026.485999998,104000.0,39556.347307035656,35.798017351620494,70873894.8028,70769894.8028
1754323200000.0,48400868.3168,22473026.485999998,104000.0,39556.347307035656,35.798017351620494,70873894.8028,70769894.8028
1754409600000.0,48400868.3168,22473026.485999998,104000.0,39556.347307035656,35.798017351620494,70873894.8028,70769894.8028
1754496000000.0,48400868.3168,22473026.485999998,104000.0,39556.347307035656,35.798017351620494,70873894.8028,70769894.8028
1754582400000.0,50020960.9807,22473026.485999998,104000.0,40880.39272835643,33.649023651431605,72493987.4667,72389987.4667
1754668800000.0,49041493.2673,22473026.485999998,104000.0,40079.90781156352,34.94825177124052,71514519.7533,71410519.7533
1754755200000.0,50432681.9771,22473026.485999998,104000.0,41216.87798768275,33.102890799148234,72905708.4631,72801708.4631
1754841600000.0,54338464.9005,22473026.485999998,104000.0,44408.93860966694,27.922012517478535,76811491.3865,76707491.3865
1754928000000.0,57384623.304,22473026.485999998,104000.0,46898.45799127,23.881394740011107,79857649.78999999,79753649.78999999
1755014400000.0,53732064.648099996,23247581.0208,104000.0,44546.365259789054,27.698962008338235,76979645.6689,76875645.6689
1755100800000.0,56413357.734,23247581.0208,104000.0,46769.28116587405,24.091055360044354,79660938.75479999,79556938.75479999
1755187200000.0,53461112.8719,23247581.0208,104000.0,44321.73371306846,28.06355054207954,76708693.8927,76604693.8927
1755273600000.0,53461112.8719,23247581.0208,104000.0,44321.73371306846,28.06355054207954,76708693.8927,76604693.8927
1755360000000.0,53461112.8719,23247581.0208,104000.0,44321.73371306846,28.06355054207954,76708693.8927,76604693.8927
1755446400000.0,53461112.8719,23247581.0208,104000.0,44321.73371306846,28.06355054207954,76708693.8927,76604693.8927
1755532800000.0,53461112.8719,23247581.0208,104000.0,44321.73371306846,28.06355054207954,76708693.8927,76604693.8927
1755619200000.0,53461112.8719,23247581.0208,104000.0,44321.73371306846,28.06355054207954,76708693.8927,76604693.8927
1755705600000.0,53461112.8719,23247581.0208,104000.0,44321.73371306846,28.06355054207954,76708693.8927,76604693.8927
1755792000000.0,53461112.8719,23247581.0208,104000.0,44321.73371306846,28.06355054207954,76708693.8927,76604693.8927
1755878400000.0,53461112.8719,23247581.0208,104000.0,44321.73371306846,28.06355054207954,76708693.8927,76604693.8927
1755964800000.0,50763824.7785,23247581.0208,104000.0,42085.557206425976,31.69297982592647,74011405.7993,73907405.7993
1756051200000.0,50365348.4381,23247581.0208,104000.0,41755.2019013936,32.22916344765628,73612929.4589,73508929.4589
1756137600000.0,50365348.4381,23247581.0208,104000.0,41755.2019013936,32.22916344765628,73612929.4589,73508929.4589
1756224000000.0,50365348.4381,23247581.0208,104000.0,41755.2019013936,32.22916344765628,73612929.4589,73508929.4589
1756310400000.0,50365348.4381,23247581.0208,104000.0,41755.2019013936,32.22916344765628,73612929.4589,73508929.4589
1756396800000.0,49940195.029699996,23247581.0208,104000.0,41402.730073890496,32.801243320900085,73187776.05049999,73083776.05049999
1756483200000.0,47421704.9872,23247581.0208,104000.0,39314.78541605733,36.190084703358536,70669286.008,70565286.008
1756569600000.0,47421704.9872,23247581.0208,104000.0,39314.78541605733,36.190084703358536,70669286.008,70565286.008
1756656000000.0,47421704.9872,23247581.0208,104000.0,39314.78541605733,36.190084703358536,70669286.008,70565286.008
1756742400000.0,47422704.9872,23247581.0208,105000.0,39314.78541605734,36.19008470335853,70670286.008,70565286.008
1756828800000.0,45042608.3925,23247581.0208,105000.0,37341.616932408506,39.39263846208285,68290189.4133,68185189.4133
1756915200000.0,47037813.1996,23247581.0208,105000.0,38995.69906191578,36.707978239202966,70285394.2204,70180394.2204
1757001600000.0,44678746.2985,23247581.0208,105000.0,37039.964798678295,39.88223536306236,67926327.3193,67821327.3193
1757088000000.0,42379721.3617,23247581.0208,105000.0,35134.007049518834,42.97570264886292,65627302.38249999,65522302.38249999
1757174400000.0,40820498.3329,23247581.0208,105000.0,33841.36634482701,45.0737248815288,64068079.3537,63963079.3537
1757260800000.0,40820498.3329,23247581.0208,105000.0,33841.36634482701,45.0737248815288,64068079.3537,63963079.3537
1757347200000.0,42855901.4812,23247581.0208,105000.0,35528.774054534435,42.33497553092561,66103482.502000004,65998482.502000004
1757433600000.0,40628096.4025,23316745.5855,105000.0,33739.19902668176,45.23954768452624,63944841.988000005,63839841.988000005
1757520000000.0,44282398.6533,23316745.5855,105000.0,36773.878026207945,40.31410785666002,67599144.2388,67494144.2388
1757606400000.0,44869819.961,23316745.5855,105000.0,37261.6962152921,39.52235388938776,68186565.5465,68081565.5465
1757692800000.0,46563516.5955,23316745.5855,105000.0,38668.209758926896,37.239510192465055,69880262.181,69775262.181
1757779200000.0,47729106.4972,23316745.5855,105000.0,39636.162312926615,35.66847349906208,71045852.0827,70940852.0827
1757865600000.0,46748624.8729,23316745.5855,105000.0,38821.931088885656,36.990012581320784,70065370.4584,69960370.4584
1757952000000.0,44246956.8062,23947356.9694,105000.0,37249.89668754746,39.541505128748675,68194313.7756,68089313.7756
1758038400000.0,42073423.3546,23947356.9694,105000.0,35420.07826921764,42.5113943713381,66020780.324,65915780.324
1758124800000.0,40226544.5227,23947356.9694,105000.0,33865.25844321204,45.03494677914126,64173901.4921,64068901.4921
1758211200000.0,42807953.31,23947356.9694,105000.0,36038.45220784578,41.50774171934126,66755310.279400006,66650310.279400006
1758297600000.0,40590473.7688,23987793.5523,105000.0,34205.67926402008,44.48242630850676,64578267.3211,64473267.3211
1758384000000.0,40590473.7688,23987793.5523,105000.0,34205.67926402008,44.48242630850676,64578267.3211,64473267.3211
1758470400000.0,40590473.7688,23987793.5523,105000.0,34205.67926402008,44.48242630850676,64578267.3211,64473267.3211
1758556800000.0,40590473.7688,23987793.5523,105000.0,34205.67926402008,44.48242630850676,64578267.3211,64473267.3211
1758643200000.0,40590473.7688,23987793.5523,105000.0,34205.67926402008,44.48242630850676,64578267.3211,64473267.3211
1758729600000.0,40590473.7688,23987793.5523,105000.0,34205.67926402008,44.48242630850676,64578267.3211,64473267.3211
1758816000000.0,40590473.7688,23987793.5523,105000.0,34205.67926402008,44.48242630850676,64578267.3211,64473267.3211
1758902400000.0,40590473.7688,23987793.5523,105000.0,34205.67926402008,44.48242630850676,64578267.3211,64473267.3211
1758988800000.0,40590473.7688,23987793.5523,105000.0,34205.67926402008,44.48242630850676,64578267.3211,64473267.3211
1759075200000.0,40590473.7688,23987793.5523,105000.0,34205.67926402008,44.48242630850676,64578267.3211,64473267.3211
1759161600000.0,44101843.6127,23987793.5523,105000.0,37164.71815925263,39.679754253551614,68089637.16499999,67984637.16499999
1759248000000.0,42814959.5698,23987793.5523,105000.0,36080.25821744091,41.43988841929334,66802753.122099996,66697753.122099996
1759334400000.0,50648118.5991,23987793.5523,106000.0,42680.28126955635,30.72771213613453,74635912.1514,74529912.1514
1759420800000.0,55159677.4421,23987793.5523,106000.0,46482.092782192,24.557176852073315,79147470.9944,79041470.9944
1759507200000.0,59417672.5469,23987793.5523,106000.0,50070.2305796834,18.733444978489434,83405466.0992,83299466.0992
1759593600000.0,58570996.7766,23987793.5523,106000.0,49356.75175717163,19.891457740065597,82558790.32890001,82452790.32890001
1759680000000.0,60406531.2174,23987793.5523,106000.0,50903.52443856979,17.38096626113046,84394324.76969999,84288324.76969999
1759766400000.0,64391625.1291,23987793.5523,106000.0,54261.69318681575,11.930485961932824,88379418.6814,88273418.6814
1759852800000.0,59082839.9757,26042389.7975,106000.0,51519.445266303366,16.381295134067287,85125229.7732,85019229.7732
1759939200000.0,59082839.9757,26042389.7975,106000.0,51519.445266303366,16.381295134067287,85125229.7732,85019229.7732
1760025600000.0,59082839.9757,26042389.7975,106000.0,51519.445266303366,16.381295134067287,85125229.7732,85019229.7732
1760112000000.0,59082839.9757,26042389.7975,106000.0,51519.445266303366,16.381295134067287,85125229.7732,85019229.7732
1760198400000.0,59082839.9757,26042389.7975,106000.0,51519.445266303366,16.381295134067287,85125229.7732,85019229.7732
1760284800000.0,59082839.9757,26042389.7975,106000.0,51519.445266303366,16.381295134067287,85125229.7732,85019229.7732
1760371200000.0,59082839.9757,26042389.7975,106000.0,51519.445266303366,16.381295134067287,85125229.7732,85019229.7732
1760457600000.0,59082839.9757,26042389.7975,106000.0,51519.445266303366,16.381295134067287,85125229.7732,85019229.7732
1760544000000.0,59082839.9757,26042389.7975,106000.0,51519.445266303366,16.381295134067287,85125229.7732,85019229.7732
1760630400000.0,59082839.9757,26042389.7975,106000.0,51519.445266303366,16.381295134067287,85125229.7732,85019229.7732
1760716800000.0,59082839.9757,26042389.7975,106000.0,51519.445266303366,16.381295134067287,85125229.7732,85019229.7732
1760803200000.0,59082839.9757,26042389.7975,106000.0,51519.445266303366,16.381295134067287,85125229.7732,85019229.7732
1760889600000.0,59082839.9757,26042389.7975,106000.0,51519.445266303366,16.381295134067287,85125229.7732,85019229.7732
1760976000000.0,59263273.7274,26042389.7975,106000.0,51676.78108155404,16.125931027713214,85305663.52489999,85199663.52489999
1761062400000.0,56245027.4898,26042389.7975,106000.0,49044.91078042746,20.397591656389626,82287417.28729999,82181417.28729999
1761148800000.0,53107399.7229,26042389.7975,106000.0,46308.94138441802,24.83821046089315,79149789.5204,79043789.5204
1761235200000.0,53107399.7229,26042389.7975,106000.0,46308.94138441802,24.83821046089315,79149789.5204,79043789.5204
1761321600000.0,52251244.4026,26042389.7975,106000.0,45562.38541009804,26.04990913815729,78293634.2001,78187634.2001
1761408000000.0,54346385.0892,26042389.7975,106000.0,47389.32003228086,23.084700444779195,80388774.8867,80282774.8867
1761494400000.0,57962497.6871,26042389.7975,106000.0,50542.52179341696,17.96689208942347,84004887.48460001,83898887.48460001
1761580800000.0,59958131.4416,26042389.7975,106000.0,52282.68770332983,15.142513471085884,86000521.23910001,85894521.23910001
1761667200000.0,59444158.4112,26042389.7975,106000.0,51834.510103557375,15.869928726610894,85486548.2087,85380548.2087
1761753600000.0,56129938.629,26378227.4537,106000.0,49237.4007739161,20.085170513809892,82508166.0827,82402166.0827
1761840000000.0,56129938.629,26378227.4537,106000.0,49237.4007739161,20.085170513809892,82508166.0827,82402166.0827
1761926400000.0,56129938.629,26378227.4537,106000.0,49237.4007739161,20.085170513809892,82508166.0827,82402166.0827
1762012800000.0,56130938.629,26378227.4537,107000.0,49237.4007739161,20.085170513809892,82509166.0827,82402166.0827
1762099200000.0,56130938.629,26378227.4537,107000.0,49237.4007739161,20.085170513809892,82509166.0827,82402166.0827
1762185600000.0,56130938.629,26378227.4537,107000.0,49237.4007739161,20.085170513809892,82509166.0827,82402166.0827
1762272000000.0,56130938.629,26378227.4537,107000.0,49237.4007739161,20.085170513809892,82509166.0827,82402166.0827
1762358400000.0,56130938.629,26378227.4537,107000.0,49237.4007739161,20.085170513809892,82509166.0827,82402166.0827
1762444800000.0,56130938.629,26378227.4537,107000.0,49237.4007739161,20.085170513809892,82509166.0827,82402166.0827
1762531200000.0,56130938.629,26378227.4537,107000.0,49237.4007739161,20.085170513809892,82509166.0827,82402166.0827
1762617600000.0,56130938.629,26378227.4537,107000.0,49237.4007739161,20.085170513809892,82509166.0827,82402166.0827
1762704000000.0,56130938.629,26378227.4537,107000.0,49237.4007739161,20.085170513809892,82509166.0827,82402166.0827
1762790400000.0,56850522.2061,26378227.4537,107000.0,49868.611044782585,19.060683835525506,83228749.6598,83121749.6598
1762876800000.0,55332203.6269,26378227.4537,107000.0,48536.75980173336,21.222346785159385,81710431.0806,81603431.0806
1762963200000.0,55332203.6269,26378227.4537,107000.0,48536.75980173336,21.222346785159385,81710431.0806,81603431.0806
1763049600000.0,55332203.6269,26378227.4537,107000.0,48536.75980173336,21.222346785159385,81710431.0806,81603431.0806
1763136000000.0,55332203.6269,26378227.4537,107000.0,48536.75980173336,21.222346785159385,81710431.0806,81603431.0806
1763222400000.0,55332203.6269,26378227.4537,107000.0,48536.75980173336,21.222346785159385,81710431.0806,81603431.0806
1763308800000.0,55332203.6269,26378227.4537,107000.0,48536.75980173336,21.222346785159385,81710431.0806,81603431.0806
1763395200000.0,55332203.6269,26378227.4537,107000.0,48536.75980173336,21.222346785159385,81710431.0806,81603431.0806
1763481600000.0,55332203.6269,26378227.4537,107000.0,48536.75980173336,21.222346785159385,81710431.0806,81603431.0806
1763568000000.0,55332203.6269,26378227.4537,107000.0,48536.75980173336,21.222346785159385,81710431.0806,81603431.0806
1763654400000.0,55332203.6269,26378227.4537,107000.0,48536.75980173336,21.222346785159385,81710431.0806,81603431.0806
1763740800000.0,55332203.6269,26378227.4537,107000.0,48536.75980173336,21.222346785159385,81710431.0806,81603431.0806
1763827200000.0,55332203.6269,26378227.4537,107000.0,48536.75980173336,21.222346785159385,81710431.0806,81603431.0806
1763913600000.0,55332203.6269,26378227.4537,107000.0,48536.75980173336,21.222346785159385,81710431.0806,81603431.0806
1764000000000.0,55332203.6269,26378227.4537,107000.0,48536.75980173336,21.222346785159385,81710431.0806,81603431.0806
1764086400000.0,53108195.5908,26378227.4537,107000.0,46585.886047035616,24.388715054102306,79486423.0445,79379423.0445
1764172800000.0,50630571.503699996,26378227.4537,107000.0,44412.54326811006,27.916161971748863,77008798.9574,76901798.9574
1764259200000.0,56554781.1487,26378227.4537,107000.0,49609.19045919875,19.48173676553968,82933008.6024,82826008.6024
1764345600000.0,59220427.5318,26378227.4537,107000.0,51947.464190085986,15.686598444694699,85598654.98550001,85491654.98550001
1764432000000.0,55643585.181,26935228.9733,107000.0,49298.495245133934,19.98601105020741,82578814.1543,82471814.1543
1764518400000.0,52836686.2466,26935228.9733,107000.0,46811.66961517184,24.022256730454384,79771915.2199,79664915.2199
1764604800000.0,50528604.298,26935228.9733,108000.0,44765.93315374274,27.34259204302425,77463833.2713,77355833.2713
1764691200000.0,50528604.298,26935228.9733,108000.0,44765.93315374274,27.34259204302425,77463833.2713,77355833.2713
1764777600000.0,52170050.7431,26935228.9733,108000.0,46220.176405811035,24.98228057869435,79105279.7164,78997279.7164
1764864000000.0,53081610.906,26935228.9733,108000.0,47027.77522800156,23.671506225170912,80016839.8793,79908839.8793
1764950400000.0,50427238.046100006,26935228.9733,108000.0,44676.12748980953,27.488351246542543,77362467.0194,77254467.0194
1765036800000.0,50427238.046100006,26935228.9733,108000.0,44676.12748980953,27.488351246542543,77362467.0194,77254467.0194
1765123200000.0,50427238.046100006,26935228.9733,108000.0,44676.12748980953,27.488351246542543,77362467.0194,77254467.0194
1765209600000.0,47857132.9531,26935228.9733,108000.0,42399.136973451925,31.18402376369921,74792361.9264,74684361.9264
1765296000000.0,46423606.5541,26935228.9733,108000.0,41129.10096427801,33.2453574149309,73358835.5274,73250835.5274
1765382400000.0,44089242.2059,26935228.9733,108000.0,39060.96550279372,36.602047454637784,71024471.1792,70916471.1792
1765468800000.0,42561883.8263,26935228.9733,108000.0,37707.79883466771,38.79830643358398,69497112.7996,69389112.7996
1765555200000.0,40392364.7072,26935228.9733,108000.0,35785.70838291854,41.91795792400021,67327593.6805,67219593.6805
1765641600000.0,40392364.7072,26935228.9733,108000.0,35785.70838291854,41.91795792400021,67327593.6805,67219593.6805
1765728000000.0,40392364.7072,26935228.9733,108000.0,35785.70838291854,41.91795792400021,67327593.6805,67219593.6805
1765814400000.0,40392364.7072,26935228.9733,108000.0,35785.70838291854,41.91795792400021,67327593.6805,67219593.6805
1765900800000.0,40392364.7072,26935228.9733,108000.0,35785.70838291854,41.91795792400021,67327593.6805,67219593.6805
1765987200000.0,40392364.7072,26935228.9733,108000.0,35785.70838291854,41.91795792400021,67327593.6805,67219593.6805
1766073600000.0,40392364.7072,26935228.9733,108000.0,35785.70838291854,41.91795792400021,67327593.6805,67219593.6805
1766160000000.0,40392364.7072,26935228.9733,108000.0,35785.70838291854,41.91795792400021,67327593.6805,67219593.6805
1766246400000.0,40157206.83400001,26935228.9733,108000.0,35577.36972447941,42.25610226352362,67092435.8073,66984435.8073
1766332800000.0,39506240.6014,26935228.9733,108000.0,35000.64469399863,43.19215659918842,66441469.5747,66333469.5747
1766419200000.0,42328993.7039,26935228.9733,108000.0,37501.469295263865,39.13318986975752,69264222.6772,69156222.6772
1766505600000.0,40115597.67389999,27002935.3146,108000.0,35600.49058216647,42.21857592438724,67118532.9885,67010532.9885
1766592000000.0,40115597.67389999,27002935.3146,108000.0,35600.49058216647,42.21857592438724,67118532.9885,67010532.9885
1766678400000.0,40115597.67389999,27002935.3146,108000.0,35600.49058216647,42.21857592438724,67118532.9885,67010532.9885
1766764800000.0,37992159.3095,27002935.3146,108000.0,33716.05031760532,45.27711922789758,64995094.6241,64887094.6241
1766851200000.0,37992159.3095,27002935.3146,108000.0,33716.05031760532,45.27711922789758,64995094.6241,64887094.6241
1766937600000.0,37992159.3095,27002935.3146,108000.0,33716.05031760532,45.27711922789758,64995094.6241,64887094.6241
1767024000000.0,37694692.6766,27002935.3146,108000.0,33452.064270353796,45.70558213660608,64697627.9912,64589627.9912
1767110400000.0,37694692.6766,27002935.3146,108000.0,33452.064270353796,45.70558213660608,64697627.9912,64589627.9912
1767196800000.0,36699424.1998,27002935.3146,108000.0,32568.815656608265,47.13913998596316,63702359.5144,63594359.5144
1767283200000.0,36700424.1998,27002935.3146,109000.0,32568.815656608265,47.13913998596316,63703359.5144,63594359.5144
1767369600000.0,37859565.9918,27002935.3146,109000.0,33597.46522038427,45.46958892928449,64862501.3064,64753501.3064
1767456000000.0,38997873.2994,27002935.3146,109000.0,34607.62577493166,43.830046483877915,66000808.614,65891808.614
1767542400000.0,41818095.7388,27002935.3146,109000.0,37110.35719404014,39.76798489118435,68821031.0534,68712031.0534
1767628800000.0,47234534.4606,27002935.3146,109000.0,41917.0317241558,31.96650533637205,74237469.77520001,74128469.77520001
1767715200000.0,46596941.9385,27002935.3146,109000.0,41351.217192877986,32.88485137164508,73599877.25310001,73490877.25310001
1767801600000.0,43373236.0996,27744358.858999997,109000.0,39148.38177012902,36.46016636447836,71117594.9586,71008594.9586
1767888000000.0,43373236.0996,27744358.858999997,109000.0,39148.38177012902,36.46016636447836,71117594.9586,71008594.9586
1767974400000.0,43373236.0996,27744358.858999997,109000.0,39148.38177012902,36.46016636447836,71117594.9586,71008594.9586
1768060800000.0,43373236.0996,27744358.858999997,109000.0,39148.38177012902,36.46016636447836,71117594.9586,71008594.9586
1768147200000.0,43373236.0996,27744358.858999997,109000.0,39148.38177012902,36.46016636447836,71117594.9586,71008594.9586
1768233600000.0,41444946.5953,27744358.858999997,109000.0,37407.921051350284,39.285023472741834,69189305.45429999,69080305.45429999
1768320000000.0,44738241.8885,27744358.858999997,109000.0,40380.42651817552,34.46049448066822,72482600.7475,72373600.7475
1768406400000.0,51280903.298,27744358.858999997,109000.0,46285.787281749224,24.87579075834182,79025262.157,78916262.157
1768492800000.0,47859644.213099994,28598576.045199998,109000.0,43968.79308653972,28.636391300211827,76458220.25829999,76349220.25829999
1768579200000.0,46236172.3016,28598576.045199998,109000.0,42477.30476203994,31.05715342939771,74834748.3468,74725748.3468
1768665600000.0,46238303.164799996,28598576.045199998,109000.0,42479.26239220365,31.053976095130032,74836879.21,74727879.21
1768752000000.0,44042952.4517,28598576.045199998,109000.0,40462.387364322436,34.32746781919902,72641528.49689999,72532528.49689999
1768838400000.0,43050047.7199,28598576.045199998,109000.0,39550.202925324644,35.80798999861272,71648623.7651,71539623.7651
1768924800000.0,43050047.7199,28598576.045199998,109000.0,39550.202925324644,35.80798999861272,71648623.7651,71539623.7651
1769011200000.0,43050047.7199,28598576.045199998,109000.0,39550.202925324644,35.80798999861272,71648623.7651,71539623.7651
1769097600000.0,43050047.7199,28598576.045199998,109000.0,39550.202925324644,35.80798999861272,71648623.7651,71539623.7651
1769184000000.0,43050047.7199,28598576.045199998,109000.0,39550.202925324644,35.80798999861272,71648623.7651,71539623.7651
1769270400000.0,43050047.7199,28598576.045199998,109000.0,39550.202925324644,35.80798999861272,71648623.7651,71539623.7651
1769356800000.0,43050047.7199,28598576.045199998,109000.0,39550.202925324644,35.80798999861272,71648623.7651,71539623.7651
1769443200000.0,43050047.7199,28598576.045199998,109000.0,39550.202925324644,35.80798999861272,71648623.7651,71539623.7651
1769529600000.0,43050047.7199,28598576.045199998,109000.0,39550.202925324644,35.80798999861272,71648623.7651,71539623.7651
1769616000000.0,43816592.8207,28598576.045199998,109000.0,40254.43011887638,34.66499310585151,72415168.8659,72306168.8659
1769702400000.0,41765868.9379,28598576.045199998,109000.0,38370.42417685607,37.722831481578325,70364444.9831,70255444.9831
1769788800000.0,41765868.9379,28598576.045199998,109000.0,38370.42417685607,37.722831481578325,70364444.9831,70255444.9831
1769875200000.0,41765868.9379,28598576.045199998,109000.0,38370.42417685607,37.722831481578325,70364444.9831,70255444.9831
1769961600000.0,41766868.9379,28598576.045199998,110000.0,38370.424176856075,37.72283148157831,70365444.9831,70255444.9831
1770048000000.0,41766868.9379,28598576.045199998,110000.0,38370.424176856075,37.72283148157831,70365444.9831,70255444.9831
1770134400000.0,41766868.9379,28598576.045199998,110000.0,38370.424176856075,37.72283148157831,70365444.9831,70255444.9831
1770220800000.0,41766868.9379,28598576.045199998,110000.0,38370.424176856075,37.72283148157831,70365444.9831,70255444.9831
1770307200000.0,41766868.9379,28598576.045199998,110000.0,38370.424176856075,37.72283148157831,70365444.9831,70255444.9831
1770393600000.0,41766868.9379,28598576.045199998,110000.0,38370.424176856075,37.72283148157831,70365444.9831,70255444.9831
1770480000000.0,41766868.9379,28598576.045199998,110000.0,38370.424176856075,37.72283148157831,70365444.9831,70255444.9831
1770566400000.0,41766868.9379,28598576.045199998,110000.0,38370.424176856075,37.72283148157831,70365444.9831,70255444.9831
1770652800000.0,41468927.0083,28598576.045199998,110000.0,38096.71062088374,38.16708263638694,70067503.0535,69957503.0535
1770739200000.0,41468927.0083,28598576.045199998,110000.0,38096.71062088374,38.16708263638694,70067503.0535,69957503.0535
1770825600000.0,41468927.0083,28598576.045199998,110000.0,38096.71062088374,38.16708263638694,70067503.0535,69957503.0535
1770912000000.0,41468927.0083,28598576.045199998,110000.0,38096.71062088374,38.16708263638694,70067503.0535,69957503.0535
1770998400000.0,41468927.0083,28598576.045199998,110000.0,38096.71062088374,38.16708263638694,70067503.0535,69957503.0535
1771084800000.0,43331037.2109,28598576.045199998,110000.0,39807.395672330786,35.390552964995614,71929613.2561,71819613.2561
1771171200000.0,41529868.4959,28605347.321599998,110000.0,38158.917042933965,38.06611841949182,70135215.8175,70025215.8175
1771257600000.0,41165203.5912,28605347.321599998,110000.0,37823.851742924875,38.609946604897395,69770550.9128,69660550.9128
1771344000000.0,41165203.5912,28605347.321599998,110000.0,37823.851742924875,38.609946604897395,69770550.9128,69660550.9128
1771430400000.0,41165203.5912,28605347.321599998,110000.0,37823.851742924875,38.609946604897395,69770550.9128,69660550.9128
1771516800000.0,41165203.5912,28605347.321599998,110000.0,37823.851742924875,38.609946604897395,69770550.9128,69660550.9128
1771603200000.0,41165203.5912,28605347.321599998,110000.0,37823.851742924875,38.609946604897395,69770550.9128,69660550.9128
1771689600000.0,42687063.5525,28605347.321599998,110000.0,39222.18335622971,36.34038260099075,71292410.8741,71182410.8741
1771776000000.0,40965686.8536,28605347.321599998,110000.0,37640.52964452944,38.907487783027236,69571034.1752,69461034.1752
1771862400000.0,40965686.8536,28605347.321599998,110000.0,37640.52964452944,38.907487783027236,69571034.1752,69461034.1752
1771948800000.0,40965686.8536,28605347.321599998,110000.0,37640.52964452944,38.907487783027236,69571034.1752,69461034.1752
1772035200000.0,40965686.8536,28605347.321599998,110000.0,37640.52964452944,38.907487783027236,69571034.1752,69461034.1752
1772121600000.0,38901824.8849,28605347.321599998,110000.0,35744.189961694545,41.98534445335596,67507172.2065,67397172.2065
1772208000000.0,38556010.6334,28605347.321599998,110000.0,35426.445220062255,42.5010604832145,67161357.955,67051357.955
1772294400000.0,38556010.6334,28605347.321599998,110000.0,35426.445220062255,42.5010604832145,67161357.955,67051357.955
1772380800000.0,38301655.4191,28605347.321599998,111000.0,35191.823101738075,42.8818642276213,66907002.7407,66796002.7407
1772467200000.0,37919220.5049,28605347.321599998,111000.0,34840.439285524655,43.45217820267943,66524567.8265,66413567.8265
1772553600000.0,36018310.7785,28605347.321599998,111000.0,33093.870420762665,46.28694914548852,64623658.100099996,64512658.100099996
1772640000000.0,41454254.8706,28605347.321599998,111000.0,38088.45305137985,38.180485095665894,70059602.1922,69948602.1922
1772726400000.0,39024673.0301,28939387.5717,111000.0,36163.05509808626,41.30550483090808,67964060.6018,67853060.6018
1772812800000.0,38118208.7402,28939387.5717,111000.0,35323.06040973057,42.668859338541075,67057596.3119,66946596.3119
1772899200000.0,38118208.7402,28939387.5717,111000.0,35323.06040973057,42.668859338541075,67057596.3119,66946596.3119
1772985600000.0,38118208.7402,28939387.5717,111000.0,35323.06040973057,42.668859338541075,67057596.3119,66946596.3119
1773072000000.0,38118208.7402,28939387.5717,111000.0,35323.06040973057,42.668859338541075,67057596.3119,66946596.3119
1773158400000.0,41317574.1347,28939387.5717,111000.0,38287.821368803176,37.85690008018161,70256961.7064,70145961.7064
1773244800000.0,39123463.9731,29051082.5975,111000.0,36358.106461648415,40.988926453188846,68174546.5706,68063546.5706
1773331200000.0,37162199.0435,29051082.5975,111000.0,34535.46930562043,43.94716013834985,66213281.641,66102281.641
1773417600000.0,39236947.127900004,29051082.5975,111000.0,36463.56830487015,40.817756466839185,68288029.7254,68177029.7254
1773504000000.0,37082401.91599999,29051082.5975,111000.0,34461.312465649055,44.06752049710961,66133484.51349999,66022484.51349999
1773590400000.0,38979746.7387,29051082.5975,111000.0,36224.54756941224,41.20569939269527,68030829.3362,67919829.3362
1773676800000.0,43262404.8198,29051082.5975,111000.0,40204.49521818213,34.74604001352062,72313487.4173,72202487.4173
1773763200000.0,44789745.7965,29051082.5975,111000.0,41623.879398281264,32.44230661279025,73840828.394,73729828.394
1773849600000.0,41967964.617,29593922.8976,111000.0,39506.02053051847,35.87970029387058,71561887.5146,71450887.5146
1773936000000.0,41967964.617,29593922.8976,111000.0,39506.02053051847,35.87970029387058,71561887.5146,71450887.5146
1774022400000.0,41967964.617,29593922.8976,111000.0,39506.02053051847,35.87970029387058,71561887.5146,71450887.5146
1774108800000.0,41967964.617,29593922.8976,111000.0,39506.02053051847,35.87970029387058,71561887.5146,71450887.5146
1774195200000.0,41967964.617,29593922.8976,111000.0,39506.02053051847,35.87970029387058,71561887.5146,71450887.5146
1774281600000.0,41967964.617,29593922.8976,111000.0,39506.02053051847,35.87970029387058,71561887.5146,71450887.5146
1774368000000.0,41291988.2923,29593922.8976,111000.0,38869.698640585186,36.91248339234981,70885911.1899,70774911.1899
1774454400000.0,42517329.1395,29593922.8976,111000.0,40023.1579781571,35.040359664605326,72111252.0371,72000252.0371
1774540800000.0,41139632.55760001,29593922.8976,111000.0,38726.28046822612,37.14525844970758,70733555.4552,70622555.4552
1774627200000.0,41139632.55760001,29593922.8976,111000.0,38726.28046822612,37.14525844970758,70733555.4552,70622555.4552
1774713600000.0,41139632.55760001,29593922.8976,111000.0,38726.28046822612,37.14525844970758,70733555.4552,70622555.4552
1774800000000.0,41139632.55760001,29593922.8976,111000.0,38726.28046822612,37.14525844970758,70733555.4552,70622555.4552
1774886400000.0,41139632.55760001,29593922.8976,111000.0,38726.28046822612,37.14525844970758,70733555.4552,70622555.4552
1774972800000.0,41139632.55760001,29593922.8976,111000.0,38726.28046822612,37.14525844970758,70733555.4552,70622555.4552
1775059200000.0,42362202.6671,29593922.8976,112000.0,39876.16231814336,35.278941168108055,71956125.56469999,71844125.56469999
1775145600000.0,40239425.2839,29593922.8976,112000.0,37877.960851544274,38.522124743446504,69833348.1815,69721348.1815
1775232000000.0,40239425.2839,29593922.8976,112000.0,37877.960851544274,38.522124743446504,69833348.1815,69721348.1815
1775318400000.0,40239425.2839,29593922.8976,112000.0,37877.960851544274,38.522124743446504,69833348.1815,69721348.1815
1775404800000.0,39780264.8592,29593922.8976,112000.0,37445.74641337427,39.22363096808302,69374187.7568,69262187.7568
1775491200000.0,46850946.1681,29593922.8976,112000.0,44101.482371894956,28.421029777321984,76444869.0657,76332869.0657
1775577600000.0,44033904.062599994,30066549.4757,112000.0,41894.64967137575,32.00283255721138,74100453.5383,73988453.5383
1775664000000.0,51606423.4976,30066549.4757,112000.0,49099.281093745194,20.30934584630212,81672972.9733,81560972.9733
1775750400000.0,53661067.5645,30066549.4757,112000.0,51054.106476926616,17.13656388143897,83727617.0402,83615617.0402
1775836800000.0,54447669.841299996,30066549.4757,112000.0,51802.49405506172,15.921892417141592,84514219.317,84402219.317
1775923200000.0,55429712.605799995,30066549.4757,112000.0,52736.8272343898,14.405421694973642,85496262.0815,85384262.0815
1776009600000.0,51704538.55639999,30918842.1972,112000.0,50003.51617914695,18.841725875923963,82623380.7536,82511380.7536
1776096000000.0,51704538.55639999,30918842.1972,112000.0,50003.51617914695,18.841725875923963,82623380.7536,82511380.7536
1776182400000.0,53229559.3294,30918842.1972,112000.0,51478.365448192446,16.447969788050997,84148401.5266,84036401.5266
1776268800000.0,50552568.043400005,30918842.1972,112000.0,48889.44422738083,20.649921854211694,81471410.2406,81359410.2406
1776355200000.0,52439122.1404,30918842.1972,112000.0,50713.93277221668,17.688683269958393,83357964.3376,83245964.3376
1776441600000.0,60297329.342199996,30918842.1972,112000.0,58313.61361117578,5.354011072627063,91216171.5394,91104171.5394
1776528000000.0,56589023.790199995,31589559.5024,112000.0,55375.958672455716,10.121975868231093,88178583.29259999,88066583.29259999
1776614400000.0,55487391.3219,31589559.5024,112000.0,54297.94124167296,11.87165350779047,87076950.8243,86964950.8243
1776700800000.0,53811121.0206,31589559.5024,112000.0,52657.60414604119,14.534004834969583,85400680.523,85288680.523
1776787200000.0,53069056.951000005,31589559.5024,112000.0,51931.447260867986,15.71259474318386,84658616.4534,84546616.4534
1776873600000.0,59317291.8736,31589559.5024,112000.0,58045.74250180501,5.78877963662856,90906851.376,90794851.376
1776960000000.0,55811569.9474,32110891.3235,112000.0,55125.32698562282,10.528763964317944,87922461.27090001,87810461.27090001
1777046400000.0,52966292.512,32110891.3235,112000.0,52315.03426067241,15.090013347727071,85077183.8355,84965183.8355
1777132800000.0,50461209.3698,32110891.3235,112000.0,49840.75289804287,19.105899038024265,82572100.69330001,82460100.69330001
1777219200000.0,50156307.3873,32110891.3235,112000.0,49539.599902351874,19.59468581233853,82267198.71079999,82155198.71079999
1777305600000.0,47955957.6938,32110891.3235,112000.0,47366.30507385632,23.122054903975243,80066849.01730001,79954849.01730001
1777392000000.0,47955957.6938,32110891.3235,112000.0,47366.30507385632,23.122054903975243,80066849.01730001,79954849.01730001
1777478400000.0,47955957.6938,32110891.3235,112000.0,47366.30507385632,23.122054903975243,80066849.01730001,79954849.01730001
1777564800000.0,47955957.6938,32110891.3235,112000.0,47366.30507385632,23.122054903975243,80066849.01730001,79954849.01730001
1777651200000.0,50947832.3611,32110891.3235,113000.0,50320.34321016861,18.327499337505127,83058723.6846,82945723.6846
1777737600000.0,51077133.8096,32110891.3235,113000.0,50448.05214231663,18.12022118358034,83188025.1331,83075025.1331
1777824000000.0,51636336.2685,32110891.3235,113000.0,51000.36729198535,17.223785337767005,83747227.59200001,83634227.59200001
1777910400000.0,55846803.6612,32110891.3235,113000.0,55158.97727511896,10.47414781673549,87957694.9847,87844694.9847
1777996800000.0,60477701.9247,32110891.3235,113000.0,59732.83997332115,3.0505338185386144,92588593.2482,92475593.2482
1778083200000.0,61031859.832,32110891.3235,113000.0,60280.172701636715,5.442981412874371,93142751.1555,93029751.1555
1778169600000.0,56948950.2355,33110001.6059,113000.0,57234.35440701429,10.220729786674232,90058951.8414,89945951.8414
1778256000000.0,56948950.2355,33110001.6059,113000.0,57234.35440701429,10.220729786674232,90058951.8414,89945951.8414
1778342400000.0,56948950.2355,33110001.6059,113000.0,57234.35440701429,10.220729786674232,90058951.8414,89945951.8414
1778428800000.0,60038708.2396,33110001.6059,113000.0,60339.59697790074,5.34976697530074,93148709.8455,93035709.8455
1778515200000.0,56849365.9496,33110001.6059,113000.0,57134.271046583584,10.37772310219357,89959367.5555,89846367.5555
1778601600000.0,54519413.9341,33110001.6059,113000.0,54792.64229214631,14.050861776719326,87629415.54,87516415.54
1778688000000.0,54519413.9341,33110001.6059,113000.0,54792.64229214631,14.050861776719326,87629415.54,87516415.54
1778774400000.0,54519413.9341,33110001.6059,113000.0,54792.64229214631,14.050861776719326,87629415.54,87516415.54
1778860800000.0,51768387.3028,33110001.6059,113000.0,52027.828673144635,18.387819038867004,84878388.9087,84765388.9087
1778947200000.0,51768387.3028,33110001.6059,113000.0,52027.828673144635,18.387819038867004,84878388.9087,84765388.9087
1779033600000.0,51768387.3028,33110001.6059,113000.0,52027.828673144635,18.387819038867004,84878388.9087,84765388.9087
1779120000000.0,51768387.3028,33110001.6059,113000.0,52027.828673144635,18.387819038867004,84878388.9087,84765388.9087
1779206400000.0,51768387.3028,33110001.6059,113000.0,52027.828673144635,18.387819038867004,84878388.9087,84765388.9087
1779292800000.0,51768387.3028,33110001.6059,113000.0,52027.828673144635,18.387819038867004,84878388.9087,84765388.9087
1779379200000.0,49442333.1466,33110001.6059,113000.0,49690.11731243775,22.054812789528455,82552334.7525,82439334.7525
1779465600000.0,47186259.5941,33110001.6059,113000.0,47422.73726876515,25.611483039874415,80296261.2,80183261.2
1779552000000.0,47186259.5941,33110001.6059,113000.0,47422.73726876515,25.611483039874415,80296261.2,80183261.2
1779638400000.0,47186259.5941,33110001.6059,113000.0,47422.73726876515,25.611483039874415,80296261.2,80183261.2
1779724800000.0,48848947.5456,33110001.6059,113000.0,49093.757912532914,22.990277376541457,81958949.1515,81845949.1515
1779811200000.0,46382818.6228,33110001.6059,113000.0,46615.269789446545,26.878097152417524,79492820.2287,79379820.2287
1779897600000.0,46382818.6228,33110001.6059,113000.0,46615.269789446545,26.878097152417524,79492820.2287,79379820.2287
1779984000000.0,46382818.6228,33110001.6059,113000.0,46615.269789446545,26.878097152417524,79492820.2287,79379820.2287
1780070400000.0,46382818.6228,33110001.6059,113000.0,46615.269789446545,26.878097152417524,79492820.2287,79379820.2287
1780156800000.0,46382818.6228,33110001.6059,113000.0,46615.269789446545,26.878097152417524,79492820.2287,79379820.2287
1780243200000.0,46382818.6228,33110001.6059,113000.0,46615.269789446545,26.878097152417524,79492820.2287,79379820.2287
1780329600000.0,46383818.6228,33110001.6059,114000.0,46615.269789446545,26.878097152417524,79493820.2287,79379820.2287
1780416000000.0,46383818.6228,33110001.6059,114000.0,46615.269789446545,26.878097152417524,79493820.2287,79379820.2287
1780502400000.0,46383818.6228,33110001.6059,114000.0,46615.269789446545,26.878097152417524,79493820.2287,79379820.2287
1780588800000.0,46383818.6228,33110001.6059,114000.0,46615.269789446545,26.878097152417524,79493820.2287,79379820.2287
1780675200000.0,46383818.6228,33110001.6059,114000.0,46615.269789446545,26.878097152417524,79493820.2287,79379820.2287
1780761600000.0,46383818.6228,33110001.6059,114000.0,46615.269789446545,26.878097152417524,79493820.2287,79379820.2287
1780848000000.0,46383818.6228,33110001.6059,114000.0,46615.269789446545,26.878097152417524,79493820.2287,79379820.2287
1780934400000.0,46383818.6228,33110001.6059,114000.0,46615.269789446545,26.878097152417524,79493820.2287,79379820.2287
1781020800000.0,44064034.1116,33110001.6059,114000.0,44283.90975800203,30.53512804577121,77174035.7175,77060035.7175
1781107200000.0,44064034.1116,33110001.6059,114000.0,44283.90975800203,30.53512804577121,77174035.7175,77060035.7175
1781193600000.0,44070941.2492,33110001.6059,114000.0,44290.851361609864,30.524239269048238,77180942.8551,77066942.8551
1781280000000.0,46100673.143,33110001.6059,114000.0,46330.71143865886,27.324462649705204,79210674.7489,79096674.7489
1781366400000.0,47792469.281399995,33110001.6059,114000.0,48030.94949067414,24.657425813518742,80902470.8873,80788470.8873
1781452800000.0,47140225.603599995,33110001.6059,114000.0,47375.45117441083,25.685657215268787,80250227.2095,80136227.2095
1781539200000.0,55001099.7093,33110001.6059,114000.0,55275.550349038895,13.293359864150567,88111101.3152,87997101.3152
1781625600000.0,51374600.153299995,33922286.7216,114000.0,52447.29322672735,17.72983622607581,85296886.8749,85182886.8749
1781712000000.0,48781058.0531,33922286.7216,114000.0,49799.59840050661,21.88307795839741,82703344.7747,82589344.7747
1781798400000.0,46314024.5366,33922286.7216,114000.0,47281.053636091,25.83373160499669,80236311.2582,80122311.2582
1781884800000.0,46314024.5366,33922286.7216,114000.0,47281.053636091,25.83373160499669,80236311.2582,80122311.2582
1781971200000.0,46314024.5366,33922286.7216,114000.0,47281.053636091,25.83373160499669,80236311.2582,80122311.2582
1782057600000.0,43969936.1061,33922286.7216,114000.0,44888.02103054349,29.587503673340642,77892222.8277,77778222.8277
1782144000000.0,41758305.3965,33922286.7216,114000.0,42630.21184099254,33.12916083745085,75680592.1181,75566592.1181
1782230400000.0,39625654.6765,33922286.7216,114000.0,40453.031730037525,36.54434116943261,73547941.3981,73433941.3981
1782316800000.0,39625654.6765,33922286.7216,114000.0,40453.031730037525,36.54434116943261,73547941.3981,73433941.3981
1782403200000.0,39625654.6765,33922286.7216,114000.0,40453.031730037525,36.54434116943261,73547941.3981,73433941.3981
1782489600000.0,39625654.6765,33922286.7216,114000.0,40453.031730037525,36.54434116943261,73547941.3981,73433941.3981
1782576000000.0,39625654.6765,33922286.7216,114000.0,40453.031730037525,36.54434116943261,73547941.3981,73433941.3981
1782662400000.0,39625654.6765,33922286.7216,114000.0,40453.031730037525,36.54434116943261,73547941.3981,73433941.3981
1782748800000.0,39625654.6765,33922286.7216,114000.0,40453.031730037525,36.54434116943261,73547941.3981,73433941.3981
1782835200000.0,39625654.6765,33922286.7216,114000.0,40453.031730037525,36.54434116943261,73547941.3981,73433941.3981
1782921600000.0,39626654.6765,33922286.7216,115000.0,40453.031730037525,36.54434116943261,73548941.3981,73433941.3981
1783008000000.0,40625936.4744,33922286.7216,115000.0,41473.15262108186,34.94415348362367,74548223.19600001,74433223.19600001
1783094400000.0,41196330.2486,33922286.7216,115000.0,42055.44142730835,34.03076038924825,75118616.9702,75003616.9702
1783180800000.0,43075431.49169999,33922286.7216,115000.0,43973.72958036198,31.021684595096954,76997718.21329999,76882718.21329999
1783267200000.0,42701146.8266,33922286.7216,115000.0,43591.63955643837,31.6210407660377,76623433.54820001,76508433.54820001
1783353600000.0,40759792.594699994,34048190.934700005,115000.0,41738.3300148089,34.52818945061335,74807983.52939999,74692983.52939999
1783440000000.0,41448134.1988,34048190.934700005,115000.0,42443.19692422945,33.42251721265508,75496325.13350001,75381325.13350001
1783526400000.0,39365026.257,34048190.934700005,115000.0,40310.078937200655,36.76858057160324,73413217.19170001,73298217.19170001
1783612800000.0,39365026.257,34048190.934700005,115000.0,40310.078937200655,36.76858057160324,73413217.19170001,73298217.19170001
1783699200000.0,41305993.0495,34048190.934700005,115000.0,42297.64333279781,33.650836293931555,75354183.9842,75239183.9842
1783785600000.0,41656028.055,34048190.934700005,115000.0,42656.081775347535,33.088580597646946,75704218.9897,75589218.9897
1783872000000.0,41656672.6867,34048190.934700005,115000.0,42656.74188299088,33.087545135937,75704863.6214,75589863.6214
1783958400000.0,40508521.1122,34175245.91860001,115000.0,41611.13139867745,34.72771644880774,74683767.03080001,74568767.03080001
1784044800000.0,40508521.1122,34175245.91860001,115000.0,41611.13139867745,34.72771644880774,74683767.03080001,74568767.03080001
1784131200000.0,42490517.4324,34175245.91860001,115000.0,43647.076109744645,31.534081572550765,76665763.35100001,76550763.35100001
1784217600000.0,40348979.7791,34175245.91860001,115000.0,41447.24747517512,34.984788957167034,74524225.69770001,74409225.69770001
1784304000000.0,39195649.0292,34175245.91860001,115000.0,40262.52396361325,36.843176517830386,73370894.94780001,73255894.94780001
1784390400000.0,38866929.3602,34175245.91860001,115000.0,39924.856802123875,37.37284985209981,73042175.27880001,72927175.27880001
1784476800000.0,40277172.8211,34175245.91860001,115000.0,41373.48598789689,35.10049311014123,74452418.7397,74337418.7397
1784563200000.0,38256167.1363,34175245.91860001,115000.0,39297.47010781186,38.35698464562481,72431413.0549,72316413.0549
1784649600000.0,41179367.7845,34175245.91860001,115000.0,42300.23799311774,33.64676624348041,75354613.70310001,75239613.70310001
1784736000000.0,39016720.5153,34259751.84960001,115000.0,40165.53127179979,36.99532173161428,73276472.36490001,73161472.36490001
1784822400000.0,37064458.1862,34259751.84960001,115000.0,38155.78640871029,40.14785885713208,71324210.03580001,71209210.03580001
1784908800000.0,37064458.1862,34259751.84960001,115000.0,38155.78640871029,40.14785885713208,71324210.03580001,71209210.03580001
1784995200000.0,37064458.1862,34259751.84960001,115000.0,38155.78640871029,40.14785885713208,71324210.03580001,71209210.03580001
1785081600000.0,37064458.1862,34259751.84960001,115000.0,38155.78640871029,40.14785885713208,71324210.03580001,71209210.03580001
1785168000000.0,35782521.4328,34259751.84960001,115000.0,36836.10422945164,42.2179460310839,70042273.28240001,69927273.28240001
1785254400000.0,35596543.6359,34259751.84960001,115000.0,36644.650490680375,42.51826525586737,69856295.48550001,69741295.48550001
1785340800000.0,35596543.6359,34259751.84960001,115000.0,36644.650490680375,42.51826525586737,69856295.48550001,69741295.48550001
1785427200000.0,35596543.6359,34259751.84960001,115000.0,36644.650490680375,42.51826525586737,69856295.48550001,69741295.48550001
1785513600000.0,34222025.9172,34259751.84960001,115000.0,35229.661386395244,44.73785330676285,68481777.76680002,68366777.76680002
1785600000000.0,34223025.9172,34259751.84960001,116000.0,35229.661386395244,44.73785330676285,68482777.76680002,68366777.76680002
1785686400000.0,34223025.9172,34259751.84960001,116000.0,35229.661386395244,44.73785330676285,68482777.76680002,68366777.76680002
1785772800000.0,34223025.9172,34259751.84960001,116000.0,35229.661386395244,44.73785330676285,68482777.76680002,68366777.76680002
1785859200000.0,35010906.2982,34259751.84960001,116000.0,36040.716466760416,43.46561159158293,69270658.1478,69154658.1478
1785945600000.0,35715593.1688,34259751.84960001,116000.0,36766.13098430602,42.3277078506889,69975345.01840001,69859345.01840001
1786032000000.0,36369319.1179,34259751.84960001,116000.0,37439.085616722616,41.27209402554834,70629070.9675,70513070.9675
1786118400000.0,37122205.7447,34259751.84960001,116000.0,38214.11763723074,40.056359002167866,71381957.5943,71265957.5943
1786204800000.0,37572838.6163,34259751.84960001,116000.0,38678.005416016196,39.3286927836574,71832590.4659,71716590.4659
1786291200000.0,37969213.2527,34259751.84960001,116000.0,39086.039008846725,38.68864086787382,72228965.10230002,72112965.10230002
1786377600000.0,35884808.693100005,34444394.380200006,116000.0,37130.39741367253,41.756310225423974,70329203.0733,70213203.0733
1786464000000.0,35884808.693100005,34444394.380200006,116000.0,37130.39741367253,41.756310225423974,70329203.0733,70213203.0733
1786550400000.0,35884808.693100005,34444394.380200006,116000.0,37130.39741367253,41.756310225423974,70329203.0733,70213203.0733
1786636800000.0,35884808.693100005,34444394.380200006,116000.0,37130.39741367253,41.756310225423974,70329203.0733,70213203.0733
1786723200000.0,35884808.693100005,34444394.380200006,116000.0,37130.39741367253,41.756310225423974,70329203.0733,70213203.0733
1786809600000.0,35884808.693100005,34444394.380200006,116000.0,37130.39741367253,41.756310225423974,70329203.0733,70213203.0733
1786896000000.0,35884808.693100005,34444394.380200006,116000.0,37130.39741367253,41.756310225423974,70329203.0733,70213203.0733
1786982400000.0,37670334.0835,34444394.380200006,116000.0,38977.89973435516,38.858270895954675,72114728.4637,71998728.4637
1787068800000.0,39519292.6532,34444394.380200006,116000.0,40891.03704773806,35.85727484047459,73963687.0334,73847687.0334
1787155200000.0,49959842.8498,34444394.380200006,116000.0,51693.98660036296,18.911492241288407,84404237.23,84288237.23
1787241600000.0,61015404.7748,34444394.380200006,116000.0,63133.295401405776,1.4958196327994777,95459799.155,95343799.155
1787328000000.0,74425900.7727,34444394.380200006,116000.0,77009.27980960009,7.782933793981728,108870295.15290001,108754295.15290001
1787414400000.0,73739590.7,34444394.380200006,116000.0,76299.1473976846,8.6333030976106,108183985.08020002,108067985.08020002
1787500800000.0,66587907.6612,37855849.821100004,116000.0,72429.09368455679,13.267614707415632,104443757.48230001,104327757.48230001
1787587200000.0,72090185.0281,37855849.821100004,116000.0,78414.0386525428,6.100763287473643,109946034.84920001,109830034.84920001
1787673600000.0,73426971.8173,37855849.821100004,116000.0,79868.09028131417,7.405492399184343,111282821.63840002,111166821.63840002
1787760000000.0,69417159.8223,38170211.1723,116000.0,75848.46944792962,12.06561148426909,107587370.9946,107471370.9946
1787846400000.0,76490483.9807,38170211.1723,116000.0,83577.11770575355,3.1054575938669116,114660695.153,114544695.153
1787932800000.0,72325441.1182,38493353.5385,116000.0,79379.27565687757,8.92537710213831,110818794.65670002,110702794.65670002
1788019200000.0,72325441.1182,38493353.5385,116000.0,79379.27565687757,8.92537710213831,110818794.65670002,110702794.65670002
1788105600000.0,72325441.1182,38493353.5385,116000.0,79379.27565687757,8.92537710213831,110818794.65670002,110702794.65670002
1788192000000.0,68689055.0601,38493353.5385,116000.0,75388.23617149088,13.504436473670578,107182408.5986,107066408.5986
1788278400000.0,65703749.3136,38493353.5385,117000.0,72110.72645483038,17.26483815306118,104197102.85210001,104080102.85210001
1788364800000.0,65703749.3136,38493353.5385,117000.0,72110.72645483038,17.26483815306118,104197102.85210001,104080102.85210001
1788451200000.0,65703749.3136,38493353.5385,117000.0,72110.72645483038,17.26483815306118,104197102.85210001,104080102.85210001
1788537600000.0,62399866.4523,38493353.5385,117000.0,68484.67169024036,21.425137772316006,100893219.9908,100776219.9908
1788624000000.0,62509709.7411,38493353.5385,117000.0,68605.22614008994,21.286821430073598,101003063.2796,100886063.2796
1788710400000.0,62287955.3328,38493353.5385,117000.0,68361.84776908177,21.566057958470232,100781308.87130001,100664308.87130001
1788796800000.0,60936347.118,38493353.5385,117000.0,66878.4400294968,23.26802360842718,99429700.65650001,99312700.65650001
1788883200000.0,60936347.118,38493353.5385,117000.0,66878.4400294968,23.26802360842718,99429700.65650001,99312700.65650001
1788969600000.0,60936347.118,38493353.5385,117000.0,66878.4400294968,23.26802360842718,99429700.65650001,99312700.65650001
1789056000000.0,60936347.118,38493353.5385,117000.0,66878.4400294968,23.26802360842718,99429700.65650001,99312700.65650001
1789142400000.0,60936347.118,38493353.5385,117000.0,66878.4400294968,23.26802360842718,99429700.65650001,99312700.65650001
1789228800000.0,60936347.118,38493353.5385,117000.0,66878.4400294968,23.26802360842718,99429700.65650001,99312700.65650001
1789315200000.0,60936347.118,38493353.5385,117000.0,66878.4400294968,23.26802360842718,99429700.65650001,99312700.65650001
1789401600000.0,61088718.6438,38493353.5385,117000.0,67045.66977713305,23.07615506242142,99582072.1823,99465072.1823
1789488000000.0,58031070.255,38493353.5385,117000.0,63689.8605750215,26.92639248359149,96524423.7935,96407423.7935
1789574400000.0,58031070.255,38493353.5385,117000.0,63689.8605750215,26.92639248359149,96524423.7935,96407423.7935
1789660800000.0,58031070.255,38493353.5385,117000.0,63689.8605750215,26.92639248359149,96524423.7935,96407423.7935
1789747200000.0,70071252.4539,38493353.5385,117000.0,76904.11842303569,11.765211678854204,108564605.99239999,108447605.99239999
1789833600000.0,73479363.8291,38493353.5385,117000.0,80644.56534839513,7.473665927427808,111972717.3676,111855717.3676
1789920000000.0,68534059.8176,39660352.3787,117000.0,76497.82587740896,12.231365345197975,108194412.1963,108077412.1963
1790006400000.0,84447954.53199999,39660352.3787,117000.0,94260.94030742496,1.8659098933597629,124108306.9107,123991306.9107
1790092800000.0,86318624.7622,39660352.3787,117000.0,96348.98537472072,4.159690552334805,125978977.1409,125861977.1409
1790179200000.0,80335078.499,41307763.588700004,117000.0,91508.98457565179,8.974138493905127,121642842.08770001,121525842.08770001
1790265600000.0,76297044.0644,41307763.588700004,117000.0,86909.29490464012,13.54954403365719,117604807.65310001,117487807.65310001
1790352000000.0,72457796.0633,41307763.588700004,117000.0,82536.04111963093,17.899709159095277,113765559.65200001,113648559.65200001
1790438400000.0,72457796.0633,41307763.588700004,117000.0,82536.04111963093,17.899709159095277,113765559.65200001,113648559.65200001
1790524800000.0,72442640.9572,41307763.588700004,117000.0,82518.77807095707,17.916881067242297,113750404.54590002,113633404.54590002
1790611200000.0,71292726.9466,41307763.588700004,117000.0,81208.92108910784,19.21982263932398,112600490.53530002,112483490.53530002
1790697600000.0,71292726.9466,41307763.588700004,117000.0,81208.92108910784,19.21982263932398,112600490.53530002,112483490.53530002
1790784000000.0,71292726.9466,41307763.588700004,117000.0,81208.92108910784,19.21982263932398,112600490.53530002,112483490.53530002
